generation_type,country,farm_type,prompt,model,Abundance,Accents,Access,Accompanied,Active,Actively,Activities,Activity,Add,Adding,Additional,Adds,Adjacent,Adorned,Adults,Advanced,Aesthetic,Afternoon,Agricultural,Agriculture,Air,Airy,Aisle,Aligned,Allow,Allowing,Alongside,Ambiance,Amidst,Ample,Animal,Animals,Appear,Appearance,Appearing,Appears,Approach,Apron,Aprons,Arched,Architectural,Architecture,Areas,Arid,Arranged,Arrangement,Artificial,Aspects,Attached,Attending,Attention,Attire,Automated,Away,Backdrop,Balcony,Bale,Bales,Barn,Barns,Barnyard,Barrel,Barrels,Barrier,Bars,Base,Basket,Baskets,Bathed,Bathes,Beamed,Beams,Beauty,Bed,Bedding,Beige,Bending,Bird,Birds,Black,Blades,Blend,Blending,Blooms,Blue,Blues,Bodies,Body,Boots,Border,Bordered,Bottle,Bottles,Boundary,Bowl,Boxes,Branches,Breeds,Brick,Bright,Brightly,Brilliant,Brimmed,Brown,Bucket,Buckets,Building,Buildings,Bushes,Bustling,Busy,Calf,Calm,Camera,Canopies,Cans,Cap,Capped,Captures,Capturing,Care,Carries,Carrying,Cart,Cartoonish,Casting,Casts,Casual,Catching,Cattle,Ceiling,Ceilings,Center,Centered,Central,Centrally,Characterized,Charm,Charming,Checkered,Checking,Cheerful,Chickens,Child,Chimney,Chimneys,Church,Circular,Classic,Clean,Cleaning,Cleanliness,Clear,Clipboard,Clock,Close,Closely,Clothes,Clothing,Clouds,Cloudy,Cluster,Clusters,Coat,Coats,Collecting,Color,Colored,Colorful,Colors,Combination,Combines,Comfortable,Coming,Community,Complete,Completing,Complex,Composed,Composition,Comprehensive,Concrete,Conical,Connected,Connecting,Connection,Consists,Constructed,Contained,Container,Containers,Containing,Contains,Contemporary,Content,Contentedly,Contours,Contrast,Contrasting,Contributing,Conversation,Conveys,Corn,Corner,Corrugated,Countryside,Couple,Covered,Cozy,Crafted,Crates,Create,Creates,Creating,Crop,Crops,Crowded,Cultivated,Cupola,Cupolas,Curiosity,Curious,Curiously,Curly,Curved,Curves,Cylindrical,Daily,Dark,Darker,Day,Decorative,Denim,Dense,Densely,Depicted,Depth,Design,Designed,Details,Different,Diffused,Directly,Dirt,Dirty,Displayed,Displaying,Distance,Distant,Distinct,Distinctive,Distributing,Divided,Dog,Dominated,Dominates,Door,Doors,Dormer,Dot,Dotted,Dotting,Dramatic,Dramatically,Dress,Dressed,Drinking,Driving,Dry,Ducks,Dusted,Dynamic,Eagerly,Ear,Early,Ears,Earth,Earthy,Easy,Eat,Eating,Edge,Effect,Efficiency,Efficient,Efficiently,Element,Emitting,Emphasizes,Emphasizing,Enclosed,Encloses,Enclosing,Enclosure,Enclosures,End,Energy,Engaged,Engaging,Enhancing,Enjoying,Ensuring,Entering,Entire,Entrance,Environment,Equipment,Equipped,Essence,Evening,Evenly,Evergreen,Exiting,Expanse,Expansive,Exploring,Exposed,Expression,Expressions,Expressive,Extend,Extending,Extends,Exterior,Eye,Eyes,Facade,Face,Facilities,Facility,Facing,Fall,Far,Farmer,Farmers,Farmhouse,Farmhouses,Farming,Farmland,Farmyard,Feature,Featured,Features,Featuring,Fed,Feed,Feeding,Feel,Fence,Fenced,Fences,Fencing,Fertile,Field,Fields,Figures,Filled,Filling,Filter,Filtering,Flag,Flags,Flanked,Flat,Flock,Flood,Floor,Flooring,Floors,Floppy,Flower,Flowers,Flowing,Flows,Fluffy,Flying,Focal,Focus,Focused,Foliage,Food,Foraging,Forest,Forests,Frame,Framed,Framing,Freely,Fresh,Friendly,Functional,Gabled,Gambrel,Garden,Gathered,Gentle,Gently,Giving,Glass,Glimpse,Gloves,Glow,Glowing,Golden,Gradient,Grain,Grass,Grassy,Gray,Graze,Grazes,Grazing,Green,Greenery,Greens,Grid,Ground,Group,Groups,Growing,Growth,Hair,Half,Hand,Handling,Hands,Hang,Hanging,Harmonious,Harmony,Hat,Hats,Having,Hay,Head,Heads,Headscarf,Healthy,Hedgerows,Herd,High,Highlighting,Highlights,Highly,Hill,Hills,Holding,Holds,Holstein,Hooves,Horizon,House,Housed,Houses,Housing,Hue,Hues,Human,Idyllic,Illuminate,Illuminated,Illuminating,Illumination,Illustrated,Illustration,Illustrations,Impression,Includes,Indicated,Individual,Indoor,Industrial,Industrious,Infrastructure,Inquisitive,Inside,Inspecting,Interacting,Interaction,Interior,Interspersed,Intricate,Inviting,Involved,Isometric,Jeans,Kept,Key,Kneeling,Lab,Labeled,Lake,Lamps,Land,Landscape,Large,Larger,Late,Layer,Layout,Leading,Leads,Leafy,Leaning,Leaves,Left,Legs,Length,Level,Levels,Life,Light,Lighting,Lights,Like,Likely,Line,Lined,Lines,Lining,Lit,Lively,Livestock,Loaded,Located,Long,Look,Looking,Low,Lower,Lush,Lying,Machine,Machinery,Machines,Main,Maintained,Maintaining,Maintenance,Majestic,Man,Managed,Management,Managing,Manner,Markings,Marks,Material,Materials,Meanders,Mechanized,Mediterranean,Men,Metal,Metallic,Meticulously,Middle,Midground,Milk,Milked,Milking,Miniature,Mist,Misty,Mix,Modern,Moment,Mood,Morning,Mountain,Mountains,Movement,Moving,Mud,Muddy,Multiple,Muted,Narrow,Natural,Nature,Near,Neat,Neatly,Nestled,Network,Nose,Notes,Number,Numerous,Observing,Old,Olive,Ones,Ongoing,Open,Opening,Openings,Operating,Operation,Operations,Orange,Oranges,Order,Orderly,Organization,Organized,Outbuildings,Outdoor,Outside,Overalls,Overhead,Overseeing,Packed,Painted,Palette,Panels,Parallel,Parked,Parlor,Partially,Partly,Parts,Pastoral,Pasture,Pastures,Patches,Patchwork,Path,Paths,Pathways,Patriotic,Pattern,Patterns,Peace,Peaceful,Peacefully,Peaked,Peaks,Pecking,Peering,Pen,Pendant,Pens,People,Performing,Perked,Person,Perspective,Picket,Pickup,Picturesque,Pieces,Piglet,Piglets,Pile,Piles,Pink,Pinkish,Pipes,Pitched,Pitchfork,Place,Placed,Plaid,Planks,Plants,Platform,Playful,Playing,Pleasant,Plots,Plowed,Point,Pond,Pool,Populated,Porch,Portrays,Poses,Positioned,Positions,Possibly,Potted,Pouring,Power,Practices,Predominantly,Preparing,Presence,Present,Primarily,Process,Processing,Produce,Production,Productive,Productivity,Products,Prominent,Prominently,Property,Provide,Provides,Providing,Puddle,Puddles,Pulling,Purple,Purposes,Quaint,Railing,Railings,Rain,Range,Rays,Ready,Realism,Realistic,Recent,Rectangular,Red,Reddish,Reflecting,Reflective,Reflects,Related,Relaxed,Renewable,Resembling,Rest,Resting,Reveal,Revealing,Reveals,Rich,Right,Rise,Rises,Rising,River,Road,Roads,Roam,Roaming,Rolling,Roof,Roofed,Roofs,Rooting,Round,Rounded,Routine,Row,Rows,Rubber,Run,Running,Runs,Rural,Rust,Rustic,Scale,Scattered,Scenes,Scenic,Scheme,Seated,Section,Sections,Sense,Separate,Separated,Separates,Separating,Serene,Series,Serving,Set,Setup,Shade,Shades,Shadows,Shallow,Shed,Sheds,Sheep,Shelter,Shelters,Shining,Shiny,Shirt,Shirts,Showcases,Showing,Shown,Shrouded,Shrubs,Shutters,Sided,Sides,Siding,Sign,Signs,Silage,Silhouetted,Silo,Silos,Silver,Similar,Simple,Single,Sitting,Situated,Sizes,Skin,Sky,Skylights,Slatted,Slightly,Sloped,Small,Smaller,Smiling,Smoke,Smokestacks,Smooth,Snout,Snouts,Snow,Soft,Soil,Source,Space,Spaced,Spacious,Sparse,Spots,Spotted,Sprawling,Spread,Stacked,Stacks,Stages,Stainless,Stall,Stalls,Stand,Standing,Stands,Station,Stations,Steam,Steel,Steep,Steeply,Stick,Stone,Storage,Storing,Story,Straw,Stream,Streaming,Streams,Stretch,Stretches,Stretching,Striking,Structure,Structured,Structures,Stunning,Style,Stylized,Suggests,Sun,Sunlight,Sunlit,Sunny,Sunrise,Sunset,Supplies,Supported,Supporting,Surface,Surreal,Surrounded,Surrounding,Surroundings,Sustainable,Swimming,Systems,Table,Tables,Tag,Tags,Tails,Taking,Tall,Tank,Tanker,Tanks,Tasks,Technology,Tended,Tending,Terracotta,Texture,Textured,Textures,Thatched,Theme,Thriving,Tied,Tiled,Timber,Timbered,Time,Tone,Tones,Tool,Tools,Topped,Tops,Touch,Tower,Towering,Tractor,Tractors,Traditional,Trailer,Trailers,Tranquil,Tranquility,Transportation,Transporting,Tree,Trees,Trim,Trough,Troughs,Truck,Trucks,Trunk,Trunks,Turbine,Turbines,Types,Undulating,Upper,Use,Used,Using,Valley,Vane,Variety,Various,Vary,Varying,Vast,Vastness,Vegetables,Vegetation,Vehicle,Vehicles,Ventilation,Verdant,Vibrant,View,Viewer,Vintage,Visible,Vivid,Wading,Walking,Walks,Walkway,Wall,Wallowing,Walls,Wandering,Warm,Warmth,Waste,Water,Watering,Wearing,Weather,Weathered,Wet,Wheat,Wheelbarrow,Whimsical,White,Whitewashed,Wide,Wildflowers,Wind,Winding,Windmill,Windmills,Window,Windows,Winds,Wispy,Woman,Women,Wood,Wooden,Work,Worker,Workers,Working,Wraparound,Yard,Yellow,Young,top_20_words
basic,,dairy,A dairy farm.,dall-e-3,0,1,0,4,7,2,13,15,5,63,17,0,19,2,0,0,1,3,11,1,0,0,0,0,0,0,2,2,3,0,0,9,1,4,1,6,0,5,0,0,0,0,7,0,1,0,0,0,6,2,1,7,0,1,3,0,3,37,87,23,1,1,3,0,0,0,6,1,12,0,0,0,8,0,0,0,2,3,36,80,0,1,1,1,60,1,0,1,6,2,5,1,0,0,1,1,6,9,0,40,0,5,1,25,28,10,6,27,2,16,6,2,3,0,0,5,1,0,0,31,0,2,17,5,0,14,6,1,0,2,0,0,5,0,6,1,1,9,2,3,0,0,7,4,2,0,0,2,24,0,0,0,32,0,0,0,0,0,1,64,3,1,1,1,0,2,2,0,10,9,1,0,0,0,0,1,4,0,0,6,0,0,0,1,1,0,0,0,0,0,0,1,0,0,0,1,0,0,0,4,5,20,2,1,1,8,4,8,1,0,1,1,1,22,0,16,0,0,5,9,0,0,0,0,3,0,10,0,1,0,25,0,1,5,0,1,6,8,0,0,8,0,0,26,0,0,1,41,11,0,1,0,7,3,0,3,8,21,0,0,43,3,2,0,1,17,4,2,0,3,0,0,0,0,8,0,0,1,0,2,1,0,1,2,0,0,0,0,0,3,9,0,2,0,0,0,0,21,1,22,2,1,0,8,1,10,20,0,31,0,1,0,0,0,18,0,0,0,0,0,0,0,12,2,0,0,1,0,2,0,1,0,0,32,23,8,3,15,4,2,0,8,16,22,0,10,12,2,18,16,20,1,0,23,57,0,30,1,0,1,3,0,2,0,11,0,0,0,0,0,1,6,0,2,55,31,0,8,0,1,0,0,1,1,2,3,0,1,1,0,0,1,1,0,0,4,7,0,0,0,0,8,1,18,2,9,44,3,18,7,5,85,98,1,0,0,24,5,0,0,1,1,0,2,6,0,0,2,3,10,24,9,1,46,0,0,4,2,0,11,3,2,0,0,0,50,20,2,7,0,8,2,0,0,0,0,1,0,77,0,2,1,0,0,0,0,0,0,0,1,0,0,1,0,0,28,0,7,0,2,0,1,2,0,0,4,0,0,3,0,0,2,0,2,77,90,2,4,0,1,8,4,3,2,1,18,0,0,0,0,39,20,4,0,0,9,6,3,0,2,1,4,2,1,0,9,0,2,0,1,92,6,1,4,0,3,17,0,2,3,7,0,1,1,0,3,0,0,0,2,0,0,0,22,3,0,16,1,16,1,10,0,9,1,11,3,0,3,11,0,2,4,1,0,2,24,0,1,6,4,34,2,9,1,1,0,0,1,19,2,1,0,1,3,29,0,0,2,4,2,3,1,2,1,0,10,1,0,2,37,13,1,0,9,1,0,1,23,0,8,3,1,38,35,21,7,2,22,5,2,0,0,0,1,26,23,0,0,6,0,0,0,0,18,2,0,10,0,0,0,70,0,0,0,1,1,3,0,1,3,1,1,0,21,0,1,1,0,0,6,1,0,0,13,1,0,6,0,1,2,0,14,0,2,0,0,3,2,1,5,0,2,1,1,1,8,17,0,7,26,0,2,1,3,0,1,2,2,0,0,0,0,1,0,0,1,0,0,2,0,87,1,8,0,1,1,0,0,0,0,1,2,16,1,1,26,0,1,6,6,2,3,1,0,59,70,0,9,0,4,0,0,0,16,1,0,1,9,86,0,11,1,51,0,0,0,1,1,8,34,1,0,1,2,67,0,0,5,0,4,3,12,0,5,1,1,1,0,0,1,24,4,3,0,0,3,0,0,1,0,1,2,0,5,0,40,21,6,2,1,1,5,6,0,0,88,0,0,2,2,21,16,1,1,0,0,0,0,0,18,0,0,0,1,0,0,0,0,5,1,6,7,1,1,0,0,4,18,28,0,1,0,1,3,0,1,2,8,7,0,21,12,0,0,19,6,8,0,3,1,7,0,0,1,1,10,8,0,22,17,13,1,0,0,2,0,44,15,1,0,2,0,0,0,0,0,0,1,37,0,0,1,7,1,1,29,0,0,0,0,0,1,4,0,1,0,0,0,0,0,1,3,1,3,4,0,0,27,10,17,2,2,17,19,0,0,6,52,12,2,2,1,1,1,0,0,1,0,0,1,2,7,4,1,10,7,26,0,1,5,1,0,0,1,2,0,1,58,1,4,2,53,2,0,14,1,1,0,0,2,0,28,0,0,11,0,32,6,4,0,0,1,0,83,0,2,2,7,6,9,0,2,23,12,0,14,1,1,39,11,0,4,13,1,0,2,3,"Green (98), Lush (92), Large (90), Sky (88), Barn (87), Red (87), Rural (86), Grazing (85), White (83), Black (80), Idyllic (77), Landscape (77), Picturesque (70), Roof (70), Serene (67), Clouds (64), Adding (63), Blue (60), Rolling (59), Vibrant (58)"
basic,,pig,A pig farm.,dall-e-3,3,1,0,3,6,5,7,9,1,49,12,2,13,0,11,0,1,5,9,1,1,0,0,0,0,1,2,1,0,0,0,14,12,6,1,7,1,3,0,0,0,1,11,0,4,0,0,0,5,0,1,5,0,0,5,0,0,26,79,18,4,3,6,0,0,0,4,1,7,0,0,1,2,0,0,0,0,0,17,17,2,1,0,0,43,1,2,0,7,2,4,0,0,1,0,0,3,0,5,29,0,0,2,17,15,4,3,13,1,21,6,0,8,0,0,0,1,0,0,46,1,0,7,0,0,15,7,0,2,0,0,0,4,0,4,1,1,9,1,0,1,3,5,0,4,1,0,2,17,0,2,0,35,0,0,0,0,1,1,56,8,0,0,0,0,0,9,0,6,14,1,0,0,0,1,1,1,1,0,8,0,0,0,0,1,0,0,4,0,1,1,5,2,0,7,2,0,0,1,2,1,19,8,0,4,10,4,9,3,0,0,1,1,26,0,17,0,0,5,2,0,0,0,2,1,0,4,4,1,1,21,0,2,6,0,5,2,4,0,0,6,2,1,14,0,0,0,34,6,1,2,0,3,0,1,2,12,30,0,2,20,1,1,1,2,10,6,1,0,0,0,1,2,0,9,2,0,1,0,1,4,1,0,0,0,0,1,1,0,1,15,4,2,5,16,0,0,6,2,17,9,0,4,10,7,9,4,1,41,0,1,2,4,1,11,7,0,0,0,0,1,5,15,3,0,0,0,0,0,0,0,0,0,20,11,6,1,12,1,8,0,3,10,20,0,19,28,4,27,43,28,2,1,13,49,1,32,1,1,0,0,0,1,0,3,0,0,0,0,0,1,4,0,1,46,17,0,21,2,3,2,6,0,1,3,0,1,21,0,0,0,2,1,0,10,2,3,3,0,0,0,13,1,21,1,8,16,9,11,0,0,21,67,4,1,0,33,33,0,1,0,1,0,4,1,0,0,1,1,6,23,6,3,33,0,0,1,9,0,0,0,4,0,0,0,24,9,2,0,0,18,5,2,0,1,2,7,0,47,0,3,7,0,0,1,1,1,5,0,0,0,0,7,0,0,35,0,11,0,0,0,1,0,0,0,3,0,0,2,0,0,0,0,0,61,74,4,6,0,1,3,1,6,1,2,20,0,0,0,0,57,23,4,0,2,7,9,1,0,3,0,28,0,1,1,7,0,3,2,1,55,1,0,1,0,1,9,0,0,2,5,0,0,2,0,1,1,0,0,0,0,0,0,10,1,0,8,0,0,0,0,0,7,0,15,2,4,8,10,0,0,1,4,15,40,14,1,0,3,3,27,2,12,0,0,0,0,5,40,5,2,0,4,1,46,0,0,0,2,1,8,2,1,0,0,10,0,0,3,25,7,0,0,9,0,0,0,15,0,5,8,0,46,4,0,10,0,5,0,1,0,0,0,1,39,1,0,0,4,0,13,0,5,6,1,1,9,0,0,1,23,0,1,15,3,0,45,3,0,10,1,0,1,14,2,1,0,0,2,8,0,1,0,4,1,0,2,1,1,0,0,22,0,4,1,0,0,1,0,3,0,0,0,1,0,5,7,0,4,18,0,0,3,5,6,11,0,2,0,0,0,0,2,0,2,0,0,2,2,0,65,0,6,0,2,1,0,0,0,1,5,0,23,1,2,17,0,2,2,2,1,0,6,41,24,55,0,13,6,0,0,0,0,12,4,0,0,3,83,0,33,0,49,0,0,0,0,3,5,24,3,1,1,4,50,1,0,4,1,3,9,12,3,4,3,0,5,0,0,0,16,2,0,1,1,0,0,0,0,1,0,0,0,1,4,12,14,1,0,4,0,0,1,21,5,84,0,0,0,9,25,11,1,2,0,0,0,2,0,17,2,1,1,1,6,0,4,5,1,0,12,8,0,0,0,0,8,15,25,0,0,0,0,1,0,1,1,6,2,0,26,7,2,0,9,5,11,0,10,0,9,0,0,0,3,14,15,0,11,19,17,0,1,0,0,0,39,16,1,1,0,0,0,0,0,0,2,0,33,1,0,0,3,0,0,18,0,0,0,4,11,1,2,1,0,0,0,2,0,4,0,2,1,0,7,0,0,16,1,18,0,0,7,7,0,0,9,64,10,8,7,2,0,0,1,1,1,0,0,1,1,4,0,1,3,1,33,12,10,3,0,0,1,0,0,0,0,47,1,1,2,35,0,9,7,0,0,0,16,4,2,35,0,0,18,1,28,2,16,1,1,1,0,47,0,3,1,3,2,14,0,1,12,4,0,8,1,5,62,4,0,1,5,1,5,2,0,"Sky (84), Rural (83), Barn (79), Large (74), Green (67), Red (65), Trees (64), Wooden (62), Landscape (61), Life (57), Clouds (56), Lush (55), Roof (55), Serene (50), Adding (49), Fields (49), Scattered (49), Idyllic (47), Vibrant (47), White (47)"
basic_no_revise,,dairy,"A dairy farm.I NEED to test how the tool works with extremely simple prompts. DO NOT add any detail, just use it AS-IS:",dall-e-3,0,2,1,2,1,2,4,3,1,45,8,0,7,5,0,1,0,1,5,1,0,1,4,1,9,24,1,1,1,1,1,5,7,6,2,21,1,13,3,2,1,1,1,0,2,0,1,0,6,4,0,2,5,0,2,3,0,5,91,3,0,0,7,2,2,0,4,1,6,0,2,14,1,1,2,3,0,4,32,88,0,3,1,2,39,2,0,1,9,0,2,10,2,0,4,6,0,1,1,25,1,0,0,12,16,13,11,8,2,6,0,1,5,9,0,1,7,4,0,8,1,0,2,0,1,9,0,0,0,4,30,2,13,0,8,0,2,3,14,2,1,11,1,0,1,1,0,4,2,39,2,5,25,5,8,4,0,1,0,22,2,0,1,10,0,2,5,3,6,3,0,2,1,1,0,0,0,1,0,1,0,2,1,3,1,2,0,0,0,7,5,4,2,1,3,0,0,0,1,1,0,13,0,1,0,0,3,6,3,0,0,1,1,19,0,1,0,0,2,1,1,3,0,0,0,0,5,1,5,0,6,1,5,1,0,4,5,4,1,1,1,0,6,5,0,0,0,10,3,0,3,0,0,0,0,0,5,2,3,1,16,0,0,0,2,7,6,0,0,1,0,0,0,6,1,3,0,0,1,2,10,0,0,4,16,0,0,4,0,3,10,0,1,0,0,0,2,8,0,17,1,1,0,6,8,21,9,3,7,0,0,1,0,0,1,0,2,1,4,7,0,2,0,3,0,10,3,5,4,7,6,0,0,7,4,4,0,19,0,1,0,3,29,12,4,19,33,1,19,10,8,0,0,3,18,0,51,2,0,0,0,0,1,0,2,10,16,0,0,0,6,10,2,0,16,35,0,12,0,2,1,0,0,1,2,4,0,1,3,5,0,1,0,0,2,0,5,4,6,2,5,8,2,4,2,7,11,4,9,1,0,24,54,6,4,0,5,3,0,1,0,16,0,5,3,4,1,9,2,3,5,1,0,30,5,9,0,3,0,1,32,5,0,0,2,30,33,4,12,1,1,1,1,0,1,1,1,2,34,9,1,4,2,0,19,0,0,9,1,10,0,5,0,1,0,17,0,1,1,19,1,1,9,0,0,0,2,1,2,7,2,0,3,0,34,83,2,1,0,0,7,2,2,4,2,20,0,1,2,2,10,38,4,15,11,13,4,41,2,0,37,10,0,1,0,15,0,13,0,0,27,3,0,3,2,3,26,1,2,3,7,2,0,0,1,7,0,0,1,0,1,0,1,50,1,0,0,0,39,2,19,0,1,0,1,44,0,2,1,4,6,3,0,0,0,16,1,1,33,3,13,5,6,0,0,2,5,0,2,0,0,0,0,2,17,0,0,0,21,2,5,0,2,13,1,31,1,1,10,19,17,1,0,5,2,0,0,4,3,2,2,0,21,5,0,1,0,11,0,1,0,1,2,0,16,7,1,0,0,1,5,4,1,3,0,1,14,2,3,0,21,1,0,0,1,1,10,0,7,3,0,0,5,4,0,6,1,3,0,1,0,0,0,0,2,0,2,0,0,18,0,13,4,0,1,2,0,0,2,0,0,5,8,1,1,2,6,5,4,6,0,2,2,1,0,0,0,0,2,0,6,5,0,2,1,0,0,0,2,1,26,0,14,2,0,3,0,1,0,1,4,0,4,0,0,19,1,1,7,3,0,0,0,1,29,38,0,5,0,0,0,2,33,14,2,0,3,2,29,0,6,1,6,0,2,1,2,1,0,20,1,1,0,0,35,5,0,9,1,1,1,1,0,1,1,0,0,0,0,1,27,2,0,2,0,0,0,0,1,8,1,5,0,2,1,24,12,0,7,0,0,2,0,0,0,45,6,0,4,5,16,9,23,4,1,0,1,1,4,1,0,1,11,0,28,0,0,0,0,0,2,0,0,4,6,24,1,34,15,5,2,3,4,2,1,0,2,9,3,0,8,4,12,1,3,1,0,1,11,1,8,1,13,3,3,12,19,0,4,7,9,1,4,0,0,1,19,5,0,0,0,1,1,1,4,2,0,5,18,5,0,6,3,3,1,10,0,0,1,0,0,1,0,5,1,0,0,0,1,0,0,1,1,1,11,4,0,2,0,11,0,0,0,7,1,0,2,24,2,30,9,2,0,0,0,1,0,0,0,2,0,6,2,1,2,1,10,0,0,0,0,2,0,0,0,2,0,20,9,6,0,35,0,0,2,0,1,1,0,8,1,33,0,0,21,0,40,0,0,5,0,1,7,97,0,0,4,3,2,3,0,1,58,3,0,18,0,1,42,2,4,3,4,0,0,6,15,"White (97), Barn (91), Black (88), Large (83), Windows (58), Green (54), Filled (51), Metal (50), Adding (45), Sky (45), Modern (44), Wooden (42), Lined (41), Wearing (40), Blue (39), Clean (39), Milk (39), Light (38), Roof (38), Lit (37)"
basic_no_revise,,pig,"A pig farm.I NEED to test how the tool works with extremely simple prompts. DO NOT add any detail, just use it AS-IS:",dall-e-3,1,0,0,0,4,4,2,5,0,17,2,2,0,1,0,0,0,4,3,1,1,4,5,0,10,22,0,1,0,4,1,12,27,7,7,26,1,1,0,1,0,1,1,0,7,1,2,0,0,0,2,2,3,0,0,0,0,0,76,1,0,0,0,9,11,0,1,0,2,0,1,14,0,9,7,1,0,0,3,3,0,1,1,0,3,0,3,0,4,0,0,1,0,0,4,0,0,0,0,30,2,0,0,3,3,1,1,0,0,7,6,0,1,45,0,0,2,0,0,4,4,0,0,0,0,13,1,1,1,0,26,3,2,1,9,0,0,1,1,1,2,6,0,0,0,0,0,1,0,33,7,9,3,2,0,9,14,1,2,2,1,0,0,2,0,0,6,1,5,0,1,1,4,9,0,0,0,0,0,2,0,11,0,0,0,0,2,2,4,1,3,8,2,0,5,0,0,1,0,1,0,15,2,0,0,0,0,24,2,0,0,0,10,45,0,1,2,0,0,0,4,48,10,1,0,0,1,1,2,2,0,0,1,0,0,0,14,0,1,0,3,0,37,22,9,2,0,19,2,0,0,1,1,0,1,0,3,0,0,0,1,0,0,0,0,4,1,0,0,0,0,0,4,2,4,62,0,0,5,0,5,16,1,3,2,1,1,0,0,6,2,0,0,4,5,10,0,3,4,2,0,0,0,1,0,43,2,4,2,0,0,0,0,1,1,1,0,29,1,2,3,9,1,0,1,15,0,11,1,12,4,6,9,3,1,0,0,24,0,0,0,7,8,3,2,14,27,0,5,3,0,2,0,1,1,0,34,0,4,0,0,0,1,0,0,7,53,7,1,11,0,1,0,0,2,3,0,25,0,0,3,0,0,0,1,0,0,2,0,3,1,0,0,0,6,1,1,10,4,0,3,19,0,7,0,3,0,0,2,0,0,0,4,0,0,2,3,28,1,0,0,0,0,4,0,2,0,6,1,0,5,4,1,1,1,1,0,22,0,0,29,14,2,0,0,4,8,2,0,18,1,0,19,0,9,8,1,1,2,6,3,3,5,0,2,0,1,1,0,7,16,6,0,0,12,26,3,3,2,19,0,1,25,0,0,1,0,0,0,0,0,0,0,0,3,84,1,4,3,0,0,0,0,17,0,8,9,4,0,0,2,45,33,11,2,14,1,9,1,1,60,22,11,0,0,16,1,48,1,0,1,9,0,0,0,0,17,0,0,0,3,0,9,2,0,0,0,9,0,0,0,0,0,55,0,0,2,0,5,0,0,0,0,0,0,9,0,3,5,0,2,0,6,1,1,1,0,5,47,1,0,0,1,0,0,2,0,2,40,0,0,0,0,0,11,1,3,0,7,0,5,0,5,13,1,18,0,0,2,10,14,0,10,1,0,2,4,0,0,2,1,0,1,0,0,2,0,0,0,0,0,2,1,0,2,0,1,0,0,5,15,1,48,3,0,17,12,10,0,0,1,0,37,42,0,0,70,3,5,0,0,0,2,4,0,0,0,9,0,0,0,0,0,0,0,0,0,0,0,2,0,5,0,2,0,1,1,0,0,1,1,1,0,0,0,0,1,0,7,35,0,2,0,7,0,1,0,0,3,0,5,17,0,0,1,0,2,1,0,0,3,1,2,0,0,0,2,0,0,3,15,0,0,1,0,8,0,0,1,0,0,0,2,3,3,10,1,1,7,0,0,0,4,42,1,2,6,1,2,0,5,9,7,0,0,1,0,0,5,34,1,4,0,5,7,7,0,3,1,1,2,3,1,0,0,0,0,0,1,1,9,1,0,6,0,0,0,0,2,21,0,0,0,0,1,1,0,1,14,1,3,2,2,0,30,6,3,26,17,2,4,2,5,0,0,14,44,9,0,9,1,0,12,0,55,0,1,0,0,1,0,0,0,0,1,2,0,36,4,0,0,0,0,0,0,0,0,0,1,0,31,2,35,7,4,1,6,0,6,3,1,0,1,0,11,5,35,1,0,4,4,0,10,2,3,2,1,2,1,0,0,6,2,0,1,1,1,0,0,0,0,0,1,0,0,7,0,3,0,0,0,0,0,0,1,0,0,1,1,0,0,0,0,0,5,0,1,0,0,0,0,0,0,0,0,0,1,1,0,5,15,0,0,0,0,0,0,0,0,1,0,2,1,0,0,1,1,1,1,0,0,0,0,0,0,4,0,4,1,6,0,38,0,0,2,0,3,0,0,5,0,59,0,13,5,2,17,0,0,2,0,0,4,12,0,6,0,0,0,0,0,4,56,0,0,1,0,5,15,2,2,2,2,0,0,2,12,"Large (84), Barn (76), Pink (70), Ears (62), Lit (60), Warm (59), Windows (56), Metal (55), Spacious (55), Floor (53), Curious (48), Looking (48), Pens (48), Natural (47), Camera (45), Creating (45), Light (45), Snout (44), Environment (43), Piglets (42)"
typical,,dairy,A typical dairy farm.,dall-e-3,2,0,0,2,2,1,13,18,2,63,15,0,20,0,0,0,2,4,6,1,0,0,0,0,0,0,0,0,0,0,0,17,2,1,0,0,0,4,1,1,0,3,6,0,8,0,0,0,10,2,0,10,0,0,0,0,5,50,92,20,0,1,3,0,0,2,5,1,6,1,0,0,4,1,0,0,0,2,22,81,2,0,0,0,58,0,0,4,8,1,4,1,2,0,0,0,1,5,0,36,2,2,0,25,20,16,8,19,1,18,3,4,4,0,1,4,2,1,0,34,0,4,19,2,0,9,4,0,2,0,0,0,6,1,4,0,1,3,0,6,1,2,13,1,1,0,0,0,25,0,0,0,40,1,0,1,0,0,0,66,5,0,2,0,1,2,3,1,0,3,0,0,0,0,1,2,3,0,1,6,0,1,0,0,0,0,0,3,0,0,2,1,1,0,0,0,1,0,0,0,2,15,3,2,0,11,3,6,0,0,2,0,1,26,0,9,0,0,18,6,0,0,0,0,0,0,8,1,2,0,24,1,1,4,0,1,4,12,0,1,4,0,1,25,0,0,1,48,6,0,3,0,7,1,1,2,9,30,0,3,40,1,0,0,4,23,4,2,0,5,0,0,0,0,6,0,0,0,0,0,4,1,2,0,0,0,1,2,0,2,6,3,2,0,1,0,2,17,2,15,1,0,0,6,9,3,20,2,34,0,2,5,0,0,11,0,0,0,0,0,1,2,14,1,0,0,2,0,0,0,0,0,0,38,28,12,1,23,0,4,1,4,21,24,0,7,14,0,30,22,18,1,0,20,46,1,28,0,0,0,1,0,0,0,4,0,0,0,0,0,0,4,1,2,60,23,0,7,0,1,0,0,0,0,1,3,1,2,1,0,0,0,4,0,3,3,4,2,1,0,0,6,0,10,0,16,58,0,24,8,1,91,95,3,0,0,25,8,0,1,0,1,0,2,6,0,0,0,2,5,34,15,0,57,0,0,2,1,0,11,1,5,0,0,0,60,20,5,8,0,7,3,0,0,4,1,6,0,75,0,0,1,0,1,1,0,0,2,0,0,0,0,5,0,0,39,0,6,0,2,0,0,1,1,0,3,1,0,4,0,0,2,0,5,74,94,3,4,0,0,3,5,7,0,0,23,0,0,0,0,33,10,1,0,0,13,8,4,0,2,1,7,3,5,0,5,0,1,1,1,92,3,2,0,1,1,10,1,1,1,8,0,1,0,1,3,0,0,1,2,0,0,0,20,0,0,18,6,20,1,16,0,2,1,10,1,0,2,8,1,2,1,0,0,1,19,0,1,4,2,38,1,15,0,0,0,0,1,10,7,0,0,2,1,48,0,0,1,1,1,4,1,1,0,0,0,1,0,2,45,12,0,0,7,0,0,0,39,1,4,4,0,46,34,8,7,2,30,1,0,0,0,1,1,25,21,1,0,9,0,1,0,0,16,1,0,16,0,1,4,54,1,0,0,1,0,4,0,0,4,5,2,2,18,0,1,0,0,0,6,0,0,0,12,2,0,2,0,0,4,0,26,0,3,0,0,2,2,0,3,0,0,0,2,1,3,10,0,10,29,1,1,0,3,0,1,1,1,0,0,0,0,0,1,1,0,0,0,0,2,88,0,0,0,4,0,0,1,0,1,0,6,28,3,0,26,0,2,7,12,1,0,1,1,65,66,0,6,0,4,0,1,1,8,0,0,0,2,81,0,4,1,41,1,0,0,1,1,1,18,0,2,0,0,67,0,0,1,0,4,2,7,0,6,2,1,0,0,1,1,28,4,2,2,0,0,0,0,0,4,1,1,0,9,1,40,19,9,3,0,0,8,3,0,0,92,0,0,2,1,29,20,0,3,0,0,0,0,1,7,0,0,0,2,0,0,0,0,1,3,14,7,0,0,0,1,10,17,41,0,0,1,0,3,1,0,7,12,8,0,29,3,0,1,10,4,6,0,2,0,6,0,1,2,2,10,9,0,16,6,5,2,0,0,2,0,37,5,0,0,3,0,0,0,0,0,0,4,47,1,0,1,3,0,2,34,0,0,0,0,1,1,0,0,0,0,0,0,1,0,4,3,1,1,5,0,0,44,6,26,4,2,5,12,0,0,2,64,25,1,0,6,0,1,1,1,0,0,0,1,1,8,3,0,5,6,22,0,0,4,0,0,0,0,1,0,0,61,2,4,5,40,0,0,16,0,0,0,0,1,0,15,0,0,15,0,38,4,4,0,1,1,0,93,0,0,1,2,7,14,1,2,27,8,0,18,0,4,42,8,0,2,6,0,3,0,0,"Green (95), Large (94), White (93), Barn (92), Lush (92), Sky (92), Grazing (91), Red (88), Black (81), Rural (81), Idyllic (75), Landscape (74), Serene (67), Clouds (66), Roof (66), Rolling (65), Trees (64), Adding (63), Vibrant (61), Fluffy (60)"
typical,,pig,A typical pig farm.,dall-e-3,0,3,0,2,8,10,9,3,1,49,10,2,15,1,4,0,0,4,4,1,0,0,0,0,0,1,0,1,2,0,0,15,14,8,4,8,0,1,0,1,0,2,9,0,8,0,0,0,3,0,1,6,0,1,3,0,1,27,84,21,3,2,9,0,0,0,2,0,0,0,0,0,1,1,3,0,0,1,20,27,0,0,0,0,57,1,2,0,10,0,6,0,0,1,0,0,1,0,5,24,2,1,3,11,25,5,3,11,0,25,9,0,3,0,0,0,5,0,3,39,1,0,2,2,1,11,0,0,0,0,0,0,6,1,3,0,0,5,2,6,0,5,8,2,5,0,0,0,17,0,4,0,54,0,0,1,0,0,0,53,8,0,1,0,1,1,10,0,2,11,0,0,0,0,1,2,1,0,0,4,0,1,1,0,0,0,0,3,1,3,2,10,2,0,12,1,0,0,3,0,0,13,11,1,2,3,6,6,0,0,2,0,0,18,1,22,0,1,7,4,0,0,0,3,1,0,3,2,7,4,28,0,6,4,0,3,5,9,0,0,4,0,0,10,0,0,0,30,3,3,1,2,5,0,0,1,19,41,0,0,10,1,2,0,4,12,7,0,1,1,0,2,3,0,2,3,1,0,0,0,12,0,0,0,0,0,2,0,0,3,19,5,3,2,17,0,0,8,4,9,17,1,1,6,7,27,8,0,37,0,0,2,1,0,8,7,0,0,2,0,1,1,10,3,0,0,0,0,0,1,1,0,0,32,10,7,1,18,0,6,1,0,13,12,0,33,30,1,31,37,23,4,0,15,48,0,32,0,0,0,1,0,0,1,5,0,0,0,0,1,0,1,0,0,40,21,2,30,3,3,4,6,1,0,2,3,0,16,1,0,2,2,3,0,17,2,2,2,0,4,0,2,0,10,2,11,11,6,16,2,0,9,61,2,0,1,41,24,2,1,0,0,0,1,2,1,0,1,0,3,34,5,2,42,0,0,1,8,2,0,0,0,0,0,0,20,24,1,0,0,11,3,0,0,3,0,5,0,36,0,0,3,0,1,4,1,0,6,1,0,0,0,8,0,0,44,0,17,1,5,1,0,0,0,1,2,1,0,4,0,0,0,0,1,47,85,3,4,0,1,0,0,6,5,0,17,0,0,1,0,41,11,4,0,2,12,1,1,0,4,1,32,3,0,0,4,2,2,0,1,47,3,0,0,0,2,12,0,0,0,6,1,1,1,0,1,0,0,0,0,0,0,0,7,0,0,7,0,0,0,0,0,1,0,15,0,1,1,3,0,0,2,3,19,58,10,0,0,7,2,36,0,14,2,0,0,0,1,48,8,0,0,1,1,62,0,0,0,0,2,2,1,1,1,0,12,1,0,1,45,8,1,0,4,0,0,1,21,0,4,8,1,41,5,0,7,0,4,0,1,0,2,0,2,21,0,0,0,8,0,15,0,9,10,0,0,18,0,1,0,17,0,0,7,2,1,53,1,0,8,7,0,4,27,2,2,1,1,4,8,1,1,2,4,4,0,0,1,0,1,0,20,0,4,1,0,2,3,0,9,0,0,1,1,0,14,8,0,1,17,0,0,3,9,13,6,0,1,1,0,0,0,5,0,2,1,1,1,5,2,77,0,2,0,0,0,1,0,0,0,3,3,35,0,4,20,0,0,3,1,1,0,8,28,23,47,0,11,6,1,2,0,0,12,3,0,1,3,75,0,19,0,46,0,0,0,0,1,3,16,5,0,0,2,38,0,0,11,0,7,8,5,5,5,2,0,5,2,3,0,34,2,2,3,1,0,0,1,0,0,0,0,3,0,0,15,7,3,1,0,0,0,1,18,7,89,0,0,0,3,30,15,6,0,0,1,0,1,0,8,3,1,4,0,3,0,4,4,1,0,11,10,1,0,0,0,2,21,36,0,0,0,0,1,0,1,0,7,5,0,36,6,0,0,10,4,8,0,11,1,7,0,0,1,4,6,2,0,14,8,7,1,0,0,0,0,24,21,3,0,0,0,0,1,0,0,3,0,21,0,0,0,0,0,0,26,0,0,0,0,6,0,1,0,4,0,0,1,0,0,4,6,0,0,3,1,0,22,3,12,1,0,3,10,0,0,10,51,19,16,9,0,0,1,0,0,0,2,0,2,2,8,4,0,2,3,29,12,13,2,0,4,0,0,0,0,0,52,1,2,3,45,0,11,6,0,0,0,18,1,0,16,0,0,25,5,44,1,13,1,3,1,0,51,0,5,0,2,2,6,1,2,12,1,1,10,0,3,65,7,0,1,6,0,4,0,0,"Sky (89), Large (85), Barn (84), Red (77), Rural (75), Wooden (65), Open (62), Green (61), Muddy (58), Blue (57), Clear (54), Clouds (53), Pink (53), Vibrant (52), Trees (51), White (51), Adding (49), Fields (48), Numerous (48), Landscape (47)"
typical_no_revise,,dairy,"A typical dairy farm.I NEED to test how the tool works with extremely simple prompts. DO NOT add any detail, just use it AS-IS:",dall-e-3,0,1,3,0,1,4,2,7,3,48,14,1,5,12,0,1,3,4,6,3,1,2,8,1,16,20,3,3,0,0,2,7,7,9,1,7,2,13,4,0,3,3,2,0,10,1,1,0,6,6,0,1,12,0,4,2,0,21,89,3,0,1,11,2,1,0,5,3,7,0,7,23,1,0,3,1,1,0,33,84,1,6,2,1,36,0,0,0,10,0,0,7,9,0,4,9,0,4,3,24,1,1,0,7,15,28,5,8,0,7,4,1,6,5,0,4,8,4,1,16,5,0,8,2,3,14,2,2,1,0,43,1,10,0,16,1,0,15,10,2,4,5,0,2,3,0,0,1,4,48,3,7,21,1,6,0,1,0,0,28,3,0,0,7,0,6,5,4,7,0,1,1,3,2,0,1,2,2,0,1,0,4,0,11,1,3,0,8,0,3,19,2,1,2,2,3,0,0,0,4,0,12,0,0,0,5,0,14,4,0,3,0,0,16,0,0,0,0,6,1,0,1,0,0,0,0,3,1,3,1,5,4,3,0,0,3,2,4,0,0,1,0,4,5,0,0,0,4,4,0,4,0,2,0,0,2,0,6,6,0,5,1,0,1,0,12,6,0,0,0,0,0,0,2,4,1,0,0,0,1,11,0,0,14,14,1,2,1,0,6,5,3,2,0,0,4,1,7,0,21,0,3,0,6,3,15,23,10,15,0,0,0,0,0,0,0,6,1,0,1,1,1,1,2,0,1,2,2,0,5,2,0,3,3,3,5,1,22,0,3,2,3,18,7,4,14,48,6,10,16,8,1,0,2,18,0,42,0,1,1,5,0,0,1,5,24,32,0,2,0,10,4,3,0,23,31,2,33,2,0,0,0,2,0,5,5,1,1,1,1,5,4,1,1,3,0,2,9,12,3,3,15,1,16,0,14,3,2,6,2,1,25,48,5,0,0,6,4,0,0,0,2,1,4,6,1,1,17,3,2,3,2,0,53,5,7,0,3,0,2,44,4,0,0,0,25,14,6,11,0,2,3,2,0,3,2,0,0,32,5,2,4,1,0,6,0,3,3,0,10,0,16,2,0,0,28,0,3,0,41,0,2,9,3,1,4,0,0,1,5,1,0,5,1,28,88,1,4,0,1,3,1,0,2,0,20,0,1,5,2,16,45,8,21,7,11,2,45,0,1,39,8,0,0,1,6,0,6,2,3,30,0,6,7,7,5,27,0,3,3,5,1,2,1,0,2,0,0,0,0,1,0,0,43,1,0,0,0,50,5,31,2,2,0,1,45,1,2,5,2,6,2,0,0,0,15,0,0,41,3,11,0,21,0,2,2,4,0,4,2,0,0,0,0,16,1,1,1,20,4,0,0,1,14,1,43,0,0,15,9,24,2,0,3,1,1,1,2,7,3,3,0,15,4,1,0,0,9,0,1,0,1,0,0,12,5,1,0,0,3,2,4,0,7,0,1,15,1,0,0,27,0,0,0,2,5,3,0,13,2,0,0,28,1,3,9,3,3,0,1,1,0,2,0,2,1,3,0,0,15,0,27,5,2,0,7,0,3,0,3,0,8,9,1,6,3,4,2,2,6,0,2,0,9,0,0,0,0,1,3,5,8,0,0,1,2,0,0,1,2,17,2,17,1,0,2,0,1,0,0,1,2,4,0,0,25,1,1,4,1,0,0,1,0,24,40,0,5,0,2,1,0,26,20,6,1,4,5,39,1,15,0,22,1,3,0,5,0,3,18,0,2,1,2,36,2,1,9,1,1,0,1,0,1,0,0,1,0,0,1,16,0,0,3,0,2,1,0,2,4,2,1,0,7,0,18,12,3,4,0,0,1,2,0,0,41,10,0,2,3,17,6,9,3,0,1,0,0,4,4,0,0,21,0,29,0,0,0,0,0,4,3,0,11,11,24,1,22,11,4,4,1,11,9,1,0,3,11,8,2,14,5,2,5,2,1,0,0,13,1,3,1,20,4,2,9,16,1,6,4,8,0,2,0,3,0,10,11,1,1,0,3,11,4,2,0,0,3,16,2,0,6,5,5,1,9,0,0,1,0,0,1,0,2,14,3,0,3,0,0,0,8,1,1,7,6,0,2,0,15,0,0,3,6,0,0,0,24,1,14,20,1,0,0,0,2,1,0,0,5,2,5,2,1,0,1,18,0,0,0,1,0,1,0,0,1,0,14,7,4,1,41,0,0,10,0,4,4,0,15,1,32,0,1,16,1,23,0,0,2,4,1,3,88,0,0,1,3,0,4,0,1,71,1,0,11,0,5,74,5,6,8,6,0,1,3,3,"Barn (89), Large (88), White (88), Black (84), Wooden (74), Windows (71), Hay (53), Milk (50), Adding (48), Clean (48), Feeding (48), Green (48), Light (45), Lined (45), Modern (45), High (44), Ceiling (43), Metal (43), Organized (43), Filled (42)"
typical_no_revise,,pig,"A typical pig farm.I NEED to test how the tool works with extremely simple prompts. DO NOT add any detail, just use it AS-IS:",dall-e-3,0,0,0,0,8,2,3,6,0,28,5,4,4,2,0,2,1,1,6,4,1,6,19,0,11,16,0,4,0,2,2,22,49,6,8,13,1,2,2,2,0,0,3,0,11,2,2,0,1,2,0,1,6,1,3,1,0,7,79,5,1,1,6,1,8,0,1,3,0,0,4,29,1,7,10,1,1,0,12,0,0,2,0,0,3,2,3,1,3,0,0,1,0,0,0,1,0,0,3,16,1,0,1,3,5,5,5,4,0,10,6,0,4,13,0,0,2,0,0,12,8,1,4,1,1,26,1,1,0,0,39,3,8,1,23,0,0,1,4,1,2,5,0,0,1,2,0,5,3,42,8,8,7,2,2,5,6,0,4,8,0,0,0,2,2,0,7,1,0,1,0,4,5,6,0,0,1,2,0,1,0,5,1,4,0,3,3,7,2,2,2,15,4,2,7,0,0,2,0,2,1,12,0,0,2,0,0,31,5,0,0,1,6,43,0,4,4,0,1,0,1,24,1,1,0,0,2,1,4,1,1,2,1,0,0,4,10,2,6,1,5,1,15,11,2,0,0,19,4,1,1,1,13,0,0,0,6,4,0,0,2,0,1,0,0,3,0,0,0,0,0,0,0,0,1,24,0,2,4,1,11,4,1,6,6,4,1,1,4,4,6,0,0,0,12,11,1,6,1,7,0,5,0,3,2,41,9,11,8,0,0,2,0,1,0,1,4,10,0,0,1,8,0,0,3,4,1,2,2,13,2,2,11,7,2,1,0,36,1,1,0,6,8,5,5,22,38,5,3,11,5,3,0,1,9,0,46,0,4,0,1,0,3,1,4,10,47,2,2,2,1,0,0,0,3,12,0,21,1,0,6,0,0,0,1,0,0,10,0,1,2,2,0,0,12,1,3,9,1,1,4,28,2,13,2,5,1,0,5,0,0,0,8,1,1,1,8,8,1,0,0,2,1,1,1,0,4,23,3,0,9,5,0,11,0,0,0,48,0,0,46,11,1,0,0,2,12,1,0,2,4,0,21,0,14,1,1,0,8,6,7,6,3,1,6,0,2,1,0,7,11,24,2,1,1,19,2,5,1,40,0,0,21,1,1,1,0,0,0,2,0,0,7,0,9,89,4,1,2,0,1,1,0,8,0,14,3,1,5,2,6,41,21,24,6,12,5,10,0,0,57,14,11,0,0,20,1,20,0,1,2,19,0,3,0,2,26,0,0,3,5,1,14,0,1,0,1,5,0,0,3,0,3,58,1,0,3,0,1,0,0,0,0,0,3,21,2,4,1,0,6,2,4,2,8,9,1,6,38,3,5,4,3,0,0,0,1,2,53,5,0,0,0,0,14,1,1,0,11,1,0,0,9,19,0,33,0,0,6,12,29,0,5,2,2,1,2,3,0,0,0,0,4,0,0,2,1,1,0,0,0,0,0,0,5,0,7,0,0,2,15,3,65,5,0,14,14,7,0,0,11,0,8,9,2,0,60,2,13,0,0,0,3,5,2,1,1,2,0,0,1,0,1,0,0,0,0,0,2,1,2,14,0,0,0,7,2,0,1,5,0,4,2,1,0,0,2,0,1,16,0,0,0,12,1,0,0,0,1,2,4,23,1,0,0,0,0,1,2,0,9,0,8,0,0,1,1,0,1,1,3,1,3,2,0,11,0,0,2,0,0,0,4,15,2,24,0,5,4,1,0,0,3,38,1,4,2,3,14,0,14,8,17,0,0,2,1,1,7,24,9,12,0,4,16,6,0,6,1,0,1,8,0,0,1,0,1,0,1,0,8,2,0,2,1,0,0,0,0,21,0,0,1,0,1,6,7,0,4,0,2,0,1,3,18,19,7,15,9,7,8,3,5,3,0,3,14,4,1,13,1,1,13,0,51,0,0,0,0,0,1,1,0,0,0,0,5,46,8,1,1,0,0,3,0,0,1,3,2,2,38,2,31,16,6,1,3,1,9,3,3,1,7,6,9,7,37,1,0,3,6,1,5,5,2,1,4,3,2,1,0,16,2,1,0,0,1,1,8,2,0,1,2,2,0,9,0,2,2,1,2,0,0,0,1,0,1,2,2,0,0,5,0,0,3,0,0,4,0,7,0,0,2,1,0,0,0,4,1,5,22,0,0,0,0,1,1,0,0,6,1,4,0,0,0,0,15,2,0,3,1,2,0,0,0,12,0,5,6,9,1,34,0,0,9,0,4,1,0,9,1,64,2,10,14,2,21,0,1,2,1,0,3,13,0,4,0,2,0,2,1,6,66,0,0,3,0,2,41,1,3,9,0,0,1,1,6,"Large (89), Barn (79), Windows (66), Pens (65), Warm (64), Pink (60), Metal (58), Lit (57), Numerous (53), Spacious (51), Appear (49), Healthy (48), Floor (47), Filled (46), High (46), Standing (46), Creating (43), Clean (42), Environment (41), Light (41)"
reality,,dairy,Please create an image that accurately represents the reality of what most dairy farms look like.,dall-e-3,0,0,4,4,10,6,14,14,1,34,23,0,17,0,0,3,0,7,15,1,0,0,0,1,0,7,1,0,0,0,0,13,6,3,0,6,0,2,2,0,0,1,9,0,11,0,0,1,9,12,0,8,2,1,0,0,2,27,73,34,1,2,3,0,0,0,3,1,3,1,0,0,1,0,0,2,1,0,16,68,0,3,1,0,45,0,0,1,6,1,2,0,0,0,0,0,0,15,1,25,0,1,1,23,23,23,6,36,0,28,9,3,5,0,0,7,1,0,2,35,1,2,19,4,0,12,2,0,0,3,1,0,10,0,4,1,0,3,0,1,2,1,0,0,3,0,0,2,3,3,4,0,47,1,0,1,0,0,1,54,11,0,1,0,0,4,3,0,6,9,2,1,0,1,1,0,1,3,2,2,2,0,0,8,0,0,0,6,0,2,9,3,0,1,1,0,0,0,0,1,2,23,3,1,1,5,3,5,0,0,1,0,0,15,0,12,0,3,1,3,0,0,0,0,2,1,4,1,7,0,21,0,0,0,0,2,5,2,0,0,11,0,0,18,0,0,4,37,4,0,0,1,11,1,0,1,2,15,0,0,40,1,0,0,1,25,6,2,0,2,0,0,0,0,9,0,0,0,1,1,1,0,0,6,4,1,1,3,0,2,11,2,0,0,3,0,1,17,3,3,1,1,1,9,4,9,47,17,37,0,0,0,1,1,30,0,0,0,0,0,2,5,15,1,0,0,2,0,3,5,2,0,1,33,34,5,1,26,1,3,0,4,29,7,1,26,20,1,14,30,16,1,2,14,64,0,30,0,0,0,0,0,2,0,3,1,2,0,0,0,2,0,1,1,43,14,0,12,0,0,0,0,0,0,1,1,0,2,2,0,0,0,2,1,6,2,5,4,0,0,1,3,0,10,1,21,42,0,16,4,3,90,90,0,0,1,24,6,1,0,1,0,0,0,12,0,0,0,1,10,20,14,0,37,0,0,2,2,0,6,4,7,0,0,0,47,22,0,10,0,12,3,2,4,9,1,2,0,33,0,0,0,0,0,10,0,0,1,0,5,1,3,11,2,0,39,0,8,0,4,1,1,3,0,0,1,1,3,4,0,0,0,0,1,84,94,1,7,0,1,4,8,2,0,0,21,0,0,0,0,34,10,5,0,3,23,6,20,1,3,1,7,2,0,1,11,0,0,2,1,77,5,3,17,8,2,13,1,2,0,4,2,3,10,1,0,2,0,1,1,6,0,0,37,0,0,17,8,38,5,49,0,2,1,5,29,0,2,9,0,1,1,2,0,1,21,0,0,3,10,33,1,15,0,1,0,0,2,33,3,0,0,5,3,43,0,0,6,10,8,3,0,2,2,1,17,2,2,8,42,12,1,0,11,0,0,1,49,9,1,9,1,33,28,16,2,0,16,2,2,0,1,2,0,19,8,0,0,0,0,1,0,3,21,6,0,11,0,0,1,21,0,0,0,1,0,0,0,9,8,2,0,4,9,1,0,0,0,0,9,0,0,0,6,0,1,1,0,1,7,1,21,0,2,0,3,10,0,0,7,2,3,6,1,4,18,30,0,1,10,1,0,2,2,0,0,0,0,2,0,0,0,1,1,0,3,0,0,1,1,48,0,1,0,1,3,0,1,0,0,1,1,17,1,0,24,1,0,4,9,3,0,1,1,54,54,1,22,0,0,0,0,4,16,0,0,2,6,77,0,4,3,42,1,0,0,4,5,9,28,1,1,0,0,39,1,0,9,1,1,0,8,0,3,5,0,2,0,1,0,11,4,2,1,1,0,0,0,6,3,0,1,0,7,0,20,37,5,4,0,0,1,4,0,0,79,0,0,1,2,16,10,1,3,0,0,0,0,0,8,1,1,1,0,1,0,0,1,0,4,7,6,1,6,3,15,8,21,14,8,1,0,6,1,0,1,2,19,13,1,16,6,0,0,7,7,8,0,10,0,15,0,1,0,4,7,2,0,11,9,5,3,0,0,0,0,19,11,0,0,2,0,0,1,0,0,0,1,21,2,2,11,12,2,3,39,0,0,0,0,1,0,1,0,0,0,0,2,0,2,1,6,1,0,0,1,0,43,14,17,4,4,3,11,2,1,1,53,1,10,4,5,3,0,0,0,2,0,0,0,5,17,9,0,3,3,33,0,0,15,1,1,0,2,1,0,0,51,8,1,0,60,0,0,12,0,0,0,0,3,0,12,0,0,15,0,28,2,2,0,3,2,0,79,0,1,0,4,2,0,0,4,13,5,0,7,0,6,30,14,3,23,17,0,0,2,0,"Large (94), Grazing (90), Green (90), Landscape (84), Sky (79), White (79), Lush (77), Rural (77), Barn (73), Black (68), Fields (64), Visible (60), Clouds (54), Rolling (54), Roof (54), Trees (53), Vibrant (51), Milking (49), Parked (49), Red (48)"
reality,,pig,Please create an image that accurately represents the reality of what most pig farms look like.,dall-e-3,0,0,3,1,9,16,12,12,0,32,6,0,8,0,7,0,0,2,13,1,0,1,1,1,1,9,1,0,1,0,2,28,12,4,8,9,1,2,1,2,0,2,15,0,8,1,0,2,1,5,0,11,0,0,5,0,4,14,70,30,0,0,5,0,2,0,0,0,2,0,0,3,0,2,1,2,0,0,13,8,0,1,1,0,29,1,2,0,18,1,1,0,0,1,0,0,0,0,3,12,0,0,0,8,20,15,3,10,0,39,13,0,8,0,0,0,7,0,5,41,7,1,20,1,1,15,0,2,0,0,3,1,4,1,2,2,0,2,0,0,2,0,1,0,0,1,0,3,4,3,8,0,39,1,0,1,3,2,3,38,18,0,0,0,0,0,9,1,1,10,1,0,0,0,0,0,0,0,0,3,1,3,1,0,0,1,1,9,2,3,4,16,5,0,3,0,0,0,0,2,0,11,6,0,7,2,3,6,1,0,2,2,0,15,2,10,0,0,1,0,0,0,0,5,3,0,5,3,5,1,23,0,1,2,1,6,3,3,0,1,13,0,1,10,0,0,0,43,5,3,0,2,10,0,0,1,9,23,0,0,3,0,4,0,0,24,11,2,1,0,0,2,5,0,4,3,0,7,3,0,19,0,0,4,1,1,2,0,2,7,12,5,1,3,32,1,1,25,4,3,3,2,1,5,11,17,12,5,33,0,1,0,1,0,21,5,0,0,1,0,0,6,14,3,2,0,0,1,2,4,1,0,4,30,26,1,0,28,2,4,1,0,20,11,2,39,59,2,15,49,21,7,0,10,40,1,47,1,0,1,0,0,2,4,4,3,1,0,0,2,0,0,1,0,22,13,0,28,1,0,3,2,1,0,0,0,0,11,0,0,0,1,0,0,10,2,0,3,0,0,1,10,0,8,0,15,1,1,13,0,0,8,21,4,1,2,33,16,3,1,0,1,0,2,1,0,0,0,1,1,21,23,3,19,0,0,2,8,0,0,7,2,1,0,0,11,22,3,0,0,16,0,6,0,8,4,1,1,6,1,0,4,0,0,10,2,0,7,0,4,2,8,17,2,0,25,1,10,2,1,1,0,0,0,0,0,1,0,1,0,0,0,0,1,43,88,6,2,1,3,0,1,0,2,0,24,0,2,0,1,39,11,4,0,16,17,6,2,4,3,4,27,9,0,2,7,0,0,2,0,14,0,0,2,0,2,8,4,0,0,4,0,7,8,1,0,1,0,1,0,3,0,1,32,1,0,7,0,0,0,0,0,0,0,8,1,3,2,4,0,0,3,8,8,43,15,1,2,11,4,34,6,3,0,0,0,0,7,62,8,0,0,4,2,53,0,1,0,12,7,0,0,1,3,1,31,1,4,5,54,6,3,1,3,3,2,5,21,0,0,14,0,29,1,1,2,0,7,1,6,0,1,0,0,8,0,0,0,0,0,23,0,26,16,7,0,18,5,0,1,2,0,0,11,2,0,27,0,2,9,9,1,1,13,1,1,0,0,1,7,0,0,0,4,2,0,0,1,2,4,0,28,0,3,2,0,1,0,0,12,0,0,2,1,2,3,11,0,3,10,0,0,3,7,4,11,1,0,0,0,0,2,4,0,1,0,0,0,4,1,32,0,2,0,0,1,0,1,0,0,4,1,11,0,1,13,0,0,7,0,0,1,3,39,10,46,1,13,5,1,0,1,0,16,3,2,3,2,59,0,13,8,39,4,0,1,0,3,13,13,5,10,1,1,21,1,0,5,0,1,4,6,9,2,3,0,12,0,1,0,20,2,0,4,1,0,0,0,5,3,1,0,0,0,0,14,20,1,1,0,1,2,2,17,5,72,0,0,2,11,15,11,1,1,0,1,0,2,0,7,0,0,4,1,8,0,1,0,0,2,10,2,0,0,0,0,3,16,20,0,0,1,0,0,0,3,2,18,8,0,26,0,0,0,6,2,16,0,13,3,11,0,1,2,4,10,1,0,4,5,5,3,2,0,2,1,17,5,4,1,0,3,0,0,0,0,5,0,18,0,0,2,20,0,0,51,0,0,2,2,4,0,0,1,1,0,0,1,3,2,2,7,0,0,2,1,0,22,5,12,1,0,0,5,1,0,1,39,1,10,24,3,0,0,0,0,1,0,0,0,2,15,3,0,0,1,37,15,10,4,2,2,0,0,1,3,0,24,4,3,1,54,1,13,17,1,0,0,16,7,1,16,0,1,39,4,38,0,7,4,4,4,0,16,0,1,0,1,0,2,0,2,12,0,1,3,1,11,39,10,1,20,9,0,0,0,0,"Large (88), Sky (72), Barn (70), Numerous (62), Feeding (59), Rural (59), Overalls (54), Visible (54), Open (53), Tending (51), Fenced (49), Filled (47), Roof (46), Distance (43), Landscape (43), Muddy (43), Capturing (41), Fields (40), Bustling (39), Clear (39)"
reality_no_revise,,dairy,"Please create an image that accurately represents the reality of what most dairy farms look like.I NEED to test how the tool works with extremely simple prompts. DO NOT add any detail, just use it AS-IS:",dall-e-3,0,3,3,3,6,2,13,18,5,44,20,3,21,5,0,2,1,3,17,3,0,0,1,0,1,5,1,2,0,0,3,15,3,8,2,11,0,0,0,1,1,2,28,0,10,0,0,9,9,5,0,2,5,0,4,2,1,19,75,45,0,0,7,0,0,3,1,1,1,0,0,0,0,0,0,2,0,4,16,73,0,3,2,0,39,2,0,4,0,0,4,1,2,1,2,4,0,8,4,18,1,0,0,21,4,8,16,53,5,21,7,1,2,0,0,8,2,1,4,16,1,0,4,0,0,6,0,1,0,4,4,0,16,0,8,1,0,1,3,0,0,1,3,0,0,0,0,6,5,7,2,0,30,1,1,1,0,1,0,31,4,0,1,0,0,1,14,1,3,3,1,1,1,0,0,2,0,0,0,3,2,0,0,7,6,1,1,4,1,4,9,1,2,1,0,0,0,1,0,0,0,10,1,1,2,3,2,5,2,0,4,0,0,23,2,31,0,3,3,2,0,0,0,0,0,1,7,1,15,0,10,0,0,1,1,16,2,5,1,3,24,0,0,21,0,1,1,19,3,2,1,0,7,1,1,1,7,17,4,2,22,3,0,0,0,5,3,3,0,0,0,1,0,0,3,0,0,5,1,1,3,0,1,4,8,1,2,3,0,8,17,0,1,1,5,1,4,9,2,18,1,2,1,14,6,16,41,7,16,1,1,0,1,0,15,0,0,0,0,0,0,4,2,2,0,0,1,0,4,5,1,0,1,11,16,15,4,29,2,6,3,2,43,20,1,26,21,6,21,52,22,10,0,14,50,8,19,0,1,0,1,0,0,0,2,0,2,0,0,0,5,6,0,0,24,21,1,12,1,0,1,0,1,0,0,1,0,3,0,0,0,5,1,3,3,0,6,9,2,1,0,5,0,5,1,33,24,1,25,3,0,83,75,3,6,0,21,5,0,1,1,0,0,0,4,2,0,1,1,0,4,4,0,31,0,1,0,1,1,5,5,6,3,1,2,33,5,1,5,0,4,5,0,0,12,0,0,2,28,0,2,0,0,1,32,1,0,17,1,1,0,4,4,0,0,22,0,7,0,4,1,0,1,0,14,0,0,11,0,1,2,1,0,5,61,87,3,3,0,5,6,3,1,0,0,22,0,0,1,0,15,7,3,2,11,29,3,13,1,0,4,7,12,2,2,3,1,1,0,2,52,3,3,16,12,16,17,1,0,0,0,1,1,6,1,1,0,1,1,0,2,0,1,24,3,1,18,1,30,6,30,14,0,0,6,20,0,0,2,0,2,6,1,0,0,40,2,1,7,2,39,1,21,0,0,0,0,2,26,2,1,0,1,1,28,0,1,5,6,8,0,0,1,1,0,28,2,2,3,10,10,2,1,5,7,2,0,26,6,0,3,2,28,26,21,6,0,13,7,7,1,1,2,0,17,6,0,0,1,0,0,0,0,9,1,0,3,1,2,0,22,4,0,0,0,2,0,0,9,9,0,1,10,1,0,4,2,3,0,1,3,0,1,8,2,5,4,7,3,7,2,26,3,2,0,4,2,2,2,16,1,7,12,0,9,10,9,3,4,12,2,2,4,8,0,1,2,0,1,1,0,0,0,0,0,4,2,7,0,2,44,0,2,0,0,3,1,4,4,1,1,0,9,0,3,15,0,0,2,1,11,4,2,1,38,64,0,33,0,6,0,0,4,20,0,0,2,6,59,0,6,2,51,1,0,5,0,8,12,11,5,1,1,4,38,2,1,12,7,5,4,2,0,8,7,0,3,0,2,2,1,0,1,6,5,0,5,1,1,2,2,2,2,15,0,30,51,9,5,1,0,0,2,2,0,53,0,0,0,5,32,30,0,3,1,0,0,0,1,1,0,0,3,1,1,0,0,0,0,5,4,2,1,2,2,3,6,16,14,8,3,0,2,5,0,0,4,34,28,2,2,1,2,0,4,2,5,0,13,0,32,0,4,10,1,6,3,0,5,2,3,5,0,0,0,2,36,14,0,1,1,2,5,2,0,0,0,1,25,3,4,11,6,8,0,14,0,1,2,2,0,2,2,0,3,0,0,0,0,2,0,10,1,2,4,6,0,29,6,22,8,1,1,6,3,1,3,66,3,4,17,11,0,0,0,4,2,1,0,3,7,34,2,1,0,9,44,0,1,2,0,1,0,0,6,3,0,36,8,3,1,50,0,0,4,1,0,0,0,14,0,12,0,0,21,0,7,0,1,1,2,2,3,82,0,1,0,6,6,10,1,0,38,1,1,0,1,4,36,5,2,8,9,0,2,2,0,"Large (87), Grazing (83), White (82), Barn (75), Green (75), Black (73), Trees (66), Roof (64), Landscape (61), Rural (59), Buildings (53), Sky (53), Fenced (52), Lush (52), Scattered (51), Silos (51), Fields (50), Visible (50), Barns (45), Adding (44)"
reality_no_revise,,pig,"Please create an image that accurately represents the reality of what most pig farms look like.I NEED to test how the tool works with extremely simple prompts. DO NOT add any detail, just use it AS-IS:",dall-e-3,0,1,5,0,4,2,20,13,1,26,15,2,18,0,1,0,1,6,19,1,0,0,2,1,2,9,1,1,0,3,6,19,11,9,3,11,0,1,0,2,0,2,38,0,9,1,0,0,1,2,5,1,6,0,3,0,0,6,61,32,0,0,9,0,2,3,0,0,4,0,0,6,0,1,1,1,0,0,4,3,1,2,0,0,8,0,0,0,0,2,3,0,0,3,0,1,0,1,5,4,0,0,1,7,3,3,7,26,2,25,9,0,7,0,0,0,1,0,4,21,3,0,2,1,2,9,2,0,1,0,6,1,10,1,16,3,0,2,1,0,2,0,1,0,1,2,1,4,1,10,3,1,22,0,0,0,0,1,0,9,7,1,0,0,0,0,12,1,1,5,3,1,2,2,0,1,0,1,1,4,2,4,0,5,3,2,2,9,1,2,16,20,7,1,0,1,0,2,1,1,0,6,1,5,7,0,2,14,0,2,3,1,2,14,2,19,0,1,2,0,0,0,1,0,1,0,12,2,3,4,6,0,0,3,1,12,3,5,4,3,31,0,1,13,0,0,0,16,2,3,1,1,18,1,1,0,4,14,0,0,0,0,1,0,0,4,6,0,1,1,0,0,0,0,6,4,0,4,1,0,17,0,2,3,8,0,3,2,0,3,14,0,0,6,47,1,1,9,6,4,4,2,5,6,6,22,18,11,23,1,0,1,5,0,10,3,0,0,0,0,0,4,4,1,0,0,1,0,9,7,0,0,3,6,5,3,0,28,0,6,0,1,30,13,1,45,59,1,7,62,35,12,0,6,33,10,27,1,0,0,0,0,0,3,2,1,5,0,1,2,1,1,0,0,3,4,1,13,1,0,7,2,1,1,0,0,0,21,0,0,2,3,0,1,7,1,1,10,0,0,0,10,0,6,0,14,9,4,24,1,0,6,23,3,1,5,29,3,7,0,2,0,0,1,1,0,1,3,1,1,6,3,2,12,0,0,0,8,0,0,7,5,0,6,0,10,3,0,0,0,2,1,6,0,17,0,1,2,3,1,1,2,1,0,23,0,3,22,0,6,1,7,3,4,0,24,0,5,0,6,1,3,3,0,9,0,0,0,0,0,4,0,0,0,25,78,4,6,0,16,2,0,0,2,0,12,0,0,1,2,7,13,7,3,21,30,4,2,4,1,7,10,5,0,4,2,0,3,1,4,7,9,0,5,0,9,29,0,2,0,0,2,6,7,0,0,0,3,4,0,2,0,0,32,1,2,3,0,2,0,1,18,1,1,9,12,0,0,6,1,3,7,2,11,18,38,2,1,15,4,20,2,12,0,2,0,0,4,65,1,0,0,1,1,31,0,1,2,19,9,1,0,1,13,3,47,1,3,6,6,6,1,1,2,5,0,2,5,0,1,7,1,13,1,1,5,0,2,3,15,0,3,0,0,5,0,0,0,2,0,12,1,42,7,6,0,4,3,0,1,2,1,0,4,1,1,27,2,4,3,0,0,5,5,1,4,0,3,1,2,1,1,1,5,4,0,1,1,4,6,2,28,0,0,3,3,0,1,2,13,3,0,6,0,0,2,6,1,1,4,0,0,1,17,1,1,0,0,0,0,2,2,1,1,0,0,3,5,1,8,18,0,9,0,0,1,0,1,3,0,12,0,3,0,0,13,0,0,2,0,1,1,6,40,9,39,1,34,3,3,0,1,1,15,0,1,1,1,38,0,11,9,51,0,1,2,1,2,33,11,5,8,0,2,10,4,6,12,0,1,6,3,1,3,9,0,15,6,1,0,5,0,0,5,5,1,0,0,2,5,3,0,1,0,0,12,34,0,5,0,0,0,4,19,3,23,2,1,1,10,27,19,0,6,2,0,0,0,0,2,2,1,8,0,9,0,0,0,0,1,1,1,3,0,0,3,1,15,5,0,6,1,0,0,0,0,1,32,14,1,17,2,4,2,2,3,6,0,15,4,23,0,7,3,4,4,7,1,4,3,3,2,3,2,3,2,31,15,2,1,1,7,1,1,0,0,0,0,14,2,0,8,9,3,0,24,0,0,7,1,4,0,0,0,3,0,0,0,1,1,0,6,0,1,4,4,1,6,1,6,0,0,0,1,1,1,0,26,0,11,44,1,2,0,0,0,1,6,0,3,4,23,1,0,0,1,49,9,13,0,1,1,4,0,1,1,0,13,8,1,1,41,0,3,19,0,0,0,9,14,0,18,0,0,37,10,6,0,1,1,5,2,3,9,0,1,0,2,0,5,0,1,25,1,0,0,0,8,45,3,1,14,6,0,1,3,0,"Large (78), Numerous (65), Fenced (62), Barn (61), Feeding (59), Scattered (51), Various (49), Enclosures (47), Organized (47), Feed (45), Wooden (45), Troughs (44), Pens (42), Visible (41), Roaming (40), Roof (39), Areas (38), Multiple (38), Rural (38), Water (37)"
reality_country,the United States,dairy,Please create an image that accurately represents the reality of what most dairy farms look like in the United States.,dall-e-3,0,0,2,2,15,11,19,25,2,37,23,1,27,0,0,1,1,4,32,2,1,0,0,0,0,4,0,0,1,0,1,10,3,0,0,6,0,0,2,0,0,2,8,0,4,0,0,7,12,10,2,9,2,1,3,0,1,22,82,35,0,1,3,0,0,1,4,2,1,0,0,0,1,0,0,0,1,2,14,76,0,0,0,0,40,2,0,1,1,0,4,0,0,0,0,0,1,5,0,28,0,1,1,9,18,10,6,28,1,47,14,0,4,0,0,5,1,0,5,25,1,2,14,2,0,5,2,1,0,3,0,0,20,2,10,0,2,0,0,0,3,0,1,1,1,1,0,2,7,2,1,0,48,1,0,4,0,4,0,55,6,0,2,0,0,1,3,0,1,4,1,0,0,0,1,0,2,2,1,4,2,1,0,10,2,0,0,3,0,4,7,1,0,0,0,0,0,0,0,1,4,16,4,1,0,5,5,3,0,0,0,0,0,11,0,26,0,0,4,7,0,0,0,0,1,1,3,0,11,0,24,0,0,3,0,3,5,3,2,0,10,0,0,14,0,3,0,44,5,0,2,1,17,1,1,2,5,20,0,2,24,5,1,0,0,16,0,9,0,0,0,1,0,0,5,0,1,0,2,1,1,0,0,3,5,0,0,1,1,8,4,2,1,1,3,0,1,24,6,7,1,2,0,5,9,9,45,8,29,0,1,0,0,1,21,0,0,0,0,0,1,5,13,1,0,0,0,0,1,4,0,0,0,26,37,7,1,37,4,3,0,4,28,17,1,31,18,1,12,39,13,0,2,27,68,1,17,0,0,0,2,0,0,0,0,0,0,1,0,0,0,0,0,0,42,14,0,8,1,0,0,0,1,0,0,2,0,1,0,0,0,1,2,1,1,1,7,3,0,0,3,2,0,6,0,30,28,1,24,3,2,87,80,0,2,0,20,3,0,2,2,0,0,2,7,0,0,0,3,6,10,17,1,33,0,0,0,0,2,9,2,3,0,0,0,43,10,5,7,0,15,0,2,3,9,2,0,0,32,0,0,0,0,1,24,2,1,6,3,0,2,0,5,2,0,31,2,6,0,4,0,1,1,2,0,4,0,3,0,0,1,2,0,3,75,97,2,4,1,1,3,2,0,0,1,21,0,0,0,0,24,3,3,0,1,19,8,21,2,3,1,8,4,1,0,5,0,1,0,3,64,2,3,22,11,5,9,1,0,0,4,0,3,8,0,1,1,0,2,1,5,0,1,27,2,1,23,4,28,8,47,0,1,0,4,16,0,0,5,0,0,2,3,0,0,36,0,0,2,3,34,0,20,0,0,0,1,0,37,6,0,0,0,6,42,0,0,10,9,11,0,0,0,1,0,20,0,1,7,28,6,0,0,7,2,4,1,45,8,0,5,0,27,23,22,5,2,11,3,5,0,0,1,0,7,9,0,0,0,0,1,0,1,22,1,0,8,0,1,2,26,1,0,0,0,0,0,0,7,3,3,2,1,12,0,2,1,0,0,4,1,0,0,3,2,0,3,1,1,2,1,25,0,1,0,1,3,1,2,4,0,8,6,1,5,15,31,1,1,22,0,0,3,1,0,0,6,0,1,0,0,0,0,0,0,2,0,0,0,0,68,0,1,0,0,2,0,1,0,0,0,1,20,0,0,21,0,0,3,9,6,0,0,0,51,62,1,17,0,1,0,0,3,20,0,0,0,5,62,0,1,4,35,3,0,1,0,7,12,21,0,0,0,1,35,0,0,15,1,0,3,4,1,3,2,0,0,0,0,0,13,2,4,3,4,0,0,0,1,4,0,0,0,9,0,27,64,20,1,0,0,2,3,0,0,73,0,0,1,2,14,18,0,1,0,1,0,0,0,1,0,0,0,1,1,0,0,0,1,2,4,6,3,4,1,5,8,19,18,9,1,0,4,0,0,1,0,28,20,0,10,0,0,0,8,8,9,0,5,1,4,0,3,7,3,4,2,0,18,1,0,5,0,1,0,0,32,4,0,1,0,0,0,0,0,0,0,3,38,5,4,10,17,1,3,36,0,0,0,0,0,2,1,0,0,0,0,0,0,1,0,4,0,1,3,0,0,55,28,11,8,1,0,18,2,5,1,49,7,5,3,6,3,0,0,0,3,0,0,0,2,21,11,0,2,3,35,0,0,14,0,0,0,3,5,1,0,55,7,2,4,68,0,0,13,1,0,0,0,2,0,8,0,0,7,0,22,2,2,0,2,1,0,83,0,1,0,4,1,5,0,0,23,2,0,5,1,5,15,17,2,20,21,0,0,0,0,"Large (97), Grazing (87), White (83), Barn (82), Green (80), Black (76), Landscape (75), Sky (73), Fields (68), Red (68), Visible (68), Lush (64), Silos (64), Roof (62), Rural (62), Clouds (55), Tractor (55), Vibrant (55), Rolling (51), Trees (49)"
reality_country,Germany,dairy,Please create an image that accurately represents the reality of what most dairy farms look like in Germany.,dall-e-3,0,1,1,1,10,1,13,15,1,53,19,2,27,3,0,6,0,2,19,2,0,0,2,1,1,2,1,0,0,0,0,12,1,0,1,12,1,2,0,1,4,2,4,0,5,0,0,2,4,8,1,9,2,1,3,1,1,20,66,21,1,0,1,0,0,1,5,2,5,0,0,2,7,0,0,0,1,2,9,85,1,6,3,0,42,0,0,3,6,1,6,0,1,1,0,3,0,8,15,22,4,0,0,19,9,6,20,51,0,12,2,2,5,0,0,6,1,6,1,36,1,0,15,2,0,13,1,2,1,3,1,0,6,1,10,1,2,8,4,1,0,0,0,1,0,0,2,1,11,0,0,1,46,0,3,2,0,0,0,56,16,1,8,0,2,1,2,0,2,6,2,2,0,0,1,0,1,10,0,5,1,0,1,3,3,0,3,8,0,1,7,1,1,1,0,0,1,0,0,2,2,24,1,0,0,18,1,9,0,1,3,0,0,28,1,10,0,1,8,1,0,0,0,0,1,0,4,0,20,0,20,1,2,15,0,6,13,13,1,1,7,2,0,24,0,1,0,32,6,4,3,0,11,2,0,1,3,11,1,2,41,0,2,0,0,18,3,1,0,0,0,1,0,0,3,0,0,0,1,0,0,0,1,2,3,0,4,0,0,6,16,1,0,0,1,0,6,15,0,12,2,3,0,9,5,12,42,11,37,0,1,4,0,1,10,0,0,0,0,0,1,2,24,3,0,0,3,0,3,8,2,0,0,30,14,25,12,38,2,5,0,2,34,24,0,11,11,0,14,18,24,1,0,23,69,0,20,1,0,0,2,0,1,0,2,1,0,0,0,0,3,5,1,0,46,11,0,16,0,0,0,0,5,6,1,6,1,0,2,1,0,5,1,4,1,4,8,0,0,0,0,5,0,2,3,14,39,5,13,10,3,86,96,2,1,0,24,6,0,1,0,0,8,0,6,1,0,0,4,7,14,6,2,25,0,0,1,3,5,9,3,6,1,0,2,64,5,0,3,0,14,7,1,4,10,0,0,0,58,0,0,2,0,0,12,3,0,5,0,0,0,2,2,0,0,21,3,3,0,2,2,0,0,4,2,2,1,2,0,1,1,2,0,0,82,89,2,2,0,0,7,2,7,1,1,16,0,0,1,1,35,5,3,0,6,15,5,3,0,1,1,2,6,1,1,3,0,3,2,1,89,6,2,13,2,11,18,0,2,5,7,0,1,4,0,5,2,0,2,0,1,0,1,21,1,2,27,1,24,5,22,1,0,1,9,23,0,0,3,1,9,1,0,0,0,25,1,0,6,2,31,1,16,1,0,0,0,1,29,4,0,0,0,3,25,0,0,6,4,5,1,0,2,1,0,11,2,2,6,24,6,2,0,4,0,6,0,33,1,1,16,0,42,29,20,9,6,20,2,2,0,0,2,1,12,24,0,0,0,0,1,0,0,14,2,0,12,1,2,0,62,0,1,0,2,0,1,0,6,9,1,0,2,7,0,2,0,1,0,11,0,1,0,4,0,2,2,1,1,2,0,21,1,1,1,9,2,1,3,4,0,2,6,3,5,7,15,3,5,10,0,0,0,5,0,0,2,1,1,1,0,0,0,3,0,0,1,4,3,0,56,0,1,0,0,3,0,5,0,0,2,0,13,0,1,14,1,1,0,5,6,1,0,0,74,69,1,31,0,4,0,0,1,10,2,0,0,10,91,0,7,2,38,0,2,0,4,4,4,34,0,0,0,1,58,4,2,16,1,2,0,9,0,2,6,0,1,1,3,1,11,0,1,3,0,0,0,2,1,2,2,2,0,5,0,14,26,2,7,1,0,1,5,0,0,84,1,0,1,9,25,22,1,0,0,0,0,0,6,13,0,0,0,0,2,0,0,1,0,5,8,6,0,2,2,2,1,21,13,3,2,0,2,18,5,0,3,23,11,1,6,6,0,0,11,5,3,2,14,0,15,0,7,0,2,6,7,0,8,4,5,3,0,0,0,1,37,13,0,7,0,0,3,1,0,0,0,0,20,2,1,8,6,3,2,15,0,3,1,1,0,1,2,0,16,3,8,1,0,1,0,5,0,3,6,4,0,37,11,44,7,3,4,21,2,2,2,70,0,1,1,6,1,0,0,2,4,1,0,1,4,13,4,2,1,2,28,0,0,2,1,1,0,1,2,1,0,46,3,0,2,56,1,0,14,0,0,1,0,15,1,9,1,0,8,1,17,0,1,0,1,0,2,93,0,1,4,7,7,3,1,0,26,6,0,6,1,7,39,9,0,8,9,0,0,0,2,"Green (96), White (93), Rural (91), Large (89), Lush (89), Grazing (86), Black (85), Sky (84), Landscape (82), Rolling (74), Trees (70), Fields (69), Roof (69), Barn (66), Hills (64), Picturesque (62), Idyllic (58), Serene (58), Clouds (56), Red (56)"
reality_country,New Zealand,dairy,Please create an image that accurately represents the reality of what most dairy farms look like in New Zealand.,dall-e-3,2,0,0,5,14,0,9,11,3,73,10,3,10,1,0,1,0,4,17,4,0,0,0,0,0,0,2,1,5,0,0,6,5,2,1,8,0,5,0,0,0,0,13,0,2,0,0,1,0,0,0,1,0,1,15,0,1,9,53,32,1,0,2,1,0,0,1,0,14,0,0,0,18,0,0,0,2,0,13,73,0,2,1,0,71,0,0,7,10,2,12,0,1,3,0,0,0,7,1,42,1,1,2,23,18,0,9,47,3,5,1,0,6,0,1,3,2,22,3,28,0,1,8,2,0,8,3,0,0,3,0,0,1,0,1,5,3,4,3,3,0,0,0,0,1,3,0,2,2,1,0,0,56,1,0,1,0,0,0,65,12,5,17,0,3,2,6,1,1,7,1,0,0,0,0,0,2,5,0,13,0,0,0,1,3,0,3,4,0,2,2,1,0,0,4,0,0,2,3,4,0,26,0,2,4,14,2,30,1,0,0,1,0,25,0,2,0,0,0,0,0,0,0,0,0,2,3,0,4,0,20,0,0,5,0,2,19,1,0,0,9,0,0,25,0,1,1,41,8,1,0,0,4,2,2,0,2,0,0,2,46,1,3,2,1,8,1,3,0,0,2,0,0,0,4,0,0,0,0,2,0,0,0,0,1,0,4,0,0,2,15,0,0,1,1,0,1,7,1,23,2,0,0,4,3,9,21,7,30,0,0,2,0,0,20,0,0,0,0,0,3,7,7,1,3,0,0,0,8,2,0,0,0,25,6,11,3,17,1,1,0,2,41,20,0,7,2,3,17,30,33,2,2,17,34,1,13,0,0,0,1,0,0,1,1,0,0,0,0,0,0,1,0,5,46,14,0,16,0,1,0,0,0,1,0,5,1,0,0,0,0,0,0,0,3,3,20,0,0,0,0,5,0,4,0,6,51,4,8,3,11,85,97,5,0,0,39,4,1,0,0,1,0,3,2,0,0,0,6,9,15,2,0,9,0,0,2,3,2,23,0,7,2,0,1,92,8,4,4,0,10,3,0,1,3,0,1,0,75,0,1,1,0,1,2,1,0,3,0,1,0,2,0,0,0,10,0,2,0,1,1,1,2,1,1,1,1,0,3,0,1,9,0,2,95,64,0,4,1,1,15,3,0,2,1,6,0,0,0,0,39,10,2,0,1,14,6,3,1,0,0,2,6,1,2,4,0,1,0,2,95,4,2,4,2,1,16,0,0,20,5,0,1,0,1,0,1,0,0,8,0,0,0,35,4,0,42,6,16,1,15,0,4,0,19,12,0,0,5,1,41,1,1,0,0,3,1,3,16,8,39,0,5,11,0,0,0,2,28,6,0,0,2,0,14,0,0,1,4,13,0,0,1,0,0,8,1,0,1,13,5,1,0,6,1,0,0,22,2,2,12,2,48,37,28,7,8,15,1,3,0,0,4,1,17,28,0,11,0,0,0,0,0,11,1,0,13,0,0,0,82,1,0,0,0,1,0,0,1,2,1,1,2,5,0,1,0,0,0,2,0,0,0,13,0,0,5,0,1,2,0,19,0,1,0,0,6,0,0,1,0,1,4,0,3,1,14,1,3,10,1,4,0,6,0,0,1,0,0,0,0,0,0,9,0,1,0,0,0,2,33,0,19,0,2,0,0,1,0,2,3,0,5,1,0,10,11,4,3,20,10,1,1,1,93,45,3,27,0,1,2,0,1,2,3,0,0,13,96,0,8,1,50,1,4,0,2,2,8,49,3,0,1,1,83,2,0,24,1,2,3,8,0,3,6,5,0,0,1,1,12,0,8,3,1,1,2,0,0,2,0,0,0,1,0,4,30,4,1,1,0,1,9,0,0,93,0,0,1,3,28,13,0,3,0,0,0,0,26,10,0,0,0,1,0,0,0,0,1,3,4,1,0,1,0,0,3,18,17,1,1,0,1,0,0,2,0,16,5,0,1,22,0,0,17,2,8,0,4,0,17,5,2,2,3,3,16,2,14,3,2,2,0,0,0,0,54,6,2,0,0,1,0,0,0,0,0,1,20,0,5,6,1,0,0,17,0,2,0,2,0,1,4,0,0,0,0,1,0,1,1,0,1,1,4,0,0,24,4,4,3,1,18,35,1,1,0,64,3,3,0,10,2,0,0,0,1,0,5,0,0,8,2,6,0,5,16,0,0,1,1,0,3,1,5,0,3,51,1,0,2,54,2,0,7,0,0,0,0,4,0,13,1,0,16,0,20,0,2,0,0,1,0,78,0,3,2,2,21,1,0,0,1,16,4,6,0,4,44,2,0,4,8,0,0,0,0,"Green (97), Rural (96), Landscape (95), Lush (95), Rolling (93), Sky (93), Hills (92), Grazing (85), Serene (83), Picturesque (82), White (78), Idyllic (75), Adding (73), Black (73), Blue (71), Clouds (65), Large (64), Trees (64), Clear (56), Surrounded (54)"
reality_country,the United States,pig,Please create an image that accurately represents the reality of what most pig farms look like in the United States.,dall-e-3,1,0,4,0,9,10,12,18,1,23,17,3,19,0,2,1,4,6,27,3,3,1,3,0,3,8,1,1,0,0,2,21,21,3,2,12,2,0,0,0,1,2,24,0,19,1,1,3,1,10,4,14,2,1,5,0,0,4,64,26,0,0,5,0,1,0,0,0,4,0,0,2,1,0,0,1,2,1,12,3,0,2,0,0,28,0,1,0,13,1,2,0,0,0,0,0,0,0,0,13,1,0,2,8,14,8,6,31,0,36,20,0,6,0,0,1,3,0,3,18,10,0,9,2,1,6,1,0,0,0,1,1,8,1,11,3,0,0,0,0,1,0,1,0,1,3,0,4,2,3,11,0,37,0,0,1,0,2,1,41,16,0,0,0,0,0,9,1,3,3,0,2,0,0,0,1,0,2,4,3,0,1,1,2,3,0,4,6,2,0,5,17,3,1,0,0,0,0,2,3,0,21,7,1,7,0,2,5,0,0,1,1,2,14,0,26,1,0,1,4,0,0,0,1,2,0,10,4,4,0,17,0,1,0,2,8,3,2,2,1,28,1,1,13,0,1,0,40,6,2,0,4,11,0,0,4,5,20,0,0,1,1,2,0,0,24,2,0,0,0,0,0,1,0,5,0,0,6,3,0,14,0,0,10,6,3,1,0,2,12,10,0,0,0,34,0,0,18,1,0,3,5,4,6,3,10,18,19,17,0,0,0,4,0,28,0,0,0,0,0,0,6,10,1,1,0,0,0,8,7,2,0,2,26,32,1,1,32,0,2,1,0,13,5,5,51,57,5,3,48,18,7,0,10,56,2,43,0,0,0,1,0,1,7,2,2,3,0,1,0,0,0,0,0,26,15,0,21,5,0,2,1,0,0,0,1,0,13,1,0,0,2,1,0,6,0,0,6,0,0,0,4,0,5,0,24,3,3,8,0,0,8,14,1,0,5,23,7,2,2,5,0,0,0,2,2,0,0,1,2,14,29,1,6,0,0,0,14,0,1,8,4,3,4,0,7,12,0,0,0,15,0,6,0,17,1,2,2,2,0,0,0,0,5,18,2,1,11,0,8,1,15,15,8,0,31,1,10,1,3,0,1,0,2,3,2,1,0,1,0,2,0,1,0,46,93,3,6,0,8,2,0,0,0,0,14,0,0,2,0,21,12,4,0,10,28,8,2,2,0,1,9,12,0,1,17,2,2,1,0,4,3,0,7,0,4,15,4,0,1,1,1,17,12,0,0,2,1,2,0,7,0,0,39,0,1,9,0,0,0,0,0,0,0,6,8,2,1,7,1,4,4,7,3,9,25,2,0,6,7,25,7,9,0,2,0,0,4,65,9,0,0,1,0,48,0,0,3,20,10,0,0,5,5,5,51,0,2,4,49,12,1,2,6,4,2,4,21,0,1,15,1,12,1,0,0,1,6,5,12,0,5,0,0,2,0,0,0,1,0,8,0,58,7,3,0,8,5,0,0,5,2,1,5,0,0,15,1,2,7,0,2,0,17,1,0,0,0,0,4,0,1,1,3,2,1,1,4,2,2,3,31,0,1,0,5,1,0,2,3,0,0,3,0,1,6,16,0,2,7,1,1,1,5,0,2,0,0,4,0,0,1,0,1,0,1,2,0,0,7,31,0,4,0,0,0,0,0,0,0,4,0,15,0,0,9,2,1,2,2,0,0,9,25,9,44,1,19,3,1,0,1,0,28,0,1,0,2,65,0,7,19,32,1,0,2,0,6,19,26,5,5,0,3,13,6,1,14,1,2,5,6,2,2,3,1,4,1,2,0,20,3,1,7,4,0,0,0,3,8,0,1,0,0,0,15,56,1,2,0,1,0,6,14,4,65,1,2,1,7,12,8,0,2,1,0,0,0,0,7,3,2,3,0,6,0,1,0,0,2,0,3,7,0,0,1,5,16,14,0,5,1,0,1,0,1,1,28,17,1,14,1,1,0,8,6,16,0,14,5,15,0,7,8,6,6,4,1,8,1,4,9,2,1,1,1,19,9,0,1,0,7,0,0,0,0,1,1,16,0,0,5,13,1,2,45,0,1,2,2,0,0,0,0,0,0,0,0,2,3,3,5,0,1,1,2,0,22,10,8,3,2,0,4,2,4,0,31,1,6,33,1,3,0,0,0,1,1,0,1,3,26,2,0,0,4,46,3,4,4,1,1,0,0,3,6,0,26,8,4,6,52,0,1,21,0,0,0,1,4,2,16,0,4,15,6,33,0,4,1,2,0,2,20,0,4,0,1,0,2,0,0,12,1,0,1,0,7,20,10,1,28,8,0,0,3,0,"Large (93), Numerous (65), Rural (65), Sky (65), Barn (64), Pens (58), Feeding (57), Fields (56), Silos (56), Visible (52), Feed (51), Organized (51), Overalls (49), Fenced (48), Open (48), Landscape (46), Various (46), Tending (45), Roof (44), Filled (43)"
reality_country,Spain,pig,Please create an image that accurately represents the reality of what most pig farms look like in Spain.,dall-e-3,2,2,3,0,3,6,13,12,3,31,4,1,6,1,5,0,1,8,15,2,2,0,0,2,0,7,0,0,0,1,4,24,11,6,4,11,2,2,1,3,3,9,18,0,11,0,0,4,0,2,2,18,1,0,8,2,1,6,43,14,0,5,12,0,1,0,6,5,8,0,0,5,0,0,0,1,0,2,8,12,1,2,0,0,30,0,1,0,14,0,1,0,0,0,1,0,1,0,10,10,3,1,5,9,12,4,18,27,1,20,6,0,2,0,0,0,1,0,0,28,2,0,10,1,0,18,3,4,1,0,0,1,2,2,4,0,1,4,0,1,2,0,0,2,2,0,0,9,3,1,2,0,53,0,0,1,0,3,2,41,11,0,1,0,0,2,15,1,2,5,1,0,1,0,0,0,0,2,5,6,2,1,1,0,0,0,4,10,3,1,3,9,2,0,3,0,0,1,2,1,2,21,0,1,5,11,4,20,0,0,0,2,0,25,0,12,2,2,0,0,0,0,0,0,1,0,1,5,5,2,22,0,0,0,1,6,12,2,0,1,17,1,2,16,1,2,0,30,5,2,1,1,8,0,0,1,5,12,0,0,22,4,2,0,3,24,8,1,9,0,0,1,1,0,8,1,4,13,2,0,12,1,1,1,2,0,0,1,0,4,8,0,4,4,30,0,0,16,5,12,3,1,2,6,6,22,8,5,23,1,0,0,2,1,17,2,0,0,0,0,1,3,13,2,0,0,0,0,2,3,0,0,0,19,21,17,3,24,0,4,0,1,36,17,4,25,47,6,4,46,25,5,0,18,53,2,28,0,3,0,1,0,0,2,4,0,1,0,0,0,0,0,0,0,29,7,1,21,0,0,4,14,0,0,2,2,0,25,0,0,1,0,0,1,16,1,3,6,0,0,0,5,0,15,0,9,6,2,1,0,0,19,21,3,0,2,51,21,3,0,2,1,0,1,3,1,0,1,2,10,17,16,1,19,0,0,0,6,0,1,2,8,1,0,0,64,11,2,0,0,8,6,2,1,10,4,4,1,21,0,1,0,0,2,11,1,0,4,1,2,2,3,9,0,0,15,0,15,1,2,1,2,1,0,0,3,0,0,1,0,1,2,0,4,77,73,3,8,0,3,1,0,5,1,0,10,0,0,1,0,38,12,8,0,5,15,4,1,1,1,1,5,6,0,0,13,0,2,1,1,16,0,0,1,0,6,9,0,0,4,6,0,3,8,1,1,0,1,0,0,2,3,3,18,0,0,18,1,0,0,0,0,0,0,8,4,4,0,7,0,11,3,3,8,24,13,2,0,8,6,28,5,8,0,0,0,1,5,51,12,2,13,3,1,43,0,0,1,5,6,3,0,3,5,1,28,0,2,1,21,4,4,1,3,4,2,4,7,0,0,9,0,57,1,2,8,6,5,1,5,0,5,0,1,18,0,0,0,0,0,8,0,19,18,2,1,8,1,0,0,14,0,1,10,3,2,17,2,0,1,2,0,4,6,1,0,0,0,0,5,0,2,1,1,1,0,1,1,2,2,0,35,0,2,1,3,2,0,0,9,1,1,1,1,0,5,8,0,3,5,0,2,4,14,5,1,0,0,0,1,0,0,1,1,0,0,0,0,1,2,30,0,7,1,0,0,1,0,3,0,3,1,6,0,2,13,0,0,2,3,0,0,11,37,65,50,0,29,3,2,0,0,0,22,1,0,0,3,83,0,32,4,50,0,0,1,0,4,16,25,10,1,0,1,56,5,1,17,0,11,5,14,2,1,4,0,13,3,3,0,11,1,1,5,3,0,2,0,3,2,0,0,0,0,0,8,5,0,1,2,1,0,2,15,4,76,0,0,2,5,25,9,0,1,0,0,0,0,0,4,3,1,1,0,8,2,0,1,1,3,1,6,4,0,0,1,3,14,14,0,3,0,0,0,1,0,14,9,7,2,14,3,0,0,4,3,14,0,13,1,14,0,9,5,6,10,13,4,19,3,3,5,4,1,1,1,23,11,0,0,0,1,1,0,0,0,1,1,4,0,0,2,12,0,1,35,1,1,0,3,9,0,1,1,45,1,0,1,3,9,2,6,1,0,2,3,0,5,6,33,0,1,2,7,0,0,4,58,0,9,26,0,0,0,0,0,0,1,0,3,1,11,4,0,0,0,44,8,6,7,0,2,3,0,0,2,0,14,4,3,4,45,0,6,15,2,0,3,4,14,2,31,0,0,25,2,24,0,3,3,2,0,0,37,7,5,0,0,0,1,0,1,19,1,1,8,3,6,42,8,0,11,7,0,3,1,1,"Rural (83), Landscape (77), Sky (76), Large (73), Rolling (65), Hills (64), Trees (58), Pastoral (57), Serene (56), Clear (53), Fields (53), Ground (51), Numerous (51), Roof (50), Scattered (50), Feeding (47), Fenced (46), Tiled (45), Visible (45), Various (44)"
reality_country,Australia,pig,Please create an image that accurately represents the reality of what most pig farms look like in Australia.,dall-e-3,0,0,2,0,4,8,13,21,3,39,11,0,8,0,5,1,1,4,16,1,3,0,0,2,0,3,0,1,1,3,2,25,8,1,9,10,0,0,0,1,0,1,21,8,11,0,0,1,1,4,3,11,0,0,3,0,1,4,40,30,0,2,2,1,0,0,1,0,5,0,0,0,1,0,0,0,0,1,11,13,0,1,0,0,44,2,2,3,5,1,4,0,0,3,0,0,2,1,4,25,6,0,10,22,5,5,2,26,1,27,9,0,7,0,6,0,0,0,1,31,5,0,5,1,2,23,1,2,0,1,0,0,6,0,0,0,2,1,0,3,3,0,0,0,2,1,0,8,2,2,6,0,44,0,0,4,0,1,1,56,11,0,2,0,0,0,20,0,4,16,1,1,0,0,0,0,0,0,0,6,0,1,0,0,0,0,1,6,0,2,5,17,2,0,4,0,0,1,2,0,1,13,0,1,31,6,1,7,0,0,0,2,1,33,1,3,0,0,0,0,0,0,0,2,8,0,3,1,1,3,26,0,1,11,1,6,13,0,0,0,14,2,1,20,0,2,0,25,7,3,3,0,11,0,0,1,0,6,0,1,17,2,2,0,1,19,7,0,12,1,0,1,1,0,4,3,2,11,2,0,11,0,0,0,2,0,4,0,1,5,16,1,1,4,37,0,1,16,3,6,7,1,0,6,4,17,5,4,27,0,0,0,0,4,29,5,0,0,0,0,0,8,6,1,2,0,0,0,4,0,0,0,0,20,24,8,0,17,0,1,2,1,34,10,1,16,42,5,15,62,22,10,0,13,37,2,33,1,0,0,1,0,4,4,3,0,0,0,0,1,0,0,0,0,37,12,0,20,0,15,6,7,3,1,5,1,0,25,0,0,0,1,0,0,6,2,3,7,0,0,0,5,0,18,1,4,4,3,5,0,0,23,27,1,0,4,47,15,10,0,0,0,0,0,0,1,0,0,2,4,22,21,6,5,0,0,1,8,0,1,2,4,1,0,0,32,5,1,0,0,15,8,0,0,8,1,1,1,10,1,1,2,0,4,7,2,0,9,0,1,0,2,6,0,0,13,0,16,0,2,2,0,0,0,0,3,0,0,4,0,1,1,0,4,78,89,8,4,0,5,2,1,4,0,3,14,0,0,1,0,34,9,3,0,14,16,10,1,1,2,0,7,4,0,1,13,0,3,4,0,15,4,0,2,0,3,9,4,0,1,3,1,5,5,3,0,0,0,2,0,2,0,0,61,3,0,21,6,0,0,0,0,0,0,12,4,0,1,4,0,3,4,2,7,18,14,4,1,12,2,28,5,4,1,0,0,0,5,54,11,2,0,3,0,37,0,0,0,9,5,3,1,1,4,2,30,1,3,3,31,3,5,0,5,10,1,0,6,0,2,10,0,42,4,2,5,2,8,2,3,0,4,0,0,21,0,0,0,0,0,8,0,22,4,3,0,9,1,0,0,6,0,1,12,0,0,28,0,0,1,0,0,1,5,0,0,0,0,0,5,1,1,0,4,0,2,4,0,1,1,0,28,0,2,3,1,0,1,0,6,1,0,1,1,0,3,11,0,3,6,1,2,2,22,2,5,0,0,1,0,0,0,3,1,3,0,1,1,0,1,13,8,2,0,0,0,1,0,0,1,7,2,4,1,4,6,0,1,2,2,1,0,10,37,29,31,11,22,2,2,3,1,1,16,2,0,1,0,78,2,11,5,55,3,0,0,0,3,13,21,5,2,0,2,39,2,4,22,1,14,7,14,1,7,7,0,20,4,5,0,14,0,1,5,2,0,0,0,3,7,0,0,4,0,0,4,14,1,1,0,0,0,1,18,2,84,0,0,0,2,11,11,0,0,0,0,0,1,0,11,5,5,3,0,4,6,4,1,1,2,1,0,0,0,0,0,3,12,17,0,1,0,0,0,0,2,0,15,3,0,15,0,0,0,5,15,7,3,9,1,23,0,8,9,2,17,6,3,21,3,4,1,1,0,0,4,32,7,2,0,0,1,1,0,0,0,2,0,18,2,0,0,8,0,0,45,0,4,2,0,0,0,0,0,1,0,0,2,4,4,4,2,0,0,6,2,0,6,1,5,0,0,6,4,0,0,4,88,0,7,30,1,1,1,2,0,1,1,0,1,1,12,3,0,0,0,28,16,16,13,2,0,5,0,1,1,0,31,0,4,5,46,1,5,12,2,0,0,13,3,1,28,3,0,33,3,29,1,5,0,2,2,4,16,0,10,0,1,2,8,1,0,2,0,0,2,0,2,35,5,1,12,4,1,0,0,0,"Large (89), Trees (88), Sky (84), Landscape (78), Rural (78), Fenced (62), Metal (61), Clouds (56), Scattered (55), Numerous (54), Ground (47), Visible (46), Tending (45), Blue (44), Clear (44), Feeding (42), Pastoral (42), Barn (40), Adding (39), Serene (39)"
reality_country_no_revise,the United States,dairy,"Please create an image that accurately represents the reality of what most dairy farms look like in the United States.I NEED to test how the tool works with extremely simple prompts. DO NOT add any detail, just use it AS-IS:",dall-e-3,0,1,1,1,10,0,11,20,1,54,18,2,13,7,0,2,1,4,9,5,0,1,9,1,6,7,3,1,0,2,1,8,7,3,2,8,1,3,4,0,4,1,8,0,11,3,0,5,6,2,2,6,2,0,11,3,0,8,80,26,2,0,6,1,1,1,6,1,3,2,4,10,4,0,0,5,0,0,15,76,0,6,1,1,31,0,0,1,5,0,5,3,1,1,4,3,0,6,0,16,1,0,0,4,6,6,9,35,4,21,8,0,7,0,0,0,2,7,3,24,5,0,4,2,1,11,4,1,0,2,16,2,18,0,13,1,0,2,0,2,0,1,2,1,4,4,0,6,6,12,2,2,26,1,1,1,1,0,0,43,5,0,0,1,2,1,8,3,5,9,0,6,1,0,0,1,1,3,1,8,0,1,1,3,0,1,0,3,0,2,5,0,1,2,0,0,0,4,0,2,0,16,7,0,0,4,2,12,4,9,2,0,2,28,1,23,0,1,10,3,0,0,0,0,1,1,5,4,5,0,13,2,0,2,1,9,8,6,4,1,7,0,0,14,0,7,2,11,9,2,1,1,7,0,0,1,3,10,2,2,8,4,2,1,0,10,5,3,0,1,2,2,0,0,4,0,0,0,0,3,9,1,0,7,4,0,5,5,1,5,9,0,2,0,4,2,4,13,2,20,1,1,0,8,10,17,17,4,24,0,0,4,0,0,5,0,3,0,0,0,0,3,5,2,1,0,3,0,4,3,0,0,0,9,9,11,1,27,0,3,1,3,36,22,2,17,29,8,13,37,17,2,2,6,39,10,26,0,0,0,14,3,1,0,0,7,8,0,0,0,4,3,0,2,29,16,1,13,2,1,4,0,0,0,1,3,0,1,4,0,0,3,1,1,4,1,4,6,3,0,1,9,0,10,0,22,20,4,17,1,0,60,63,2,0,0,13,2,0,2,0,1,0,2,7,1,1,8,2,1,3,4,2,26,3,4,0,4,0,3,17,6,2,0,0,40,7,0,5,0,4,4,1,2,2,2,1,1,35,1,4,4,2,0,22,1,0,13,0,8,0,12,7,2,0,13,1,3,0,17,0,0,9,0,1,2,2,3,0,1,5,1,1,0,49,92,2,4,3,4,5,3,0,0,0,27,0,1,3,2,23,24,4,8,7,18,7,18,5,0,12,8,4,1,3,13,1,2,4,3,40,3,0,6,1,6,15,0,1,4,4,1,3,2,3,1,0,0,4,0,0,0,1,21,0,9,9,2,18,4,9,16,3,2,2,18,0,1,6,2,15,2,1,0,0,27,0,1,13,2,26,8,18,0,2,0,1,0,14,2,1,1,0,1,13,0,0,2,8,7,0,0,1,10,1,23,3,0,4,4,11,1,2,9,3,0,3,21,2,4,4,0,16,13,18,5,0,11,2,3,8,0,0,0,15,4,0,2,0,1,2,0,2,18,1,0,9,1,0,2,21,1,0,1,0,5,0,0,4,5,1,0,11,1,2,3,0,1,0,4,0,0,1,5,1,2,7,1,0,15,0,19,2,1,1,5,1,2,3,11,3,5,10,1,10,8,9,5,6,19,1,0,1,6,2,0,2,0,2,1,1,1,1,2,1,2,2,3,1,1,50,0,7,0,2,4,1,3,2,0,2,0,3,0,0,19,5,2,6,7,9,4,0,1,43,52,0,13,0,2,0,1,15,27,1,0,2,8,57,0,13,4,23,2,0,1,2,4,6,25,1,1,1,0,36,3,0,14,3,1,2,7,0,4,5,0,1,0,1,2,6,0,1,4,2,1,0,1,2,3,3,7,2,5,0,23,43,6,3,1,1,3,2,0,0,61,4,0,2,2,29,19,0,11,1,0,0,0,10,7,0,0,6,0,13,0,0,0,1,4,0,2,1,4,4,12,3,17,15,3,1,3,4,1,2,0,2,28,8,5,5,7,0,5,3,1,3,2,13,0,20,2,7,8,5,8,15,1,9,5,8,1,3,1,1,3,31,13,1,1,1,0,5,2,0,0,0,2,34,0,0,6,9,3,2,18,0,2,1,0,0,6,1,0,0,0,0,0,1,0,1,0,0,1,10,8,0,18,6,22,4,0,7,4,2,1,1,41,5,5,16,11,2,0,0,2,3,2,0,3,3,11,3,2,1,4,30,1,1,0,1,2,0,0,8,2,0,32,1,3,5,48,1,0,11,0,2,2,0,11,0,27,3,1,14,0,9,1,2,1,8,0,4,81,0,1,1,5,1,12,0,3,42,4,0,2,1,5,42,6,5,9,6,0,0,2,1,"Large (92), White (81), Barn (80), Black (76), Green (63), Sky (61), Grazing (60), Rural (57), Adding (54), Roof (52), Red (50), Landscape (49), Visible (48), Clouds (43), Rolling (43), Silos (43), Windows (42), Wooden (42), Trees (41), Hills (40)"
reality_country_no_revise,Germany,dairy,"Please create an image that accurately represents the reality of what most dairy farms look like in Germany.I NEED to test how the tool works with extremely simple prompts. DO NOT add any detail, just use it AS-IS:",dall-e-3,0,4,3,0,3,0,17,11,3,59,20,5,19,21,0,2,3,4,13,0,1,0,3,0,3,7,2,2,2,0,1,16,5,7,1,6,0,3,0,2,5,7,18,0,17,3,1,0,0,1,7,5,1,0,10,5,0,16,50,25,0,2,10,0,0,1,3,3,6,0,1,6,4,1,0,0,0,1,11,79,4,4,0,4,24,1,0,1,0,1,9,1,3,1,3,25,0,2,1,11,0,0,0,19,5,8,15,58,5,12,1,1,2,1,0,3,3,7,1,29,2,0,6,3,1,11,1,0,2,2,6,0,10,0,17,0,1,12,13,0,1,1,0,1,1,0,3,3,8,10,1,0,23,0,4,2,0,0,0,30,6,0,4,2,1,2,10,2,3,6,1,0,0,0,4,2,2,0,1,4,1,0,5,2,6,1,0,8,0,5,3,2,0,1,4,1,1,2,0,2,0,9,1,0,1,24,1,9,2,10,2,0,3,39,0,20,0,2,0,1,0,1,0,0,2,1,6,2,12,0,8,2,0,9,0,5,13,9,2,7,13,1,0,13,0,0,0,18,4,2,2,0,6,1,0,0,6,7,2,0,23,2,2,0,0,5,2,1,0,0,0,0,0,1,4,1,0,0,2,2,3,1,1,3,4,0,2,2,0,2,14,0,2,0,2,3,3,12,3,21,0,1,0,8,10,14,15,6,29,0,0,1,0,0,6,0,1,0,0,0,2,3,7,3,0,0,6,0,7,0,0,0,5,2,5,29,16,21,2,7,2,2,38,27,0,9,22,2,15,46,18,0,0,7,54,12,25,0,1,0,1,0,1,0,2,1,6,0,0,0,26,8,0,1,25,10,2,8,1,1,1,0,4,4,0,4,5,0,2,1,0,6,1,1,3,2,4,9,2,0,0,8,0,17,1,12,16,2,17,1,4,70,73,7,1,1,19,3,0,1,0,1,4,0,0,1,0,5,0,3,1,1,0,36,3,0,0,0,2,6,6,4,0,1,1,48,4,2,3,0,9,17,1,11,4,0,2,2,49,1,1,5,0,0,6,0,3,13,0,2,0,0,1,0,0,14,0,4,0,11,0,6,5,0,4,0,1,5,0,0,2,2,3,2,70,67,3,4,1,1,6,1,2,1,1,14,0,0,3,1,23,16,7,1,10,12,13,15,0,1,6,6,4,0,0,3,1,3,0,1,58,4,0,8,4,10,18,0,0,11,2,2,2,2,0,2,2,0,0,2,2,0,0,20,1,8,13,1,19,1,14,26,4,1,10,13,0,1,4,0,15,1,2,0,0,21,4,1,13,2,29,1,24,3,1,1,0,0,17,1,2,0,0,1,13,0,0,1,8,3,2,0,0,3,0,18,2,1,3,3,4,0,0,10,3,3,0,14,2,3,5,2,24,7,18,5,4,9,4,7,0,3,3,0,13,6,0,2,0,0,1,0,0,13,0,0,9,0,1,0,56,1,0,0,0,1,3,0,1,7,0,0,9,3,1,4,4,2,0,1,0,0,2,4,1,4,0,0,0,15,1,14,2,1,1,3,0,0,1,7,2,4,4,2,4,5,3,2,8,13,0,1,2,7,0,0,0,0,0,4,1,2,0,4,0,3,3,5,0,0,51,1,5,0,0,3,0,1,4,1,4,0,3,0,0,19,3,4,2,3,6,7,0,1,53,62,0,29,0,1,1,0,7,14,0,0,1,6,79,1,19,3,32,1,2,0,3,1,6,16,1,2,2,2,53,1,2,12,2,3,3,4,0,2,9,0,1,0,0,0,4,0,1,0,0,2,2,11,0,1,2,6,0,4,0,25,14,3,13,4,0,0,3,0,0,45,3,0,0,7,41,12,2,2,0,0,0,0,7,8,1,0,2,0,9,0,0,0,0,1,3,4,0,2,0,8,1,22,16,5,3,1,2,16,5,1,3,19,5,2,8,4,3,2,3,1,2,0,17,1,17,5,6,6,7,8,11,1,5,6,10,3,1,0,5,0,30,16,0,2,0,0,6,2,0,2,0,1,26,0,3,4,0,1,3,14,0,2,4,3,1,2,1,1,29,9,4,0,0,0,1,4,0,1,12,16,1,10,5,49,1,4,7,7,2,0,1,68,2,6,9,4,0,0,0,2,3,2,0,3,2,9,0,1,3,8,41,0,0,0,2,0,1,0,4,0,0,26,8,1,2,39,1,0,8,0,0,1,0,20,3,24,0,0,8,1,6,0,1,0,5,1,2,84,0,0,2,10,3,14,3,6,48,3,0,6,0,10,58,2,0,1,9,0,6,2,0,"White (84), Black (79), Rural (79), Green (73), Grazing (70), Landscape (70), Trees (68), Large (67), Roof (62), Adding (59), Buildings (58), Lush (58), Wooden (58), Picturesque (56), Fields (54), Rolling (53), Serene (53), Red (51), Barn (50), Idyllic (49)"
reality_country_no_revise,New Zealand,dairy,"Please create an image that accurately represents the reality of what most dairy farms look like in New Zealand.I NEED to test how the tool works with extremely simple prompts. DO NOT add any detail, just use it AS-IS:",dall-e-3,0,1,0,0,2,0,2,12,4,75,10,2,7,3,0,0,2,16,8,4,0,1,1,0,2,2,2,3,2,0,0,7,2,5,2,4,0,0,0,0,0,0,10,0,9,1,0,0,3,0,2,0,0,0,22,0,0,5,64,30,0,1,2,0,1,2,1,0,14,2,1,1,23,0,0,2,0,0,21,77,0,4,1,1,30,2,1,5,0,0,5,0,0,0,0,0,3,3,0,13,0,0,0,10,3,2,8,60,7,5,2,0,7,1,1,2,0,36,2,35,0,0,2,1,0,19,5,0,1,0,3,1,5,0,5,1,1,7,6,0,0,0,1,0,1,0,3,6,6,7,1,0,30,0,0,0,0,0,0,36,15,1,11,0,1,1,13,1,2,7,1,0,0,0,1,0,2,1,3,16,0,0,1,0,3,0,4,5,1,0,1,0,0,0,1,0,4,6,2,4,0,17,1,0,5,17,4,20,1,9,0,6,1,28,0,6,0,0,1,2,0,0,0,0,1,2,4,0,11,0,10,1,0,3,0,9,28,7,1,1,6,1,1,21,0,1,1,25,5,2,2,0,3,0,3,3,4,4,0,2,36,0,7,4,0,0,1,1,0,2,7,0,0,0,16,0,1,1,0,1,1,2,1,0,2,0,6,1,0,6,10,0,0,2,2,2,1,3,1,22,2,0,0,15,4,14,9,4,34,1,1,1,0,0,5,0,0,0,0,0,1,3,3,1,1,0,0,0,5,1,0,0,1,3,1,17,2,7,0,2,3,1,28,35,0,8,6,4,15,51,25,1,1,6,32,1,11,0,0,0,2,1,2,0,2,1,3,0,0,0,3,4,1,1,14,18,0,10,0,4,0,0,0,1,4,1,1,0,2,0,0,7,0,0,4,8,17,9,0,1,0,15,1,19,0,8,37,6,13,6,8,79,87,10,5,0,32,3,0,1,0,0,0,0,1,0,0,2,4,3,0,0,0,8,0,0,0,0,2,13,4,7,0,0,3,81,1,0,2,0,5,6,0,1,2,0,3,1,68,0,8,2,0,0,16,0,0,8,0,0,0,2,0,0,0,11,0,1,0,3,2,2,2,0,1,0,0,1,0,0,0,7,0,2,90,57,0,16,2,3,18,4,5,0,1,10,0,1,1,0,33,28,11,1,2,7,8,2,4,1,2,3,3,0,1,6,3,3,2,0,78,7,0,1,0,4,17,0,0,36,1,1,0,0,1,1,0,0,1,1,0,0,0,27,3,8,26,7,6,0,2,11,11,1,6,10,0,3,15,4,54,2,0,0,1,7,1,2,19,4,36,2,11,15,0,0,0,1,22,0,0,0,1,0,11,0,0,0,4,2,4,0,0,3,1,9,4,0,5,0,5,0,0,7,11,1,0,18,0,9,13,1,43,20,30,5,2,12,3,3,0,1,2,3,22,17,0,16,0,0,0,0,0,7,0,0,4,0,2,1,70,0,0,0,0,1,2,0,1,7,0,1,3,0,0,8,1,0,0,0,0,0,0,12,0,1,9,0,0,4,1,12,3,0,0,0,4,0,1,2,4,0,0,1,0,2,5,1,6,11,0,2,4,10,0,1,0,1,0,2,0,0,1,11,0,0,1,2,2,0,42,0,15,1,4,0,0,1,1,1,0,0,5,1,1,12,19,4,1,11,14,1,1,1,82,46,0,39,0,1,0,0,2,7,0,0,0,8,85,0,15,2,40,0,6,2,0,1,3,39,0,2,0,2,74,3,0,23,0,5,8,15,0,4,11,2,0,0,0,0,0,0,3,0,0,7,5,0,0,2,3,1,1,2,0,19,26,3,1,4,1,2,6,1,0,68,2,0,3,2,27,17,0,1,0,4,0,0,45,27,0,0,0,0,3,0,0,0,2,2,2,3,0,1,0,0,8,13,7,0,1,0,1,2,2,0,0,13,5,1,1,5,0,0,18,2,1,0,9,1,21,7,5,13,10,10,14,0,9,14,17,1,0,0,0,0,42,9,0,0,1,0,0,1,0,0,0,0,32,0,2,4,1,1,0,3,0,2,1,2,0,2,1,0,1,0,0,2,0,1,1,1,1,2,4,2,3,10,2,6,0,0,24,25,1,0,6,68,4,1,2,7,2,0,1,2,1,0,3,0,0,5,1,12,0,7,13,0,3,1,1,0,1,1,7,0,1,33,3,1,1,37,0,0,5,1,0,0,0,8,1,34,1,1,14,0,0,0,0,0,1,0,0,88,0,1,2,3,10,1,1,2,13,15,1,0,0,5,38,0,0,1,3,1,3,0,0,"Landscape (90), White (88), Green (87), Rural (85), Rolling (82), Hills (81), Grazing (79), Lush (78), Black (77), Adding (75), Serene (74), Picturesque (70), Idyllic (68), Sky (68), Trees (68), Barn (64), Buildings (60), Large (57), Mountains (54), Fenced (51)"
reality_country_no_revise,the United States,pig,"Please create an image that accurately represents the reality of what most pig farms look like in the United States.I NEED to test how the tool works with extremely simple prompts. DO NOT add any detail, just use it AS-IS:",dall-e-3,0,1,4,0,6,3,19,21,3,36,8,4,16,2,0,0,1,2,19,11,2,1,7,1,4,6,4,0,0,2,5,15,18,12,3,12,2,1,1,0,1,2,33,0,11,1,1,5,3,5,5,9,5,2,5,0,0,2,64,29,0,0,7,0,3,4,1,0,1,0,0,6,0,1,1,0,0,0,4,1,0,4,3,0,12,2,1,3,5,0,6,1,1,0,0,0,0,0,7,16,0,0,0,3,3,1,23,34,2,27,12,0,1,7,0,0,2,1,1,21,6,0,4,3,3,13,1,1,1,0,13,0,18,1,17,0,0,2,0,1,0,0,0,1,2,4,0,10,4,16,2,3,12,1,1,3,2,1,1,11,3,1,0,1,0,0,11,1,1,4,0,8,1,1,0,1,1,6,3,7,3,6,1,5,3,1,4,1,2,1,2,10,4,2,1,0,0,6,0,2,0,5,2,1,4,1,5,13,1,4,1,1,5,30,2,22,0,0,2,1,0,5,2,2,3,0,4,0,4,2,2,1,1,0,0,15,8,7,6,4,21,0,4,13,0,8,0,20,2,4,0,1,10,0,1,1,4,8,1,0,1,0,4,0,0,13,3,1,1,0,0,3,0,0,4,7,0,2,4,0,5,0,3,8,5,2,11,7,2,13,9,1,0,1,33,5,5,10,5,6,1,1,3,10,4,24,18,7,20,1,2,0,2,0,5,3,0,1,2,0,1,7,7,1,1,2,0,2,9,10,2,2,5,6,6,2,1,36,0,2,3,5,27,11,3,33,41,1,5,54,22,4,0,3,33,13,28,0,2,1,7,12,0,1,1,2,9,3,2,1,0,1,0,0,3,10,0,21,1,0,1,0,0,0,1,0,0,12,0,0,2,4,1,0,5,1,1,10,0,0,0,13,1,9,0,14,7,2,24,0,0,4,23,8,2,1,14,6,3,2,3,1,0,2,2,0,1,3,3,1,8,8,3,5,2,0,0,14,0,0,10,11,1,4,0,9,2,0,0,0,5,0,10,2,14,3,2,8,1,1,5,6,1,0,15,0,2,22,0,10,2,29,5,2,0,27,1,3,0,9,0,0,2,1,9,2,1,2,0,1,0,0,0,2,26,87,4,3,2,14,0,1,0,2,0,11,0,0,0,2,13,24,18,7,20,26,2,3,5,2,12,9,14,1,1,12,2,8,3,1,5,4,1,7,2,7,9,0,0,0,2,0,9,5,1,0,0,2,2,0,3,0,1,29,2,3,3,0,1,0,1,23,2,2,4,25,0,1,4,0,2,5,7,4,3,35,1,5,14,4,18,3,12,0,5,0,1,2,59,3,1,0,1,1,23,0,1,2,21,10,5,0,3,7,1,35,1,2,5,12,14,0,1,7,5,1,3,12,0,0,2,0,7,0,1,2,0,2,3,14,11,3,0,0,3,0,0,0,0,0,8,0,45,12,0,1,10,4,0,1,5,2,2,4,0,0,32,4,11,3,0,1,7,5,0,1,4,1,0,0,5,0,0,6,2,3,1,1,4,4,2,34,0,0,2,3,3,0,2,15,0,0,9,3,2,2,3,1,4,21,0,0,2,4,0,0,0,0,4,0,1,2,0,0,0,0,2,5,0,4,42,0,0,0,0,1,0,4,6,1,6,0,1,1,0,9,0,3,4,4,5,1,4,25,10,37,3,31,0,2,0,1,1,38,0,1,5,6,31,0,10,17,27,0,1,2,2,1,20,16,5,3,0,5,13,8,2,10,2,1,5,5,0,2,8,0,2,2,0,0,6,0,1,4,1,0,1,0,1,7,0,0,0,1,0,9,43,2,5,1,4,3,3,5,5,26,2,9,1,3,26,22,3,14,5,0,4,2,1,4,1,2,5,1,13,0,0,0,1,2,1,1,3,0,0,2,0,16,13,1,2,3,0,1,0,0,0,22,17,1,11,2,8,1,1,1,4,3,16,3,33,0,5,13,9,7,5,0,1,9,11,4,2,1,3,9,31,7,1,2,1,6,2,0,0,0,2,3,19,0,1,6,4,3,1,20,0,1,4,2,0,6,0,0,1,0,0,0,3,0,2,3,0,1,5,6,3,10,5,10,0,1,0,3,3,2,0,24,2,2,18,5,7,0,0,0,5,3,0,4,3,17,2,0,0,3,42,2,2,1,0,2,5,1,12,4,0,16,6,3,0,56,0,2,11,0,1,0,1,8,4,28,2,7,22,5,13,0,0,3,2,0,6,19,0,1,0,5,1,9,0,1,27,1,0,1,1,2,19,4,3,19,5,0,0,3,2,"Large (87), Barn (64), Numerous (59), Visible (56), Fenced (54), Pens (45), Silos (43), Red (42), Various (42), Feeding (41), Rows (38), Roof (37), Adding (36), Farming (36), Multiple (35), Organized (35), Buildings (34), Possibly (34), Areas (33), Enclosures (33)"
reality_country_no_revise,Spain,pig,"Please create an image that accurately represents the reality of what most pig farms look like in Spain.I NEED to test how the tool works with extremely simple prompts. DO NOT add any detail, just use it AS-IS:",dall-e-3,0,1,3,0,10,2,15,12,1,43,12,2,8,1,2,2,1,10,27,3,4,0,9,1,10,10,0,4,1,0,3,17,24,4,5,15,0,0,1,5,6,10,28,0,17,1,1,1,1,2,3,5,1,0,9,2,0,1,42,23,0,1,10,0,1,0,0,1,2,0,1,10,2,2,2,1,0,0,4,1,0,4,1,0,6,1,3,1,1,0,5,0,0,1,0,1,0,0,6,9,0,0,0,3,2,3,20,41,1,20,15,0,8,10,1,0,1,3,4,24,5,0,5,2,0,33,3,0,2,0,13,6,8,0,23,1,3,6,1,0,1,2,0,0,2,3,6,7,0,8,2,2,12,0,1,2,3,0,3,15,6,2,1,0,0,0,11,1,2,1,1,2,1,1,4,0,0,9,4,6,3,5,1,0,2,1,7,7,0,0,0,16,1,1,3,0,0,6,4,3,3,13,1,0,0,3,2,25,1,5,1,0,7,32,1,8,2,4,0,0,0,5,2,2,3,0,6,2,3,0,3,0,0,0,5,7,16,3,4,3,12,1,5,8,3,1,0,12,12,2,1,0,8,0,2,0,2,3,0,0,5,1,9,0,0,9,0,0,0,0,0,1,0,2,11,16,1,4,1,0,8,1,2,8,5,0,4,5,1,8,7,0,0,3,29,6,3,13,3,4,0,0,1,9,2,23,9,5,24,2,1,0,1,0,19,0,0,2,1,0,0,7,9,0,3,2,0,2,11,11,6,0,5,4,9,5,0,22,1,3,2,2,28,9,8,24,24,7,6,37,14,4,0,6,30,13,35,0,3,0,0,0,0,2,0,2,24,1,0,0,1,0,0,0,4,3,1,14,1,0,2,2,0,1,0,1,0,19,0,1,2,1,0,2,12,1,2,7,0,0,0,21,0,19,0,6,2,2,7,0,0,8,15,3,1,3,13,10,3,1,0,0,0,0,1,1,0,8,3,2,2,5,1,3,0,0,0,13,0,1,25,18,2,0,0,22,0,0,0,0,8,2,9,2,11,0,1,6,8,4,7,3,2,1,12,0,3,17,1,5,3,22,6,2,0,14,0,8,3,17,2,2,6,2,6,0,0,2,0,0,0,0,2,4,45,71,4,10,2,8,1,0,1,0,0,7,2,2,1,3,17,34,16,5,10,23,0,4,0,0,15,4,8,3,1,24,0,8,4,3,10,6,0,5,0,2,12,1,0,2,1,0,6,5,2,0,0,4,0,0,0,1,1,26,1,3,1,1,0,0,0,13,4,2,9,10,1,5,11,0,21,0,3,4,8,16,3,5,25,4,13,5,6,3,2,0,0,2,58,2,1,1,1,0,25,4,0,1,16,10,7,1,2,12,2,29,0,1,7,6,9,0,6,2,8,2,2,2,0,5,6,0,18,0,0,0,0,0,1,8,0,6,0,0,11,0,2,1,0,0,3,1,42,10,1,8,3,8,0,0,15,1,1,4,0,1,38,4,5,0,0,1,4,1,1,2,1,2,0,0,0,1,1,2,1,0,0,3,1,4,1,24,0,2,1,5,1,0,3,9,1,0,8,0,4,1,4,0,7,9,0,0,0,13,0,1,0,0,0,0,0,10,1,1,2,0,2,2,2,5,26,0,6,0,0,2,2,3,5,0,4,0,1,0,2,9,3,2,5,2,2,2,7,24,22,25,1,40,3,2,0,0,2,35,0,1,1,2,46,0,17,9,33,0,2,1,0,2,10,22,0,8,0,2,26,4,1,19,1,3,10,17,0,0,1,0,6,1,0,0,1,2,0,2,0,1,2,1,3,3,1,0,0,0,1,8,22,1,3,2,1,0,2,5,12,35,7,3,5,5,18,7,1,10,5,1,6,1,3,12,2,0,8,1,19,0,0,0,0,2,0,0,1,0,0,1,2,19,5,0,1,1,0,1,0,0,2,22,9,2,24,7,9,8,1,0,3,1,17,2,22,1,8,6,8,13,24,1,3,10,12,1,7,0,2,2,29,12,1,1,1,3,0,0,1,0,2,1,15,0,0,3,4,4,1,15,4,2,2,3,1,0,2,0,30,0,0,0,2,6,0,2,0,1,2,4,2,2,5,18,0,2,3,3,3,1,0,28,0,5,16,4,3,0,0,2,4,0,0,2,5,17,1,1,0,0,31,3,3,3,1,1,0,1,6,6,0,12,6,3,2,37,0,0,9,1,1,1,0,23,2,51,0,3,7,2,6,0,0,3,2,0,3,20,1,0,0,6,0,2,0,0,25,1,0,0,1,5,28,2,0,5,6,0,1,4,1,"Large (71), Numerous (58), Warm (51), Rural (46), Landscape (45), Adding (43), Barn (42), Pens (42), Buildings (41), Roofs (40), Pink (38), Fenced (37), Visible (37), Filled (35), Rows (35), Sky (35), Light (34), Casting (33), Scattered (33), Creating (32)"
reality_country_no_revise,Australia,pig,"Please create an image that accurately represents the reality of what most pig farms look like in Australia.I NEED to test how the tool works with extremely simple prompts. DO NOT add any detail, just use it AS-IS:",dall-e-3,0,0,1,0,10,3,12,25,1,49,9,1,15,1,4,1,1,5,15,9,2,0,3,1,4,4,3,1,1,0,1,16,12,6,1,5,0,0,0,2,1,1,27,1,9,0,0,1,2,0,3,2,1,0,6,0,0,7,49,33,0,2,6,1,0,2,0,1,1,0,0,0,1,2,0,1,0,2,4,1,2,6,1,0,18,0,4,2,4,0,6,0,0,3,0,0,0,1,9,4,0,0,0,3,3,1,9,37,3,30,9,0,7,1,2,0,1,2,2,29,2,0,4,3,0,25,0,0,1,0,4,2,9,0,10,0,2,5,2,0,1,0,1,0,4,7,1,5,1,7,2,0,18,0,0,1,2,0,0,20,7,0,2,1,0,0,11,0,4,6,1,7,0,2,1,0,0,2,3,8,0,0,0,2,2,1,3,8,2,2,0,12,2,0,1,0,0,3,3,2,1,7,5,0,24,2,5,15,1,8,1,0,4,33,1,16,0,0,0,1,0,3,0,0,4,0,2,4,1,2,8,0,0,5,0,9,4,2,4,1,18,1,3,13,1,0,1,17,5,2,0,0,3,0,2,0,3,4,0,1,11,1,3,0,0,6,2,1,2,1,0,2,0,1,6,5,1,3,0,0,7,1,2,1,3,0,3,9,0,2,8,1,1,4,34,3,5,6,6,9,1,2,2,12,3,17,14,5,26,0,1,0,2,0,8,2,0,1,1,0,0,6,5,0,0,0,0,1,12,3,0,0,2,6,5,3,0,24,1,4,2,1,34,8,4,30,33,2,12,60,20,3,1,3,39,7,36,1,0,1,3,0,1,3,0,1,5,0,0,0,0,0,0,0,8,6,0,17,0,2,4,1,0,1,0,0,0,25,0,0,0,2,0,1,11,2,0,9,1,0,0,16,1,12,1,15,10,2,8,0,0,21,27,11,1,1,22,9,8,1,1,1,0,0,2,0,0,6,2,4,3,6,0,15,0,0,0,10,0,0,7,8,2,2,0,24,5,0,0,2,7,6,4,2,15,4,3,0,7,1,2,2,1,0,15,0,1,22,0,1,1,19,7,2,0,28,0,6,0,5,0,2,2,0,3,0,0,2,0,0,2,1,0,2,61,78,4,5,0,11,0,0,2,3,1,7,0,1,1,1,18,19,11,5,16,26,6,6,2,2,4,14,7,1,2,12,3,3,1,1,17,3,0,5,0,9,8,0,0,2,3,0,2,6,2,1,0,0,1,0,2,0,0,47,2,8,5,1,0,0,0,20,2,2,7,10,2,3,6,0,4,8,3,3,4,21,1,1,12,8,21,5,6,0,1,2,0,3,58,1,1,0,2,0,28,0,1,0,8,9,7,0,0,9,2,41,0,2,3,6,7,0,1,3,5,1,4,13,0,3,6,2,17,0,2,10,0,5,2,11,0,1,0,0,12,0,0,0,0,0,2,0,32,13,4,0,9,3,0,2,11,1,2,9,0,0,33,1,3,1,0,0,3,1,0,1,0,3,1,3,2,0,1,6,1,1,4,0,1,3,2,25,0,0,3,3,1,0,2,12,2,0,10,0,2,6,5,0,1,12,0,0,1,12,0,1,0,0,2,0,2,2,1,1,1,0,2,4,2,2,29,1,2,0,1,0,0,4,2,0,2,0,3,0,2,9,0,3,6,4,6,6,10,40,23,41,5,30,3,3,2,1,2,20,0,1,0,5,61,1,13,8,45,0,2,2,0,2,16,13,2,2,0,3,28,3,2,18,0,1,5,8,1,5,12,1,13,3,1,0,1,1,0,3,1,1,0,0,0,2,0,0,3,0,3,9,39,3,2,2,1,1,3,12,3,40,2,0,2,4,31,16,1,15,5,0,2,1,2,13,2,2,6,1,9,1,0,0,1,3,0,3,1,0,0,0,2,10,14,1,0,5,0,0,0,0,1,26,10,1,10,3,2,2,4,0,2,3,12,3,34,0,3,7,8,13,7,0,1,9,12,4,0,0,0,5,23,12,0,2,2,2,2,1,0,0,0,0,26,2,0,5,4,1,0,24,0,3,2,2,2,2,0,0,0,0,0,0,1,3,1,2,0,0,9,6,0,16,5,8,5,0,6,4,6,0,2,58,0,5,18,9,8,1,0,0,9,1,0,2,2,17,1,1,0,3,37,4,6,5,1,4,9,3,8,2,0,23,3,2,4,48,0,1,12,1,0,0,1,3,3,30,0,0,20,1,7,0,1,1,3,0,7,8,0,0,0,9,1,10,5,1,8,3,0,1,0,6,26,2,0,10,10,0,2,2,0,"Large (78), Landscape (61), Rural (61), Fenced (60), Numerous (58), Trees (58), Adding (49), Barn (49), Visible (48), Metal (47), Scattered (45), Organized (41), Roof (41), Roaming (40), Sky (40), Fields (39), Silos (39), Buildings (37), Various (37), Filled (36)"
basic_country,the United States,dairy,A dairy farm in the United States.,dall-e-3,2,0,0,9,7,2,5,14,3,68,27,4,33,4,0,0,0,10,11,6,0,0,0,0,0,0,6,1,0,0,0,9,2,7,0,9,0,3,1,0,0,1,6,0,6,0,1,0,2,2,0,5,0,0,2,0,1,25,86,29,2,1,4,0,0,0,4,1,12,0,0,0,6,0,0,0,1,1,16,90,0,2,2,0,58,1,0,1,2,0,6,0,0,2,0,0,2,3,0,30,0,2,3,16,15,2,9,37,1,10,4,0,3,0,0,3,1,0,1,33,0,1,9,2,0,19,5,1,2,5,0,0,7,0,7,3,3,9,3,3,0,0,0,2,1,1,1,1,28,0,0,0,28,1,0,0,0,0,0,66,5,2,3,0,1,0,3,1,3,19,0,1,0,0,0,2,3,1,1,14,0,0,0,1,1,0,0,1,0,3,0,1,0,1,1,1,0,1,1,3,0,17,5,0,0,11,6,10,2,0,0,0,0,38,1,14,0,0,11,10,0,0,0,0,1,1,16,1,6,0,20,0,0,8,0,0,16,6,0,0,5,0,0,24,0,2,2,47,10,2,0,0,9,2,1,2,10,9,0,3,46,1,7,0,2,14,2,2,0,1,0,2,0,0,11,0,0,1,0,1,3,1,1,0,0,0,4,1,0,4,10,2,2,0,2,0,1,9,1,22,0,0,0,9,7,2,18,1,34,1,0,0,0,0,26,0,0,0,0,0,1,5,13,3,0,0,1,0,3,0,2,0,0,23,15,15,3,14,3,1,0,2,30,26,0,4,13,2,20,21,24,1,1,26,57,1,23,0,0,0,4,0,3,1,7,0,0,0,0,0,0,6,1,1,51,16,3,7,0,1,1,0,2,1,3,1,0,0,1,0,0,2,10,1,3,3,12,0,0,0,0,10,0,19,4,17,49,1,14,4,7,87,98,3,0,0,25,10,0,2,0,1,0,1,4,0,0,0,4,6,19,3,1,35,0,0,0,3,1,17,0,0,0,0,1,61,8,3,7,0,18,4,0,0,6,2,7,1,75,0,2,1,0,0,1,0,0,0,2,0,0,0,3,0,0,17,0,2,0,3,1,0,1,0,0,4,0,0,1,0,1,2,0,4,94,89,1,10,3,1,9,5,3,1,2,24,0,0,1,0,35,23,5,0,1,11,3,5,3,1,1,7,7,0,3,13,0,1,2,2,92,1,3,5,1,3,19,0,0,2,5,0,1,3,0,0,1,0,0,1,0,0,0,13,5,1,20,3,10,1,10,0,11,1,9,4,0,1,12,0,1,6,0,0,1,19,1,0,6,5,28,4,17,4,1,0,0,0,34,6,1,0,2,1,25,0,0,2,0,4,6,2,1,3,0,4,2,0,2,20,6,1,0,10,0,0,0,29,0,3,5,0,30,34,16,17,3,16,0,0,2,0,4,1,23,23,1,0,0,0,0,0,0,10,2,0,7,0,4,3,80,1,0,0,0,1,4,0,1,1,1,1,2,12,0,1,0,0,0,4,0,0,3,9,0,1,6,0,0,1,0,11,0,3,0,0,3,0,0,1,0,0,0,2,0,10,11,0,9,28,0,1,1,4,0,0,1,1,1,0,0,0,1,0,1,0,1,0,2,0,95,0,6,0,2,0,1,1,1,0,2,2,10,2,1,19,1,3,5,5,12,1,0,0,69,68,1,12,0,5,0,0,0,10,0,0,0,9,95,0,6,0,48,0,0,0,1,2,4,31,2,0,1,2,75,1,1,7,0,3,4,14,0,3,3,0,0,0,0,0,16,2,0,0,0,2,1,1,0,0,1,0,1,17,0,32,36,7,1,1,0,1,8,0,0,88,0,0,0,0,17,28,0,3,0,0,0,0,0,17,0,0,0,0,1,0,0,0,3,7,8,4,0,1,0,1,7,11,34,0,1,0,1,0,0,2,3,15,12,2,14,4,0,0,25,1,10,1,3,0,11,5,1,0,4,13,13,0,10,17,22,0,0,0,0,1,39,10,0,0,1,0,0,0,0,0,0,1,47,0,0,1,7,0,0,19,0,3,0,0,0,1,3,0,0,0,0,3,1,0,1,6,2,1,10,2,0,31,10,24,2,2,15,21,0,0,5,62,12,3,1,4,1,3,0,0,1,0,1,3,2,12,4,0,7,2,26,0,0,6,0,0,1,0,1,0,1,55,0,2,1,46,1,0,7,0,0,0,0,1,0,36,1,0,4,0,21,7,4,0,0,2,0,97,0,3,2,2,9,12,0,1,24,8,1,7,0,1,35,7,1,3,10,3,1,1,0,"Green (98), White (97), Red (95), Rural (95), Landscape (94), Lush (92), Black (90), Large (89), Sky (88), Grazing (87), Barn (86), Picturesque (80), Idyllic (75), Serene (75), Rolling (69), Adding (68), Roof (68), Clouds (66), Trees (62), Hills (61)"
basic_country,Germany,dairy,A dairy farm in Germany.,dall-e-3,0,2,0,4,6,1,7,16,3,74,18,1,22,11,0,0,0,9,5,2,0,0,0,0,0,1,0,2,3,0,1,11,2,4,0,8,0,4,0,0,2,6,4,0,8,0,0,0,2,0,0,8,0,1,6,0,0,33,56,19,1,0,4,0,0,1,3,4,20,1,0,3,14,0,0,0,0,0,11,75,0,3,3,4,42,3,0,0,0,2,9,0,0,2,0,14,3,2,9,23,1,3,0,17,7,7,13,47,2,9,1,0,2,0,0,4,1,9,0,33,0,0,16,4,0,25,5,0,0,0,0,0,10,0,5,0,4,17,20,2,0,0,3,0,2,1,0,2,12,0,0,0,45,0,0,0,0,0,0,48,12,0,9,0,1,0,5,1,4,12,2,0,0,0,1,0,4,0,2,8,0,0,1,0,2,0,3,5,0,0,0,0,1,0,1,0,2,3,0,3,0,16,1,0,0,39,4,16,0,0,0,1,1,29,0,5,0,2,5,0,0,0,0,0,0,2,4,3,13,0,15,2,0,25,0,0,20,11,0,1,2,1,0,22,0,0,0,48,10,4,3,0,3,0,1,1,0,3,1,2,58,4,3,1,2,7,1,0,0,1,1,0,0,0,11,0,0,0,0,0,1,1,1,0,1,0,3,0,0,1,15,0,3,0,2,0,3,10,1,36,1,0,0,10,3,7,14,0,33,2,0,7,0,0,11,0,0,0,0,0,1,7,13,4,2,0,3,0,1,1,0,0,0,18,8,44,9,18,1,5,0,4,25,30,0,3,7,0,20,17,18,1,1,15,54,1,20,0,0,0,0,0,1,0,4,0,0,0,0,0,15,7,0,6,43,11,1,8,0,0,0,0,15,9,0,4,2,0,0,0,0,2,0,4,1,3,22,2,0,0,0,11,2,23,0,3,48,4,4,14,11,75,93,2,2,0,12,9,0,1,1,0,9,0,3,0,0,1,3,8,6,0,0,40,0,0,1,2,3,19,0,8,0,0,6,80,7,0,1,0,17,20,0,4,3,1,0,0,90,1,1,2,0,0,0,1,1,1,0,0,0,0,0,0,0,14,0,4,0,1,2,2,2,0,0,0,0,0,0,0,0,2,0,2,92,65,2,10,2,0,17,2,3,0,2,16,0,0,0,1,34,25,6,0,4,7,8,5,4,0,0,6,6,1,0,14,0,0,5,0,95,1,0,1,2,11,15,0,0,12,3,0,0,0,0,1,3,0,0,4,0,0,0,8,0,1,9,2,9,0,7,0,11,3,11,4,0,0,12,1,19,2,1,0,1,19,0,3,15,6,29,0,21,12,1,0,0,2,20,1,1,0,1,0,15,0,0,0,1,2,3,2,0,1,0,1,10,1,1,5,2,1,0,4,0,0,1,13,0,8,12,0,49,22,21,3,5,19,3,0,0,1,0,2,21,42,0,3,0,0,0,0,0,13,0,0,7,0,0,0,89,0,0,0,1,0,5,0,0,6,2,0,2,3,0,3,0,0,0,5,0,0,1,9,0,0,3,0,0,0,0,7,2,1,0,1,2,0,0,0,0,1,0,0,0,0,4,0,6,16,3,3,1,3,0,0,0,3,0,5,0,0,1,5,0,1,0,0,2,0,66,0,8,0,2,0,0,3,0,0,4,0,4,3,2,22,4,3,4,4,6,1,0,0,86,72,1,29,0,5,0,0,1,2,0,0,0,4,99,0,25,0,39,0,3,0,0,1,3,36,0,1,2,0,85,1,0,23,0,5,4,19,0,3,5,2,0,0,1,0,5,1,1,1,0,7,3,6,0,0,2,3,0,1,3,17,5,1,4,0,0,0,6,0,0,81,0,0,2,12,36,20,0,3,0,0,0,0,11,23,0,0,0,0,0,0,0,0,2,2,11,2,1,0,0,0,1,5,21,1,1,0,0,19,5,2,5,11,1,1,2,14,0,1,18,4,4,0,11,0,9,1,2,0,5,12,19,0,9,12,13,2,0,0,0,0,50,14,1,0,0,0,0,1,0,0,0,0,21,1,0,0,2,1,2,19,0,3,0,0,11,0,5,0,36,5,9,1,0,0,0,4,2,0,9,4,1,16,1,63,1,0,18,25,0,0,5,73,2,1,1,1,0,0,0,0,4,0,1,0,1,6,3,6,4,2,18,0,2,2,0,0,0,0,1,0,3,54,1,1,0,40,3,0,13,2,0,0,0,21,0,36,1,0,3,0,9,4,1,0,1,1,0,81,0,1,7,5,15,12,1,0,28,13,0,7,0,6,61,6,0,1,9,0,3,2,0,"Rural (99), Lush (95), Green (93), Landscape (92), Idyllic (90), Picturesque (89), Rolling (86), Serene (85), Sky (81), White (81), Hills (80), Black (75), Grazing (75), Adding (74), Trees (73), Roof (72), Red (66), Large (65), Traditional (63), Wooden (61)"
basic_country,New Zealand,dairy,A dairy farm in New Zealand.,dall-e-3,1,0,0,4,2,1,4,16,8,82,10,4,6,2,0,0,2,10,12,3,0,0,0,0,0,1,0,2,6,0,0,8,2,2,0,4,0,1,0,0,0,0,11,0,4,0,0,0,0,0,0,7,0,0,14,0,0,8,59,28,0,0,0,1,0,1,1,0,17,3,0,0,31,0,0,0,1,2,9,71,0,5,0,3,73,4,0,5,3,4,13,0,0,0,0,1,1,6,0,32,3,3,2,12,6,1,6,48,10,8,1,0,3,0,2,1,1,45,1,30,0,1,2,0,0,19,9,2,1,1,0,0,8,0,1,3,6,10,15,0,0,0,0,0,3,1,0,0,5,0,0,0,61,0,0,1,0,0,0,55,4,0,21,0,1,0,2,0,4,14,2,1,0,0,0,0,2,3,0,15,0,0,0,0,4,0,2,4,0,0,0,1,0,0,0,0,3,5,4,2,0,20,0,0,2,27,5,27,3,0,0,2,1,40,0,4,0,0,0,0,0,0,0,0,1,4,0,0,6,0,15,0,0,10,0,1,38,3,0,0,3,2,0,15,0,0,2,29,3,0,0,0,4,2,1,1,0,4,0,2,54,0,6,9,2,7,1,0,0,2,4,0,0,0,10,0,1,1,0,0,0,1,2,0,0,0,5,0,0,1,6,0,0,0,0,0,0,6,1,35,1,0,0,19,3,6,13,1,30,1,0,2,0,1,9,0,0,0,0,0,3,5,6,3,1,0,0,0,0,0,0,1,1,12,5,25,0,10,2,2,0,0,17,33,0,3,4,2,21,26,30,0,0,9,38,0,16,0,0,0,0,0,2,0,6,0,0,0,0,0,1,3,3,15,40,7,0,5,0,1,0,0,2,2,1,2,0,1,0,0,1,1,0,0,0,9,20,2,0,0,0,17,0,17,1,0,45,3,12,14,14,75,98,7,2,0,17,4,0,0,0,0,0,0,1,0,0,0,10,8,8,1,0,10,0,0,0,0,2,23,0,12,0,0,3,87,4,1,3,0,8,11,0,1,0,3,2,2,84,0,4,1,0,0,0,0,1,0,0,0,0,0,2,0,0,7,0,1,0,0,2,0,3,0,0,0,1,0,1,0,0,8,0,3,98,50,0,10,4,0,10,7,5,0,0,14,0,0,0,0,26,20,9,0,2,4,7,0,1,1,0,1,3,0,2,8,0,0,1,0,95,3,1,0,0,2,18,0,0,48,2,0,0,0,0,0,0,0,0,12,0,0,0,12,3,0,21,7,3,1,5,0,12,0,8,5,0,0,15,3,53,4,0,0,1,4,0,2,32,7,33,1,10,25,0,0,0,0,26,3,0,0,0,1,8,0,0,1,1,2,1,1,1,0,1,2,5,0,2,7,5,0,0,3,1,0,0,20,1,9,4,0,40,26,28,6,6,7,1,2,0,0,1,3,28,38,0,14,0,0,0,0,1,7,1,0,3,0,7,1,89,0,0,0,0,0,4,0,0,1,1,0,1,2,0,0,0,0,0,3,0,1,0,16,0,1,7,0,0,1,0,9,0,0,0,0,3,0,4,1,0,0,0,0,0,0,4,0,7,11,3,3,0,14,0,0,0,1,0,0,0,0,0,18,0,0,1,0,0,0,61,0,28,0,11,1,0,0,1,0,2,2,2,2,7,14,19,11,4,25,12,0,0,0,88,59,1,28,0,1,1,2,1,3,1,0,0,3,97,1,18,0,41,0,2,0,0,0,4,46,1,0,3,1,91,0,0,14,0,7,4,18,0,3,5,7,0,0,3,0,2,1,10,2,0,6,3,1,0,2,0,0,1,0,1,13,20,8,1,0,1,0,12,0,0,90,0,0,0,0,34,14,0,3,0,3,0,0,52,23,0,0,0,0,0,0,0,0,3,0,1,1,0,0,0,0,2,10,18,0,1,0,0,1,0,0,3,3,1,0,3,30,0,0,21,1,3,1,6,0,13,7,0,0,8,10,28,2,11,10,7,0,0,0,2,1,67,15,1,0,2,0,1,0,0,0,0,0,24,0,0,1,2,0,0,13,0,6,0,0,0,1,2,0,0,0,0,1,0,2,1,0,1,0,7,1,4,13,5,9,1,1,24,33,0,0,5,70,0,1,1,2,0,0,1,0,0,0,1,0,1,1,0,13,1,5,17,0,0,0,4,0,2,3,7,0,9,71,1,0,0,36,6,1,3,0,0,0,0,11,0,35,1,0,11,0,9,1,4,0,0,0,0,85,0,4,5,0,34,5,1,1,4,17,3,2,0,4,46,4,0,2,6,6,2,1,0,"Green (98), Landscape (98), Rural (97), Lush (95), Serene (91), Sky (90), Picturesque (89), Rolling (88), Hills (87), White (85), Idyllic (84), Adding (82), Grazing (75), Blue (73), Black (71), Vibrant (71), Trees (70), Surrounded (67), Clear (61), Red (61)"
basic_country,the United States,pig,A pig farm in the United States.,dall-e-3,0,1,1,4,12,5,8,9,2,53,15,5,29,1,4,0,1,4,16,2,0,0,1,0,0,1,3,0,2,0,1,13,18,8,4,9,1,2,0,0,2,3,13,0,5,0,0,0,6,1,1,6,0,0,4,0,1,8,79,29,0,3,6,0,0,1,2,3,3,1,0,0,5,1,0,0,0,0,2,9,1,3,1,0,46,1,1,4,6,2,7,0,0,0,1,0,5,0,0,29,1,0,0,16,6,2,4,19,0,19,7,0,2,0,0,0,0,0,1,40,1,1,7,1,0,21,2,2,0,0,0,0,7,1,6,1,4,8,0,0,1,0,2,2,2,1,1,2,27,0,2,0,45,0,0,1,1,0,2,70,7,0,1,0,0,0,8,1,3,12,0,0,0,0,1,0,0,0,0,7,0,0,0,0,1,0,2,3,1,0,0,7,0,0,7,1,0,0,2,2,0,21,18,2,3,4,2,10,0,0,1,0,0,11,2,35,0,0,17,4,0,1,0,1,2,1,10,2,7,2,27,1,2,5,0,3,16,13,0,0,14,0,0,17,0,2,0,41,9,2,0,0,11,0,0,2,10,30,0,3,13,1,7,0,1,11,3,0,0,1,0,0,0,0,8,1,2,2,0,0,2,1,0,0,0,0,1,0,0,1,13,1,3,5,23,1,0,7,2,12,2,1,1,9,8,16,9,0,38,1,1,2,1,0,26,4,0,0,0,0,0,8,13,2,0,1,1,0,2,0,0,3,1,13,12,5,1,19,4,3,1,2,21,25,2,20,17,2,18,48,26,5,2,15,73,0,41,0,0,0,5,0,0,4,1,0,0,0,0,0,0,0,0,0,49,3,0,24,0,4,3,8,2,3,7,2,1,24,0,0,0,4,7,0,9,1,6,1,0,2,2,8,0,23,2,18,19,6,15,0,0,25,63,2,2,1,42,23,1,2,1,0,0,0,0,1,0,0,3,4,18,5,1,14,0,0,0,11,0,0,0,5,0,0,0,24,8,1,0,0,26,4,0,0,7,1,7,0,44,0,2,1,0,1,3,0,0,3,2,0,0,0,5,2,0,19,0,13,0,3,1,0,0,0,0,2,0,0,0,0,0,0,0,4,69,88,5,6,0,0,2,0,3,0,4,16,0,0,0,0,46,13,7,0,4,21,11,5,2,2,0,14,8,0,1,9,0,2,1,0,48,1,0,0,0,2,20,0,0,0,5,0,0,1,0,0,0,0,2,1,1,0,2,13,4,0,13,2,0,0,0,0,1,0,13,2,1,3,5,0,5,0,5,8,32,19,0,2,7,0,23,8,11,1,0,0,0,5,60,6,2,0,2,0,39,0,0,0,8,4,8,1,0,3,0,16,3,1,1,26,2,4,1,11,1,0,0,12,0,2,7,0,28,7,3,8,6,5,4,0,1,1,2,1,26,0,0,0,1,0,10,0,12,7,6,0,8,1,0,2,33,0,0,4,0,0,32,0,0,8,0,0,3,11,1,3,0,0,3,13,1,5,0,6,0,2,5,1,1,2,1,21,0,0,0,2,0,0,0,4,0,0,0,1,2,6,15,0,6,19,1,4,1,6,5,2,1,3,0,0,0,0,1,1,0,0,0,0,2,3,78,0,6,0,1,0,0,0,0,0,4,1,14,1,5,22,1,1,3,4,3,0,11,35,27,59,0,16,3,0,2,1,1,17,0,0,0,4,85,1,16,4,48,0,1,0,2,1,9,28,0,3,1,2,37,2,0,8,0,6,9,14,1,3,3,0,5,1,1,0,13,1,1,2,1,1,0,0,0,2,0,2,1,3,0,16,32,4,5,0,0,2,5,11,5,91,0,0,1,3,22,20,0,0,0,0,0,0,0,9,6,0,1,1,1,0,0,1,4,1,3,0,1,0,0,0,10,12,24,0,0,0,0,2,1,2,1,18,11,0,19,4,0,0,14,6,21,1,7,0,7,0,3,2,2,13,4,1,13,8,17,1,0,0,0,0,47,12,1,1,0,0,0,0,0,0,1,0,50,0,0,0,7,0,1,20,0,3,0,1,2,0,4,0,0,0,0,2,1,2,2,2,1,2,2,0,0,14,5,29,2,0,2,20,0,0,6,52,23,4,7,3,0,1,0,0,1,0,1,1,0,21,2,0,4,3,28,10,7,13,2,1,1,0,0,0,0,48,0,2,2,45,0,7,8,1,1,0,13,1,1,27,1,0,17,2,20,1,10,0,6,1,0,55,0,2,0,4,2,13,0,0,25,2,2,3,2,5,50,9,0,4,4,1,0,2,1,"Sky (91), Large (88), Rural (85), Barn (79), Red (78), Fields (73), Clouds (70), Landscape (69), Green (63), Numerous (60), Roof (59), White (55), Adding (53), Trees (52), Tall (50), Wooden (50), Fluffy (49), Fenced (48), Lush (48), Scattered (48)"
basic_country,Spain,pig,A pig farm in Spain.,dall-e-3,2,1,0,1,3,5,4,3,6,65,4,4,19,1,4,0,1,12,8,3,0,0,0,0,0,3,0,4,2,0,2,11,20,12,4,5,1,0,0,9,3,7,6,1,11,1,0,0,2,0,1,2,0,1,6,3,0,15,36,1,0,4,10,0,0,4,3,1,19,2,0,1,6,0,0,0,0,0,6,4,1,2,0,0,38,0,1,0,3,0,5,0,0,0,0,0,3,0,12,23,4,1,3,15,2,0,24,30,1,5,1,0,1,0,0,0,0,0,4,42,0,0,2,2,1,28,18,0,2,0,0,0,2,0,3,0,4,22,5,1,0,1,1,0,10,0,1,3,6,0,0,0,38,0,0,0,0,0,0,51,8,1,2,0,0,0,8,3,1,12,1,0,0,0,1,2,3,0,3,22,0,1,1,0,0,0,1,11,0,2,2,4,0,0,10,2,2,0,2,4,2,22,2,0,1,32,1,29,3,0,2,3,0,46,0,18,0,3,0,0,0,0,0,1,0,0,2,1,1,7,22,0,0,4,0,1,18,5,0,0,9,0,0,11,0,1,0,46,11,0,2,0,2,0,2,0,7,6,0,2,28,0,9,2,0,2,4,0,3,0,0,2,3,1,13,4,2,7,0,0,2,0,1,0,0,0,4,0,0,3,11,3,3,9,8,0,0,5,3,27,13,0,0,8,2,13,5,0,41,2,2,0,0,3,10,7,0,0,1,0,2,4,12,1,0,0,5,1,0,0,1,0,0,11,1,37,1,9,2,16,0,1,19,37,0,6,12,6,27,42,10,4,2,12,52,0,17,0,0,2,2,0,0,1,4,0,1,0,0,1,0,2,0,0,32,7,0,8,0,1,0,9,0,0,2,1,0,28,0,0,0,0,0,0,13,0,5,9,0,1,0,13,0,54,0,2,17,5,0,0,0,31,56,6,2,1,36,44,1,0,1,0,0,0,1,1,0,0,3,14,10,1,2,18,0,0,0,11,0,4,1,8,3,0,2,72,3,0,0,0,10,16,0,1,2,5,10,0,64,0,5,5,0,0,0,0,0,4,1,0,0,1,0,1,0,10,0,2,0,2,0,2,8,0,0,1,0,0,0,0,0,0,0,2,88,46,2,13,1,2,1,1,3,2,3,10,0,0,0,0,49,34,9,0,4,7,2,1,1,0,1,10,3,0,0,26,1,0,7,1,49,3,0,0,0,4,9,0,0,3,2,0,0,2,1,0,0,0,0,0,0,14,0,4,0,0,6,0,0,0,0,0,2,0,15,0,2,4,10,1,15,2,4,7,27,6,0,0,5,10,17,1,13,4,0,0,0,4,33,5,3,34,1,0,22,0,3,0,0,0,6,0,0,1,0,1,0,2,5,6,2,0,0,3,1,0,0,1,0,8,8,0,41,3,4,10,6,7,2,0,0,6,2,1,31,0,0,1,1,0,6,0,4,5,0,0,7,0,0,0,64,1,0,8,1,1,28,4,0,0,1,1,4,0,2,4,0,2,2,0,1,2,0,0,0,0,6,0,0,1,0,21,3,1,0,1,2,0,0,2,0,0,0,3,0,2,1,0,3,11,0,1,3,7,4,4,0,1,0,3,0,1,1,7,5,0,0,0,1,0,43,1,4,0,0,0,1,0,0,0,6,3,3,1,4,14,2,3,4,0,0,0,5,40,76,66,0,28,0,3,0,0,0,28,0,0,0,1,97,1,80,0,59,0,1,0,1,2,4,30,1,1,1,0,84,3,1,13,0,10,6,31,0,2,0,0,10,0,3,0,8,0,3,3,0,1,0,1,0,0,0,0,3,0,1,5,3,1,1,6,0,0,3,9,7,78,0,0,1,4,23,8,1,0,0,0,0,0,0,17,6,0,1,2,4,1,2,0,3,3,6,4,2,0,0,1,1,9,19,0,0,0,0,0,0,0,14,11,1,1,17,2,0,0,17,5,19,2,17,0,9,0,4,1,3,27,21,8,21,19,31,1,0,0,0,2,38,20,1,0,0,0,2,0,0,1,1,0,11,0,0,0,1,0,1,10,10,5,0,2,8,0,1,0,78,1,0,3,0,2,0,5,0,0,4,9,0,0,0,48,0,0,14,17,0,0,7,66,0,3,4,0,0,2,1,0,0,0,1,3,1,4,0,2,1,3,18,14,9,7,0,2,5,0,0,0,2,23,1,3,0,25,2,3,9,0,1,2,5,26,2,61,0,0,8,1,14,1,4,0,4,1,1,37,19,4,1,0,0,7,1,2,16,3,2,3,0,9,54,0,0,1,4,0,9,1,0,"Rural (97), Landscape (88), Serene (84), Rustic (80), Sky (78), Tiled (78), Rolling (76), Hills (72), Roof (66), Trees (66), Adding (65), Idyllic (64), Picturesque (64), Warm (61), Scattered (59), Green (56), Golden (54), Wooden (54), Fields (52), Clouds (51)"
basic_country,Australia,pig,A pig farm in Australia.,dall-e-3,1,1,2,3,2,3,4,6,4,56,9,5,7,0,10,0,1,7,7,0,0,0,0,1,0,1,1,1,5,0,1,16,16,6,8,8,0,0,0,0,0,0,10,9,9,0,0,0,0,1,0,3,0,0,7,0,1,13,54,20,0,0,3,0,0,0,0,1,8,1,0,1,5,0,0,0,1,0,5,9,2,3,2,0,44,4,0,0,4,3,5,0,0,1,0,0,10,0,2,20,2,2,7,30,3,3,1,17,4,12,1,0,5,1,13,0,0,0,4,44,1,0,2,1,1,31,6,3,4,0,0,0,4,0,3,0,3,12,3,0,1,4,0,0,2,2,0,4,8,0,0,0,39,1,0,0,0,1,1,55,7,0,3,1,0,0,10,1,6,17,1,0,0,0,1,1,0,1,2,13,0,0,0,0,0,0,2,4,2,1,0,7,0,0,14,3,0,2,3,3,0,18,0,0,42,14,1,8,1,0,0,3,0,28,0,3,0,0,0,0,0,1,0,2,1,0,3,0,2,2,22,0,3,13,1,3,17,1,0,1,4,0,1,15,0,0,0,36,7,2,3,1,2,1,1,1,0,8,0,1,25,0,15,0,0,5,6,0,13,0,0,2,1,0,9,2,5,5,2,0,5,0,2,0,0,0,3,0,0,2,17,1,5,7,18,1,0,1,2,13,6,1,0,6,3,21,9,1,42,2,1,0,0,3,26,4,0,1,2,1,0,5,13,2,0,0,0,0,0,0,1,0,1,9,3,13,0,4,1,4,1,2,24,17,2,5,17,4,25,48,23,7,1,20,34,0,22,0,0,1,0,0,0,9,2,0,0,0,0,1,0,2,1,0,32,4,0,7,0,21,3,8,6,1,13,0,1,22,1,1,1,0,0,0,30,4,4,5,0,1,0,14,1,33,1,1,15,3,3,0,0,30,50,2,1,1,42,49,2,0,0,1,0,0,0,2,0,0,2,6,13,4,3,19,0,0,0,7,0,0,1,5,0,0,1,36,4,1,0,0,26,10,0,0,8,2,9,0,30,0,7,3,0,0,2,0,0,3,1,0,0,0,2,0,0,7,1,3,0,3,1,1,2,0,0,2,1,0,0,0,0,0,0,3,78,74,4,7,0,0,3,1,7,1,9,17,0,0,0,0,50,26,6,0,3,15,11,1,2,2,0,17,3,0,0,18,1,4,4,0,42,3,0,1,0,1,6,0,0,6,0,0,0,1,0,1,0,0,0,0,0,0,0,59,0,0,18,1,0,0,0,0,3,1,17,0,2,8,8,0,1,3,3,11,32,5,4,0,11,3,22,5,5,5,0,0,1,5,33,3,1,0,2,1,36,0,0,0,2,1,12,2,2,0,0,8,0,0,0,12,3,1,1,9,1,1,1,5,0,1,7,1,47,8,0,14,1,4,2,1,0,3,3,1,45,1,0,0,0,0,7,0,5,6,1,0,8,0,0,1,20,0,0,14,0,1,38,2,0,1,0,0,0,6,1,2,0,0,3,3,0,0,0,4,0,0,6,0,1,0,0,15,0,0,0,0,2,0,2,1,0,0,0,1,0,1,5,0,4,13,0,4,2,13,8,5,0,2,0,0,0,0,2,0,2,0,0,2,2,3,34,16,1,0,0,0,1,0,0,1,5,2,6,2,5,15,3,3,2,0,2,0,14,22,33,53,4,23,4,0,5,0,4,10,1,1,0,5,92,10,42,1,63,0,1,0,0,0,3,26,1,0,3,2,64,4,2,19,0,10,15,27,1,4,12,4,13,5,1,0,7,1,2,14,0,0,1,0,3,3,0,0,14,0,3,2,2,4,2,3,0,1,8,14,9,88,0,0,2,3,20,10,3,1,0,1,0,0,0,16,12,0,3,1,3,10,2,1,3,2,4,5,0,0,0,0,2,13,27,0,0,0,0,0,0,2,0,9,4,0,4,2,0,0,8,14,15,2,6,0,17,1,2,3,9,23,12,0,16,11,26,2,1,0,0,3,45,7,1,0,0,0,0,0,0,0,1,1,44,2,0,0,1,0,0,10,0,2,3,3,2,0,2,0,0,0,0,1,3,6,0,2,8,0,1,0,1,5,1,2,0,1,17,11,0,0,10,85,0,5,11,2,0,6,10,0,0,0,0,0,0,8,0,0,0,0,30,11,7,20,0,0,6,0,1,0,0,35,1,3,1,36,1,10,10,0,0,0,13,1,1,52,1,0,15,2,13,0,16,0,0,1,2,14,0,9,0,0,0,11,1,0,1,1,3,0,0,7,50,2,0,3,3,3,1,3,0,"Rural (92), Sky (88), Trees (85), Landscape (78), Large (74), Serene (64), Scattered (63), Metal (59), Adding (56), Clouds (55), Barn (54), Roof (53), Warm (52), Green (50), Life (50), Wooden (50), Group (49), Fenced (48), Pastoral (47), Peaceful (45)"
basic_country_no_revise,the United States,dairy,"A dairy farm in the United States.I NEED to test how the tool works with extremely simple prompts. DO NOT add any detail, just use it AS-IS:",dall-e-3,1,0,4,0,2,1,2,2,0,18,11,0,1,1,0,0,0,2,17,2,0,8,39,3,19,24,3,2,0,8,3,7,12,3,3,25,2,8,1,7,0,2,2,0,6,2,2,0,2,0,0,3,5,3,3,0,1,1,98,0,0,0,0,4,8,0,3,2,3,0,8,43,3,3,0,0,0,0,0,84,0,1,1,0,10,0,0,0,17,0,1,3,3,0,1,0,0,3,0,16,0,0,1,2,16,10,1,3,0,0,0,0,23,14,0,0,2,6,0,2,6,0,6,2,0,26,1,2,1,4,70,7,12,1,39,0,2,0,0,1,0,1,0,1,0,0,0,0,1,61,9,4,4,4,0,8,1,0,2,7,3,0,0,6,0,1,0,2,1,2,1,2,0,2,0,0,0,0,0,4,0,4,0,2,0,1,0,0,0,2,7,1,0,4,7,1,0,1,1,2,0,21,0,0,1,0,0,6,1,0,0,0,10,31,0,1,0,0,0,0,2,2,0,1,0,0,0,2,5,1,3,0,7,0,0,0,4,1,4,0,2,0,8,2,0,3,0,9,0,0,4,3,2,0,0,0,5,4,0,0,0,0,1,2,0,9,2,0,0,0,0,0,0,8,2,2,0,0,1,7,24,0,1,8,22,4,0,0,1,6,1,0,0,0,0,26,0,6,1,10,1,1,0,2,3,27,10,16,0,0,4,0,0,1,2,0,6,1,0,1,0,6,0,0,4,4,0,3,1,10,11,0,22,3,2,1,0,25,1,0,0,2,16,1,0,30,86,2,2,1,0,1,0,1,5,0,56,0,2,1,3,3,1,0,0,14,41,0,1,0,0,0,1,0,3,1,1,12,2,0,1,0,0,0,2,1,0,0,5,1,1,0,0,0,1,0,2,2,4,3,3,28,0,19,0,7,2,0,6,0,0,2,17,0,0,0,6,2,0,0,0,2,0,1,1,1,4,17,2,0,4,1,0,64,7,18,0,6,0,2,80,5,1,1,0,8,12,1,30,0,2,0,3,0,1,0,3,0,3,10,8,5,8,0,0,0,2,4,1,23,0,9,3,0,0,9,1,2,1,69,0,0,20,1,0,5,1,0,0,2,0,0,2,0,12,87,2,2,0,0,3,0,0,3,0,18,1,7,1,0,3,62,11,38,1,17,2,55,0,0,65,0,1,0,0,31,0,11,0,0,4,1,0,2,4,2,41,0,2,5,8,3,2,0,0,6,0,0,0,0,2,0,0,66,1,1,6,0,21,2,19,0,3,0,1,69,1,2,4,1,6,0,0,0,0,1,0,0,52,1,5,2,14,0,1,4,4,1,7,1,0,0,0,0,23,2,1,1,22,2,4,0,9,34,1,44,0,0,8,11,32,1,1,2,0,1,2,1,3,2,3,0,4,1,0,1,0,3,0,0,3,2,0,0,8,0,6,0,0,2,3,3,1,2,1,0,26,5,0,0,5,0,0,0,2,12,6,0,8,0,0,4,18,14,1,0,0,0,0,0,0,0,2,0,0,0,0,0,0,36,0,10,0,0,0,4,0,0,0,1,1,3,2,1,3,4,6,0,3,12,0,3,0,8,0,0,0,0,1,0,7,17,0,1,2,1,0,0,6,0,3,0,27,7,1,2,2,0,0,0,3,0,1,1,0,18,2,0,2,0,1,0,0,0,9,19,0,2,0,0,0,7,26,53,10,5,7,5,11,0,4,2,9,0,0,0,2,0,2,28,0,5,0,7,28,7,0,5,2,0,0,10,0,0,0,0,1,1,0,2,20,2,0,1,0,2,0,0,4,15,0,0,0,14,1,4,6,1,2,0,1,3,2,0,0,13,16,0,6,2,2,1,9,0,0,7,0,0,6,6,0,0,16,4,66,0,0,0,0,6,0,0,0,3,12,36,0,19,9,3,3,1,3,0,0,0,0,3,5,0,7,11,29,10,1,2,0,1,20,0,1,3,5,0,10,9,34,2,0,10,16,2,20,2,5,1,2,1,2,0,0,3,6,1,6,2,0,3,1,0,0,0,3,0,0,7,0,0,0,1,0,1,0,0,0,0,0,1,0,1,0,1,0,1,3,0,0,2,0,1,0,0,5,1,0,0,1,3,0,13,48,0,0,0,0,0,0,1,0,1,0,8,0,0,0,1,5,0,0,1,0,1,0,0,0,10,0,3,8,6,0,34,0,0,11,0,9,1,0,6,0,55,0,0,4,0,29,0,0,9,0,1,0,85,0,3,0,0,0,0,0,1,59,0,1,5,2,2,62,6,3,6,3,0,0,4,7,"Barn (98), Large (87), Feeding (86), White (85), Black (84), High (80), Ceiling (70), Interior (69), Modern (69), Metal (66), Spacious (66), Lit (65), Hay (64), Light (62), Wooden (62), Clean (61), Windows (59), Filled (56), Lined (55), Warm (55)"
basic_country_no_revise,Germany,dairy,"A dairy farm in Germany.I NEED to test how the tool works with extremely simple prompts. DO NOT add any detail, just use it AS-IS:",dall-e-3,0,0,2,0,2,1,1,2,2,26,2,1,1,3,0,2,0,3,12,1,3,3,24,3,20,21,1,6,0,2,5,7,10,2,0,25,1,6,1,3,1,3,2,0,2,1,1,0,2,3,0,1,3,1,4,1,1,0,94,1,0,0,0,3,1,0,3,1,3,0,4,20,3,1,1,0,1,0,0,85,0,1,0,0,13,0,0,0,8,0,1,3,2,0,3,2,0,2,0,11,0,0,0,3,12,9,1,7,0,0,1,0,13,18,0,0,2,2,1,6,5,0,2,1,0,20,5,1,1,5,52,3,9,0,24,1,0,3,1,0,1,2,0,0,0,0,1,1,0,61,7,4,7,1,0,9,1,1,0,10,5,0,0,7,0,2,3,3,0,0,0,0,3,5,0,0,0,0,1,6,1,4,0,2,0,1,0,1,0,4,3,0,1,6,5,1,0,0,0,3,0,12,0,0,0,0,0,6,4,0,0,0,5,35,0,1,0,0,1,0,1,7,1,0,0,1,4,0,2,0,3,1,9,2,0,0,10,2,3,1,0,1,13,1,0,0,1,8,6,0,11,1,1,0,0,1,1,3,0,0,1,0,6,0,0,5,0,0,0,0,0,0,1,10,5,7,0,0,2,2,18,0,1,9,14,1,1,0,2,1,2,0,0,1,1,8,0,2,1,15,4,1,0,3,1,38,5,7,4,0,0,1,0,0,1,0,7,7,0,3,0,2,1,0,1,7,0,4,0,6,8,0,6,4,1,2,0,18,0,0,0,4,24,7,1,24,85,2,2,8,1,0,0,2,17,0,59,0,1,0,0,0,3,0,0,19,34,0,0,0,3,1,0,0,3,0,0,16,2,1,1,0,0,2,3,0,0,0,5,0,1,0,0,0,2,1,4,3,9,2,2,13,0,21,1,4,3,1,9,0,2,3,32,1,1,1,6,2,0,0,0,14,0,2,0,2,1,8,1,3,1,0,0,58,7,4,0,5,0,7,58,12,0,0,0,13,22,0,30,1,3,0,3,0,1,1,5,0,11,11,3,2,1,0,0,0,1,1,3,11,0,7,0,0,0,16,1,0,1,46,0,0,22,0,0,4,1,0,0,5,0,0,2,0,22,73,0,3,2,0,4,2,1,4,3,16,0,2,0,2,10,65,6,14,3,7,5,43,0,1,50,0,1,0,1,26,0,15,3,0,12,1,0,3,2,1,39,0,1,7,5,8,3,2,0,8,0,1,0,0,1,0,0,50,0,0,3,0,26,2,11,0,8,1,2,55,1,3,7,0,13,1,0,0,0,2,1,0,48,2,7,2,9,3,0,9,2,0,4,5,0,2,0,2,16,0,1,0,9,2,7,0,1,24,0,40,0,0,6,15,11,1,0,1,0,2,1,2,2,7,5,0,10,3,1,0,0,4,0,0,0,2,0,0,15,1,2,1,0,1,2,2,0,2,0,3,20,5,0,0,13,0,0,0,0,7,11,0,3,0,0,1,14,7,1,1,4,0,0,2,0,0,0,0,0,0,0,0,0,19,0,18,1,0,0,4,3,2,0,2,2,4,1,0,2,2,2,0,2,14,0,2,0,8,0,1,0,1,2,0,6,12,2,3,4,0,0,0,5,1,5,0,20,3,0,2,3,0,0,0,6,0,0,1,0,18,2,2,7,0,3,0,0,0,13,28,0,2,0,0,1,2,35,34,7,1,3,3,28,0,8,1,12,0,2,0,1,0,1,22,2,1,0,7,37,2,0,1,2,0,1,9,0,0,0,0,0,0,0,5,22,0,0,1,0,5,0,0,2,12,0,0,0,5,1,9,4,0,2,0,0,2,1,0,0,20,19,0,4,11,5,1,18,0,0,2,0,0,3,9,0,1,13,0,52,0,1,0,0,5,0,0,0,3,16,29,0,34,15,2,1,0,3,1,0,0,0,3,2,0,8,7,29,4,3,1,0,0,14,1,3,4,3,0,10,15,36,2,2,19,13,0,6,0,0,0,3,2,0,0,0,4,4,1,4,8,0,2,6,3,0,2,1,3,0,7,0,2,0,0,0,0,0,7,2,0,0,0,0,0,0,0,1,0,5,1,0,2,0,4,0,0,7,5,0,0,0,14,0,16,47,0,0,0,0,0,0,0,0,0,2,3,0,2,0,0,2,0,0,1,0,2,0,0,0,3,0,2,12,3,0,25,0,0,6,1,8,0,0,1,0,52,0,1,7,0,38,0,0,5,0,0,1,88,0,2,0,0,2,0,0,1,60,0,0,20,0,7,49,2,0,4,1,0,0,7,13,"Barn (94), White (88), Black (85), Feeding (85), Large (73), Light (65), Clean (61), Windows (60), Filled (59), Hay (58), High (58), Modern (55), Ceiling (52), Spacious (52), Warm (52), Lit (50), Metal (50), Wooden (49), Natural (48), Troughs (47)"
basic_country_no_revise,New Zealand,dairy,"A dairy farm in New Zealand.I NEED to test how the tool works with extremely simple prompts. DO NOT add any detail, just use it AS-IS:",dall-e-3,1,0,2,0,0,0,0,4,1,38,2,3,1,1,0,1,0,12,7,4,2,1,12,0,9,32,1,0,0,5,0,4,8,3,5,11,0,1,0,1,0,0,3,0,1,0,0,0,1,0,0,1,4,3,14,0,0,1,87,5,0,0,0,1,3,1,0,0,12,1,1,14,15,2,1,0,1,0,0,81,0,2,2,0,9,1,0,1,4,1,2,1,1,1,1,0,0,2,0,3,0,0,0,4,6,4,11,9,0,1,0,5,18,10,0,0,1,30,2,20,2,0,1,0,0,35,12,3,1,2,26,3,11,0,17,2,2,2,0,1,0,0,0,1,0,0,0,0,0,23,2,2,10,0,0,4,1,0,0,23,15,1,2,5,7,0,0,1,0,6,0,3,0,1,0,0,0,1,0,7,0,6,0,0,0,5,0,2,0,3,3,2,1,0,5,0,8,1,2,1,0,13,0,0,3,2,0,18,3,0,0,0,5,34,0,0,0,0,0,0,0,3,0,0,0,2,1,0,6,0,2,0,3,8,0,0,14,1,2,0,0,2,8,19,0,0,2,21,4,0,3,0,0,0,1,0,1,5,0,0,0,0,10,1,0,1,1,0,0,0,3,1,1,5,15,4,0,0,3,4,13,0,2,2,7,1,2,0,0,5,6,0,0,0,1,10,0,0,0,12,2,0,0,8,1,17,3,8,14,0,2,2,0,0,2,0,0,2,0,1,1,1,1,1,2,2,0,1,0,1,11,0,8,0,0,1,0,12,0,0,0,0,16,17,0,18,58,0,5,10,11,0,0,2,18,0,44,0,6,2,0,0,9,0,0,8,25,0,0,0,0,0,1,1,1,0,1,3,2,1,0,0,1,0,3,1,0,0,5,0,1,0,0,0,6,4,4,2,3,1,0,38,1,31,0,4,16,0,3,0,2,22,64,0,1,0,17,4,0,0,0,3,0,2,0,0,1,13,1,5,0,0,0,37,1,7,0,5,0,21,41,22,3,0,1,60,8,2,22,0,2,0,4,0,4,1,3,0,29,13,4,8,6,0,0,0,1,1,0,10,0,4,1,2,0,21,0,1,0,39,0,1,5,1,0,0,2,0,1,1,0,1,2,0,56,67,0,12,7,1,13,3,1,1,0,9,1,3,0,0,23,63,11,14,3,12,14,43,0,0,25,0,1,0,0,23,0,13,7,1,33,5,0,2,0,0,18,0,2,18,5,2,0,0,0,2,0,1,0,0,0,0,0,43,5,0,8,0,17,0,9,0,20,1,2,42,0,4,16,5,40,1,1,0,1,2,0,5,47,6,7,1,5,3,1,0,0,1,15,2,0,0,1,0,35,1,0,0,9,0,5,2,3,16,1,20,0,0,13,5,7,0,0,0,0,1,2,1,1,18,12,1,37,7,8,0,0,17,0,0,0,0,1,0,19,2,2,5,0,0,0,0,0,0,0,2,6,1,0,0,43,0,0,0,2,8,4,0,2,0,0,0,10,0,1,0,0,0,0,0,0,0,1,2,0,0,0,0,0,17,0,9,0,0,0,0,1,0,0,0,0,0,1,1,1,0,3,0,0,11,0,2,0,8,0,3,0,1,1,0,2,6,1,10,5,0,0,1,2,0,4,0,17,2,3,0,1,0,0,0,0,3,5,2,0,13,6,3,8,3,11,0,0,0,55,37,0,4,0,1,0,0,8,35,2,1,5,5,56,0,5,1,11,0,3,0,0,1,0,20,1,1,1,2,65,4,0,11,3,0,1,19,0,4,2,0,3,0,0,1,4,0,2,0,0,9,1,0,6,18,1,1,0,7,2,7,12,0,1,0,1,4,7,0,0,47,22,0,6,9,8,3,4,0,0,1,0,0,40,23,0,0,6,1,37,0,0,0,0,5,0,0,0,2,6,16,0,24,6,3,3,0,2,1,0,0,0,5,6,0,9,6,12,6,5,2,0,1,18,1,4,6,1,0,8,21,31,1,0,28,26,0,9,2,1,4,11,5,1,0,0,2,4,0,4,1,0,0,8,1,0,1,0,2,0,0,0,1,0,1,0,0,0,0,0,0,0,1,0,0,0,0,0,0,3,0,1,1,0,1,0,0,12,15,0,0,1,19,0,6,37,0,0,0,0,0,0,0,0,0,1,5,0,11,0,1,1,0,0,0,0,0,0,1,0,3,0,6,16,11,0,41,0,0,7,0,3,0,0,1,0,66,1,0,7,0,15,0,0,8,0,0,1,81,0,0,0,0,4,0,0,0,23,1,0,3,0,4,25,2,0,0,0,0,0,6,8,"Barn (87), Black (81), White (81), Large (67), Warm (66), Serene (65), Green (64), Light (63), Hills (60), Feeding (58), Landscape (56), Rural (56), Rolling (55), Natural (47), Sky (47), Filled (44), Lined (43), Metal (43), Picturesque (43), Modern (42)"
basic_country_no_revise,the United States,pig,"A pig farm in the United States.I NEED to test how the tool works with extremely simple prompts. DO NOT add any detail, just use it AS-IS:",dall-e-3,0,0,0,0,5,1,0,3,0,14,2,0,1,0,0,0,0,2,4,0,0,2,17,0,6,13,0,2,0,2,2,10,24,3,4,33,0,0,0,2,0,1,2,0,5,2,3,0,0,1,0,2,3,1,0,0,0,0,78,1,0,0,0,6,9,0,0,0,2,0,1,14,0,5,10,0,0,0,0,0,0,0,0,0,3,0,1,0,5,0,0,0,0,0,1,0,0,0,0,38,2,0,0,3,0,0,0,1,0,6,9,0,5,41,0,0,6,0,1,3,0,0,0,0,0,26,4,2,2,0,34,3,3,0,17,0,0,0,0,0,1,1,0,0,0,0,0,0,0,28,2,2,1,0,0,16,18,0,3,2,1,0,0,1,0,0,4,3,0,0,1,0,0,9,0,0,0,0,0,2,0,9,0,0,0,0,2,2,2,1,1,3,2,0,1,0,0,3,0,2,1,15,1,0,0,0,0,20,0,0,0,2,13,49,0,1,12,0,0,0,5,39,3,0,0,0,1,1,1,5,1,0,0,0,5,0,19,0,4,0,2,0,34,26,13,2,0,35,3,0,1,0,5,0,2,0,1,0,0,0,0,0,4,0,0,3,2,0,0,0,1,1,0,1,3,55,0,0,2,0,4,2,5,8,5,1,0,1,11,6,4,0,0,3,3,22,0,1,4,3,0,0,0,8,2,46,2,3,2,0,4,0,0,0,5,1,0,12,2,0,2,26,2,0,3,5,0,11,3,17,5,7,23,1,1,0,0,34,0,0,1,5,5,1,9,13,19,0,7,2,0,1,0,0,3,1,31,3,6,4,2,3,1,0,0,0,49,4,5,3,0,0,0,0,0,0,1,16,1,0,0,0,0,0,0,0,0,3,0,3,0,0,0,0,8,1,0,5,0,0,3,30,4,16,0,1,0,0,0,0,0,0,5,0,0,0,4,16,1,0,0,1,0,3,0,0,2,8,0,0,3,0,4,2,0,0,0,15,0,0,33,11,3,1,0,1,3,0,0,8,2,0,34,0,6,2,1,0,1,3,12,13,4,0,0,0,0,1,0,11,21,30,1,0,3,13,1,1,1,34,0,0,14,1,0,1,0,0,2,1,0,0,1,0,1,94,1,2,4,0,2,0,0,15,0,11,3,7,1,2,2,47,45,19,2,18,0,13,1,0,44,11,15,0,0,36,0,41,2,1,1,8,0,0,0,0,14,0,0,0,5,1,15,1,0,1,0,12,0,0,2,0,0,54,0,0,0,0,1,0,0,0,3,0,2,18,2,2,3,0,1,1,3,3,5,1,0,20,44,3,3,0,0,0,2,1,0,10,46,2,0,0,0,1,8,3,2,0,18,1,1,0,4,15,1,19,0,0,1,5,24,0,12,0,0,1,4,0,0,1,1,0,1,0,0,2,0,0,0,1,1,0,0,0,1,0,0,0,0,3,14,0,62,3,0,15,12,24,0,0,5,0,6,7,0,1,62,3,8,0,0,0,1,5,0,0,2,1,0,0,0,0,2,0,0,3,0,0,0,7,0,6,0,0,0,1,12,0,1,2,1,1,0,0,1,0,0,0,6,39,0,0,0,7,0,0,0,0,2,0,7,27,1,1,1,0,1,0,1,0,2,0,1,1,1,0,0,0,0,1,6,0,0,1,0,6,0,0,4,0,0,0,0,1,1,6,0,0,8,0,0,0,3,64,2,1,4,2,3,0,3,22,1,0,0,0,0,0,3,37,1,7,0,7,11,9,0,3,1,0,0,9,0,0,0,0,0,0,1,0,8,2,0,8,0,0,0,0,2,12,0,0,0,0,1,2,2,0,11,0,4,0,0,2,29,3,6,29,20,2,3,0,5,1,0,2,44,11,0,8,0,1,21,4,53,0,3,0,0,1,1,0,0,0,0,1,0,31,6,0,0,1,0,0,0,0,0,0,0,1,26,1,39,6,3,0,7,2,9,7,1,0,1,0,12,8,30,2,0,6,7,0,4,0,0,0,2,0,0,0,0,8,0,0,0,1,0,0,1,0,0,0,0,0,0,4,0,2,0,0,0,0,0,0,0,0,0,1,2,0,0,0,0,0,5,0,0,1,0,0,0,0,0,0,0,0,0,0,0,5,6,0,0,0,0,0,0,0,0,3,0,2,0,0,0,0,1,0,1,3,3,0,0,0,0,3,0,0,1,9,0,42,0,0,9,0,5,0,0,5,0,61,4,22,3,4,15,0,0,6,0,0,0,7,0,0,0,0,0,0,0,1,54,0,0,0,0,1,10,1,4,3,0,0,0,3,5,"Large (94), Barn (78), Rows (64), Pens (62), Pink (62), Warm (61), Ears (55), Metal (54), Windows (54), Spacious (53), Creating (49), Floor (49), Light (47), Environment (46), Numerous (46), Lighting (45), Lit (44), Natural (44), Snout (44), Visible (42)"
basic_country_no_revise,Spain,pig,"A pig farm in Spain.I NEED to test how the tool works with extremely simple prompts. DO NOT add any detail, just use it AS-IS:",dall-e-3,1,0,0,0,6,1,1,5,2,26,0,1,0,1,0,0,0,1,2,0,6,4,14,2,6,18,0,1,0,2,2,7,18,10,3,25,0,1,0,3,0,1,2,0,1,2,2,0,0,1,3,0,3,3,2,0,1,0,79,1,0,0,0,4,6,0,0,0,7,0,0,10,4,5,4,0,0,0,0,0,0,2,0,0,1,0,9,1,5,0,0,0,0,0,0,0,0,0,1,24,0,0,0,1,2,0,5,1,0,10,8,0,4,41,0,0,3,0,2,7,1,0,0,0,0,33,3,0,3,0,30,9,3,1,20,0,0,1,0,1,0,0,0,0,0,0,0,1,0,20,6,1,1,1,0,10,11,0,0,4,5,0,0,0,0,0,7,1,1,1,1,2,0,4,0,0,0,0,0,1,0,9,0,0,0,1,0,4,3,0,1,2,0,0,0,0,1,8,1,2,0,4,0,0,0,0,0,26,3,0,0,0,12,52,0,0,2,0,0,0,8,45,2,0,0,0,0,0,5,3,1,0,1,0,8,0,19,0,3,0,0,3,32,34,15,3,0,19,7,0,0,0,2,0,0,0,2,0,0,0,0,0,12,0,0,0,1,0,0,0,0,3,3,0,3,57,0,5,3,1,8,3,8,1,2,0,0,1,3,4,5,0,0,4,3,15,1,2,7,10,0,1,0,8,0,42,1,5,5,0,1,0,0,0,6,3,1,21,2,2,1,17,4,0,2,6,0,17,1,11,14,0,18,1,0,0,0,19,0,0,0,13,5,2,3,9,29,1,2,4,0,2,0,0,7,0,35,5,3,2,0,0,0,0,0,4,45,4,4,4,0,0,0,0,0,0,2,20,0,0,5,0,0,0,2,0,0,2,0,0,1,0,0,0,12,2,1,15,0,0,1,25,3,24,0,4,0,0,2,0,0,0,3,0,0,0,18,21,1,0,0,0,0,3,0,2,0,6,0,0,0,0,1,3,0,2,0,16,0,0,42,14,6,0,0,10,5,0,0,10,5,0,21,0,4,1,3,0,0,9,7,8,1,0,0,0,1,3,1,6,18,20,4,0,8,24,0,2,4,27,0,0,10,0,0,1,0,0,0,0,0,0,1,0,16,90,1,1,4,0,1,2,0,9,0,10,10,6,1,0,7,69,30,9,5,10,1,7,0,0,40,20,10,0,0,36,1,34,5,0,2,11,0,0,0,1,11,0,0,3,2,0,12,0,0,0,1,6,0,0,0,0,0,34,0,0,2,0,0,0,0,0,1,1,4,10,4,5,3,2,11,1,5,13,20,1,0,6,54,2,0,2,0,0,0,3,1,0,53,0,0,0,0,0,21,2,3,0,16,0,2,0,1,17,0,16,0,1,2,5,11,0,14,0,0,1,2,0,0,5,5,0,3,0,0,3,0,2,0,1,0,0,0,0,8,0,1,1,0,1,6,0,49,0,0,18,15,10,0,0,6,0,12,9,0,0,55,1,5,0,0,0,0,2,0,0,0,9,0,0,0,0,2,0,0,2,0,0,0,4,0,11,0,1,0,0,7,0,4,0,0,0,0,0,0,1,0,0,5,38,0,0,0,4,1,3,0,0,1,0,5,20,2,4,4,0,4,0,3,0,4,0,10,2,0,0,2,0,1,2,6,0,0,1,0,7,0,1,8,0,0,0,0,3,10,13,0,1,13,0,0,0,3,45,4,0,5,1,8,0,4,14,13,0,1,0,0,0,2,22,2,16,0,0,28,11,0,5,2,0,0,19,0,0,0,0,2,0,0,0,7,0,0,3,0,0,0,0,6,16,0,0,1,0,2,1,1,0,4,0,8,1,0,1,24,13,6,13,22,1,5,0,0,2,1,1,44,8,1,16,1,2,14,1,67,0,2,0,0,2,0,0,0,0,1,2,0,28,11,0,0,1,0,0,0,0,0,0,0,0,23,4,39,7,4,1,5,0,14,5,1,2,1,0,13,19,41,2,0,12,12,0,9,1,0,2,5,2,2,0,0,4,0,0,0,0,0,2,4,0,0,0,0,0,0,3,0,6,0,0,0,0,0,0,2,0,0,1,1,2,0,0,0,0,6,0,0,0,0,0,0,0,1,3,0,0,0,0,0,4,14,0,0,0,0,0,0,0,0,3,0,0,0,1,0,0,2,0,0,2,2,0,0,0,0,6,0,3,4,11,0,39,1,0,6,1,3,0,0,9,0,60,0,11,5,2,9,0,0,7,0,0,1,6,0,5,0,0,0,0,0,2,56,0,0,0,0,1,6,0,1,1,0,0,0,0,2,"Large (90), Barn (79), Light (69), Spacious (67), Warm (60), Ears (57), Windows (56), Pink (55), Natural (54), Numerous (53), Creating (52), Pens (49), Curious (45), Floor (45), Rows (45), Snout (44), Environment (42), High (42), Camera (41), Sunlight (41)"
basic_country_no_revise,Australia,pig,"A pig farm in Australia.I NEED to test how the tool works with extremely simple prompts. DO NOT add any detail, just use it AS-IS:",dall-e-3,0,0,0,0,5,0,1,6,0,24,1,3,1,1,0,1,0,3,3,3,2,0,1,0,8,23,1,1,1,3,2,16,16,6,4,18,0,0,0,2,0,0,1,0,1,0,1,0,1,0,3,2,0,2,4,0,1,2,84,2,0,0,1,11,5,0,0,0,3,0,0,13,2,6,8,0,0,0,0,0,0,1,1,0,4,1,5,1,3,0,1,0,0,0,1,0,0,0,0,16,1,0,6,3,3,0,1,2,0,14,6,0,7,47,0,0,1,1,1,12,3,0,0,0,0,31,4,2,2,0,31,2,3,2,3,0,0,2,0,1,0,2,0,0,0,1,0,2,0,11,0,0,3,0,1,12,20,0,1,4,5,0,0,1,0,0,5,0,1,2,0,3,3,9,0,0,0,1,0,4,0,1,0,0,0,2,0,3,0,1,0,1,1,0,2,0,0,3,1,2,0,13,0,0,4,0,0,33,1,0,0,1,13,49,0,0,7,0,0,0,7,49,0,0,0,0,0,1,2,2,1,1,3,0,5,0,18,1,2,1,2,0,27,34,18,4,0,18,5,0,0,0,4,0,0,0,2,0,0,0,3,0,12,1,0,1,0,0,1,0,0,0,0,3,4,70,0,2,0,0,4,1,6,0,0,0,2,0,3,5,8,0,1,2,4,16,1,2,3,0,1,0,0,5,2,26,2,1,5,0,0,0,0,0,1,1,0,23,3,3,0,13,3,0,3,9,0,16,2,10,19,2,14,4,0,0,0,21,0,0,0,11,9,3,2,8,11,0,6,13,0,5,0,1,8,0,39,2,6,2,0,0,0,0,0,4,36,3,1,5,0,0,0,0,0,1,4,16,1,0,2,0,0,0,1,0,0,1,0,4,2,0,0,0,20,4,1,12,0,0,1,41,4,24,0,1,0,0,2,0,0,2,3,1,0,0,13,36,0,0,0,3,0,5,0,1,0,2,0,3,7,0,2,6,0,0,0,9,0,0,41,17,6,0,0,11,9,1,0,12,7,0,10,0,4,2,2,2,4,14,9,6,1,0,0,1,0,1,0,3,14,7,2,0,6,17,0,5,2,16,0,3,14,0,0,1,0,0,0,0,1,0,0,0,19,82,1,3,4,0,0,0,0,13,0,7,7,6,1,0,11,63,26,6,2,9,1,3,0,0,31,19,11,0,0,21,1,29,6,0,1,9,0,0,0,0,9,0,0,2,4,0,3,1,0,0,1,4,0,0,1,0,0,45,0,0,0,2,1,0,0,0,2,2,8,6,6,3,4,1,6,1,5,10,9,0,0,2,62,3,4,1,0,0,0,4,0,5,42,3,0,0,0,0,34,5,3,0,9,0,5,1,2,6,0,8,0,0,5,3,1,1,14,0,0,4,2,0,0,4,5,0,6,0,0,2,0,2,0,0,0,2,0,0,10,0,1,1,0,2,12,0,28,1,0,27,13,12,0,0,9,0,20,23,0,0,56,1,0,0,0,0,2,5,0,0,1,7,2,0,0,0,4,0,0,0,0,0,0,1,1,6,0,0,0,0,5,0,3,1,2,1,0,0,0,0,0,0,2,43,0,0,0,14,0,2,0,0,0,0,4,14,0,2,2,0,3,0,0,0,3,0,2,0,0,1,1,1,1,2,12,0,1,1,0,5,1,1,9,0,0,0,0,2,9,20,1,1,23,0,0,0,4,26,2,0,4,2,22,0,10,6,17,0,0,0,0,1,6,28,2,2,0,5,25,9,0,1,2,0,0,10,1,0,0,0,4,0,0,0,14,0,0,5,0,2,0,0,10,16,0,0,0,0,0,1,0,0,6,0,5,2,2,0,42,18,15,8,23,2,3,1,4,1,1,3,43,13,1,15,3,1,20,0,51,0,0,0,0,3,0,0,0,0,0,1,0,38,11,0,0,0,0,0,0,0,0,1,1,0,32,5,24,7,1,1,0,2,10,4,2,0,2,0,9,21,30,2,0,10,12,0,5,1,1,2,4,2,2,0,0,1,0,0,2,1,0,3,5,0,0,1,0,1,0,2,0,3,1,0,0,0,0,0,0,0,0,1,0,2,0,1,0,0,6,0,0,1,0,1,0,0,2,3,0,0,0,11,0,4,1,0,0,0,0,0,1,0,0,0,0,1,0,0,0,0,3,2,0,2,2,0,0,0,0,1,0,3,3,9,0,47,0,0,3,0,0,0,0,1,2,67,0,5,3,1,14,0,1,0,0,0,1,6,0,10,0,1,0,0,0,3,31,0,0,3,0,3,12,2,0,0,0,0,0,4,10,"Barn (84), Large (82), Ears (70), Warm (67), Light (63), Natural (62), Pink (56), Spacious (51), Creating (49), Curious (49), Camera (47), Visible (47), Metal (45), Prominently (43), Snout (43), Numerous (42), Skin (42), Glow (41), High (41), Filled (39)"
typical_country,the United States,dairy,A typical dairy farm in the United States.,dall-e-3,3,1,0,5,7,5,8,17,2,67,26,2,27,3,0,0,1,6,12,0,0,0,0,0,0,1,1,0,0,0,1,10,4,7,1,6,0,2,0,0,3,0,8,0,5,0,0,0,11,1,0,8,0,2,2,0,4,36,94,23,1,0,2,0,0,0,8,0,10,0,0,0,2,0,0,0,1,3,20,89,0,3,0,0,63,0,0,4,4,0,7,0,0,2,0,0,1,1,0,40,1,0,0,10,22,10,10,27,0,15,1,1,2,0,0,2,2,0,0,29,0,3,17,4,0,10,2,1,0,1,0,0,15,0,3,1,0,10,0,4,0,0,3,1,0,0,0,1,24,0,0,0,46,0,0,1,0,0,0,68,7,0,4,0,0,2,2,1,1,2,1,0,0,0,1,3,2,1,0,9,0,0,0,2,1,0,0,0,0,1,0,1,0,0,3,1,0,1,0,2,1,19,5,0,0,8,3,7,0,0,0,0,1,27,0,15,0,0,11,11,0,0,0,0,0,1,7,0,12,0,22,1,1,5,0,0,9,11,0,0,4,0,0,37,0,0,0,39,11,2,2,0,8,0,0,4,7,31,1,1,43,2,3,0,0,16,0,6,0,1,0,0,0,0,7,0,0,0,0,0,1,0,2,0,0,0,1,1,0,1,14,1,1,1,0,0,1,14,0,20,0,0,0,13,6,4,28,1,29,0,0,2,0,0,21,0,0,0,0,0,0,8,7,2,1,0,0,0,2,0,0,0,0,39,24,18,2,27,2,3,0,3,27,27,0,9,12,0,21,23,23,5,0,21,58,1,18,1,0,0,4,0,3,0,5,0,0,0,0,0,0,5,0,1,57,18,0,6,0,1,0,0,1,0,1,2,1,1,0,0,1,0,6,0,2,3,6,2,0,1,1,5,0,12,0,13,41,1,19,14,1,87,100,3,0,0,18,6,0,0,0,2,0,2,5,1,0,0,0,8,33,12,0,46,0,1,1,2,2,11,2,0,0,0,2,56,19,2,8,0,10,3,0,0,0,1,5,0,75,0,1,1,0,0,2,0,0,0,1,0,0,0,3,0,0,31,0,4,0,2,0,0,0,2,0,3,0,0,1,0,2,1,0,2,78,94,1,6,1,0,14,3,2,1,2,28,0,0,0,0,30,9,3,0,0,11,8,1,1,0,0,0,5,4,1,6,0,1,4,0,95,3,3,2,0,5,13,0,0,0,3,0,1,0,0,1,0,1,0,3,0,0,0,10,2,0,12,5,8,0,11,0,5,1,8,2,0,0,8,0,2,1,0,0,0,37,0,0,4,6,39,2,14,0,0,0,0,1,19,8,2,0,0,5,36,0,0,1,1,2,5,1,0,4,0,5,6,0,2,39,9,1,0,9,0,0,0,41,1,1,7,0,36,29,20,3,2,29,2,0,0,1,2,1,19,19,0,0,3,0,0,0,1,16,0,0,16,0,2,3,64,1,0,0,2,0,5,0,0,3,1,0,3,19,0,2,0,0,0,3,1,0,0,9,0,3,9,0,0,0,0,14,0,1,0,1,1,1,0,1,0,0,1,3,0,3,15,0,4,21,1,1,0,3,1,1,2,1,1,0,0,0,1,0,0,0,0,0,1,1,92,0,2,0,2,0,0,1,0,1,4,0,21,2,1,19,1,0,2,10,4,2,1,1,63,79,0,5,0,2,0,0,0,8,1,0,0,8,88,0,6,1,46,0,0,0,2,1,7,31,3,0,0,3,65,1,0,5,1,2,2,6,0,3,2,0,0,0,1,0,27,1,2,1,0,0,0,0,0,0,0,0,0,8,0,37,40,11,4,0,0,2,3,0,0,91,0,0,0,1,21,27,3,1,0,0,0,0,0,4,0,0,0,0,0,0,0,0,0,4,5,3,0,0,0,1,11,20,31,0,1,0,0,1,0,2,3,12,6,0,33,4,0,0,17,3,9,0,5,1,7,0,1,2,2,9,7,0,16,9,9,0,0,0,0,0,36,9,0,0,1,0,1,0,0,0,0,0,49,1,1,0,4,0,4,31,0,0,0,0,0,3,3,1,0,0,0,1,0,0,3,5,2,1,5,0,0,47,9,20,6,0,5,24,0,0,1,57,20,2,0,8,1,0,0,1,1,0,1,0,0,6,1,1,7,2,20,0,1,3,1,0,0,0,0,0,0,56,2,4,5,53,0,0,10,1,0,0,0,0,1,20,1,0,9,0,37,4,3,1,1,5,0,96,0,0,0,6,6,17,1,0,37,12,0,7,0,0,33,11,0,2,15,1,2,1,1,"Green (100), White (96), Lush (95), Barn (94), Large (94), Red (92), Sky (91), Black (89), Rural (88), Grazing (87), Roof (79), Landscape (78), Idyllic (75), Clouds (68), Adding (67), Serene (65), Picturesque (64), Blue (63), Rolling (63), Fields (58)"
typical_country,Germany,dairy,A typical dairy farm in Germany.,dall-e-3,0,2,0,1,7,0,15,12,5,64,15,2,31,22,0,0,1,11,9,0,0,0,0,0,0,0,1,1,2,0,1,14,2,5,0,8,0,2,1,1,4,11,8,0,8,0,0,0,2,2,1,18,1,1,14,1,2,40,60,21,0,1,5,0,0,0,8,2,8,1,0,6,11,0,0,0,1,1,13,76,4,4,2,1,39,0,0,4,2,0,6,0,1,1,0,22,1,5,6,34,0,0,0,25,8,4,20,43,1,13,4,1,2,0,0,6,3,8,1,39,0,1,13,6,1,17,5,0,1,0,0,0,11,0,7,2,1,23,13,2,0,0,5,1,3,0,0,2,17,0,1,0,44,0,1,1,0,0,1,52,10,5,7,0,0,0,8,0,3,4,3,0,0,0,1,0,2,0,0,6,0,0,3,0,1,0,0,10,0,1,4,1,1,0,0,0,0,0,0,4,1,16,0,0,0,33,3,19,1,0,2,3,1,27,0,8,0,1,2,0,0,0,0,0,2,1,3,1,16,0,23,1,0,26,0,0,14,10,0,1,8,1,0,9,0,1,0,41,2,2,4,0,5,0,0,0,6,11,3,0,54,1,4,0,1,16,1,0,0,2,0,0,0,0,11,0,0,0,0,1,0,2,0,1,1,0,2,1,0,1,12,3,2,2,1,0,4,12,3,23,1,1,0,9,9,10,20,2,39,0,1,3,0,0,9,0,0,0,0,0,3,4,9,3,0,0,5,0,0,0,0,0,0,26,10,57,13,26,3,13,1,1,26,31,1,6,7,1,18,14,21,0,2,16,52,0,18,0,0,0,1,0,0,0,2,0,0,0,0,0,23,1,1,3,42,12,2,10,0,1,0,0,12,10,1,13,3,2,0,0,1,4,0,2,2,5,14,6,0,0,0,9,0,12,0,5,47,0,6,7,6,87,98,5,1,0,22,4,0,1,2,0,19,0,5,0,0,0,7,4,14,2,0,44,0,0,1,0,0,12,1,3,0,0,3,77,7,0,4,0,12,23,0,7,3,2,1,0,83,0,2,3,0,0,1,0,0,1,2,0,0,0,1,0,0,14,0,3,0,0,1,0,2,2,0,0,1,0,2,0,0,2,0,2,80,77,3,11,0,0,9,2,5,0,0,20,0,0,0,0,42,12,8,0,4,7,5,2,3,1,1,7,1,1,2,10,0,0,2,0,96,2,0,1,0,9,13,1,0,10,3,0,0,3,0,1,0,0,1,1,0,0,1,10,0,0,18,0,13,2,7,1,4,1,10,11,0,0,13,0,13,0,0,0,0,23,0,1,9,1,32,2,17,6,0,0,0,0,18,0,0,0,2,0,17,0,0,0,2,2,2,0,1,1,0,3,17,0,2,14,5,1,0,2,0,0,0,26,3,3,10,1,47,29,14,10,2,13,1,0,0,1,2,1,13,33,0,0,3,0,0,0,0,15,2,0,8,0,0,0,88,0,0,0,0,0,1,0,0,8,2,1,2,3,0,2,0,0,0,5,0,0,2,1,0,0,2,0,0,2,0,10,0,2,0,2,1,0,0,4,0,1,0,0,0,7,5,0,3,12,3,2,0,8,0,0,1,0,1,2,0,0,0,2,0,0,0,0,2,1,75,0,2,0,0,0,0,4,0,0,3,1,8,2,2,10,4,3,1,7,1,0,2,0,80,79,1,24,0,4,0,0,0,5,0,0,0,9,93,0,17,0,53,0,0,0,0,1,6,34,3,1,0,1,81,1,0,13,0,6,2,13,1,5,13,1,0,0,0,0,6,1,2,1,0,3,3,8,0,0,2,3,0,3,2,12,8,2,9,0,1,0,6,0,0,78,1,0,0,5,34,26,0,3,0,0,0,0,8,14,1,0,0,1,0,0,0,0,0,1,16,6,2,0,0,2,2,10,21,1,1,1,0,28,8,0,8,11,2,1,4,10,0,1,21,2,6,1,10,0,12,2,8,2,6,4,13,0,17,8,5,4,0,0,0,0,38,20,2,1,1,0,1,0,0,0,0,1,27,0,0,1,3,2,2,24,0,0,0,1,5,1,1,0,47,13,19,2,0,0,2,4,0,0,18,5,2,26,5,82,0,0,9,19,0,0,2,73,1,3,1,0,0,0,0,1,5,0,1,0,1,5,2,3,0,10,20,0,2,2,0,0,0,0,2,0,6,47,0,0,4,41,0,0,12,1,0,0,0,24,3,27,1,0,8,0,16,1,2,0,0,0,0,80,0,0,6,7,11,17,1,0,43,3,1,6,2,10,61,12,0,2,12,0,1,0,0,"Green (98), Lush (96), Rural (93), Picturesque (88), Grazing (87), Idyllic (83), Traditional (82), Serene (81), Landscape (80), Rolling (80), White (80), Roof (79), Sky (78), Hills (77), Large (77), Black (76), Red (75), Trees (73), Adding (64), Wooden (61)"
typical_country,New Zealand,dairy,A typical dairy farm in New Zealand.,dall-e-3,0,2,0,5,1,1,6,13,2,82,15,4,11,1,0,0,0,4,7,1,1,0,0,0,0,0,0,0,4,0,0,8,3,2,1,5,0,2,0,1,0,3,13,0,5,0,0,0,2,0,0,2,0,0,16,0,0,15,72,12,1,0,2,1,0,1,4,2,6,0,0,1,22,0,0,0,4,2,18,70,0,3,3,1,71,1,0,3,0,2,18,0,0,0,0,0,0,7,0,42,0,1,1,17,6,5,3,42,3,4,0,1,5,0,3,2,1,32,1,32,0,0,5,0,0,12,7,1,1,2,0,0,4,0,5,1,4,4,16,0,0,0,1,0,3,2,0,1,6,1,0,0,56,0,0,0,0,0,0,68,6,3,19,0,0,0,5,1,5,12,1,0,0,0,0,0,2,4,0,13,0,0,0,0,3,0,0,3,0,0,0,1,0,0,2,1,1,2,4,1,0,27,0,0,6,19,2,25,6,0,0,1,1,26,1,4,0,1,0,0,0,0,0,0,0,3,1,1,4,0,17,0,0,9,0,1,27,3,0,1,5,0,0,25,0,0,2,33,5,0,2,0,5,3,2,0,2,2,0,4,59,2,9,3,0,4,1,0,0,1,0,4,0,0,4,0,0,0,0,4,0,1,0,0,0,0,11,1,0,0,15,4,1,0,3,0,0,7,0,28,1,0,0,10,0,11,16,0,32,0,0,1,0,0,12,1,0,0,0,0,4,3,7,3,0,0,0,0,2,1,0,0,0,21,7,33,1,11,1,5,0,0,28,24,1,2,3,2,29,27,36,1,2,21,34,1,15,0,0,0,0,0,0,0,6,0,0,0,0,0,2,1,2,16,55,14,0,7,0,1,0,0,1,0,1,3,0,0,0,0,2,0,0,3,6,4,14,0,0,0,0,10,0,9,0,2,52,3,14,6,8,86,100,8,1,1,30,4,0,0,0,0,0,0,1,0,0,0,10,3,12,2,0,18,0,0,0,2,0,22,1,3,0,0,1,93,7,0,4,0,9,22,0,0,1,2,4,3,82,0,2,1,0,0,2,0,0,4,0,0,0,0,0,0,0,8,0,1,0,1,1,2,2,0,0,1,1,0,0,0,0,8,0,1,95,43,1,4,1,0,15,8,2,0,0,22,0,0,1,0,34,7,7,0,0,6,5,2,0,0,0,3,5,0,0,3,0,0,0,0,95,2,0,0,0,4,26,0,0,25,6,0,0,0,0,3,0,0,0,8,0,0,0,23,0,0,30,2,7,1,5,0,4,0,10,0,0,0,4,1,39,1,0,0,0,7,0,2,17,4,37,1,9,10,0,0,0,0,24,5,0,0,2,2,14,0,0,0,0,0,2,0,0,0,0,6,5,1,2,10,5,0,0,5,0,1,2,23,0,7,6,2,51,35,26,6,7,15,0,0,0,1,1,4,29,27,0,5,1,0,0,0,0,8,0,0,8,0,1,1,87,0,0,0,0,0,2,0,0,3,0,0,2,2,0,1,0,1,0,0,0,0,0,19,0,0,14,0,0,0,0,15,1,1,0,0,4,1,0,3,0,0,0,2,1,1,4,0,4,9,0,1,1,6,0,2,0,0,0,3,0,0,0,8,0,0,1,0,1,0,59,0,18,1,7,0,0,0,0,1,1,0,5,0,7,14,13,6,3,25,13,0,0,0,94,73,3,19,0,1,3,0,1,3,0,0,0,6,97,1,10,2,42,0,2,0,0,3,6,37,2,1,4,1,91,3,0,22,0,1,0,11,0,5,7,9,2,0,1,0,7,1,5,3,0,3,3,0,0,1,2,2,0,1,0,17,10,2,5,1,1,2,11,0,0,93,0,0,1,0,31,16,1,3,0,1,0,0,33,16,0,0,0,0,0,0,0,1,0,4,2,2,0,0,0,0,1,11,22,0,0,0,0,0,0,0,5,9,2,0,6,22,0,0,23,1,5,1,6,0,13,2,1,2,5,5,17,0,14,7,6,2,0,0,0,1,66,15,2,0,0,0,1,0,0,0,0,0,24,1,0,0,1,0,0,11,0,3,0,1,2,0,3,0,0,0,0,3,0,0,1,3,0,0,4,0,3,20,3,3,1,0,18,26,1,0,2,65,1,1,2,4,0,0,0,0,0,0,5,0,0,2,0,11,1,3,22,0,0,0,1,0,4,2,4,0,6,68,1,1,2,43,1,0,7,2,0,0,0,10,2,20,0,0,11,0,12,1,3,0,1,0,1,84,0,1,2,0,31,4,0,0,4,10,1,1,0,3,64,3,0,1,11,5,3,1,1,"Green (100), Rural (97), Landscape (95), Lush (95), Rolling (94), Hills (93), Sky (93), Serene (91), Picturesque (87), Grazing (86), White (84), Adding (82), Idyllic (82), Roof (73), Barn (72), Blue (71), Black (70), Clouds (68), Vibrant (68), Surrounded (66)"
typical_country,the United States,pig,A typical pig farm in the United States.,dall-e-3,0,2,2,0,11,12,14,13,1,46,15,1,30,2,4,0,2,5,16,6,1,0,0,1,0,1,2,0,0,1,1,21,9,9,7,10,0,0,0,1,2,4,16,0,2,0,0,1,6,3,4,10,0,3,5,0,0,18,84,27,2,3,5,0,0,1,0,0,1,0,0,0,1,0,0,0,0,2,11,9,1,2,0,0,53,0,0,1,11,0,3,1,0,2,0,0,1,0,1,30,0,0,0,9,17,6,4,15,0,34,6,0,6,0,0,0,5,0,2,36,2,0,12,1,0,5,5,2,1,0,0,0,11,2,8,0,0,3,0,6,1,3,1,0,1,0,0,3,26,0,3,0,46,0,0,0,0,0,1,62,12,0,1,0,0,0,13,0,7,8,0,1,0,0,0,1,1,1,0,11,1,0,0,0,1,0,0,6,0,1,1,8,0,0,7,0,0,0,0,1,2,19,23,1,2,9,4,2,0,0,2,2,1,21,2,37,0,1,6,6,0,0,0,0,3,0,10,3,3,2,31,0,2,4,0,5,6,12,0,1,16,0,0,17,0,1,0,37,2,1,1,0,4,1,2,3,16,26,0,0,12,1,1,0,0,25,4,3,1,0,0,1,0,0,6,1,0,4,1,0,4,0,1,0,1,0,1,0,0,4,10,1,1,2,26,0,1,17,1,7,3,1,1,1,9,12,9,3,36,2,0,0,1,0,24,2,0,0,0,0,0,3,16,0,0,0,0,0,1,0,1,0,0,34,24,5,0,24,1,1,1,1,18,24,1,21,33,0,19,62,29,2,1,26,60,0,37,0,0,0,5,1,1,2,2,0,0,0,0,0,0,0,0,0,55,14,0,35,1,4,1,0,0,0,2,1,0,25,0,0,0,4,10,0,4,0,1,2,0,1,0,4,0,8,1,19,17,4,18,0,0,27,57,3,0,1,25,28,1,1,0,0,0,4,3,1,0,0,3,5,27,15,3,26,0,0,0,12,0,1,0,3,1,0,0,18,16,1,0,0,14,4,0,0,6,1,3,0,28,0,0,1,0,0,8,1,0,5,1,1,0,1,4,0,0,39,1,5,0,1,0,0,0,0,1,4,1,0,4,0,0,1,0,1,59,93,2,5,1,2,3,1,4,3,2,15,0,0,0,1,42,8,4,0,5,12,7,1,1,0,0,11,8,0,0,6,0,1,0,1,38,5,0,1,0,3,19,1,3,0,3,0,3,5,1,0,2,0,1,0,1,0,1,15,1,0,9,4,0,0,0,0,1,0,8,1,1,1,4,0,1,1,4,5,16,22,1,0,4,5,35,2,10,0,0,0,0,2,47,21,0,0,1,5,49,0,1,0,6,8,2,0,1,3,1,12,1,1,1,52,9,2,0,12,3,1,1,21,0,1,11,1,37,4,3,10,3,9,2,4,2,3,0,0,19,0,0,0,1,0,11,0,15,15,7,0,15,0,1,0,15,0,1,5,0,0,29,0,0,11,1,0,1,18,2,4,0,0,1,7,0,5,0,2,4,1,4,1,1,3,2,23,0,2,0,0,2,2,3,8,1,0,0,0,0,15,18,0,4,13,1,0,4,5,4,3,0,0,1,0,0,1,0,0,0,0,1,1,0,0,83,0,3,0,0,0,0,0,0,0,4,1,22,0,1,16,0,0,0,1,3,0,7,41,22,54,0,13,7,0,1,0,0,23,0,1,0,3,76,0,7,1,52,1,0,0,1,2,8,21,1,4,0,5,32,0,0,4,0,8,6,8,2,1,4,0,2,0,0,0,26,2,3,1,1,0,0,1,1,1,0,2,1,2,0,27,27,2,5,1,0,2,2,16,2,85,0,0,1,2,16,12,1,0,0,0,0,0,0,2,5,0,2,0,3,0,0,1,2,2,5,3,0,0,0,0,6,14,24,0,1,0,0,1,2,2,0,20,8,1,28,0,0,0,13,4,19,1,5,1,7,0,5,3,5,3,5,0,19,3,3,3,0,0,0,2,31,13,0,0,0,0,0,0,0,1,0,0,32,0,0,3,9,0,0,37,0,1,0,1,0,2,1,0,0,0,0,0,0,1,4,2,0,1,6,1,0,28,7,16,3,0,0,12,1,1,7,38,17,5,8,2,0,0,0,0,1,0,0,0,0,10,3,0,1,2,31,9,8,10,2,0,0,0,1,1,0,57,1,4,2,53,0,5,18,0,0,0,5,2,2,13,0,0,14,1,31,1,7,1,5,1,1,48,0,2,0,2,2,7,1,2,28,1,0,4,1,8,40,9,0,8,13,0,1,2,1,"Large (93), Sky (85), Barn (84), Red (83), Rural (76), Clouds (62), Fenced (62), Fields (60), Landscape (59), Green (57), Vibrant (57), Fluffy (55), Roof (54), Blue (53), Visible (53), Overalls (52), Scattered (52), Open (49), White (48), Numerous (47)"
typical_country,Spain,pig,A typical pig farm in Spain.,dall-e-3,0,2,1,1,2,13,8,7,0,56,7,1,7,4,3,0,0,8,6,3,1,0,0,0,1,2,0,3,0,0,1,13,12,10,5,9,0,3,1,5,1,5,9,0,7,0,0,0,2,0,0,12,0,0,6,4,0,7,22,7,1,4,17,0,0,3,2,5,9,3,0,1,4,0,0,0,0,1,6,14,1,2,2,2,43,0,2,0,4,1,5,0,0,0,1,3,3,1,9,15,1,1,7,22,5,4,21,40,0,12,3,0,1,0,1,0,1,0,3,40,2,1,5,4,0,23,7,4,1,0,0,0,4,0,3,0,4,14,2,2,1,1,2,0,3,2,1,3,0,0,2,0,42,0,1,1,0,3,4,48,11,1,2,0,0,0,11,1,4,14,0,0,0,0,0,0,0,2,5,6,0,0,2,0,0,0,0,11,1,1,0,2,3,0,2,0,0,1,2,1,1,15,0,0,2,15,0,24,1,0,7,0,0,25,0,14,0,3,0,0,0,0,0,2,0,0,1,2,0,0,24,1,0,3,0,3,10,2,0,0,8,0,0,15,0,0,0,36,6,1,2,1,2,0,3,1,3,8,0,3,27,2,5,0,1,14,3,0,4,0,0,0,2,0,9,2,6,7,0,0,8,1,2,0,0,0,0,0,0,3,8,3,3,7,11,0,0,17,1,14,4,1,1,9,6,9,4,0,37,1,2,0,1,1,13,4,0,0,0,0,1,2,12,2,1,0,1,0,0,0,0,0,0,15,13,29,2,11,0,12,0,0,17,33,2,8,22,2,13,28,19,4,0,17,45,0,20,1,0,1,0,0,0,0,1,0,0,0,0,0,4,1,0,0,38,7,0,16,1,5,1,14,1,0,4,5,0,23,0,0,0,0,0,0,12,3,5,2,0,0,0,11,1,30,4,0,10,4,1,0,0,17,31,5,0,0,34,42,1,1,0,0,0,0,3,0,1,2,3,7,13,12,4,13,0,1,2,7,0,2,0,6,0,0,0,66,8,1,0,0,8,5,0,0,1,5,4,0,57,0,2,1,0,0,0,0,1,2,2,1,0,0,4,0,0,7,1,9,0,0,1,0,1,0,0,1,0,0,1,0,0,0,0,1,75,55,0,10,2,2,5,0,10,1,2,14,0,0,0,0,44,15,9,0,3,7,1,1,1,0,0,11,0,0,0,18,0,0,3,0,33,0,0,0,0,4,5,2,0,2,9,0,0,1,0,2,0,0,0,0,0,10,2,5,0,0,4,1,0,0,0,0,2,0,5,0,3,3,6,0,8,2,7,6,21,5,0,0,4,6,26,2,4,2,0,0,0,9,26,6,1,29,0,0,27,0,1,0,0,1,7,2,0,3,0,2,0,0,2,13,4,7,0,2,0,0,0,1,0,4,11,0,51,1,0,6,4,7,1,0,0,3,1,0,29,0,0,0,1,0,11,0,11,21,2,0,14,1,0,0,38,0,0,6,2,1,25,2,0,0,2,0,2,3,2,4,0,0,3,8,0,2,0,2,1,2,4,0,1,1,0,36,0,1,1,0,0,2,0,7,0,0,0,3,0,3,3,0,3,4,0,1,4,10,1,5,0,2,0,3,0,0,1,2,0,0,0,0,1,0,40,4,2,0,0,1,0,0,0,0,2,2,1,2,4,18,1,2,0,0,0,0,9,30,68,51,2,37,9,1,0,0,1,24,0,0,0,1,84,0,56,0,42,0,0,0,4,0,3,21,1,1,0,0,69,4,1,6,0,9,6,20,0,0,1,0,9,0,1,0,6,2,4,3,0,0,0,1,0,3,0,0,3,0,1,2,0,0,5,2,0,0,3,16,7,73,0,0,0,2,13,4,0,1,0,0,0,0,0,19,7,2,1,2,0,1,2,3,0,1,3,1,0,0,0,1,0,15,20,0,0,0,0,0,0,2,16,11,0,0,17,0,0,0,12,4,17,0,11,0,6,0,4,0,9,17,9,3,16,9,18,1,1,0,0,0,36,9,1,0,0,0,1,0,0,1,2,1,8,1,0,0,3,0,1,33,14,0,0,4,3,0,0,0,71,1,0,2,0,3,1,6,0,0,7,7,0,1,0,46,0,0,10,11,0,0,12,65,0,6,3,0,0,2,2,0,0,0,2,2,1,5,0,0,0,1,32,8,12,6,0,1,3,0,0,1,0,31,0,1,1,29,0,0,9,0,0,3,6,27,1,39,0,0,8,0,28,0,7,1,6,0,1,40,13,7,1,0,0,5,0,0,8,0,1,7,1,6,55,6,0,2,8,0,5,1,1,"Rural (84), Landscape (75), Sky (73), Tiled (71), Serene (69), Rolling (68), Hills (66), Trees (65), Idyllic (57), Adding (56), Rustic (56), Large (55), Wooden (55), Pastoral (51), Roof (51), Clouds (48), Traditional (46), Fields (45), Life (44), Blue (43)"
typical_country,Australia,pig,A typical pig farm in Australia.,dall-e-3,0,0,0,0,2,0,2,0,0,4,2,0,2,0,1,0,0,0,0,1,0,0,0,0,0,0,0,0,0,0,0,3,3,0,0,0,0,0,0,0,0,1,2,2,0,0,0,0,1,0,0,1,0,0,0,0,0,1,7,0,0,0,0,0,0,0,1,0,0,1,0,0,0,0,0,0,0,0,1,1,1,1,0,0,5,0,0,0,2,0,0,0,0,0,0,0,0,0,0,4,0,0,2,2,1,1,0,0,0,3,0,0,0,0,2,0,0,0,0,5,0,0,2,0,0,2,0,0,1,0,0,0,2,0,0,1,0,0,0,1,0,0,0,0,0,0,0,0,0,0,0,0,6,0,0,0,0,0,0,6,0,0,0,0,0,0,1,0,1,1,0,0,0,0,0,0,0,0,0,1,0,0,0,0,0,0,0,0,0,0,0,0,0,0,1,0,0,0,0,0,0,0,0,0,3,0,1,2,0,0,0,0,0,4,0,1,0,0,0,1,0,0,0,0,0,0,0,0,0,0,5,0,0,0,0,0,1,0,0,0,0,0,0,0,0,0,0,4,0,0,1,0,0,0,0,0,2,2,0,0,4,0,0,0,0,1,1,0,0,0,0,0,0,0,0,1,0,0,0,0,1,0,0,0,0,0,0,0,0,0,1,1,0,1,1,0,0,1,1,1,0,0,1,1,0,3,1,0,5,0,0,0,1,0,4,0,0,0,0,0,1,1,0,0,0,0,0,0,0,0,0,0,0,3,1,1,0,1,0,0,0,0,1,3,0,1,2,0,1,5,2,2,0,1,2,0,3,0,0,0,0,0,0,1,0,0,0,0,0,1,0,0,0,0,5,1,0,2,0,1,0,2,0,0,1,0,0,3,0,0,0,0,0,0,2,0,0,0,0,0,0,1,0,1,0,0,1,0,2,0,0,1,4,0,0,0,3,3,0,0,0,0,0,1,0,0,0,0,1,1,4,3,0,1,0,0,0,0,0,0,0,0,0,0,0,2,0,1,0,0,0,0,0,0,1,0,1,0,3,0,0,0,0,1,0,0,0,1,0,0,0,0,0,0,0,1,0,2,0,0,0,0,0,0,0,1,0,0,0,0,0,0,0,0,7,8,0,0,0,0,0,0,2,0,0,1,0,0,0,0,7,1,0,0,0,0,0,0,0,0,0,1,1,0,1,1,0,0,0,0,3,0,0,0,0,0,0,0,0,1,0,0,1,1,0,0,0,0,0,0,0,0,0,3,0,0,0,0,0,0,0,0,0,0,0,0,0,0,0,0,0,0,0,2,2,1,0,0,0,0,2,0,0,0,0,0,0,0,3,1,0,0,0,0,5,0,0,0,0,2,1,0,0,0,0,2,0,0,0,3,1,0,0,1,0,0,0,0,0,0,0,0,2,0,0,0,0,0,0,0,0,0,1,0,4,0,0,0,0,0,1,0,0,2,0,0,1,0,0,0,3,0,0,1,0,0,4,0,0,0,0,0,0,3,0,0,0,0,1,1,0,0,0,0,0,0,0,0,0,0,0,2,0,0,0,0,0,0,0,1,0,0,0,0,0,0,1,0,0,0,0,0,0,2,2,0,1,0,0,0,0,0,1,0,0,0,0,0,1,0,5,2,0,0,0,0,0,0,0,0,0,0,0,0,1,1,0,0,0,0,0,0,1,3,2,9,0,0,0,1,1,0,0,1,0,0,0,0,9,0,3,0,4,0,0,0,0,0,1,2,0,0,0,0,2,0,0,1,1,2,0,1,0,0,0,0,1,0,0,0,4,0,0,0,0,0,0,0,0,1,0,0,0,0,0,2,1,0,0,0,0,0,0,1,1,9,0,0,0,0,2,0,0,0,0,0,0,0,0,0,1,0,0,0,0,2,0,0,0,0,0,1,0,0,0,0,0,1,2,0,0,0,0,0,0,0,0,0,0,0,3,0,0,0,0,0,1,0,2,0,0,0,0,1,0,0,2,0,4,1,2,1,0,0,0,0,5,0,1,0,0,0,0,0,0,0,0,0,4,0,0,0,0,0,0,5,0,0,0,0,1,0,0,0,0,0,0,0,0,0,0,2,2,0,0,0,0,2,1,1,1,0,1,1,0,1,0,9,1,0,1,0,0,0,0,0,0,0,0,0,0,1,0,0,0,2,3,1,0,0,1,0,0,0,0,0,0,7,0,0,0,7,1,0,2,0,0,0,1,0,0,2,0,0,0,1,6,0,0,0,0,0,0,5,0,2,0,0,0,1,0,0,2,0,0,0,0,0,4,1,0,2,0,0,0,1,0,"Roof (9), Rural (9), Sky (9), Trees (9), Large (8), Barn (7), Landscape (7), Life (7), Vibrant (7), Visible (7), Clear (6), Clouds (6), Wearing (6), Blue (5), Capturing (5), Day (5), Essence (5), Fenced (5), Fluffy (5), Open (5)"
typical_country_no_revise,the United States,dairy,"A typical dairy farm in the United States.I NEED to test how the tool works with extremely simple prompts. DO NOT add any detail, just use it AS-IS:",dall-e-3,0,0,0,0,0,0,0,1,0,5,1,0,1,1,0,0,0,1,1,0,0,0,2,0,2,0,1,1,0,1,1,1,0,1,0,4,0,0,0,1,0,0,1,0,0,0,0,0,0,0,0,0,1,0,0,1,0,1,10,0,0,0,0,1,0,0,1,0,0,0,1,3,0,0,1,0,0,0,3,7,0,1,0,0,0,1,0,0,0,0,0,0,1,0,1,0,0,0,0,0,0,0,1,1,3,1,0,0,0,1,0,0,1,2,0,0,0,0,0,0,0,0,0,0,0,3,0,0,0,0,6,0,0,0,4,0,0,2,0,0,0,0,0,0,0,0,0,0,0,4,1,1,1,0,0,1,0,0,0,2,0,0,0,1,0,0,0,0,0,0,0,0,1,0,1,0,0,0,0,0,0,0,0,1,0,0,0,0,0,0,0,0,0,0,0,0,0,0,0,2,0,2,0,0,0,0,0,0,1,0,0,0,1,4,0,0,0,0,1,0,0,0,0,0,0,0,0,0,0,0,0,0,0,0,0,0,0,0,0,0,0,0,2,0,0,0,0,1,1,0,1,0,0,0,0,1,1,1,0,0,1,0,0,0,0,0,0,0,0,0,0,0,0,1,1,0,0,0,0,2,0,0,0,1,1,0,1,0,0,1,0,0,0,0,0,2,0,1,0,4,0,0,0,1,0,4,1,1,0,1,0,0,0,0,0,0,0,0,0,0,0,0,0,0,0,0,1,0,0,1,0,0,2,0,1,0,0,1,0,0,0,0,3,0,0,3,8,0,0,1,0,0,0,0,2,0,7,0,0,0,2,1,1,0,0,1,2,0,0,0,0,0,0,0,2,2,0,2,0,0,0,0,0,0,0,0,0,0,0,0,0,0,0,0,0,0,0,0,2,1,1,3,1,3,0,1,1,0,0,0,0,2,4,0,1,0,0,0,0,0,0,0,0,0,0,1,0,5,0,1,1,0,0,10,2,0,0,0,0,0,6,0,0,0,0,3,1,2,3,0,1,0,0,0,0,0,0,1,3,0,2,1,0,0,0,0,0,0,0,2,0,2,0,0,0,5,0,1,0,4,1,0,1,0,0,1,0,0,0,1,0,0,1,0,4,8,0,1,0,0,0,0,0,0,0,2,0,0,1,0,1,3,2,5,1,2,0,8,0,0,6,1,0,0,0,1,0,2,1,0,1,0,0,1,0,0,2,0,0,0,0,0,0,1,0,1,0,0,0,0,0,0,0,6,0,0,0,0,3,0,2,0,0,0,0,3,0,0,0,0,0,1,0,0,0,2,0,0,2,1,0,0,3,0,0,0,0,0,1,1,0,0,0,0,2,1,0,0,0,1,1,0,1,2,0,4,0,0,1,1,2,0,0,0,0,0,0,1,0,0,0,0,2,0,0,0,0,2,0,1,0,0,0,0,1,0,0,0,0,0,0,2,0,1,0,0,2,0,0,0,4,0,0,0,0,1,0,0,1,0,0,0,2,2,0,1,0,0,0,0,0,0,0,0,0,0,0,0,0,3,0,1,1,0,0,0,0,1,0,0,1,0,1,0,0,0,0,1,0,0,0,0,0,2,0,0,0,0,0,0,0,1,0,0,0,0,0,0,1,0,2,0,1,1,0,0,0,0,0,0,0,0,1,0,0,1,0,0,0,1,0,0,0,0,4,3,0,0,0,0,0,0,2,5,0,0,0,0,3,0,1,0,1,0,0,0,1,0,0,4,1,0,0,0,6,1,0,1,0,0,0,0,0,0,0,0,0,0,0,0,2,0,0,0,0,0,0,0,0,1,0,0,0,1,0,2,0,0,0,0,0,0,0,0,0,4,1,0,1,1,0,0,1,0,0,0,0,0,0,2,0,0,2,0,7,0,0,0,0,0,0,0,0,1,0,2,0,2,2,1,0,0,1,0,0,0,0,0,0,0,1,1,1,2,1,1,0,0,1,0,0,0,2,0,0,1,4,0,0,1,2,0,0,0,1,1,0,0,0,0,0,0,0,0,0,1,0,0,2,0,0,1,1,0,1,0,0,0,0,0,0,0,0,0,0,0,0,0,0,0,0,0,0,0,1,0,0,0,0,1,0,0,1,0,0,0,1,1,0,3,2,1,0,0,0,0,0,0,0,1,0,2,0,0,0,0,1,0,0,0,0,0,0,0,0,1,0,1,2,0,1,3,0,0,1,1,0,0,0,0,0,5,0,0,2,0,3,0,0,2,0,0,1,7,0,1,0,0,1,0,0,0,6,0,0,2,0,0,5,0,0,0,0,0,0,0,0,"Barn (10), Hay (10), Feeding (8), Large (8), Lined (8), Black (7), Filled (7), Spacious (7), White (7), Ceiling (6), High (6), Lit (6), Metal (6), Serene (6), Windows (6), Adding (5), Hanging (5), Inside (5), Lights (5), Rows (5)"
typical_country_no_revise,Germany,dairy,"A typical dairy farm in Germany.I NEED to test how the tool works with extremely simple prompts. DO NOT add any detail, just use it AS-IS:",dall-e-3,0,0,0,1,0,0,1,0,1,2,2,0,0,1,0,0,0,0,0,0,1,1,0,0,3,1,1,1,0,1,0,0,0,2,0,1,0,0,0,0,0,0,1,0,0,1,0,0,1,0,0,0,0,0,0,0,0,0,8,1,0,0,1,0,0,0,0,0,1,0,1,3,0,0,0,0,0,0,0,9,0,0,0,0,0,0,0,0,0,0,0,0,0,0,0,0,0,1,0,2,0,0,0,1,1,1,0,0,0,1,0,1,0,1,0,0,1,0,0,4,0,0,0,0,0,2,2,0,0,0,4,0,0,0,1,0,0,0,1,0,0,0,0,0,0,0,0,0,0,3,0,3,1,0,0,2,0,0,0,1,0,0,0,1,1,1,1,0,0,2,1,0,0,0,1,0,0,0,0,3,0,0,0,0,0,0,0,2,0,0,2,0,0,0,0,0,0,1,0,0,0,2,0,0,0,1,0,1,2,1,1,0,2,4,0,1,0,0,0,0,0,1,1,0,0,0,0,1,2,0,1,0,0,0,0,0,2,1,1,0,0,0,1,0,0,0,0,0,0,1,0,0,0,0,0,0,1,0,0,0,0,0,0,0,0,0,0,0,0,0,0,0,0,2,0,1,0,0,0,0,2,0,0,2,1,0,2,0,0,0,0,0,0,0,1,0,0,1,0,5,0,0,0,1,0,3,5,1,3,0,0,0,0,1,0,0,0,0,0,0,0,0,0,0,1,1,0,1,0,1,0,0,1,0,0,0,0,1,0,0,0,0,2,2,0,1,8,0,0,1,0,0,0,1,3,0,5,0,0,0,0,0,0,0,0,1,4,0,0,0,0,0,0,0,1,0,0,3,1,0,0,0,0,0,1,0,1,0,0,0,0,0,0,0,0,1,0,1,0,0,0,2,0,3,0,0,0,0,1,0,0,2,3,0,0,0,2,0,0,0,0,0,0,0,0,0,1,0,0,2,0,0,0,8,0,1,0,0,0,0,5,1,0,0,0,2,0,0,1,0,1,0,1,0,0,0,0,0,4,1,0,1,0,0,0,0,0,0,0,1,0,2,0,0,0,3,0,0,0,4,0,0,3,0,0,0,0,0,0,0,0,0,0,0,3,8,0,0,0,0,1,0,0,0,0,3,0,0,0,0,3,7,0,1,0,2,1,4,0,0,2,1,0,0,0,2,1,2,1,0,1,0,0,2,0,1,6,0,0,0,0,0,0,0,1,0,0,0,0,0,0,0,0,4,0,0,0,0,2,0,2,1,0,0,1,4,1,3,0,1,0,0,0,0,0,0,0,0,2,1,1,0,0,0,0,1,0,0,2,0,0,0,0,0,1,0,0,0,1,0,0,0,0,1,1,0,0,0,0,0,0,0,0,1,0,0,0,0,0,1,0,0,3,0,0,0,0,1,0,0,0,1,0,0,4,1,0,0,0,0,0,1,0,1,0,1,1,1,0,0,3,0,0,0,1,2,1,0,2,0,0,0,1,0,0,1,0,0,0,0,0,0,0,0,0,0,0,0,0,4,0,1,0,0,0,0,0,0,0,0,0,0,1,0,1,0,0,0,0,1,0,0,0,1,0,0,0,0,0,0,0,1,0,0,0,0,0,1,0,0,1,0,1,1,0,0,0,0,0,0,0,1,0,0,0,3,0,0,0,0,0,0,0,0,3,5,0,1,0,0,0,0,2,2,0,0,0,0,5,0,3,0,2,0,0,0,0,0,0,4,0,0,0,0,5,1,0,0,0,0,0,3,0,0,0,0,0,0,0,0,0,0,0,0,0,0,0,1,0,1,0,0,0,0,1,1,0,0,1,0,0,0,0,0,0,3,1,0,1,2,1,0,0,0,0,0,0,0,0,4,0,0,3,0,3,0,0,0,0,1,0,1,0,1,0,3,0,0,1,1,1,0,1,2,0,0,0,1,0,0,1,2,1,0,1,0,0,0,0,1,0,0,1,0,0,1,4,1,0,3,2,0,0,0,0,0,1,3,0,0,0,0,0,1,1,1,0,0,1,0,0,2,0,0,0,1,0,0,1,0,0,0,0,0,1,1,0,0,0,1,0,0,0,0,0,1,0,0,0,2,0,0,1,0,0,0,0,3,0,1,5,0,0,0,0,0,0,0,0,0,0,2,0,0,0,0,2,0,0,1,0,0,0,0,0,0,0,0,1,1,0,5,0,0,0,0,0,1,0,0,0,6,0,0,2,1,0,0,0,1,0,0,0,9,0,0,0,0,0,0,0,1,7,0,0,0,0,1,8,0,0,0,1,0,0,2,1,"Black (9), White (9), Barn (8), Feeding (8), Hay (8), Large (8), Wooden (8), Light (7), Windows (7), Maintained (6), Warm (6), Enhancing (5), Equipment (5), Filled (5), High (5), Roof (5), Rural (5), Serene (5), Troughs (5), Visible (5)"
typical_country_no_revise,New Zealand,dairy,"A typical dairy farm in New Zealand.I NEED to test how the tool works with extremely simple prompts. DO NOT add any detail, just use it AS-IS:",dall-e-3,0,0,0,0,0,0,0,0,1,4,2,0,0,0,0,0,0,1,0,0,0,0,2,0,0,3,1,0,0,0,0,0,1,0,0,1,0,1,0,1,0,0,0,0,0,0,0,0,0,0,0,0,0,0,0,0,0,0,10,1,0,0,0,1,0,1,0,0,3,0,0,1,3,0,0,0,0,0,0,9,0,0,0,0,1,0,0,0,0,1,1,0,0,0,0,0,1,1,0,0,0,0,0,1,0,1,0,2,0,0,0,0,3,0,0,0,0,1,0,2,0,0,0,0,0,3,1,0,0,0,1,0,1,0,2,1,0,0,0,0,0,0,0,0,0,0,0,0,0,2,0,0,0,0,0,0,0,0,0,6,2,0,0,0,1,0,0,0,0,1,1,0,0,0,0,0,0,0,0,1,0,0,0,1,0,0,0,3,0,0,1,0,0,0,1,0,0,0,0,0,0,3,0,0,3,0,0,0,0,0,0,0,1,6,0,0,0,0,1,0,0,0,0,0,0,0,0,0,1,0,0,0,0,2,0,0,1,2,0,0,0,1,0,4,0,0,0,2,0,0,0,0,0,0,0,0,0,0,0,0,1,0,2,1,0,0,0,0,0,0,2,0,0,0,3,0,0,0,0,0,1,0,0,0,1,0,0,0,0,0,0,0,0,0,0,1,0,0,0,3,0,0,0,1,0,0,1,1,2,0,0,1,0,0,2,0,0,0,0,0,1,0,0,0,0,0,0,0,0,1,2,0,1,0,0,0,0,1,0,0,0,0,3,4,0,0,1,0,3,4,2,0,0,0,2,0,5,0,0,1,0,0,0,0,0,0,0,0,0,0,0,0,0,0,2,0,0,0,0,0,0,0,0,0,1,0,0,0,2,0,0,0,0,0,2,1,2,0,0,0,0,3,0,5,0,0,3,0,0,0,1,7,8,0,0,0,2,0,0,0,0,0,0,0,0,0,0,1,0,0,0,0,0,1,0,0,0,0,0,4,3,1,1,0,0,4,0,1,1,0,1,0,0,0,2,0,0,0,6,1,4,2,1,0,0,0,0,0,0,0,0,0,1,0,0,1,0,0,0,3,0,0,1,1,0,0,0,0,0,0,0,0,0,0,8,7,0,1,0,0,3,4,0,0,1,3,0,0,0,0,4,7,0,2,0,0,0,2,0,0,1,0,1,0,0,3,0,0,2,0,7,0,1,0,0,0,1,0,0,4,1,0,0,0,0,0,0,0,0,0,0,0,0,7,0,0,1,1,1,0,1,0,4,0,0,3,0,1,3,0,4,0,0,0,0,0,0,1,2,0,2,0,1,3,0,0,0,1,1,0,0,0,0,0,3,0,0,0,1,0,0,0,0,1,0,2,0,0,0,0,1,0,0,0,0,1,0,0,0,2,2,0,3,3,0,0,0,6,0,0,0,0,0,0,4,0,0,2,0,0,0,0,0,0,0,0,0,0,0,0,5,0,0,0,0,0,0,0,0,1,0,0,0,0,0,1,0,0,0,0,0,0,0,1,0,0,1,0,0,1,0,0,1,0,0,0,0,0,0,0,0,1,0,0,0,0,0,0,0,0,0,0,0,2,0,0,0,0,0,0,0,1,0,0,1,0,0,0,0,0,1,0,1,0,0,0,0,0,0,0,1,1,0,0,1,3,2,0,1,0,1,0,0,0,4,9,0,1,0,0,0,0,1,3,0,0,0,2,8,0,1,0,2,0,0,0,0,0,0,2,0,1,0,1,8,1,0,0,1,0,0,4,0,0,0,0,0,0,0,0,1,0,0,0,0,1,0,0,0,1,0,0,0,0,0,2,2,1,1,0,0,0,2,0,0,6,0,0,0,1,3,1,0,0,0,0,0,0,3,6,0,0,1,0,1,0,0,0,0,0,0,0,0,0,2,0,0,0,1,0,0,0,0,0,0,0,1,0,0,0,0,2,1,0,1,0,0,0,1,0,1,0,0,0,1,3,3,0,0,6,5,0,0,0,0,0,3,0,0,0,0,0,0,0,0,0,0,0,3,0,0,0,0,0,0,0,0,1,0,0,0,0,0,0,0,0,0,0,0,0,0,0,0,0,1,0,1,0,0,1,0,0,3,2,0,0,1,5,0,1,1,0,0,1,0,0,0,0,0,0,0,1,0,2,0,0,0,0,0,0,0,0,0,0,0,0,1,0,2,0,0,1,0,0,0,0,1,0,0,0,0,7,0,0,0,0,1,0,0,0,0,0,0,9,0,0,0,0,1,0,0,0,2,2,0,0,0,1,5,1,0,0,0,0,1,0,0,"Barn (10), Black (9), Roof (9), White (9), Green (8), Landscape (8), Rural (8), Serene (8), Grazing (7), Large (7), Light (7), Lush (7), Metal (7), Warm (7), Clouds (6), Creating (6), Idyllic (6), Path (6), Sky (6), Soft (6)"
typical_country_no_revise,the United States,pig,"A typical pig farm in the United States.I NEED to test how the tool works with extremely simple prompts. DO NOT add any detail, just use it AS-IS:",dall-e-3,0,0,1,0,0,0,0,0,0,2,1,0,0,0,1,0,0,2,0,0,0,0,5,1,1,0,0,0,0,0,0,1,6,0,0,2,0,0,0,2,0,0,0,0,0,0,0,0,0,0,0,1,1,0,0,0,0,0,6,0,0,0,0,0,2,0,1,0,1,0,0,0,0,0,2,0,0,0,0,0,0,0,0,0,0,0,0,0,1,0,0,0,0,0,0,0,0,0,0,4,1,0,0,0,1,0,1,0,0,0,0,0,1,1,0,0,0,0,0,0,0,0,1,0,0,2,0,0,0,0,3,0,0,0,5,0,0,0,0,0,0,0,0,0,0,0,0,0,0,3,0,0,0,0,0,0,0,0,0,2,1,0,0,0,0,0,0,1,0,0,0,0,1,2,0,0,0,0,0,1,0,1,0,0,0,0,1,0,0,0,0,1,0,0,0,0,0,1,0,0,0,0,0,0,0,0,0,3,0,0,0,0,2,4,0,0,0,0,0,0,1,0,1,0,1,0,0,0,0,0,0,0,1,0,1,0,2,0,1,0,0,1,2,0,0,0,0,3,0,0,0,0,0,0,0,0,1,1,0,0,0,0,2,0,0,1,1,0,0,0,0,0,0,0,2,1,0,0,0,0,1,0,0,1,0,1,0,0,1,2,0,0,0,0,1,6,0,0,0,0,0,0,0,1,0,4,0,1,0,0,0,0,0,0,1,0,0,0,0,0,0,2,0,0,3,0,0,0,0,0,0,0,4,1,0,0,0,4,0,0,0,1,1,1,1,3,3,0,1,0,0,1,0,0,1,0,6,0,0,0,0,0,0,1,0,1,4,2,0,0,0,0,0,0,0,0,0,0,0,0,0,0,0,0,0,0,0,0,0,0,0,0,0,0,0,0,1,1,0,0,2,1,0,3,0,0,0,0,0,0,0,0,0,0,0,0,3,0,0,0,0,1,0,0,0,0,0,1,0,0,1,0,0,0,0,0,0,4,0,0,3,1,0,0,0,0,0,0,0,1,2,0,4,0,1,0,0,0,0,0,0,2,1,0,0,0,0,0,0,2,1,3,0,0,0,1,0,1,0,4,0,0,1,0,0,0,0,0,0,0,0,0,0,0,1,9,0,2,0,0,2,1,0,0,0,0,1,0,0,0,0,5,5,4,0,3,1,1,0,0,6,0,0,0,0,5,0,3,0,0,0,2,0,0,0,0,2,0,0,0,0,1,3,0,0,0,0,1,0,0,0,0,0,7,0,0,0,0,0,0,0,0,0,0,1,1,0,0,2,0,0,0,0,0,0,0,0,1,2,0,0,2,1,0,1,0,0,0,5,0,0,0,0,0,2,1,0,0,3,0,1,0,0,5,0,2,0,0,0,2,5,0,1,0,0,1,1,0,0,0,1,0,0,0,0,0,0,1,0,0,0,0,0,0,0,0,0,0,0,0,1,0,8,1,0,1,1,3,0,0,0,0,0,1,0,0,8,0,2,0,0,0,0,1,0,0,0,0,0,0,0,0,1,0,0,0,0,0,0,0,0,2,0,0,0,0,0,0,0,1,0,0,0,0,0,0,0,0,0,1,0,0,0,4,0,0,0,1,0,0,1,2,0,0,1,0,0,0,0,0,2,0,2,0,1,0,0,0,0,0,3,0,0,0,0,0,0,0,0,0,0,0,0,0,0,1,0,0,0,0,0,0,1,9,0,0,2,0,0,0,1,1,0,0,0,0,0,0,0,1,0,2,0,0,2,2,0,1,1,0,1,1,0,0,0,0,0,0,0,1,2,0,0,0,0,0,0,0,1,1,0,0,0,0,0,0,0,0,1,0,0,0,0,2,1,2,1,3,0,0,0,0,1,0,0,1,0,0,0,0,0,1,4,0,2,0,0,0,0,0,0,0,0,0,0,1,0,5,0,0,0,0,0,0,0,0,0,1,0,0,4,0,4,0,1,0,1,1,0,0,0,0,0,0,1,2,4,0,0,1,2,1,0,0,0,0,0,1,0,0,0,1,0,0,0,0,0,0,0,0,0,0,0,0,0,1,0,1,0,0,0,0,0,1,0,0,0,0,0,0,0,0,0,0,0,0,0,0,0,0,0,0,0,0,0,0,0,0,0,0,2,0,0,0,0,0,0,0,0,0,0,0,0,0,0,0,2,0,0,0,0,0,0,0,0,1,0,0,0,1,0,2,0,0,3,0,0,0,0,0,0,9,0,3,0,1,2,0,0,0,0,0,0,1,0,0,0,0,0,0,0,1,1,0,0,1,0,1,0,0,0,1,0,0,0,0,1,"Large (9), Rows (9), Warm (9), Pens (8), Pink (8), Metal (7), Appear (6), Barn (6), End (6), Filled (6), Lit (6), Aisle (5), Central (5), Light (5), Lighting (5), Long (5), Numerous (5), Orderly (5), Overhead (5), Standing (5)"
typical_country_no_revise,Spain,pig,"A typical pig farm in Spain.I NEED to test how the tool works with extremely simple prompts. DO NOT add any detail, just use it AS-IS:",dall-e-3,0,0,0,0,0,3,0,2,0,1,1,0,0,0,0,0,0,1,1,0,0,0,4,0,0,3,0,0,0,1,0,2,1,0,0,2,0,0,0,0,0,1,0,0,0,0,0,0,0,0,0,0,0,1,1,0,0,0,8,1,0,0,0,0,1,0,0,0,0,0,2,3,0,0,3,1,0,0,1,0,0,1,0,0,1,0,0,0,0,0,0,0,0,0,0,0,0,0,1,1,1,0,0,0,0,0,0,0,0,1,1,0,1,2,0,0,0,1,0,1,0,0,0,0,0,4,0,0,0,0,7,0,0,1,4,0,0,0,0,0,0,0,0,0,1,0,0,0,0,1,0,0,0,0,0,0,1,0,0,1,1,0,0,0,0,0,0,0,0,0,0,0,0,1,0,0,0,0,0,2,0,1,0,0,0,0,0,2,0,1,0,0,0,0,0,0,0,0,0,0,0,1,0,0,0,0,0,4,0,0,0,0,1,6,0,0,0,0,0,0,0,1,0,0,0,0,0,0,0,0,0,0,0,0,0,0,1,0,0,0,1,0,2,0,2,0,0,2,0,0,0,0,0,0,0,0,0,0,0,0,0,0,2,0,0,0,0,0,0,0,0,2,0,0,1,2,0,1,0,0,0,0,0,1,0,0,0,1,0,0,0,0,0,0,0,2,0,0,1,1,0,0,0,1,0,2,0,0,1,0,0,0,0,0,1,0,0,1,0,0,0,0,0,0,1,0,0,1,0,0,1,0,1,0,0,0,0,2,0,0,0,1,0,0,0,0,2,0,0,0,0,0,0,0,0,0,8,0,1,0,0,0,0,0,1,0,4,0,0,0,0,0,0,0,0,1,0,2,0,0,0,0,0,0,1,0,0,1,0,0,0,0,0,0,1,0,0,0,0,0,0,3,0,3,0,0,0,0,0,0,0,0,1,0,0,0,1,2,0,0,0,0,0,0,0,0,0,0,0,0,0,0,0,0,0,0,0,1,0,0,6,2,0,0,0,1,0,0,0,0,0,0,3,0,0,0,1,0,1,1,2,1,0,0,0,0,0,1,0,1,0,4,0,0,0,0,0,0,0,4,0,0,1,0,0,0,0,0,0,0,0,0,2,0,2,9,0,1,0,0,0,0,0,0,0,1,0,0,0,0,1,7,1,0,1,1,1,1,0,0,2,1,2,0,0,1,0,2,0,0,1,0,0,0,0,1,0,0,0,0,0,0,0,0,0,0,0,0,0,0,0,0,0,4,0,0,0,0,0,0,0,0,1,1,0,0,0,2,1,0,1,1,2,1,3,0,0,0,4,1,1,0,0,0,0,0,0,0,6,0,0,0,0,0,3,1,0,0,1,0,1,0,0,1,0,2,0,0,0,0,2,0,1,0,0,0,0,0,0,1,0,0,0,0,0,0,0,0,0,0,0,0,0,0,2,0,0,0,0,0,1,0,5,1,0,2,2,0,0,0,1,0,0,0,0,0,3,0,0,0,0,0,0,0,0,0,0,0,0,0,0,0,0,0,1,0,0,0,0,1,0,1,0,0,0,0,0,0,0,0,0,0,0,0,0,0,0,0,0,3,0,0,0,3,0,0,0,0,0,0,0,2,0,0,1,0,0,0,0,0,0,0,1,0,0,0,0,0,0,0,0,0,0,0,0,0,1,0,0,0,0,0,0,1,1,2,0,1,1,1,0,0,0,3,0,0,1,0,2,0,3,2,2,0,1,0,0,0,1,3,1,1,0,0,4,1,0,0,0,0,1,2,0,0,0,0,1,0,1,0,0,0,0,1,0,0,0,0,2,2,0,0,0,0,1,1,0,0,0,0,1,0,1,0,3,3,3,0,3,1,0,1,0,1,0,0,2,0,1,2,0,0,0,0,5,0,0,0,0,0,0,0,0,0,0,0,0,3,1,0,0,0,0,0,0,0,0,0,0,0,4,1,3,1,0,0,0,0,3,0,1,0,1,0,1,1,3,0,0,1,1,0,0,0,0,1,1,2,1,0,0,0,0,0,0,0,0,0,2,0,0,0,0,0,0,2,0,2,0,0,0,0,0,0,1,0,0,0,0,1,0,0,0,0,0,0,0,0,0,0,0,0,0,0,0,0,0,0,0,0,1,0,0,0,0,0,0,0,0,0,0,0,0,0,0,0,2,0,0,0,0,0,1,0,0,0,0,0,2,1,0,1,0,1,2,0,1,0,0,1,0,7,0,0,1,0,1,0,0,0,0,0,1,0,0,0,0,0,0,0,0,0,4,0,0,0,0,1,6,0,0,0,0,0,0,0,0,"Large (9), Barn (8), Filled (8), Ceiling (7), Light (7), Warm (7), Creating (6), High (6), Numerous (6), Wooden (6), Pens (5), Spacious (5), Aisle (4), Casting (4), Central (4), Covered (4), Floor (4), Industrial (4), Interior (4), Metal (4)"
typical_country_no_revise,Australia,pig,"A typical pig farm in Australia.I NEED to test how the tool works with extremely simple prompts. DO NOT add any detail, just use it AS-IS:",dall-e-3,0,0,0,0,1,2,1,0,0,5,0,0,1,0,0,0,0,1,1,0,0,0,3,0,0,2,0,0,0,1,0,1,3,0,1,4,0,0,0,0,0,0,0,0,0,0,0,0,0,0,0,1,1,0,0,0,0,0,7,1,0,0,0,0,2,0,0,0,1,0,0,1,1,0,0,0,0,0,0,0,0,0,0,0,0,0,1,0,2,0,0,0,0,0,1,0,0,0,0,1,0,0,0,0,0,1,0,0,0,0,0,0,0,2,1,0,0,0,0,2,2,0,1,0,0,2,0,1,0,0,4,1,2,0,2,0,1,0,0,0,0,0,0,0,0,0,0,0,0,2,0,0,0,0,0,1,0,0,0,1,2,0,0,0,0,0,0,0,0,0,0,0,0,1,0,0,0,0,0,0,0,1,0,0,0,1,0,1,0,0,1,1,0,0,0,0,0,0,1,0,0,1,0,0,3,0,0,1,0,0,0,0,0,5,0,0,0,0,0,0,0,1,0,0,0,0,0,1,2,0,0,0,1,0,0,0,2,0,1,0,0,1,2,0,1,1,0,3,0,0,0,0,0,0,0,0,0,0,0,0,1,0,1,0,0,1,0,0,0,0,1,0,0,0,1,2,0,0,0,0,0,0,1,0,1,0,0,0,0,0,0,0,1,0,2,3,0,0,0,1,0,0,0,0,0,2,1,0,0,0,0,0,0,0,1,0,0,0,0,1,0,1,0,0,0,1,0,2,0,1,0,0,2,2,0,1,0,2,0,0,0,0,0,0,0,3,2,0,2,1,0,1,0,0,1,0,3,0,0,0,0,2,0,0,0,0,2,0,1,1,0,0,0,0,0,0,0,1,1,0,1,0,0,0,0,0,0,0,0,0,1,0,0,0,0,0,0,0,0,0,0,3,1,3,0,1,0,0,0,0,0,0,1,0,0,0,0,1,0,0,0,0,0,1,0,0,2,0,0,0,2,0,0,0,1,0,0,3,0,0,4,1,0,0,0,1,1,1,0,1,1,1,3,0,0,0,0,0,2,1,0,0,0,0,0,0,0,0,0,1,2,1,0,0,0,1,0,1,0,5,0,0,1,0,0,0,0,0,0,0,0,0,0,0,2,7,0,1,0,0,0,0,0,1,0,1,0,0,0,0,2,6,4,1,0,1,0,1,0,0,4,0,1,0,0,3,0,3,1,0,1,3,0,0,0,0,1,0,0,0,2,0,2,0,0,0,0,0,0,0,1,0,0,7,0,0,1,0,0,0,0,0,1,0,0,2,1,0,1,0,0,0,1,2,1,1,0,1,4,0,1,0,0,0,0,0,0,0,4,1,1,0,0,0,1,1,0,0,1,1,0,0,0,2,1,2,0,0,1,1,3,0,0,0,0,0,0,1,0,0,2,0,0,0,0,0,0,0,0,0,0,0,0,0,2,0,1,0,0,0,0,0,6,1,0,1,2,0,0,0,2,0,1,0,0,0,4,0,2,0,0,0,0,0,0,0,0,0,0,0,0,0,0,0,0,0,0,0,0,0,0,1,0,0,0,0,0,0,0,0,0,1,0,0,1,0,0,0,0,1,0,0,0,0,0,0,0,0,0,0,0,0,0,0,0,0,0,0,0,0,0,0,0,0,0,0,1,0,0,0,2,0,0,0,0,1,0,0,2,0,0,0,0,1,1,4,0,1,1,0,0,0,0,6,0,0,0,0,3,1,2,1,3,0,0,0,1,0,0,5,0,1,0,0,5,2,0,0,1,0,0,2,0,0,0,0,0,0,0,0,1,0,0,1,0,0,0,0,1,1,0,0,1,0,0,1,1,0,0,0,0,2,0,0,2,3,1,1,1,0,2,0,0,0,0,1,2,0,0,2,1,0,0,0,5,0,0,0,0,0,0,0,0,0,0,0,0,3,1,0,0,0,0,0,0,0,0,0,1,0,0,0,4,0,1,0,1,0,2,0,2,0,0,0,1,4,1,0,0,1,1,0,1,0,0,0,2,0,0,0,0,1,1,0,0,0,0,0,0,0,0,0,0,0,0,0,0,0,0,0,0,0,0,0,0,0,0,0,0,1,0,0,0,0,0,0,0,1,0,0,0,0,0,2,0,0,0,2,0,0,1,1,0,0,1,0,0,0,0,0,0,1,0,0,0,0,0,0,0,0,0,0,0,0,0,0,0,0,0,0,0,6,0,0,2,0,0,0,0,0,0,7,0,2,1,0,2,0,0,1,0,0,0,1,0,0,0,0,0,0,0,0,5,0,0,0,0,0,1,0,0,0,1,0,1,1,1,"Barn (7), Large (7), Metal (7), Warm (7), Light (6), Pens (6), Rows (6), Visible (6), Adding (5), Creating (5), Interior (5), Sense (5), Serene (5), Spacious (5), Windows (5), Appears (4), Ceiling (4), High (4), Lighting (4), Lit (4)"
