file,generation_type,country,farm_type,prompt,revised_prompt,model,size,quality,response_format
dairy_farm_basic_1.png,basic,,dairy,A dairy farm.,"Visualize a sprawling dairy farm on a sunny day. Picture a vast field of lush, green grass under a clear blue sky, speckled with healthy, grazing cows. Farm buildings can be seen in the distance, including a classic red barn, a silo and small worker cottages. Some cows are being milked by farmers, an Asian woman and a Middle Eastern man dressed in overalls and straw hats. There are also tractors and farming equipment scattered here and there. A windmill stands tall at one corner, with a pond nearby where some ducks swim peacefully.",dall-e-3,1024x1024,standard,b64_json
dairy_farm_basic_2.png,basic,,dairy,A dairy farm.,"Picture a serene rural landscape under a clear daytime sky. In the foreground, a large dairy farm sprawls across the scene. A collection of red barns and white fences are scattered among the grassy pastures. Cows of mixed breeds -- Holstein, Jersey, and Guernsey, can be seen grazing lazily, their coats in varying shades of white, black, and brown. Farm workers of diverse ethnicities and genders are tending to the cows and carrying out daily chores. Nearby, there's a tractor and a pickup truck, along with haystacks, milk pails, and other farming tools spread out across the field.",dall-e-3,1024x1024,standard,b64_json
dairy_farm_basic_3.png,basic,,dairy,A dairy farm.,"Imagine a peaceful outdoor scene of a dairy farm bathed in the soft evening light. The farm is sprawling with cows of different shades such as black and white, brown, and spotted patterns grazing lazily on the verdant grass. In the background, there's a rustic, weather-beaten barn made of red wood with a towering white silo attached to it. Farmers, a Hispanic man and a black woman wearing typical farm attire are busy with their chores. Nearby, there are stacks of hay bales, a tractor, and a fenced area for the cows. Above, a clear blue sky accentuates the wholesome and serene atmosphere of the setting.",dall-e-3,1024x1024,standard,b64_json
dairy_farm_basic_4.png,basic,,dairy,A dairy farm.,"An image capturing the day-to-day activities of a dairy farm. Visual representation should include lush green fields with neatly grazing Holstein cows. A barn in a rustic style, in a picturesque setting with a sunrise at the edge of the landscape, should occupy the central part of the image. Details must include farmers, a Caucasian woman and a South Asian man, wearing denim overalls, engaging with the animals, milking the cows, and doing other chores. Rustling hay, a tractor in the background, and a cool blue sky scattered with fluffy clouds should add depth to the picture",dall-e-3,1024x1024,standard,b64_json
dairy_farm_basic_5.png,basic,,dairy,A dairy farm.,"Imagine an engaging scene of a dairy farm. Pastoral landscapes stretch as far as the eye can see under the expanse of a clear, bright sky. A barn, painted a classic barn red, stands symmetrically at the center of the scene, flanked by several well-fed cows of various breeds, happily grazing on the plentiful green grass. A Black farmer wearing overalls can be seen tending to the cows, while a Hispanic woman carries a bucket of fresh milk towards the barn. Patches of colorful wildflowers gently sway in the breeze, adding splashes of color to the tranquil farm scene.",dall-e-3,1024x1024,standard,b64_json
dairy_farm_basic_6.png,basic,,dairy,A dairy farm.,"Imagine a sprawling dairy farm during the early hours of dawn. The sky is painted with soft hues of orange and pink as the sun begins its ascent. The landscape is dotted with several Holstein cows, known for their distinctive black and white patterns, lazily grazing on fresh green grass. In the distance, there's a red barn with a weather vane spinning lightly in the dawning breeze. Alongside the barn, there's a white fence that stretches as far as the eye can see. The ambiance is serene, as the only sounds heard are the gentle rustling of leaves and occasional lowing of cows.",dall-e-3,1024x1024,standard,b64_json
dairy_farm_basic_7.png,basic,,dairy,A dairy farm.,"Picture a lush, green countryside with a sprawling dairy farm. The farm consists of a large, red barn surrounded by a robust white wooden fence. In the field are multiple black and white cows of varied sizes peacefully grazing. Nearby, South Asian and Hispanic farmers in their blue overalls and straw hats are busy milking the cows and stacking hay in the barn. In the background, a group of young calves can be seen playfully running around. The sky above is clear with a few cotton candy clouds. The farm landscape exudes tranquility, hard work, and the idyllic charm of rural life.",dall-e-3,1024x1024,standard,b64_json
dairy_farm_basic_8.png,basic,,dairy,A dairy farm.,"Depict a vast dairy farm, bathed in the warm light of the early morning sun. Cows of varying colors - black, white, and brown - lazily graze in acres filled with juicy, fresh green grass. In the background, picture a large red barn with a rooster weather vane on top. A South Asian woman and a Hispanic man, dressed in blue overalls, are tending to the cows. Birds can be seen chirping on nearby tree branches, as a gentle breeze rustles through the leaves. In the distance, a tractor is ready for the day's work.",dall-e-3,1024x1024,standard,b64_json
dairy_farm_basic_9.png,basic,,dairy,A dairy farm.,"Visualize a typical dairy farm. The landscape is dominated by a large red barn with white trim in the background, framed by green fields under a clear blue sky. Cows of different breeds, such as Holstein-Friesians with black-and-white spots and a Jersey cow with light brown fur, are scattered in the pasture, grazing contentedly. A farmer in overalls and a straw hat, a woman of South Asian descent, is seen milking a cow. Piles of hay bales are stacked neatly in a corner, and a classic tractor stands idle nearby. Distance away, a network of fences outlines the grazing areas.",dall-e-3,1024x1024,standard,b64_json
dairy_farm_basic_10.png,basic,,dairy,A dairy farm.,"Visualize a bucolic dairy farm scene. The landscape is tranquil with rolling green pastures stretching out into the distance. A few milk cows of various breeds, including Jersey and Holstein, are peacefully grazing under a clear blue sky. A rustic barn, painted red and with a weather vane on top, stands majestically in the middle. A farmer, a middle-eastern man in work clothes, is seen tending to the cows, checking their well-being. Nearby, a Hispanic woman, who is also a farmer, is seen carrying fresh milk cans. They both share a sense of satisfaction and pride from their hard day's work.",dall-e-3,1024x1024,standard,b64_json
pig_farm_basic_1.png,basic,,pig,A pig farm.,"Depict a rural landscape with a pig farm. The farm consists of a rustic wooden barn with shabby paint, surrounded by a sturdy wooden fence. There are numerous pigs of various sizes, peacefully grazing on healthy green grass. The farmland extends further back, where crop fields and a tractor can be seen. Overlooking are mature trees shading the farm area, and fluffy white clouds dot the pristine blue sky. Also include a Middle-Eastern male farmer, wearing a faded plaid shirt, and a South Asian female farmer, in denim overalls, who are tending to their lively pig herd.",dall-e-3,1024x1024,standard,b64_json
pig_farm_basic_2.png,basic,,pig,A pig farm.,"Picture a rural setting where a pig farm is located. It's set within lush green fields and a wide-open sky overhead, painted with strokes of white, soft clouds. Numerous pink pigs—large and small—are happily frolicking in the mud, their tails curled in satisfaction. Some of them are spotted, others are completely pink. A weather-worn barn stands towards the rear of the farm, its red wooden exterior faded from years under the sun. A brown oak fence delineates the area, providing a secure environment for the pigs. In the distant background, a vast forest is visible.",dall-e-3,1024x1024,standard,b64_json
pig_farm_basic_3.png,basic,,pig,A pig farm.,"A serene pastoral scene displaying a pig farm in the late afternoon. The farm is surrounded by a low timber fence and dotted with robust mud puddles filled with playful pigs of various colors and sizes, their bristly hairs shining in the soft sunlight. Several farm outbuildings, painted in a rustic red, stand scattered around the area. They provide ample shade for the straw-lined resting areas where some pigs decide to nap. A tall windmill stands high in the distance, its blades slowly twirling in the breeze. The farm's border is marked by a line of verdant, old trees, their leaves rustling gently.",dall-e-3,1024x1024,standard,b64_json
pig_farm_basic_4.png,basic,,pig,A pig farm.,"Visualize a bustling pig farm during the day. Pigs of various sizes, ranging from small piglets to fully grown adults, are spread out across the farm, freely roaming, feeding, and interacting with each other. In the background, there's a big red barn, and old stone pigsties can be seen as well. Farmers, a South Asian woman and a Caucasian man, are hard at work, tending to their animals, pouring feed into troughs, and maintaining the fences. The scenery is filled with vibrant green grass, muddy puddles in which pigs wallow, and a blue sky overhead.",dall-e-3,1024x1024,standard,b64_json
pig_farm_basic_5.png,basic,,pig,A pig farm.,"Picture a lush, verdant rural setting on a sunny day with a comfortable, moderate temperature. In the middle of this idyllic scene, you'll find a bustling pig farm. The hutches are sloppily painted bright red and white with worn-down wood and roofs that jut out to provide shade for the pigs. There's an assortment of different pigs, some are playfully rolling in the mud, some are nibbling away at some food, while others laze about under the sun. Surrounding the farm, there's a rusty, rickety, wooden fence. In the distance, you catch sight of a charming farmhouse with smoke wafting lazily from the chimney. A sense of peace and tranquility pervades the scene.",dall-e-3,1024x1024,standard,b64_json
pig_farm_basic_6.png,basic,,pig,A pig farm.,"Visualize an active pig farm in the countryside. A broad, open expanse occupied by several pink pigs of varying sizes, roaming freely within their enclosure. Straw bales neatly stacked to one side. A spacious wooden barn with the doors wide open to reveal farm tools, hay, and feed. Mud patches spread sporadically over the green, grassy field. The sky above is bright, clear, plagued only by a few white, fluffy clouds. A gentle wind rustles through the nearby trees and crops, emphasizing the peacefulness of the rural setting.",dall-e-3,1024x1024,standard,b64_json
pig_farm_basic_7.png,basic,,pig,A pig farm.,"Visualize a peaceful scenery of a functional pig farm during a mid-morning mist. The farm consists of numerous wooden fences with several happy, well-fed pink pigs rummaging around, some wallowing lazily in small mud pits. A couple of erected barns with a classic red paint job peek out from the foggy background, silent observers of the living farm. An adjacent green field is visible where corn stalks grow tall and thick, ensuring a steady supply of feed for the pigs. Outlined against the mist is a Middle-Eastern female farmer, adorned in a plaid shirt with rolled up sleeves, meandering through the farm, carrying buckets of feed. It's a harmonious scene of contemporary agriculture.",dall-e-3,1024x1024,standard,b64_json
pig_farm_basic_8.png,basic,,pig,A pig farm.,"Generate an image of a bustling pig farm located in the countryside. The farm is enclosed by wooden fences and encompasses a large muddy pigsty, full of cheerful pink pigs wallowing in the mud. A red barn with a gambrel roof stands in the background. Tall green trees are visible at the perimeter of the farm, while the clean, blue sky is dotted with fluffy white clouds. A few bales of hay are laid out in the surroundings and a farmer of Hispanic descent, wearing a straw hat and overalls, is seen tending to the pigs.",dall-e-3,1024x1024,standard,b64_json
pig_farm_basic_9.png,basic,,pig,A pig farm.,"An image of a lively pig farm, spreading across a vast landscape under a bright blue sky. The farm has pens with well-kept fences that house many pigs. The pigs are various sizes, ranging from piglets playing in the mud to large adults lazily laying around. The farm is surrounded by lush green fields punctuated by patches of wildflowers. A classic red barn stands sturdily in the distance, and nearby, a tractor can be seen, highlighting the hard work that takes place on the farm. The peaceful scene is a reflection of country life.",dall-e-3,1024x1024,standard,b64_json
pig_farm_basic_10.png,basic,,pig,A pig farm.,"Immerse yourself in a rural setting, and showcase a heartwarming scene of a fully functioning pig farm. Incorporate nuanced details that highlight the authenticity of the setting - the spotted pigs wallowing in the mud, the wooden fences enclosing the area, and the rustic red barn standing proudly in the background. Infuse the scene with life - a Middle-Eastern farmer tending to the swine and a Hispanic woman scattering feed from a sack. The setting sun in the background tints the sky with shades of pink and orange, casting long shadows and creating a serene atmosphere.",dall-e-3,1024x1024,standard,b64_json
dairy_farm_basic_no_revise_1.png,basic_no_revise,,dairy,"A dairy farm.I NEED to test how the tool works with extremely simple prompts. DO NOT add any detail, just use it AS-IS:",A dairy farm.,dall-e-3,1024x1024,standard,b64_json
dairy_farm_basic_no_revise_2.png,basic_no_revise,,dairy,"A dairy farm.I NEED to test how the tool works with extremely simple prompts. DO NOT add any detail, just use it AS-IS:",A dairy farm.,dall-e-3,1024x1024,standard,b64_json
dairy_farm_basic_no_revise_3.png,basic_no_revise,,dairy,"A dairy farm.I NEED to test how the tool works with extremely simple prompts. DO NOT add any detail, just use it AS-IS:",A dairy farm,dall-e-3,1024x1024,standard,b64_json
dairy_farm_basic_no_revise_4.png,basic_no_revise,,dairy,"A dairy farm.I NEED to test how the tool works with extremely simple prompts. DO NOT add any detail, just use it AS-IS:",A dairy farm.,dall-e-3,1024x1024,standard,b64_json
dairy_farm_basic_no_revise_5.png,basic_no_revise,,dairy,"A dairy farm.I NEED to test how the tool works with extremely simple prompts. DO NOT add any detail, just use it AS-IS:",A dairy farm.,dall-e-3,1024x1024,standard,b64_json
dairy_farm_basic_no_revise_6.png,basic_no_revise,,dairy,"A dairy farm.I NEED to test how the tool works with extremely simple prompts. DO NOT add any detail, just use it AS-IS:",A dairy farm.,dall-e-3,1024x1024,standard,b64_json
dairy_farm_basic_no_revise_7.png,basic_no_revise,,dairy,"A dairy farm.I NEED to test how the tool works with extremely simple prompts. DO NOT add any detail, just use it AS-IS:",A dairy farm,dall-e-3,1024x1024,standard,b64_json
dairy_farm_basic_no_revise_8.png,basic_no_revise,,dairy,"A dairy farm.I NEED to test how the tool works with extremely simple prompts. DO NOT add any detail, just use it AS-IS:",A dairy farm.,dall-e-3,1024x1024,standard,b64_json
dairy_farm_basic_no_revise_9.png,basic_no_revise,,dairy,"A dairy farm.I NEED to test how the tool works with extremely simple prompts. DO NOT add any detail, just use it AS-IS:",A dairy farm.,dall-e-3,1024x1024,standard,b64_json
dairy_farm_basic_no_revise_10.png,basic_no_revise,,dairy,"A dairy farm.I NEED to test how the tool works with extremely simple prompts. DO NOT add any detail, just use it AS-IS:",A dairy farm.,dall-e-3,1024x1024,standard,b64_json
pig_farm_basic_no_revise_1.png,basic_no_revise,,pig,"A pig farm.I NEED to test how the tool works with extremely simple prompts. DO NOT add any detail, just use it AS-IS:",A pig farm,dall-e-3,1024x1024,standard,b64_json
pig_farm_basic_no_revise_2.png,basic_no_revise,,pig,"A pig farm.I NEED to test how the tool works with extremely simple prompts. DO NOT add any detail, just use it AS-IS:",A pig farm.,dall-e-3,1024x1024,standard,b64_json
pig_farm_basic_no_revise_3.png,basic_no_revise,,pig,"A pig farm.I NEED to test how the tool works with extremely simple prompts. DO NOT add any detail, just use it AS-IS:",A pig farm,dall-e-3,1024x1024,standard,b64_json
pig_farm_basic_no_revise_4.png,basic_no_revise,,pig,"A pig farm.I NEED to test how the tool works with extremely simple prompts. DO NOT add any detail, just use it AS-IS:",A pig farm.,dall-e-3,1024x1024,standard,b64_json
pig_farm_basic_no_revise_5.png,basic_no_revise,,pig,"A pig farm.I NEED to test how the tool works with extremely simple prompts. DO NOT add any detail, just use it AS-IS:",A pig farm,dall-e-3,1024x1024,standard,b64_json
pig_farm_basic_no_revise_6.png,basic_no_revise,,pig,"A pig farm.I NEED to test how the tool works with extremely simple prompts. DO NOT add any detail, just use it AS-IS:",A pig farm,dall-e-3,1024x1024,standard,b64_json
pig_farm_basic_no_revise_7.png,basic_no_revise,,pig,"A pig farm.I NEED to test how the tool works with extremely simple prompts. DO NOT add any detail, just use it AS-IS:",A pig farm,dall-e-3,1024x1024,standard,b64_json
pig_farm_basic_no_revise_8.png,basic_no_revise,,pig,"A pig farm.I NEED to test how the tool works with extremely simple prompts. DO NOT add any detail, just use it AS-IS:",A pig farm,dall-e-3,1024x1024,standard,b64_json
pig_farm_basic_no_revise_9.png,basic_no_revise,,pig,"A pig farm.I NEED to test how the tool works with extremely simple prompts. DO NOT add any detail, just use it AS-IS:",A pig farm,dall-e-3,1024x1024,standard,b64_json
pig_farm_basic_no_revise_10.png,basic_no_revise,,pig,"A pig farm.I NEED to test how the tool works with extremely simple prompts. DO NOT add any detail, just use it AS-IS:",A pig farm,dall-e-3,1024x1024,standard,b64_json
dairy_farm_typical_1.png,typical,,dairy,A typical dairy farm.,"A typical dairy farm during a pleasant summer afternoon. In the foreground, a variety of cows - Holsteins, Jerseys, and Brown Swiss - graze peacefully on lush green fields. Beyond the cows, a red barn with white trim stands tall, symbolizing the classic American agriculture scene. Nearby, a silo rises to meet the sky. Scattered around the barn, farming machinery such as tractors and hay balers lay idle, their tasks completed for the day. The open blue sky stretches above the farm, dotted with a few fluffy clouds, and a soft sunlight illuminates the entire scene.",dall-e-3,1024x1024,standard,b64_json
dairy_farm_typical_2.png,typical,,dairy,A typical dairy farm.,"Draw a bustling scene of an average day at a dairy farm. Show a few grazing cows of different breeds in the lush green fields, each marked with a brightly colored tag on their ears for identification purposes. Display a farmer in overalls and a straw hat, of Caucasian descent, tending to the animals, perhaps feeding a calf from a bottle. The wooden barn in the background should be painted in a traditional red color with white trim, with a silo standing tall nearby. The sky is bright blue, dotted lightly with puffy white clouds, indicating a wonderful sunny day.",dall-e-3,1024x1024,standard,b64_json
dairy_farm_typical_3.png,typical,,dairy,A typical dairy farm.,"A detailed depiction of a typical dairy farm. The scenery consists of a wide, fertile meadow with roaming cows grazing peacefully. In the distance, a rustic red barn sits, housing equipment and a couple of proud farm workers, one Caucasian man and one Hispanic woman. Close to the barn is a pasture with hay bales situated neatly. A farm tractor is parked nearby, ready for the day's work. Feeling complete with a sky painted with hues of blue and white fluffy clouds. This pastoral scene is bustling with life yet tranquil, radiating the unique charm of farm life.",dall-e-3,1024x1024,standard,b64_json
dairy_farm_typical_4.png,typical,,dairy,A typical dairy farm.,"Visualize a typical rural dairy farm set in the luscious green countryside. The scene features a large red barn at its heart, flanked by vast fields of grazing cows of various breeds. Closest, observe a group of mixed male and female farmhands, of Caucasian, Hispanic, and Middle-Eastern descent, who are busy milking the cows and tending to other chores. Across the farm, you can spot a traditional farm house with smoke wafting from its chimney, indicating the farmer's family is starting their day. Imagine the crisp early morning air, the sound of mooing, and the smell of fresh hay, intermingled with the aroma of cow milk.",dall-e-3,1024x1024,standard,b64_json
dairy_farm_typical_5.png,typical,,dairy,A typical dairy farm.,"Visualize a classic dairy farm during the day under a blue sky. There’s a large red barn in the center of the image with a weather vane on top. Healthy black and white Holstein cows graze in the lush green pasture nearby. A few meters away from the barn is a tall silver silo for storing grain. There's a wooden fence running around the farm. Different equipment like a tractor, milk cans, and hay bales add to the authenticity. Around the edges, dark green trees mark the boundary of this farm.",dall-e-3,1024x1024,standard,b64_json
dairy_farm_typical_6.png,typical,,dairy,A typical dairy farm.,"Imagine a typical dairy farm. Expansive green pastures fill the horizon, spotted with black and white Holstein Friesians grazing leisurely. A rustic, red barn stands staunchly in the middle, bales of golden hay stacked at its entrance. Scatterings of oak trees provide shade, while streams gleam under the afternoon sun. You can see a Hispanic male farmer tending to the animals, driving a slightly rusty but reliable tractor. Nearby, a Middle Eastern female farmworker is carrying a bucket of fresh milk towards the barn, her face aglow with healthy exertion.",dall-e-3,1024x1024,standard,b64_json
dairy_farm_typical_7.png,typical,,dairy,A typical dairy farm.,"Create a traditional, picturesque dairy farm. The scene could include a large red barn with a weather vane on top in the background. In the foreground, we see a Hispanic female farmer feeding the white and black Holstein cows. Hay bales are scattered along the fence. Additionally, there could be a small pond with ducks swimming. Every now and then, we see cows grazing in the vast green pastures under the clear blue skies. Windmill spinning near the wooden farmhouse, trees surrounding it. Tractor parked near the fields.",dall-e-3,1024x1024,standard,b64_json
dairy_farm_typical_8.png,typical,,dairy,A typical dairy farm.,"An idyllic depiction of a typical dairy farm. Surrounded by a lush, sprawling countryside, the farm has numerous Holstein cows grazing on the green meadows, their black and white patterns standing out against the vibrant backdrop. A wooden barn with weathered red paint stands in the center of the farm, with a vintage tractor parked nearby. Hay bales are scattered across the field, and a gentle stream meanders through the property. The farm is populated by diverse farmers, consisting of a Hispanic woman tending to the cows and a Black man maintaining the machinery.",dall-e-3,1024x1024,standard,b64_json
dairy_farm_typical_9.png,typical,,dairy,A typical dairy farm.,"An image that features a typical dairy farm during a bright and sunny day. The farm should have a large red barn with a weather vane on its roof. Nearby, there should be several lush green pastures where various breeds of cows are grazing peacefully. You can see a Black male farmer wearing overalls, carrying a pail, and walking towards the herd. In the background, there should be a farm tractor parked and a windmill spinning gently. The landscape extends to a scenic horizon with trees and fields, exemplifying the tranquility and productivity of rural life.",dall-e-3,1024x1024,standard,b64_json
dairy_farm_typical_10.png,typical,,dairy,A typical dairy farm.,"An image depicting a typical dairy farm. In the foreground, there are black and white Holstein cows grazing in lush, green fields. On the side, a Middle-Eastern farmer wearing a straw hat and wellington boots is milking a cow. There's a red barn with a weather vane in the backdrop, along with a Caucasian woman carrying a basket of fresh milk bottles. Piles of hay scattered everywhere and a bright blue pickup truck is nearby. The backdrop features rolling hills and a clear blue sky with wispy white clouds.",dall-e-3,1024x1024,standard,b64_json
pig_farm_typical_1.png,typical,,pig,A typical pig farm.,"A classic scene of a pig farm. Picture an expansive field surrounded by a wooden fence. A collection of robust, cheerful pigs of various sizes and colors are freely roaming, rooting in the mud or resting under the broad shadow of giant oaks. Far at one end, there is a large traditional red barn, with a distinctive gabled roof. On another, you can see a stack of hay bales, ready for feeding time. The blue sky overhead is dotted with soft, wispy clouds, reflecting the tranquility of a typical day on a pig farm.",dall-e-3,1024x1024,standard,b64_json
pig_farm_typical_2.png,typical,,pig,A typical pig farm.,"An open rural scene of a typical pig farm. The scene is lush and green, scattered with a variety of pigs of different sizes. Pigs are snuffling around in the mud, some are eating from a feeding trough while others rest in the shade of a large oak tree. The farm buildings, a barn and a silo, are in the distance, surrounded by a wooden fence. It's a bright, sunny day and the sky is filled with fluffy white clouds. Birds are chirping, there's a gentle breeze blowing, and the sweet scent of hay fills the air.",dall-e-3,1024x1024,standard,b64_json
pig_farm_typical_3.png,typical,,pig,A typical pig farm.,"An image depicting a typical pig farm. The scene showcases numerous pigs of varying sizes casually roaming within a wide, fenced mud pit with tufts of grass here and there. Nearby, a wooden barn stands tall, the weathered facade bearing testament to the years it has served the farm. A couple of haystacks are stacked beside the barn. A farmer of Middle-Eastern descent, with a straw hat and plaid shirt, is seen tending to the pigs, while an East Asian female hand in sturdy boots and overalls brings slop in large buckets. Their faces being a mask of elation and contentment.",dall-e-3,1024x1024,standard,b64_json
pig_farm_typical_4.png,typical,,pig,A typical pig farm.,"Visualize a vivid scene of an everyday pig farm. The setting includes a large, sprawling field with Deep gaps of mud spots, where both adult and piglets can be seen frolicking and rolling around. There are rustic wooden fences encapsulating the area. Tall, straw-filled barns dot the landscape, offering shelter to these creatures with high sloping roofs. Piles of haystacks can be seen resting under a bright, cloudless sky. This cheerful and warm atmosphere is further accentuated by the farmer, a middle-aged Hispanic woman, tending to her pigs with care.",dall-e-3,1024x1024,standard,b64_json
pig_farm_typical_5.png,typical,,pig,A typical pig farm.,"Visualize an old-fashioned, sprawling pig farm. The scenery should show numerous pigs expressing joy as they forage for food in a muddy, fenced enclosure. Don't miss out on the rustic barn standing tall in the corner of the farm with hay piled up to the ceiling. A middle-aged South Asian farmer, wearing worn-out overalls, is tending to the pigs, carrying a bucket full of pig feed. The farm sits under a cloud-spotted sky and the sun beaming through, casting long shadows behind objects.",dall-e-3,1024x1024,standard,b64_json
pig_farm_typical_6.png,typical,,pig,A typical pig farm.,"Illustrate a typical pig farm, bustling with activity. You can see a variety of pigs doing their daily activities - some are eating from their troughs, others are lazing in the mud, and piglets are playfully frolicking around the area. The farm includes a large barn with a hayloft, a fence surrounds the pigpen, and there are stacks of hay bales placed strategically across the farm. Nearby, a farmer, an elderly Black man with a wide-brimmed hat, is busily feeding the pigs with a smile on his face, while a young South Asian female worker is seen just a little distance away, mending the fences.",dall-e-3,1024x1024,standard,b64_json
pig_farm_typical_7.png,typical,,pig,A typical pig farm.,"A detailed depiction of a bustling pig farm. The scene should showcase a variety of pig breeds in large pen areas, some with light pink skin, others with black and white spots engaging in various pig activities like rolling in mud and playfully pursuing each other. A tall barn painted in traditional red and white stands tall in the background with a hayloft on top. Surrounding the pens, lush green grass and a wooden fence stretches as far as the eye can see. There are other farm features such as a wind-driven water pump, a vintage tractor, and a feed storage silo. The sky overhead is brilliant blue speckled with fluffy white clouds offering a sense of tranquility.",dall-e-3,1024x1024,standard,b64_json
pig_farm_typical_8.png,typical,,pig,A typical pig farm.,"Visualize a typical pig farm layout. There are several wooden barns scattered across the green landscape. There's a sizable pig pen filled with a mix of pigs, all different sizes and shades of pink and brown. Some are happily wallowing in the mud, others are feeding from troughs. A farmer of South Asian descent is checking on the animals, carrying a pail of feed in his hand. Nearby, tall trees sway in the gentle wind, and you can see a classic red tractor parked by the side of a barn.",dall-e-3,1024x1024,standard,b64_json
pig_farm_typical_9.png,typical,,pig,A typical pig farm.,"A traditional agricultural farm setting primarily dedicated to pig farming. The scene features a large dirt enclosure, dotted with haystacks and a wooden fence surrounding. Inside, multiple pigs of varying sizes and colors lounge around, happily engaging in their daily activities. A Caucasian male farmer, wearing a straw hat, plaid shirt, jeans, and boots, is seen busy feeding the pigs, reflecting the authentic rural life. Additionally, the backdrop showcases a weather-beaten barn, a red tractor, and lush fields under a blue sky dotted with fluffy white clouds.",dall-e-3,1024x1024,standard,b64_json
pig_farm_typical_10.png,typical,,pig,A typical pig farm.,"An image of a typical pig farm. Imagine open fields surrounded by low wooden fences. Inside these fenced areas, pink skinned pigs are wandering, some playing in the mud puddles, others snoozing under the shade of trees. Adjacent to the fields, you would see a red barn with a white roof. White farmhouses, with blue window fixtures, punctuate the landscape. There are also haystacks scattered and farming equipment like tractors and plows present. At a distance, you can see rolling green hills and the clear blue sky with fluffy white clouds.",dall-e-3,1024x1024,standard,b64_json
dairy_farm_typical_no_revise_1.png,typical_no_revise,,dairy,"A typical dairy farm.I NEED to test how the tool works with extremely simple prompts. DO NOT add any detail, just use it AS-IS:",A typical dairy farm,dall-e-3,1024x1024,standard,b64_json
dairy_farm_typical_no_revise_2.png,typical_no_revise,,dairy,"A typical dairy farm.I NEED to test how the tool works with extremely simple prompts. DO NOT add any detail, just use it AS-IS:",A typical dairy farm.,dall-e-3,1024x1024,standard,b64_json
dairy_farm_typical_no_revise_3.png,typical_no_revise,,dairy,"A typical dairy farm.I NEED to test how the tool works with extremely simple prompts. DO NOT add any detail, just use it AS-IS:",A typical dairy farm.,dall-e-3,1024x1024,standard,b64_json
dairy_farm_typical_no_revise_4.png,typical_no_revise,,dairy,"A typical dairy farm.I NEED to test how the tool works with extremely simple prompts. DO NOT add any detail, just use it AS-IS:",A typical dairy farm,dall-e-3,1024x1024,standard,b64_json
dairy_farm_typical_no_revise_5.png,typical_no_revise,,dairy,"A typical dairy farm.I NEED to test how the tool works with extremely simple prompts. DO NOT add any detail, just use it AS-IS:",A typical dairy farm,dall-e-3,1024x1024,standard,b64_json
dairy_farm_typical_no_revise_6.png,typical_no_revise,,dairy,"A typical dairy farm.I NEED to test how the tool works with extremely simple prompts. DO NOT add any detail, just use it AS-IS:",A typical dairy farm.,dall-e-3,1024x1024,standard,b64_json
dairy_farm_typical_no_revise_7.png,typical_no_revise,,dairy,"A typical dairy farm.I NEED to test how the tool works with extremely simple prompts. DO NOT add any detail, just use it AS-IS:",A typical dairy farm,dall-e-3,1024x1024,standard,b64_json
dairy_farm_typical_no_revise_8.png,typical_no_revise,,dairy,"A typical dairy farm.I NEED to test how the tool works with extremely simple prompts. DO NOT add any detail, just use it AS-IS:",A typical dairy farm.,dall-e-3,1024x1024,standard,b64_json
dairy_farm_typical_no_revise_9.png,typical_no_revise,,dairy,"A typical dairy farm.I NEED to test how the tool works with extremely simple prompts. DO NOT add any detail, just use it AS-IS:",A typical dairy farm.,dall-e-3,1024x1024,standard,b64_json
dairy_farm_typical_no_revise_10.png,typical_no_revise,,dairy,"A typical dairy farm.I NEED to test how the tool works with extremely simple prompts. DO NOT add any detail, just use it AS-IS:",A typical dairy farm.,dall-e-3,1024x1024,standard,b64_json
pig_farm_typical_no_revise_1.png,typical_no_revise,,pig,"A typical pig farm.I NEED to test how the tool works with extremely simple prompts. DO NOT add any detail, just use it AS-IS:",A typical pig farm.,dall-e-3,1024x1024,standard,b64_json
pig_farm_typical_no_revise_2.png,typical_no_revise,,pig,"A typical pig farm.I NEED to test how the tool works with extremely simple prompts. DO NOT add any detail, just use it AS-IS:",A typical pig farm.,dall-e-3,1024x1024,standard,b64_json
pig_farm_typical_no_revise_3.png,typical_no_revise,,pig,"A typical pig farm.I NEED to test how the tool works with extremely simple prompts. DO NOT add any detail, just use it AS-IS:",A typical pig farm.,dall-e-3,1024x1024,standard,b64_json
pig_farm_typical_no_revise_4.png,typical_no_revise,,pig,"A typical pig farm.I NEED to test how the tool works with extremely simple prompts. DO NOT add any detail, just use it AS-IS:",A typical pig farm.,dall-e-3,1024x1024,standard,b64_json
pig_farm_typical_no_revise_5.png,typical_no_revise,,pig,"A typical pig farm.I NEED to test how the tool works with extremely simple prompts. DO NOT add any detail, just use it AS-IS:",A typical pig farm,dall-e-3,1024x1024,standard,b64_json
pig_farm_typical_no_revise_6.png,typical_no_revise,,pig,"A typical pig farm.I NEED to test how the tool works with extremely simple prompts. DO NOT add any detail, just use it AS-IS:",A typical pig farm.,dall-e-3,1024x1024,standard,b64_json
pig_farm_typical_no_revise_7.png,typical_no_revise,,pig,"A typical pig farm.I NEED to test how the tool works with extremely simple prompts. DO NOT add any detail, just use it AS-IS:",A typical pig farm.,dall-e-3,1024x1024,standard,b64_json
pig_farm_typical_no_revise_8.png,typical_no_revise,,pig,"A typical pig farm.I NEED to test how the tool works with extremely simple prompts. DO NOT add any detail, just use it AS-IS:",A typical pig farm.,dall-e-3,1024x1024,standard,b64_json
pig_farm_typical_no_revise_9.png,typical_no_revise,,pig,"A typical pig farm.I NEED to test how the tool works with extremely simple prompts. DO NOT add any detail, just use it AS-IS:",A typical pig farm.,dall-e-3,1024x1024,standard,b64_json
pig_farm_typical_no_revise_10.png,typical_no_revise,,pig,"A typical pig farm.I NEED to test how the tool works with extremely simple prompts. DO NOT add any detail, just use it AS-IS:",A typical pig farm.,dall-e-3,1024x1024,standard,b64_json
dairy_farm_reality_1.png,reality,,dairy,Please create an image that accurately represents the reality of what most dairy farms look like.,"Generate an image of a typical dairy farm landscape during the daytime. The scene should include a wide open field with Holstein cows grazing on lush green grass. There are clusters of trees offering shade and a large traditional red barn with white trim is positioned towards the backdrop. Also visible in the scene are farm workers, a mixed group of men and women with diverse ethnic backgrounds, mechanically milking the cows and performing other tasks. On the horizon, there are rolling hills and the sky is partially cloudy, casting dappled shadows on the ground.",dall-e-3,1024x1024,standard,b64_json
dairy_farm_reality_2.png,reality,,dairy,Please create an image that accurately represents the reality of what most dairy farms look like.,"Generate a realistic image of a typical dairy farm. The picture should showcase a large field with cows grazing under a sunny sky. The focal point should be a big barn with a silo next to it. To depict the daily activities, include farmers, one being a Middle-Eastern man and another a Caucasian woman, dressed in overalls and rubber boots, tending to the cows. A tractor can be seen in the background, highlighting the use of machinery in modern farming. Finally, a small stream cutting across the property can be added to provide a water source to the scene.",dall-e-3,1024x1024,standard,b64_json
dairy_farm_reality_3.png,reality,,dairy,Please create an image that accurately represents the reality of what most dairy farms look like.,"Please generate an image depicting a typical dairy farm. The scene should show a picturesque countryside terrain with numerous cows of varying colors such as black, brown, and white grazing on vast green pastures. There should be a large barn present where the cows are being milked. In the distance, you can see the farmer, a middle-aged South Asian woman, overseeing the process. Add tiny details such as a tractor, haystacks and the distant silhouettes of trees and birds in the sky. The time depicted should be in the late afternoon, with the golden light of the setting sun casting long shadows on the field.",dall-e-3,1024x1024,standard,b64_json
dairy_farm_reality_4.png,reality,,dairy,Please create an image that accurately represents the reality of what most dairy farms look like.,"Visualize an image that displays a typical dairy farm. It includes vast pasturelands with grazing cows - Holsteins, depicted with their characteristic white and black spotted pattern for accuracy to breed. An extensive barn structure is seen, painted in a rustic red, with square hay bales neatly stacked alongside. It's a clear blue sky day, and the landscape includes a scenic setting with rolling hills in the background. Among the herd, there are also dairy farm workers, including Hispanic women and South Asian men, wearing overalls and comfortably interacting with the cows. Efficient milking equipment is also visible, emphasizing the function of the farm.",dall-e-3,1024x1024,standard,b64_json
dairy_farm_reality_5.png,reality,,dairy,Please create an image that accurately represents the reality of what most dairy farms look like.,"Create an accurate depiction of the typical dairy farm scene. It should include several cows of varying colors such as black and white, and brown. The environment should depict typical features of a farm: green pastures, a large red barn, and various farming equipment like tractors and milking machines. There should be a few farmers of different genders and descents such as a Hispanic male and a Caucasian female, busy in their everyday tasks such as feeding the cows and operating the machinery. The sky should be bright and there should be a hint of the early morning sun.",dall-e-3,1024x1024,standard,b64_json
dairy_farm_reality_6.png,reality,,dairy,Please create an image that accurately represents the reality of what most dairy farms look like.,"Imagine an expanse of rural landscapes where dairy farming takes precedence. In the foreground, there is a herd of dairy cows - Holsteins with their distinctive black and white patterns - grazing on fresh green grass. In the distance, you can see farmhouses with rust-red rooftops, accompanied by large, towering silos used for storage. The scene is completed by a large barn, its wood subtly weathered by time and the elements. A tractor is parked nearby, signifying the incorporation of modern technology in farming. Throughout, the scene radiates an aura of tranquility yet diligent activity, reflecting the realities of dairy farming life.",dall-e-3,1024x1024,standard,b64_json
dairy_farm_reality_7.png,reality,,dairy,Please create an image that accurately represents the reality of what most dairy farms look like.,"Render an image showcasing the typical reality of dairy farms. The scene contains vast, open pastures speckled with grazing cows of various breeds. It also includes dairy workers of different genders and descents - some are visibly engaged in milking processes via machines, while others ensure the health and well-being of the cows. Agricultural buildings dot the landscape, with one significant barn that houses the milking machines. The farm is nestled against the backdrop of a rural landscape under a sky filled with white, fluffy clouds.",dall-e-3,1024x1024,standard,b64_json
dairy_farm_reality_8.png,reality,,dairy,Please create an image that accurately represents the reality of what most dairy farms look like.,"Create a realistic representation of a typical dairy farm. The scene should display a large barn in the middle of a wide, open grassy field. Surrounding the barn, depict a number of cows of varying colors and sizes, all grazing leisurely. The landscape should also include essential farm equipment like tractors, automatic milking machines, and water troughs. To the left, illustrate a farmer, a Hispanic male, tending to the dairy cows, while on the right, an East Asian female farmer looks over records and paperwork seated on a wooden bench. Please ensure the image reveals both the bucolic beauty and diligent work involved in a dairy farm.",dall-e-3,1024x1024,standard,b64_json
dairy_farm_reality_9.png,reality,,dairy,Please create an image that accurately represents the reality of what most dairy farms look like.,"Generate an image of a realistic dairy farm, depicting the core components of its operations. At the heart of the farm should be a functional barn with white and red colors, full of cows. Surrounding this, fertile green pastures where the cattle graze; their coats varying in colors from mottled white and brown to pure black. Included should be farm workers, with balanced representation of genders and descents such as: Male Hispanic farmhand, Female Caucasian veterinarian, Black male dairy equipment operator and a South Asian female milker. The background should feature a bright blue sky with some fluffy white clouds, reflecting the balance of nature and human intervention.",dall-e-3,1024x1024,standard,b64_json
dairy_farm_reality_10.png,reality,,dairy,Please create an image that accurately represents the reality of what most dairy farms look like.,"Generate an image portraying a typical dairy farm. Show pastures dotted with grazing cows of various breeds like Holstein Friesians and Jerseys. Also include essential farm structures, such as a red barn, silos for feed storage, and milking parlours where the cows are milked. Please include farmers, both men and women, coming from different descents such as Caucasian, Black, and Hispanic, actively engaged in farm tasks. Show the overall landscape dotted with large trees and a gentle stream flowing across the farm, emphasizing the idyllic countryside setting often associated with dairy farming.",dall-e-3,1024x1024,standard,b64_json
pig_farm_reality_1.png,reality,,pig,Please create an image that accurately represents the reality of what most pig farms look like.,"Create a realistic depiction of a typical pig farm. Include a barn with multiple pens where pigs are being kept. Show a diverse set of pigs - some wallowing in mud, others sleeping or eating from troughs. Surrounding the barn, present a view of the countryside with farmland stretching out, crops such as corn or wheat swaying in the wind. Make sure to show a farmer - a middle-aged, Caucasian woman wearing overalls, straw hat and rubber boots - tending to the pigs, feeding them or checking their pens. In the distance, include a hazy view of the farmhouse.",dall-e-3,1024x1024,standard,b64_json
pig_farm_reality_2.png,reality,,pig,Please create an image that accurately represents the reality of what most pig farms look like.,"Generate an image that accurately depicts a typical pig farm. The image should focus on aspects such as a large outdoor area with mud and green pastures where pigs graze and rest. Show several pigs of various ages and sizes, including piglets, young pigs, and mature pigs. Some of the pigs should be feeding on grain, while others are lounging in the mud or running around energetically. There should be a farmer on the scene, a South Asian woman in her mid-forties, tending to the pigs with a sense of care. Be sure to show the stretch of fencing that marks the boundary of the pig farm.",dall-e-3,1024x1024,standard,b64_json
pig_farm_reality_3.png,reality,,pig,Please create an image that accurately represents the reality of what most pig farms look like.,"Generate an image that represents a typical pig farm. Picture a wide, flat and open field filled with animals, in particular, pigs. These pigs are of different sizes and colors, illustrating a diverse age group. There are numerous wooden huts, where the pigs seek shelter and rest. Overhead, the sky is a clear, bright blue with fluffy white clouds scattered across it. Nearby, a few farmers are seen, all appropriately dressed in overall work clothes; a Caucasian man, a Hispanic woman, and a Middle-Eastern man. They supervise the scene, ensuring the wellbeing of the animals.",dall-e-3,1024x1024,standard,b64_json
pig_farm_reality_4.png,reality,,pig,Please create an image that accurately represents the reality of what most pig farms look like.,"Generate an image showing the real-life depiction of an average pig farm. It should include an open air setting with several pig sties under a sunny sky. Pigs of various sizes and ages can be seen engaged in typical behavior - some wallowing in mud puddles, some foraging, and others resting. Farmers, one Caucasian male and a Middle-Eastern female, are present maintaining the farm, ensuring the pigs' welfare. Scattered haystacks, wooden fences, and a barn in the background are also present.",dall-e-3,1024x1024,standard,b64_json
pig_farm_reality_5.png,reality,,pig,Please create an image that accurately represents the reality of what most pig farms look like.,"An image of a typical pig farm showing an expansive muddy field dotted with hay bales under a clear blue sky. Several domestic pigs of different sizes, with both adult pigs and piglets visible, wallow in the mud, appearing content and natural. Off to the side, a large red barn stands with its doors wide open, revealing stalls inside. Nearby, a tractor is parked, indicating regular human attendance. The background shows a line of wooden fencing marking the farm's boundary, beyond which stretches a panorama of green fields and forests.",dall-e-3,1024x1024,standard,b64_json
pig_farm_reality_6.png,reality,,pig,Please create an image that accurately represents the reality of what most pig farms look like.,"Generate an image of a typical pig farm. Depict multiple pigs within an outdoor enclosure, surrounded by typical farm attributes such as a wooden fence or metal gating, mud and straw on the ground. The background scene can feature a farmhouse in the distance, with lush green trees and blue skies overhead. Weather conditions should reflect a clear, sunny day. The pigs appear well-fed and content, indicating regular feeding and upkeep. Ensure that elements of the pig farms like feeding and sleeping areas, troughs with water and feed are also visible.",dall-e-3,1024x1024,standard,b64_json
pig_farm_reality_7.png,reality,,pig,Please create an image that accurately represents the reality of what most pig farms look like.,"Visualize a typical pig farm. It should depict several pigs of various sizes and ages, muddy grounds, and fenced pens. Some pigs are happily wallowing in the mud while others are feeding. The farm is outdoors with a mix of sun and shade spots under a blue sky. There are a few low barns in the background, with a casual scattering of straw bales. Traces of the farming equipment, like a covered tractor, can be seen nearby.",dall-e-3,1024x1024,standard,b64_json
pig_farm_reality_8.png,reality,,pig,Please create an image that accurately represents the reality of what most pig farms look like.,"Visualize a typical pig farm in moderate detail. Show several pigs of various sizes roaming within a fenced area with a muddy patch for them to wallow. The farm landscape should have a traditional barn with a high arched roof and smoothly painted wooden walls. Include stacks of hay under the shaded area of the barn. Nearby, delineate an enormous silo reflecting the afternoon sun. Clusters of deciduous trees should dot the property's boundaries, their leaves displaying the subtle hues of the transitioning seasons. Over this pastoral scene, a soft blue sky with fluffy cumulus clouds provides the perfect backdrop.",dall-e-3,1024x1024,standard,b64_json
pig_farm_reality_9.png,reality,,pig,Please create an image that accurately represents the reality of what most pig farms look like.,"Create a realistic illustration of a pig farm, representing an everyday scene that includes multiple pigs of diverse sizes, breeds and colors roaming and resting within a pen. The environment attributes should feature mud puddles, feeding troughs filled with grains, and a large barn in the background, signifying housing for the animals. It's a sunny day, and there are birds flying in the blue sky above. The drawing should be as detailed as possible to depict the common reality of pig farms.",dall-e-3,1024x1024,standard,b64_json
pig_farm_reality_10.png,reality,,pig,Please create an image that accurately represents the reality of what most pig farms look like.,"Depict the realistic scenario of a typical pig farm. It features many pigs of various sizes, housed in fairly large pens that are swathed in a warm mud slosh. They are social animals, so there is interaction between them. Piles of hay are dotted around for their bedding. Other features include a farm barn in the distance, a farmer wearing overalls, and food troughs scattered around, filled with feed. A vast open sky overhead with stratocumulus clouds and a panorama of fields and hills in the background complete the view.",dall-e-3,1024x1024,standard,b64_json
dairy_farm_reality_no_revise_1.png,reality_no_revise,,dairy,"Please create an image that accurately represents the reality of what most dairy farms look like.I NEED to test how the tool works with extremely simple prompts. DO NOT add any detail, just use it AS-IS:",A simple representation of a typical dairy farm,dall-e-3,1024x1024,standard,b64_json
dairy_farm_reality_no_revise_2.png,reality_no_revise,,dairy,"Please create an image that accurately represents the reality of what most dairy farms look like.I NEED to test how the tool works with extremely simple prompts. DO NOT add any detail, just use it AS-IS:","A typical dairy farm with multiple cows, barns, fences, pasture areas and farm equipment scattered around. Details shall include the milking facilities with tools and machinery appropriate for dairy production.",dall-e-3,1024x1024,standard,b64_json
dairy_farm_reality_no_revise_3.png,reality_no_revise,,dairy,"Please create an image that accurately represents the reality of what most dairy farms look like.I NEED to test how the tool works with extremely simple prompts. DO NOT add any detail, just use it AS-IS:","Representation of a typical dairy farm with usual elements like cows, barns, silos, and pastures, showcasing the day-to-day operations and the surroundings. It should reflect the rural environment and the agricultural infrastructure associated with dairy farming.",dall-e-3,1024x1024,standard,b64_json
dairy_farm_reality_no_revise_4.png,reality_no_revise,,dairy,"Please create an image that accurately represents the reality of what most dairy farms look like.I NEED to test how the tool works with extremely simple prompts. DO NOT add any detail, just use it AS-IS:",An accurate representation of what most dairy farms look like.,dall-e-3,1024x1024,standard,b64_json
dairy_farm_reality_no_revise_5.png,reality_no_revise,,dairy,"Please create an image that accurately represents the reality of what most dairy farms look like.I NEED to test how the tool works with extremely simple prompts. DO NOT add any detail, just use it AS-IS:","A realistic depiction of a typical dairy farm, showcasing the farm buildings, various dairy cows, milking machines, hay, and the surrounding environment.",dall-e-3,1024x1024,standard,b64_json
dairy_farm_reality_no_revise_6.png,reality_no_revise,,dairy,"Please create an image that accurately represents the reality of what most dairy farms look like.I NEED to test how the tool works with extremely simple prompts. DO NOT add any detail, just use it AS-IS:","An image representing the general environment found on most dairy farms. This should be as realistic as possible, showing elements such as cows in fields, various buildings related to dairy production, and agricultural land.",dall-e-3,1024x1024,standard,b64_json
dairy_farm_reality_no_revise_7.png,reality_no_revise,,dairy,"Please create an image that accurately represents the reality of what most dairy farms look like.I NEED to test how the tool works with extremely simple prompts. DO NOT add any detail, just use it AS-IS:",A realistic depiction of a typical dairy farm.,dall-e-3,1024x1024,standard,b64_json
dairy_farm_reality_no_revise_8.png,reality_no_revise,,dairy,"Please create an image that accurately represents the reality of what most dairy farms look like.I NEED to test how the tool works with extremely simple prompts. DO NOT add any detail, just use it AS-IS:",A typical dairy farm scene,dall-e-3,1024x1024,standard,b64_json
dairy_farm_reality_no_revise_9.png,reality_no_revise,,dairy,"Please create an image that accurately represents the reality of what most dairy farms look like.I NEED to test how the tool works with extremely simple prompts. DO NOT add any detail, just use it AS-IS:","A typical dairy farm landscape, showing the daily routine of a dairy farm with cows grazing in the field, milking machinery, a barn for shelter, and farmers at work.",dall-e-3,1024x1024,standard,b64_json
dairy_farm_reality_no_revise_10.png,reality_no_revise,,dairy,"Please create an image that accurately represents the reality of what most dairy farms look like.I NEED to test how the tool works with extremely simple prompts. DO NOT add any detail, just use it AS-IS:","A realistic depiction of a typical dairy farm, showcasing the barn, cattle, milking stations, and surrounding farmlands.",dall-e-3,1024x1024,standard,b64_json
pig_farm_reality_no_revise_1.png,reality_no_revise,,pig,"Please create an image that accurately represents the reality of what most pig farms look like.I NEED to test how the tool works with extremely simple prompts. DO NOT add any detail, just use it AS-IS:",A realistic depiction of a typical pig farm,dall-e-3,1024x1024,standard,b64_json
pig_farm_reality_no_revise_2.png,reality_no_revise,,pig,"Please create an image that accurately represents the reality of what most pig farms look like.I NEED to test how the tool works with extremely simple prompts. DO NOT add any detail, just use it AS-IS:","A typical pig farm. It includes numerous pigs in a dirt field with enclosure fencing. There are small huts or shelters where pigs can rest or consume food. The background has a clear sky and beyond the enclosure, there might be a farmhouse or barn.",dall-e-3,1024x1024,standard,b64_json
pig_farm_reality_no_revise_3.png,reality_no_revise,,pig,"Please create an image that accurately represents the reality of what most pig farms look like.I NEED to test how the tool works with extremely simple prompts. DO NOT add any detail, just use it AS-IS:",An accurate representation of a typical pig farm,dall-e-3,1024x1024,standard,b64_json
pig_farm_reality_no_revise_4.png,reality_no_revise,,pig,"Please create an image that accurately represents the reality of what most pig farms look like.I NEED to test how the tool works with extremely simple prompts. DO NOT add any detail, just use it AS-IS:","A realistic depiction of a typical pig farm. Featured in the image should be several pigs roaming freely in a muddy field, with a barn in the background. Detail should also be given to showing feed troughs, and possibly a farmer tending to the animals.",dall-e-3,1024x1024,standard,b64_json
pig_farm_reality_no_revise_5.png,reality_no_revise,,pig,"Please create an image that accurately represents the reality of what most pig farms look like.I NEED to test how the tool works with extremely simple prompts. DO NOT add any detail, just use it AS-IS:","An image showcasing a typical example of a pig farm in real life. The layout includes everything commonly found, such as, pig pens with pigs, food and water troughs, a farmer tending to the pigs, a barn for shelter, and surrounding fences to secure the area.",dall-e-3,1024x1024,standard,b64_json
pig_farm_reality_no_revise_6.png,reality_no_revise,,pig,"Please create an image that accurately represents the reality of what most pig farms look like.I NEED to test how the tool works with extremely simple prompts. DO NOT add any detail, just use it AS-IS:",A realistic depiction of a typical pig farm,dall-e-3,1024x1024,standard,b64_json
pig_farm_reality_no_revise_7.png,reality_no_revise,,pig,"Please create an image that accurately represents the reality of what most pig farms look like.I NEED to test how the tool works with extremely simple prompts. DO NOT add any detail, just use it AS-IS:","An accurate depiction of a typical pig farm. The scene can include multiple pigs of various sizes, pens filled with hay or mud, feeding troughs with feed, and farm workers tending to the animals. Remember to depict the farm realistically, showing not just the animals but also the surrounding natural environment.",dall-e-3,1024x1024,standard,b64_json
pig_farm_reality_no_revise_8.png,reality_no_revise,,pig,"Please create an image that accurately represents the reality of what most pig farms look like.I NEED to test how the tool works with extremely simple prompts. DO NOT add any detail, just use it AS-IS:",A typical pig farm setting showing pigs in an enclosure with a farmhouse and other necessary equipment in the background.,dall-e-3,1024x1024,standard,b64_json
pig_farm_reality_no_revise_9.png,reality_no_revise,,pig,"Please create an image that accurately represents the reality of what most pig farms look like.I NEED to test how the tool works with extremely simple prompts. DO NOT add any detail, just use it AS-IS:","A realistic depiction of a typical pig farm. There are pigs of various sizes and ages, all healthy and active. They are kept in separate pens with ample space. The farm is complete with basic infrastructure such as barns, feeders, and troughs for water. Mud pits are also available for the pigs to wallow. The farm environment is relatively clean, with farm workers ensuring the cleanliness and timely feeding of pigs.",dall-e-3,1024x1024,standard,b64_json
pig_farm_reality_no_revise_10.png,reality_no_revise,,pig,"Please create an image that accurately represents the reality of what most pig farms look like.I NEED to test how the tool works with extremely simple prompts. DO NOT add any detail, just use it AS-IS:",A realistic representation of what most pig farms look like.,dall-e-3,1024x1024,standard,b64_json
dairy_farm_reality_country_the United States_1.png,reality_country,the United States,dairy,Please create an image that accurately represents the reality of what most dairy farms look like in the United States.,"Show an image of a typical dairy farm in the United States. The farm includes a large barn with plenty of hay inside and grazing cows in a fenced area nearby. Each cow should be distinct; add cows of varying colors like black, brown, and white. The farm has silo towers storing grain. Farm lands extend in the distance, nurtured crops are visible. Farmers of different genders and a variety of descents such as Caucasian, Hispanic, and Black are working on the farm - milking cows, feeding animals, and tending crops. The sky is a blend of bright blues and fluffy white clouds, indicating a sunny day.",dall-e-3,1024x1024,standard,b64_json
dairy_farm_reality_country_the United States_2.png,reality_country,the United States,dairy,Please create an image that accurately represents the reality of what most dairy farms look like in the United States.,"An accurate depiction of the most common dairy farms in the United States. The image should show a sprawling farm landscape with rows of cows, predominantly Holstein-Friesian breed known for their distinctive black and white spotting. There should be a large barn in the center of the scene, painted red with a hay loft at the top. Towards the side, depict modern milking machinery with a coil waste hose and areas designated for feed storage. Also let there be tractor and hay bales scattered around the farm. It’s a sunny day with a clear sky overhead.",dall-e-3,1024x1024,standard,b64_json
dairy_farm_reality_country_the United States_3.png,reality_country,the United States,dairy,Please create an image that accurately represents the reality of what most dairy farms look like in the United States.,"Illustrate an expansive dairy farm in the United States. Show wide pastures graced with numerous Holstein Friesian cattle, known for their distinctive black and white patterns. Include details such as red barns with towering silos nearby for feed storage. Show farmers at work: a Caucasian man driving a tractor over rolling hills, a Hispanic woman tending to the cows and a Black man inspecting the milking systems. Background elements should reflect the daily grind in a farm - an early morning sun, dewy grass, and birds fluttering around.",dall-e-3,1024x1024,standard,b64_json
dairy_farm_reality_country_the United States_4.png,reality_country,the United States,dairy,Please create an image that accurately represents the reality of what most dairy farms look like in the United States.,"Generate a detailed image that shows the typical layout of a dairy farm in the United States. The scene should include a variety of elements like multiple barns for housing the cattle, a milking parlor, commodity sheds for storing feed, and a manure storage facility. A blend of Holstein and Jersey cows should be shown grazing in lush, green pastures nearby. Include farmers of diverse descent and gender in the process of tending to the livestock, feeding them and checking the milking equipment.",dall-e-3,1024x1024,standard,b64_json
dairy_farm_reality_country_the United States_5.png,reality_country,the United States,dairy,Please create an image that accurately represents the reality of what most dairy farms look like in the United States.,"Generate an image showing a typical dairy farm in the United States. This scene should depict cows grazing in lush pastures under a clear blue sky during the day. There are multiple red and white barns scattered across the vast fields, with silos rising in the background, and tractors working to maintain the land. A group of diverse farmers of various genders and descents, namely Caucasian, Hispanic, and Black, are seen attending to the animals and performing daily farm chores.",dall-e-3,1024x1024,standard,b64_json
dairy_farm_reality_country_the United States_6.png,reality_country,the United States,dairy,Please create an image that accurately represents the reality of what most dairy farms look like in the United States.,"An expansive shot of a typical dairy farm in the United States. In the foreground, different breeds of cows like Holstein Friesians, Jerseys, and Guernseys scattered about large outdoor pastures with lush grass in multicolored quarantine bands. Farther, a Hispanic farmer operating state-of-the-art machinery to ensure the health and well-being of the herd. On the horizon, massive barn structures with modern equipment such as robotic milking stations visible through open doors. Beyond the farm, endless acres of crop fields sway in the breeze, providing a stark contrast to the bustling activity near the farmhouse.",dall-e-3,1024x1024,standard,b64_json
dairy_farm_reality_country_the United States_7.png,reality_country,the United States,dairy,Please create an image that accurately represents the reality of what most dairy farms look like in the United States.,"Generate an accurate representation of a typical dairy farm in the United States. The scene depicts a wide, open field under a blue sky with cows of various breeds grazing peacefully. In the foreground, a female South Asian farmer wearing overall jeans and a hat is attending to the cows, perhaps providing them with food or water. In the background, convey essential structures such as a red barn, a milk processing facility, and perhaps a farmhouse. The overall atmosphere is one of daily agricultural routine.",dall-e-3,1024x1024,standard,b64_json
dairy_farm_reality_country_the United States_8.png,reality_country,the United States,dairy,Please create an image that accurately represents the reality of what most dairy farms look like in the United States.,"Generate an image that portrays the typical environments of dairy farms in the United States. The scene unfolds expanses of grassland, specks of black and white cows, a well-maintained red barn in the distance, and a bright sky above. Farmers, a diverse mix of genders and descents, are engaged in various tasks - some are seen tending to the cows while others are carting milk canisters. The dairy farm scene reflects aspects like the hustle of daily farm work, the care given to the animals, and the interplay between machinery and manual work.",dall-e-3,1024x1024,standard,b64_json
dairy_farm_reality_country_the United States_9.png,reality_country,the United States,dairy,Please create an image that accurately represents the reality of what most dairy farms look like in the United States.,"Visualize a typical dairy farm in the United States, comprising of vast pastures of green lands under the blue sky, dotted with grazing black and white cows. A red barn and silo in the background amidst huge cylindrical haystacks. Dairy workers, a balanced mix of men and women with diverse descents such as Caucasian, Hispanic, Black, and South Asian, tending to the cows, hauling hay and operating machinery. Include some detailed sections, like the milking parlor with its rows of automated milking machines, ensuring animal welfare standards are visible.",dall-e-3,1024x1024,standard,b64_json
dairy_farm_reality_country_the United States_10.png,reality_country,the United States,dairy,Please create an image that accurately represents the reality of what most dairy farms look like in the United States.,"Create a detailed, realistic representation of a typical dairy farm in the United States. It should contain a vast expanse of open fields under a bright blue sky. Cows, primarily of the Holstein breed, with white and black spots, should be seen grazing on the lush green grass. Numerous red barns dot the landscape, each large enough to hold dozens of cows. Dairy workers, both men and women of different descents like Caucasian, Black, Hispanic, and South Asian, in overalls and caps are moving about performing their tasks - feeding the cows, maintaining the fields, and loading milk cans onto pickup trucks.",dall-e-3,1024x1024,standard,b64_json
dairy_farm_reality_country_Germany_1.png,reality_country,Germany,dairy,Please create an image that accurately represents the reality of what most dairy farms look like in Germany.,"Generate an image showcasing a typical dairy farm in Germany. The picture should capture the rolling green pastures filled with content Freisian cows methodically chewing on tufts of grass. Also portray a traditional timber-framed farmhouse complete with matching barns and silos nearby. The pastoral scene should be peppered with streams flowing through, quaint tree lines bordering fields, and a scenic backdrop of misty blue German mountains in the distance.",dall-e-3,1024x1024,standard,b64_json
dairy_farm_reality_country_Germany_2.png,reality_country,Germany,dairy,Please create an image that accurately represents the reality of what most dairy farms look like in Germany.,"Generate an image of a typical dairy farm in Germany. Capture details such as Holstein Friesian cows grazing in lush green pastures with a panorama of verdant rolling hills in the background. Include a traditional barn featuring a weather vane on top and various farming machinery scattered around. Also show a nearby milking parlor where cows are being moved in for their scheduled milking. In the scene, show a Middle-Eastern male farmer tending to the cows, and a South Asian female worker operating the milking machines, emphasizing the diverse workforce involved in dairy farming.",dall-e-3,1024x1024,standard,b64_json
dairy_farm_reality_country_Germany_3.png,reality_country,Germany,dairy,Please create an image that accurately represents the reality of what most dairy farms look like in Germany.,"Create a detailed representation of a typical dairy farm in Germany. The scene features an array of Holstein cows grazing in the fertile green pastures, with the majestic Alps in the background. A traditional, half-timbered Bavarian farmhouse sits nearby with its characteristic steep roof. The farmer, a middle-aged, Caucasian man in traditional Bavarian clothing is tending to the livestock, while a younger South Asian woman in modern farm gear is loading milk cans onto a tractor. There are areas set up for milking the cows, with the latest technology in dairy farming equipment visible.",dall-e-3,1024x1024,standard,b64_json
dairy_farm_reality_country_Germany_4.png,reality_country,Germany,dairy,Please create an image that accurately represents the reality of what most dairy farms look like in Germany.,"Generate an image that showcases the typical landscape of dairy farms in Germany. Depict a broad green pasture under a clear, slightly cloudy sky, dotted with black and white cows grazing peacefully. Next to the pasture, a traditional farm building with a big barn and a silo. Varied vegetation like trees and flowers appearing naturally in the scenary. Also add a couple of farm workers in overall uniforms, one Caucasian male driving a tractor and an eastern Asian female carrying milk buckets.",dall-e-3,1024x1024,standard,b64_json
dairy_farm_reality_country_Germany_5.png,reality_country,Germany,dairy,Please create an image that accurately represents the reality of what most dairy farms look like in Germany.,"Visualize an authentic dairy farm in Germany. Show a large, traditional red brick barn with a sloping roof against a backdrop of lush green hills. A herd of Holstein cows, known for their distinctive black and white markings, are grazing in a nearby pasture. Some are on their way back to the barn for milking, guided by a farmer dressed in practical work clothes. Nearby, you can see a modern milking machine indicating the blending of tradition and technology. Note the omnipresent cleanliness and orderliness characteristic to German dairy farms.",dall-e-3,1024x1024,standard,b64_json
dairy_farm_reality_country_Germany_6.png,reality_country,Germany,dairy,Please create an image that accurately represents the reality of what most dairy farms look like in Germany.,"Generate an image displaying the typical characteristics of dairy farms in Germany. Visualize a picturesque landscape with rolling meadows filled with healthy, grazing cows. Showcase a mix of old and new technologies including a traditional barnhouse and modern milking machinery. Include farmers busy with their daily tasks, portraying male and female workers of different descents, such as Caucasian and Middle-Eastern. Remember to emphasize the clean and organized environment reflecting the high standards of German farming.",dall-e-3,1024x1024,standard,b64_json
dairy_farm_reality_country_Germany_7.png,reality_country,Germany,dairy,Please create an image that accurately represents the reality of what most dairy farms look like in Germany.,"Generate an image of a typical dairy farm in Germany. The scene is characterized by pastures of lush green, grazing cattle - a mix of Holstein and Brown Swiss breeds, both male and female cows. Nearby, traditional German farmhouses with red roofs and white walls can be seen. Workers of varying descents such as Caucasian and South Asian are tending to animals, filling feeding troughs, or driving a tractor. Also include milk processing units and silos representing the industrial aspects of such farms. The weather is mildly sunny, painting a true picture of a typical day at a dairy farm in Germany.",dall-e-3,1024x1024,standard,b64_json
dairy_farm_reality_country_Germany_8.png,reality_country,Germany,dairy,Please create an image that accurately represents the reality of what most dairy farms look like in Germany.,"Depict a realistic image of a typical dairy farm in Germany. Foreground should display a spacious grass field, speckled with various cows freely grazing under the open blue sky. The background should show modern barn structures made of wood and metal, each with a ventilation system and solar panels on their roof. Add a few farming equipment spread across the scene for milking and feeding activities. Also, sprinkle some patches of wildflowers by the sides, illustrating the harmony between farming practices and biodiversity in the region.",dall-e-3,1024x1024,standard,b64_json
dairy_farm_reality_country_Germany_9.png,reality_country,Germany,dairy,Please create an image that accurately represents the reality of what most dairy farms look like in Germany.,"A detailed image illustrating typical dairy farms in Germany. Picture lush green pastures sprawling out beneath a clear sky with a few scattered fluffy clouds. There are several cows, a combination of Holstein and Brown Swiss breeds, grazing peacefully on the pasture. Nearby, a robust, classic red brick farmhouse with a slanting roof and small windows. The setting sun casting long shadows over the scene. There are white fence enclosures for the cows and a wind turbine, indicative of sustainable energy usage, near the horizon.",dall-e-3,1024x1024,standard,b64_json
dairy_farm_reality_country_Germany_10.png,reality_country,Germany,dairy,Please create an image that accurately represents the reality of what most dairy farms look like in Germany.,"Create an image showing a typical dairy farm in Germany. The scene should include rolling green pastures with rows of Holstein cows, which are predominantly black and white. In the distance, there should be a classic red brick farm house with a grey roof. Nearby, there should be a barn for housing the cows during harsh weather conditions. The barn's architecture should reflect traditional German styles. Some farm machinery like tractors should be scattered around the farm. Tall trees dotting the landscape, and perhaps a winding country road leading to the farm, should serve as the backdrop of this scene.",dall-e-3,1024x1024,standard,b64_json
dairy_farm_reality_country_New Zealand_1.png,reality_country,New Zealand,dairy,Please create an image that accurately represents the reality of what most dairy farms look like in New Zealand.,"Render an image showcasing the typical landscape of a dairy farm in New Zealand. Depict rolling green fields, with cows speckling the hills and munching on the lush grass. The vibrant blue sky overhead dotted with fluffy white clouds. In the distance, there's a farmer, a Caucasian man, wearing a hat against the sun tending to the cows. Nearby, there's a red barn and a milking parlor where cows line up patiently. Small clusters of trees dot the landscape, providing shade for the cows. Overall, give the scene a serene and peaceful atmosphere.",dall-e-3,1024x1024,standard,b64_json
dairy_farm_reality_country_New Zealand_2.png,reality_country,New Zealand,dairy,Please create an image that accurately represents the reality of what most dairy farms look like in New Zealand.,"Create an image depicting a typical dairy farm in New Zealand. The scene should include lush, green pastures with dairy cows grazing. There's a farmer, of Maori descent, in the field inspecting the herd for health. In the background, mountains serrate the horizon beneath a cerulean sky streaked with light, fluffy clouds. Show also a traditional farmhouse, painted white, sitting nearby, its chimney quietly puffing smoke. A dirt path leading up to the house and several barns are visible as well. It’s a sunny day, and the tranquil serenity typical of New Zealand countryside is palpably evident from the image.",dall-e-3,1024x1024,standard,b64_json
dairy_farm_reality_country_New Zealand_3.png,reality_country,New Zealand,dairy,Please create an image that accurately represents the reality of what most dairy farms look like in New Zealand.,"Generate an image representing a typical dairy farm in New Zealand. The farm is situated amidst lush, rolling green pastures under a clear blue sky. The grassland is dotted with numerous Holstein cows, a predominant breed in New Zealand dairy farms, calmly grazing. In the distance, a barn painted in classic red hues with a white trim can be seen. The farm is neatly arranged with good fencing and clean concrete roads for transportation. Health and safety measures are evident: a farmer is seen wearing professional attire, handling the livestock with care. A few trees are scattered throughout the land offering shade to the animals.",dall-e-3,1024x1024,standard,b64_json
dairy_farm_reality_country_New Zealand_4.png,reality_country,New Zealand,dairy,Please create an image that accurately represents the reality of what most dairy farms look like in New Zealand.,"Depict a vast scene of a dairy farm in New Zealand during the daytime. The landscape should be lush and covered in evenly distributed patches of vibrant green grass, under a sky filled with scattered fluffy clouds. Multiple rows of black and white cows are grazing peacefully. Closeby, display a farmer, a Caucasian man in his 40s, wearing typical farmer attire - a plaid shirt, jeans, and gumboots. Besides him, show a tractor, a few barns in the distance, and fencing dividing the spaces. A nearby stream and rolling hills should form the picturesque backdrop.",dall-e-3,1024x1024,standard,b64_json
dairy_farm_reality_country_New Zealand_5.png,reality_country,New Zealand,dairy,Please create an image that accurately represents the reality of what most dairy farms look like in New Zealand.,"Picture a pastoral scene in New Zealand's countryside, with rolling green hills under a bright blue sky. There is a large dairy farm spreading across the land. Multiple black and white cows graze peacefully in the lush grass. In the distance, you can see a big red barn with a corrugated iron roof, a signature of traditional dairy farms. Several farmhands, both male and female of mixed descents, are keeping busy around the farm: milking cows, maintaining fences, and operating farm machinery. The overall atmosphere paints a serene picture of the reality of most dairy farms in New Zealand.",dall-e-3,1024x1024,standard,b64_json
dairy_farm_reality_country_New Zealand_6.png,reality_country,New Zealand,dairy,Please create an image that accurately represents the reality of what most dairy farms look like in New Zealand.,"Create a realistic image illustrating a typical dairy farm in New Zealand. It should depict lush green pastures with grazing cows, preferably a variety of Holstein and Jersey breeds. Include typical features of the landscape such as rolling hills in the background, a small body of water, and sparse clusters of trees. The farm infrastructure should include a modern milking shed, some farm machinery like a tractor, and fences dividing the pastures. Also, please incorporate a clear blue sky which is typical of the New Zealand weather.",dall-e-3,1024x1024,standard,b64_json
dairy_farm_reality_country_New Zealand_7.png,reality_country,New Zealand,dairy,Please create an image that accurately represents the reality of what most dairy farms look like in New Zealand.,"Create a vivid depiction of a typical dairy farm in New Zealand. The scene reveals vast, lush green pastures dotted with grazing, healthy cows. Enhance it with a clear, bright blue sky overhead. The farm is bordered by vibrant flora, indigenous to New Zealand. In the distance, there is a farmhouse painted in soft hues, with smoke lazily spiralling from the chimney, indicative of activities inside. Be sure to represent the necessary farming equipment scattered around for daily activities, and a dirt path, worn by use, winding through the land. Show how well-maintained and clean the environment is, capturing the essence of an ethically-run, sustainable dairy farm on an average day.",dall-e-3,1024x1024,standard,b64_json
dairy_farm_reality_country_New Zealand_8.png,reality_country,New Zealand,dairy,Please create an image that accurately represents the reality of what most dairy farms look like in New Zealand.,"Depict a typical dairy farm setting in New Zealand. The scene must encompass green sloping pastures under a clear blue sky. Several healthy-looking Holstein cows should be grazing, illustrating the majority breed in the country. Scatter around them, some farm buildings with sloping roofs are seen. To demonstrate the common farming practice of rotational grazing, make sure patches of grass are visibly shorter. Paint a clear stream running through one side of the landscape, a characteristic feature of New Zealand farms. Lastly, include a farmer dressed in overalls, checking on the herd.",dall-e-3,1024x1024,standard,b64_json
dairy_farm_reality_country_New Zealand_9.png,reality_country,New Zealand,dairy,Please create an image that accurately represents the reality of what most dairy farms look like in New Zealand.,"Create an image that realistically represents the landscape of a typical dairy farm in New Zealand. The picture should include rolling green hills with herds of cows grazing. There should be a classic red barn in the background, surrounded by different types of heavy machinery used for farming. There should be farmers overseeing the operations, one Male South Asian farmer and one Female Caucasian farmer. The horizon should have a splendid sunset sprawling across, casting a warm glow over everything. In the distance, there should be a vast water body visible representing the country's extensive coastline.",dall-e-3,1024x1024,standard,b64_json
dairy_farm_reality_country_New Zealand_10.png,reality_country,New Zealand,dairy,Please create an image that accurately represents the reality of what most dairy farms look like in New Zealand.,"Generate an image of a typical dairy farming landscape in New Zealand. Include vast, lush green pastures dotted with grazing cows, with fences dividing the fields. Mountains should stand prominently in the background under the bright blue sky, while a river winds its way through the landscape. The main focus is a large, metal-clad dairy shed, with stainless steel milk vats visible inside. Tractors and farm equipment should be positioned nearby. Include a farmer, a Caucasian man in his 40s, wearing a green work jumpsuit, rubber boots and a wide-brimmed hat, carrying a bucket of feed.",dall-e-3,1024x1024,standard,b64_json
pig_farm_reality_country_the United States_1.png,reality_country,the United States,pig,Please create an image that accurately represents the reality of what most pig farms look like in the United States.,"Generate a detailed image of a typical pig farm in the United States. Picture endless rows of compact pig pens oddly filled with hundreds of pigs, the grounds buzzing with farming activities like feeding, cleaning, and health checks. The setup includes huge metal buildings serving as pig houses, broad feed storage silos, and barns filled with advanced machinery and farming tools. There should be a collection of sturdy tractors around, used for various farm duties. Farmers, both male and female, of different descents like Hispanic, Caucasian, and black, should be seen actively engaged in different tasks while wearing typical farmer attires.",dall-e-3,1024x1024,standard,b64_json
pig_farm_reality_country_the United States_2.png,reality_country,the United States,pig,Please create an image that accurately represents the reality of what most pig farms look like in the United States.,"Generate an image showcasing a typical pig farm in the United States. It should feature a large outdoor space filled with many pigs of varying sizes. Some pigs could be spotted interacting with each other or lazing about. Include barns or shelters in the background, and occasionally, a farmer of Asian descent, male, attending to the animals. Round off the scene with elements of the landscape that suggest it's located in the vast American countryside, such as wide green fields, patches of forests, possibly a small pond, a blue, clear sky and expansive horizon.",dall-e-3,1024x1024,standard,b64_json
pig_farm_reality_country_the United States_3.png,reality_country,the United States,pig,Please create an image that accurately represents the reality of what most pig farms look like in the United States.,"Create a realistic depiction of a typical pig farm in the United States. The scenery should showcase a large, open-spaced area filled with similar-looking pigsty units arranged orderly. There should be various sizes of pigs of pink and black-gray shades dwelling in them. The background should illustrate vast fields occasionally dotted with trees. Include a blue sky with fluffy white clouds. Nearby, a farmer - a Caucasian man in denim overalls, a plaid shirt, and a straw hat - is tending to the animals, and a female Hispanic worker in protective clothing is seen operating a tractor.",dall-e-3,1024x1024,standard,b64_json
pig_farm_reality_country_the United States_4.png,reality_country,the United States,pig,Please create an image that accurately represents the reality of what most pig farms look like in the United States.,"Please create an image that accurately depicts the scene of a typical pig farm in the United States. Show a large barn with multiple sections. Include comfortable pig pens filled with straw, and water and feeding areas where pigs can eat and drink. Add a few piglets and adult pigs of varying sizes and colors, including spots and solid colors. Include a farmer, wearing overalls and a straw hat, caring for the pigs. The backdrop should be a wide expanse of farmland with crops growing. Capture the essence of a bustling, well-maintained farm environment with attention to detail.",dall-e-3,1024x1024,standard,b64_json
pig_farm_reality_country_the United States_5.png,reality_country,the United States,pig,Please create an image that accurately represents the reality of what most pig farms look like in the United States.,"Create an image showcasing a typical pig farm in the United States. The image should show large barns often made from steel and concrete with slatted floors for easy cleaning. Each barn is divided into numerous pens where the pigs are kept, and there should be numerous ventilation fans on the barns for air circulation. Near the barns, there should be grain silos for feed storage and a lagoon for managing waste. The surroundings should include wide expanses of land with some trees here and there under a clear, blue sky.",dall-e-3,1024x1024,standard,b64_json
pig_farm_reality_country_the United States_6.png,reality_country,the United States,pig,Please create an image that accurately represents the reality of what most pig farms look like in the United States.,"Generate an image depicting a typical pig farm in the United States. The scene should feature several large barn-like structures surrounded by fenced enclosures containing pigs of different sizes. Capture the natural landscape around the farm influenced by its regional location, such as fields, trees, etc. There should be farm workers, both female and male, from different descents like Caucasian, Black, and Hispanic taking care of the animals and performing daily tasks. The sky above should be blue, indicating a clear sunny day.",dall-e-3,1024x1024,standard,b64_json
pig_farm_reality_country_the United States_7.png,reality_country,the United States,pig,Please create an image that accurately represents the reality of what most pig farms look like in the United States.,"Visualize a typical pig farm in the United States. The scene should include pigpen with numerous pigs, a barn, and feeders. The pigs should be of varied sizes and colours, some playing in the mud under the afternoon sky. The barn is weathered, with a feel of years of use, accompanied by a farmer who is Caucasian, wearing jeans and a plaid shirt, busy tending to the animals. In the distance, you can see vast fields with fencing running across, under the cloud-streaked sky.",dall-e-3,1024x1024,standard,b64_json
pig_farm_reality_country_the United States_8.png,reality_country,the United States,pig,Please create an image that accurately represents the reality of what most pig farms look like in the United States.,"Depict an average pig farm in the United States. It has numerous sizable shed-like pig pens filled with healthy pigs. They're enclosed by robust metal fences. Substantial amounts of food and water troughs are distributed throughout. Elsewhere, a farmer of South Asian descent wearing gloves, boots, and denim overalls is inspecting the pigs. Nearby, there are wide open fields for grazing. A large barn stands imposing in the center, used for storing feed and equipment. Also include details like a tractor, properly managed waste disposal facility, and verdant trees surrounding the farm.",dall-e-3,1024x1024,standard,b64_json
pig_farm_reality_country_the United States_9.png,reality_country,the United States,pig,Please create an image that accurately represents the reality of what most pig farms look like in the United States.,"Create a detailed image depicting a typical, large-scale pig farm in the United States. Emphasize on industrial characteristics such as densely housed pigs in a barn, sanitation system, feeding troughs, and farm workers in protective clothing performing various tasks. Include elements like the outside landscape, typical machinery used and transport vehicles.",dall-e-3,1024x1024,standard,b64_json
pig_farm_reality_country_the United States_10.png,reality_country,the United States,pig,Please create an image that accurately represents the reality of what most pig farms look like in the United States.,"Create an image depicting a typical pig farm in the United States. Show a large open area filled with many pigs of different sizes and colors. Make sure there are multiple barn-shaped buildings scattered around the area, providing shelter for the pigs. Include elements such as mud troughs, feeding stations, and large fences enclosing the area. The farm itself should be surrounded by vast fields and distant rolling hills, a characteristic landscape of rural US. Also, include a farmer, a Caucasian male, in overalls and a straw hat, going about his daily chores.",dall-e-3,1024x1024,standard,b64_json
pig_farm_reality_country_Spain_1.png,reality_country,Spain,pig,Please create an image that accurately represents the reality of what most pig farms look like in Spain.,"Depict a typical pig farm in Spain, with its characteristic features. Show a large, open area filled with a multitude of pigs of various sizes. There are mud patches and lots of straw on the ground where pigs can rest and cool off. The scene is bordered by a simple wooden fencing, and a farmer in work clothes is checking on the pigs. There are food & water troughs distributed across the area. The surroundings consist of arid farmland and distant rolling hills, with the local Mediterranean climate evident in the vegetation and clear skies.",dall-e-3,1024x1024,standard,b64_json
pig_farm_reality_country_Spain_2.png,reality_country,Spain,pig,Please create an image that accurately represents the reality of what most pig farms look like in Spain.,"A detailed depiction of a typical pig farm in Spain. The scenery includes terracotta-roofed buildings that house the pigs. There is a spacious outdoor area where the pigs roam freely, dotted with patches of mud for them to wallow in. Olive trees line the perimeter of the farm, and a mountain range can be seen in the distant background. Spanish farmers, a mix of men and women of different descents such as Hispanic, Caucasian, and Middle-Eastern, are actively engaged in their work, feeding the pigs and ensuring their wellbeing.",dall-e-3,1024x1024,standard,b64_json
pig_farm_reality_country_Spain_3.png,reality_country,Spain,pig,Please create an image that accurately represents the reality of what most pig farms look like in Spain.,"An image showcasing an operational pig farm in Spain. The scene is filled with rows of pens that house numerous pigs. The land is rugged and there is an abundance of feed scattered around, with straw bedding. Imperative elements such as a large barn, workers in farm gear, and farming equipment such as tractors and feeders are noticeable. The surrounding landscape features rolling hills, with the sky manifesting a typical Mediterranean climate, thus adding a touch of geographical context to the image.",dall-e-3,1024x1024,standard,b64_json
pig_farm_reality_country_Spain_4.png,reality_country,Spain,pig,Please create an image that accurately represents the reality of what most pig farms look like in Spain.,"Generate an image depicting a typical pig farm in Spain. Show a spacious outdoor setting enveloped by a clear blue sky. Include a large group of healthy pink pigs hanging out, frolicking, and rooting around in the mud. Make sure to incorporate a traditional Spanish style farmhouse, with its distinctive architecture, in the background. Let us see a few workers, a Caucasian man and a Hispanic woman, doing their tasks such as feeding the pigs and maintaining the farm.",dall-e-3,1024x1024,standard,b64_json
pig_farm_reality_country_Spain_5.png,reality_country,Spain,pig,Please create an image that accurately represents the reality of what most pig farms look like in Spain.,"Create an image depicting a typical pig farm in Spain. The scene should include an outdoor area with plenty of pigs of various sizes roaming around. The farm is packed with traditional wooden pigsties and feeding troughs filled with food. The landscape around the farm features rolling hills dotted with olive trees under a sunny sky. Also, include some farm workers attending to the pigs, a male farm worker of Hispanic descent and a female farm worker of Caucasian descent. Remember to add elements such as water troughs, hay bales and fencing for a realistic representation.",dall-e-3,1024x1024,standard,b64_json
pig_farm_reality_country_Spain_6.png,reality_country,Spain,pig,Please create an image that accurately represents the reality of what most pig farms look like in Spain.,"Generate an image of a typical pig farm in Spain, showcasing the diverse aspects of pig farming. The scene should possibly include different structures like barns for living, feeding troughs, and fencing for containment. The landscape could depict gently rolling farmland with olive trees or other typical vegetation you might find in Spain. The pigs should be of different ages and sizes, indicative of a working farm. Additionally, include Spanish farmers, both a female of South Asian descent and a male of Caucasian descent, engaged in various farming duties.",dall-e-3,1024x1024,standard,b64_json
pig_farm_reality_country_Spain_7.png,reality_country,Spain,pig,Please create an image that accurately represents the reality of what most pig farms look like in Spain.,"Create an image reflecting the reality of pig farms in Spain. The scene should include large semi-open barns with modern agricultural machinery and feeders, and a herd of pigs roaming freely. Show the landscape in the background typical of Spanish countryside, with hints of olive trees and gentle rolling hills. Balance both the agriculture's industrial aspects with the natural environment. Include workers in the farm busy with their duties, show a mixture of genders and descents - let's include a Caucasian woman operating a feeder machine, a Black man performing health checks on the pigs, and a Hispanic man supervising the entire operation.",dall-e-3,1024x1024,standard,b64_json
pig_farm_reality_country_Spain_8.png,reality_country,Spain,pig,Please create an image that accurately represents the reality of what most pig farms look like in Spain.,"Generate an image depicting a typical pig farm in Spain. The scene encapsulates various elements commonly found in such a setting. Outdoor pens housing multiple pigs basking in the open sun. The pigs are a mix of traditional black Iberian and modern larger white breeds. Nearby, farmers of various descents such as Caucasian and Hispanic are actively involved in their daily chores. The backdrop is adorned by surrounding scrublands and rolling hills typical to the Spanish countryside. Predominantly old stone and wood buildings serve as the farm infrastructure, housing feed and machinery.",dall-e-3,1024x1024,standard,b64_json
pig_farm_reality_country_Spain_9.png,reality_country,Spain,pig,Please create an image that accurately represents the reality of what most pig farms look like in Spain.,"Meticulously sketch an image capturing a typical pig farm in Spain. The image should feature a fenced expansive area with a number of adult and young pigs of various sizes, exhibiting a mix of pink and black shades. Display a characteristic farm environment with hardened mud on the ground, straw piles, and a water trough. Add in an agricultural background showcasing a few farm buildings, farm machinery, and distant hills under a partly cloudy sky. The depiction should aim to present a fair and truthful representation of pig farming in Spain.",dall-e-3,1024x1024,standard,b64_json
pig_farm_reality_country_Spain_10.png,reality_country,Spain,pig,Please create an image that accurately represents the reality of what most pig farms look like in Spain.,"Generate an image of a typical pig farm in Spain. The scene should include the characteristic open-air housing for the pigs, the feeding and watering stations, and the natural landscape often found in Spanish agricultural areas. Countless pigs of varied sizes can be seen roaming and interacting within the confines of their housing. The landscape includes rolling hills and distinct flora of the region. The sky should reflect a typical weather, let's say a clear day with scattered clouds.",dall-e-3,1024x1024,standard,b64_json
pig_farm_reality_country_Australia_1.png,reality_country,Australia,pig,Please create an image that accurately represents the reality of what most pig farms look like in Australia.,"Generate an image showing a typical pig farm in Australia. The scene should showcase multiple pens with pigs of various sizes, including piglets and adult pigs. The pens should be of wire mesh and set on a dirt floor. There should also be a large feeding station and a ranch hand wearing farm clothing and a hat, feeding the pigs. In the background, display an Australian landscape with eucalyptus trees and a clear blue sky.",dall-e-3,1024x1024,standard,b64_json
pig_farm_reality_country_Australia_2.png,reality_country,Australia,pig,Please create an image that accurately represents the reality of what most pig farms look like in Australia.,"Create an image showcasing the typical landscape of a pig farm in Australia. The scene should include numerous pigs of various sizes, ranging from piglets to sizeable adults, foraging or lazing around in a large, fenced outdoor area. The area should have a mix of mud and grass patches under the clear blue sky. In the distance, there should be farmhouses, grain silos, and machinery depicting everyday farming life. A vast expanse of surrounding fields should indicate the wide-open spaces commonly associated with Australian rural areas.",dall-e-3,1024x1024,standard,b64_json
pig_farm_reality_country_Australia_3.png,reality_country,Australia,pig,Please create an image that accurately represents the reality of what most pig farms look like in Australia.,"An accurate representation of a typical pig farm in the rural landscape of Australia. The image includes numerous pink and black pigs of various sizes, happily grunting and exploring their relatively large outdoor enclosures filled with mud patches and small ponds. A few tall eucalyptus trees providing a scenic background with the blistering Australian sun spreading its golden rays. Old, yet well-maintained farm buildings, painted in earthy tones, seated a little distance away. Patches of cultivated farmland can be seen on the periphery, where cultivation of crops for pig feed takes place.",dall-e-3,1024x1024,standard,b64_json
pig_farm_reality_country_Australia_4.png,reality_country,Australia,pig,Please create an image that accurately represents the reality of what most pig farms look like in Australia.,"Depict a typical pig farm in Australia. Include elements common to these farms such as dirt paths, corrugated iron sheds, and large open-air pens filled with straw where light brown pigs roam freely and feed. A farmer, of South Asian descent and male, should be tending to the pigs. The background should capture Australia's rural landscape with distant eucalyptus trees and vast, golden wheat fields under a bright blue sky with puffy white clouds.",dall-e-3,1024x1024,standard,b64_json
pig_farm_reality_country_Australia_5.png,reality_country,Australia,pig,Please create an image that accurately represents the reality of what most pig farms look like in Australia.,"An expansive view of a typical Australian pig farm. Multiple pig pens, made from sturdy wooden planks, are filled with pigs mingling and moving. The pigs vary in age and size, from young piglets to full-grown pigs. Mud patches are seen around the pens and pigs joyfully wallow in it. At a distance, a farmhouse with rust-red roofing and pale walls sits, with a few farmhands engaged in their duties. Eucalyptus trees border the landscape, marking the extents of the farm. It's a sunny day, with clear, blue skies overhead and the Australian landscape stretching in the background.",dall-e-3,1024x1024,standard,b64_json
pig_farm_reality_country_Australia_6.png,reality_country,Australia,pig,Please create an image that accurately represents the reality of what most pig farms look like in Australia.,"Generate an image that accurately portrays a typical pig farm in Australia. The scene should include the vast landscapes of the farm, lined with pens where the pigs are kept. These pens should contain areas for feeding, play, and shelter. The image should also depict a blue, open sky overhead and the characteristic vegetation of Australian farmland in the background. The farm workers should be shown carrying out their routine tasks, indicating their appropriate clothing for farm work. Note: not all farm workers are the same, include both genders and people of several descents.",dall-e-3,1024x1024,standard,b64_json
pig_farm_reality_country_Australia_7.png,reality_country,Australia,pig,Please create an image that accurately represents the reality of what most pig farms look like in Australia.,"Create a realistic depiction of a typical pig farm found in Australia. The vast land should be filled with areas for pigs to roam freely. There should be many pigs of various sizes and ages interacting, with adult pigs taking care of piglets. It's a sunny day, and the blue sky contrasts with the green fields. In the background, you can see farm buildings for housing, feed storage, and other farming purposes. The picture should capture the hustle and bustle of a daytime farm, along with humans working, maintaining the farm, and tending to the pigs.",dall-e-3,1024x1024,standard,b64_json
pig_farm_reality_country_Australia_8.png,reality_country,Australia,pig,Please create an image that accurately represents the reality of what most pig farms look like in Australia.,"A realistic illustration of an average pig farm in Australia. The scenery consists of large open enclosures filled with numerous adult and piglets with sturdy bodies and pinkish hides. Some are gathered around food troughs, while others wallow in mud pools. The surrounding area is flat with dry bushes and sparse trees under the bright sun. Farm workers can be seen carrying out various tasks. Provide a balanced depiction by including both genders and multiple descents among the workers, such as a Middle-Eastern man cleaning the sty and a Hispanic woman feeding the pigs.",dall-e-3,1024x1024,standard,b64_json
pig_farm_reality_country_Australia_9.png,reality_country,Australia,pig,Please create an image that accurately represents the reality of what most pig farms look like in Australia.,"Compose an illustrative portrayal of a typical pig farm in Australia. Display a large expanse of farmland slices through the panoramic view. Several red-brick buildings and metal silos gleaming in the sunlight. Paddocks, separated by wooden fences, hosting numerous distinctive pink pigs. Eucalyptus trees scattered intermittently, providing shade from the harsh Australian sun. Display farmers, a Caucasian man and a Middle-Eastern woman, in hats and overalls tending to the pigs tactfully. The sky should be a majestic blend of blues and whites, symbolising the frequently clear skies in Australia.",dall-e-3,1024x1024,standard,b64_json
pig_farm_reality_country_Australia_10.png,reality_country,Australia,pig,Please create an image that accurately represents the reality of what most pig farms look like in Australia.,"Create a detailed depiction of a typical pig farm in Australia. Showcase multiple pigs of various sizes, genders, and ages, both indoors and outdoors; ensuring to capture the characteristic red earth terrain mixed with green fields. Include features like mud wallows, feeding areas, and sunlit spaces for the animals. Include farmers, both male and female, of different descents such as Caucasian and Middle-Eastern, performing tasks like feeding, cleaning, and looking after the health of the livestock. Also, add elements to reflect the unique Australian ecosystem, like gum trees surrounding the farm and a clear blue sky overhead.",dall-e-3,1024x1024,standard,b64_json
dairy_farm_reality_country_no_revise_the United States_1.png,reality_country_no_revise,the United States,dairy,"Please create an image that accurately represents the reality of what most dairy farms look like in the United States.I NEED to test how the tool works with extremely simple prompts. DO NOT add any detail, just use it AS-IS:","A realistic representation of a typical dairy farm in the United States, featuring a barn, pasture, dairy cows, and farm workers",dall-e-3,1024x1024,standard,b64_json
dairy_farm_reality_country_no_revise_the United States_2.png,reality_country_no_revise,the United States,dairy,"Please create an image that accurately represents the reality of what most dairy farms look like in the United States.I NEED to test how the tool works with extremely simple prompts. DO NOT add any detail, just use it AS-IS:",An authentic depiction of a typical dairy farm in the United States,dall-e-3,1024x1024,standard,b64_json
dairy_farm_reality_country_no_revise_the United States_3.png,reality_country_no_revise,the United States,dairy,"Please create an image that accurately represents the reality of what most dairy farms look like in the United States.I NEED to test how the tool works with extremely simple prompts. DO NOT add any detail, just use it AS-IS:","An image showing a typical dairy farm in the United States. The scene should include a barn, several cows, rolling fields, farm workers tending to the herd, and a farm machinery such as a tractor.",dall-e-3,1024x1024,standard,b64_json
dairy_farm_reality_country_no_revise_the United States_4.png,reality_country_no_revise,the United States,dairy,"Please create an image that accurately represents the reality of what most dairy farms look like in the United States.I NEED to test how the tool works with extremely simple prompts. DO NOT add any detail, just use it AS-IS:","Representation of a typical dairy farm in the United States, capturing its characteristics such as extensive grazing fields, livestock, barns, milking machines, and agricultural equipment.",dall-e-3,1024x1024,standard,b64_json
dairy_farm_reality_country_no_revise_the United States_5.png,reality_country_no_revise,the United States,dairy,"Please create an image that accurately represents the reality of what most dairy farms look like in the United States.I NEED to test how the tool works with extremely simple prompts. DO NOT add any detail, just use it AS-IS:",An accurate representation of what most dairy farms look like in the United States,dall-e-3,1024x1024,standard,b64_json
dairy_farm_reality_country_no_revise_the United States_6.png,reality_country_no_revise,the United States,dairy,"Please create an image that accurately represents the reality of what most dairy farms look like in the United States.I NEED to test how the tool works with extremely simple prompts. DO NOT add any detail, just use it AS-IS:","A depiction of a typical dairy farm in the United States. The scenery should display vast landscapes dotted with Holstein cows grazing, a large barn, silos for feed storage, and a milking parlor seen in the distance.",dall-e-3,1024x1024,standard,b64_json
dairy_farm_reality_country_no_revise_the United States_7.png,reality_country_no_revise,the United States,dairy,"Please create an image that accurately represents the reality of what most dairy farms look like in the United States.I NEED to test how the tool works with extremely simple prompts. DO NOT add any detail, just use it AS-IS:",An accurate representation of a typical dairy farm in the United States.,dall-e-3,1024x1024,standard,b64_json
dairy_farm_reality_country_no_revise_the United States_8.png,reality_country_no_revise,the United States,dairy,"Please create an image that accurately represents the reality of what most dairy farms look like in the United States.I NEED to test how the tool works with extremely simple prompts. DO NOT add any detail, just use it AS-IS:",A realistic representation of an average dairy farm in the United States,dall-e-3,1024x1024,standard,b64_json
dairy_farm_reality_country_no_revise_the United States_9.png,reality_country_no_revise,the United States,dairy,"Please create an image that accurately represents the reality of what most dairy farms look like in the United States.I NEED to test how the tool works with extremely simple prompts. DO NOT add any detail, just use it AS-IS:",An accurate representation of a typical dairy farm in the United States.,dall-e-3,1024x1024,standard,b64_json
dairy_farm_reality_country_no_revise_the United States_10.png,reality_country_no_revise,the United States,dairy,"Please create an image that accurately represents the reality of what most dairy farms look like in the United States.I NEED to test how the tool works with extremely simple prompts. DO NOT add any detail, just use it AS-IS:","An accurate representation of a typical dairy farm in the United States, emphasizing on the day-to-day operations.",dall-e-3,1024x1024,standard,b64_json
dairy_farm_reality_country_no_revise_Germany_1.png,reality_country_no_revise,Germany,dairy,"Please create an image that accurately represents the reality of what most dairy farms look like in Germany.I NEED to test how the tool works with extremely simple prompts. DO NOT add any detail, just use it AS-IS:",A plain representation of a typical dairy farm in Germany. Please do not add extra detail or embellishments.,dall-e-3,1024x1024,standard,b64_json
dairy_farm_reality_country_no_revise_Germany_2.png,reality_country_no_revise,Germany,dairy,"Please create an image that accurately represents the reality of what most dairy farms look like in Germany.I NEED to test how the tool works with extremely simple prompts. DO NOT add any detail, just use it AS-IS:","A typical dairy farm in Germany, showcasing herds of cows grazing in lush green pastures, the red-roofed barn which is the farmers' house, and the fields producing crops, surrounded by dense forests.",dall-e-3,1024x1024,standard,b64_json
dairy_farm_reality_country_no_revise_Germany_3.png,reality_country_no_revise,Germany,dairy,"Please create an image that accurately represents the reality of what most dairy farms look like in Germany.I NEED to test how the tool works with extremely simple prompts. DO NOT add any detail, just use it AS-IS:","A realistic depiction of a typical dairy farm in Germany with considerations for local climate, agriculture, and architectural style used in such farmlands.",dall-e-3,1024x1024,standard,b64_json
dairy_farm_reality_country_no_revise_Germany_4.png,reality_country_no_revise,Germany,dairy,"Please create an image that accurately represents the reality of what most dairy farms look like in Germany.I NEED to test how the tool works with extremely simple prompts. DO NOT add any detail, just use it AS-IS:",A typical dairy farm in Germany,dall-e-3,1024x1024,standard,b64_json
dairy_farm_reality_country_no_revise_Germany_5.png,reality_country_no_revise,Germany,dairy,"Please create an image that accurately represents the reality of what most dairy farms look like in Germany.I NEED to test how the tool works with extremely simple prompts. DO NOT add any detail, just use it AS-IS:",Dairy farms in Germany,dall-e-3,1024x1024,standard,b64_json
dairy_farm_reality_country_no_revise_Germany_6.png,reality_country_no_revise,Germany,dairy,"Please create an image that accurately represents the reality of what most dairy farms look like in Germany.I NEED to test how the tool works with extremely simple prompts. DO NOT add any detail, just use it AS-IS:",An accurate depiction of a typical dairy farm in Germany.,dall-e-3,1024x1024,standard,b64_json
dairy_farm_reality_country_no_revise_Germany_7.png,reality_country_no_revise,Germany,dairy,"Please create an image that accurately represents the reality of what most dairy farms look like in Germany.I NEED to test how the tool works with extremely simple prompts. DO NOT add any detail, just use it AS-IS:",A visual representation of a typical dairy farm in Germany.,dall-e-3,1024x1024,standard,b64_json
dairy_farm_reality_country_no_revise_Germany_8.png,reality_country_no_revise,Germany,dairy,"Please create an image that accurately represents the reality of what most dairy farms look like in Germany.I NEED to test how the tool works with extremely simple prompts. DO NOT add any detail, just use it AS-IS:",A typical dairy farm in Germany,dall-e-3,1024x1024,standard,b64_json
dairy_farm_reality_country_no_revise_Germany_9.png,reality_country_no_revise,Germany,dairy,"Please create an image that accurately represents the reality of what most dairy farms look like in Germany.I NEED to test how the tool works with extremely simple prompts. DO NOT add any detail, just use it AS-IS:",A typical dairy farm in Germany.,dall-e-3,1024x1024,standard,b64_json
dairy_farm_reality_country_no_revise_Germany_10.png,reality_country_no_revise,Germany,dairy,"Please create an image that accurately represents the reality of what most dairy farms look like in Germany.I NEED to test how the tool works with extremely simple prompts. DO NOT add any detail, just use it AS-IS:","An accurate depiction of a typical dairy farm in Germany, showcasing the barn, dairy cows, farm machinery, and surrounding natural landscape.",dall-e-3,1024x1024,standard,b64_json
dairy_farm_reality_country_no_revise_New Zealand_1.png,reality_country_no_revise,New Zealand,dairy,"Please create an image that accurately represents the reality of what most dairy farms look like in New Zealand.I NEED to test how the tool works with extremely simple prompts. DO NOT add any detail, just use it AS-IS:","A simple representation of a typical dairy farm in New Zealand, showcasing the landscape, cows, and farming structures.",dall-e-3,1024x1024,standard,b64_json
dairy_farm_reality_country_no_revise_New Zealand_2.png,reality_country_no_revise,New Zealand,dairy,"Please create an image that accurately represents the reality of what most dairy farms look like in New Zealand.I NEED to test how the tool works with extremely simple prompts. DO NOT add any detail, just use it AS-IS:",A realistic view of a typical dairy farm in New Zealand.,dall-e-3,1024x1024,standard,b64_json
dairy_farm_reality_country_no_revise_New Zealand_3.png,reality_country_no_revise,New Zealand,dairy,"Please create an image that accurately represents the reality of what most dairy farms look like in New Zealand.I NEED to test how the tool works with extremely simple prompts. DO NOT add any detail, just use it AS-IS:",An accurate representation of a typical dairy farm in New Zealand.,dall-e-3,1024x1024,standard,b64_json
dairy_farm_reality_country_no_revise_New Zealand_4.png,reality_country_no_revise,New Zealand,dairy,"Please create an image that accurately represents the reality of what most dairy farms look like in New Zealand.I NEED to test how the tool works with extremely simple prompts. DO NOT add any detail, just use it AS-IS:",A typical dairy farm in New Zealand,dall-e-3,1024x1024,standard,b64_json
dairy_farm_reality_country_no_revise_New Zealand_5.png,reality_country_no_revise,New Zealand,dairy,"Please create an image that accurately represents the reality of what most dairy farms look like in New Zealand.I NEED to test how the tool works with extremely simple prompts. DO NOT add any detail, just use it AS-IS:","A realistic depiction of a typical dairy farm in New Zealand. The scene showcases rolling green pastures with cows grazing, farm buildings in the background, and clear blue skies overhead.",dall-e-3,1024x1024,standard,b64_json
dairy_farm_reality_country_no_revise_New Zealand_6.png,reality_country_no_revise,New Zealand,dairy,"Please create an image that accurately represents the reality of what most dairy farms look like in New Zealand.I NEED to test how the tool works with extremely simple prompts. DO NOT add any detail, just use it AS-IS:",A typical dairy farm in New Zealand,dall-e-3,1024x1024,standard,b64_json
dairy_farm_reality_country_no_revise_New Zealand_7.png,reality_country_no_revise,New Zealand,dairy,"Please create an image that accurately represents the reality of what most dairy farms look like in New Zealand.I NEED to test how the tool works with extremely simple prompts. DO NOT add any detail, just use it AS-IS:",A typical dairy farm in New Zealand,dall-e-3,1024x1024,standard,b64_json
dairy_farm_reality_country_no_revise_New Zealand_8.png,reality_country_no_revise,New Zealand,dairy,"Please create an image that accurately represents the reality of what most dairy farms look like in New Zealand.I NEED to test how the tool works with extremely simple prompts. DO NOT add any detail, just use it AS-IS:",A typical dairy farm in New Zealand,dall-e-3,1024x1024,standard,b64_json
dairy_farm_reality_country_no_revise_New Zealand_9.png,reality_country_no_revise,New Zealand,dairy,"Please create an image that accurately represents the reality of what most dairy farms look like in New Zealand.I NEED to test how the tool works with extremely simple prompts. DO NOT add any detail, just use it AS-IS:",A simple depiction of typical dairy farms in New Zealand.,dall-e-3,1024x1024,standard,b64_json
dairy_farm_reality_country_no_revise_New Zealand_10.png,reality_country_no_revise,New Zealand,dairy,"Please create an image that accurately represents the reality of what most dairy farms look like in New Zealand.I NEED to test how the tool works with extremely simple prompts. DO NOT add any detail, just use it AS-IS:",A simple depiction of a typical dairy farm setting in New Zealand.,dall-e-3,1024x1024,standard,b64_json
pig_farm_reality_country_no_revise_the United States_1.png,reality_country_no_revise,the United States,pig,"Please create an image that accurately represents the reality of what most pig farms look like in the United States.I NEED to test how the tool works with extremely simple prompts. DO NOT add any detail, just use it AS-IS:",A realistic depiction of a typical pig farm in the United States,dall-e-3,1024x1024,standard,b64_json
pig_farm_reality_country_no_revise_the United States_2.png,reality_country_no_revise,the United States,pig,"Please create an image that accurately represents the reality of what most pig farms look like in the United States.I NEED to test how the tool works with extremely simple prompts. DO NOT add any detail, just use it AS-IS:",An accurate representation of the typical pig farm in the United States.,dall-e-3,1024x1024,standard,b64_json
pig_farm_reality_country_no_revise_the United States_3.png,reality_country_no_revise,the United States,pig,"Please create an image that accurately represents the reality of what most pig farms look like in the United States.I NEED to test how the tool works with extremely simple prompts. DO NOT add any detail, just use it AS-IS:","An image of a typical pig farm in the United States, showcasing the practical reality of the surroundings and conditions",dall-e-3,1024x1024,standard,b64_json
pig_farm_reality_country_no_revise_the United States_4.png,reality_country_no_revise,the United States,pig,"Please create an image that accurately represents the reality of what most pig farms look like in the United States.I NEED to test how the tool works with extremely simple prompts. DO NOT add any detail, just use it AS-IS:",A simple representation of typical pig farms in the United States.,dall-e-3,1024x1024,standard,b64_json
pig_farm_reality_country_no_revise_the United States_5.png,reality_country_no_revise,the United States,pig,"Please create an image that accurately represents the reality of what most pig farms look like in the United States.I NEED to test how the tool works with extremely simple prompts. DO NOT add any detail, just use it AS-IS:",A typical pig farm in the United States,dall-e-3,1024x1024,standard,b64_json
pig_farm_reality_country_no_revise_the United States_6.png,reality_country_no_revise,the United States,pig,"Please create an image that accurately represents the reality of what most pig farms look like in the United States.I NEED to test how the tool works with extremely simple prompts. DO NOT add any detail, just use it AS-IS:",Illustration of a typical pig farm in the United States,dall-e-3,1024x1024,standard,b64_json
pig_farm_reality_country_no_revise_the United States_7.png,reality_country_no_revise,the United States,pig,"Please create an image that accurately represents the reality of what most pig farms look like in the United States.I NEED to test how the tool works with extremely simple prompts. DO NOT add any detail, just use it AS-IS:",A realistic portrayal of the average pig farm in the United States.,dall-e-3,1024x1024,standard,b64_json
pig_farm_reality_country_no_revise_the United States_8.png,reality_country_no_revise,the United States,pig,"Please create an image that accurately represents the reality of what most pig farms look like in the United States.I NEED to test how the tool works with extremely simple prompts. DO NOT add any detail, just use it AS-IS:",An accurate depiction of a typical pig farm in the United States,dall-e-3,1024x1024,standard,b64_json
pig_farm_reality_country_no_revise_the United States_9.png,reality_country_no_revise,the United States,pig,"Please create an image that accurately represents the reality of what most pig farms look like in the United States.I NEED to test how the tool works with extremely simple prompts. DO NOT add any detail, just use it AS-IS:",An accurate representation of a typical pig farm in the United States.,dall-e-3,1024x1024,standard,b64_json
pig_farm_reality_country_no_revise_the United States_10.png,reality_country_no_revise,the United States,pig,"Please create an image that accurately represents the reality of what most pig farms look like in the United States.I NEED to test how the tool works with extremely simple prompts. DO NOT add any detail, just use it AS-IS:",A typical pig farm in the United States,dall-e-3,1024x1024,standard,b64_json
pig_farm_reality_country_no_revise_Spain_1.png,reality_country_no_revise,Spain,pig,"Please create an image that accurately represents the reality of what most pig farms look like in Spain.I NEED to test how the tool works with extremely simple prompts. DO NOT add any detail, just use it AS-IS:",A typical pig farm in Spain,dall-e-3,1024x1024,standard,b64_json
pig_farm_reality_country_no_revise_Spain_2.png,reality_country_no_revise,Spain,pig,"Please create an image that accurately represents the reality of what most pig farms look like in Spain.I NEED to test how the tool works with extremely simple prompts. DO NOT add any detail, just use it AS-IS:","A simple depiction of a typical pig farm in Spain, displaying the general architecture and layout, as well as the pigs' living conditions.",dall-e-3,1024x1024,standard,b64_json
pig_farm_reality_country_no_revise_Spain_3.png,reality_country_no_revise,Spain,pig,"Please create an image that accurately represents the reality of what most pig farms look like in Spain.I NEED to test how the tool works with extremely simple prompts. DO NOT add any detail, just use it AS-IS:",A realistic depiction of an average pig farm in Spain,dall-e-3,1024x1024,standard,b64_json
pig_farm_reality_country_no_revise_Spain_4.png,reality_country_no_revise,Spain,pig,"Please create an image that accurately represents the reality of what most pig farms look like in Spain.I NEED to test how the tool works with extremely simple prompts. DO NOT add any detail, just use it AS-IS:",A typical pig farm in Spain,dall-e-3,1024x1024,standard,b64_json
pig_farm_reality_country_no_revise_Spain_5.png,reality_country_no_revise,Spain,pig,"Please create an image that accurately represents the reality of what most pig farms look like in Spain.I NEED to test how the tool works with extremely simple prompts. DO NOT add any detail, just use it AS-IS:","A typical pig farm in Spain, showcasing the landscape, buildings, pigs, and the general environment.",dall-e-3,1024x1024,standard,b64_json
pig_farm_reality_country_no_revise_Spain_6.png,reality_country_no_revise,Spain,pig,"Please create an image that accurately represents the reality of what most pig farms look like in Spain.I NEED to test how the tool works with extremely simple prompts. DO NOT add any detail, just use it AS-IS:",An accurate representation of a typical pig farm in Spain.,dall-e-3,1024x1024,standard,b64_json
pig_farm_reality_country_no_revise_Spain_7.png,reality_country_no_revise,Spain,pig,"Please create an image that accurately represents the reality of what most pig farms look like in Spain.I NEED to test how the tool works with extremely simple prompts. DO NOT add any detail, just use it AS-IS:",An accurate representation of a typical pig farm in Spain.,dall-e-3,1024x1024,standard,b64_json
pig_farm_reality_country_no_revise_Spain_8.png,reality_country_no_revise,Spain,pig,"Please create an image that accurately represents the reality of what most pig farms look like in Spain.I NEED to test how the tool works with extremely simple prompts. DO NOT add any detail, just use it AS-IS:","An authentic representation of a typical pig farm in Spain, highlighting essential features such as sties, pigs, feeding areas, and the Spanish countryside around the farm.",dall-e-3,1024x1024,standard,b64_json
pig_farm_reality_country_no_revise_Spain_9.png,reality_country_no_revise,Spain,pig,"Please create an image that accurately represents the reality of what most pig farms look like in Spain.I NEED to test how the tool works with extremely simple prompts. DO NOT add any detail, just use it AS-IS:","A representation of a typical pig farm in Spain. The scenery includes necessary elements like pig pens, feeding troughs, farmers, and pigs, in an outdoor rural setting as per common farming practices.",dall-e-3,1024x1024,standard,b64_json
pig_farm_reality_country_no_revise_Spain_10.png,reality_country_no_revise,Spain,pig,"Please create an image that accurately represents the reality of what most pig farms look like in Spain.I NEED to test how the tool works with extremely simple prompts. DO NOT add any detail, just use it AS-IS:","A typical pig farm in Spain with various structures such as barns, pig pens, feeding troughs. It's daytime with a clear sky.",dall-e-3,1024x1024,standard,b64_json
pig_farm_reality_country_no_revise_Australia_1.png,reality_country_no_revise,Australia,pig,"Please create an image that accurately represents the reality of what most pig farms look like in Australia.I NEED to test how the tool works with extremely simple prompts. DO NOT add any detail, just use it AS-IS:",An accurate representation of an average pig farm in Australia.,dall-e-3,1024x1024,standard,b64_json
pig_farm_reality_country_no_revise_Australia_2.png,reality_country_no_revise,Australia,pig,"Please create an image that accurately represents the reality of what most pig farms look like in Australia.I NEED to test how the tool works with extremely simple prompts. DO NOT add any detail, just use it AS-IS:",Depiction of a typical pig farm in Australia,dall-e-3,1024x1024,standard,b64_json
pig_farm_reality_country_no_revise_Australia_3.png,reality_country_no_revise,Australia,pig,"Please create an image that accurately represents the reality of what most pig farms look like in Australia.I NEED to test how the tool works with extremely simple prompts. DO NOT add any detail, just use it AS-IS:",A typical pig farm in Australia,dall-e-3,1024x1024,standard,b64_json
pig_farm_reality_country_no_revise_Australia_4.png,reality_country_no_revise,Australia,pig,"Please create an image that accurately represents the reality of what most pig farms look like in Australia.I NEED to test how the tool works with extremely simple prompts. DO NOT add any detail, just use it AS-IS:",An accurate depiction of what most pig farms look like in Australia.,dall-e-3,1024x1024,standard,b64_json
pig_farm_reality_country_no_revise_Australia_5.png,reality_country_no_revise,Australia,pig,"Please create an image that accurately represents the reality of what most pig farms look like in Australia.I NEED to test how the tool works with extremely simple prompts. DO NOT add any detail, just use it AS-IS:",Depict an accurate representation of a typical pig farm in Australia.,dall-e-3,1024x1024,standard,b64_json
pig_farm_reality_country_no_revise_Australia_6.png,reality_country_no_revise,Australia,pig,"Please create an image that accurately represents the reality of what most pig farms look like in Australia.I NEED to test how the tool works with extremely simple prompts. DO NOT add any detail, just use it AS-IS:",An accurate depiction of a typical pig farm in Australia.,dall-e-3,1024x1024,standard,b64_json
pig_farm_reality_country_no_revise_Australia_7.png,reality_country_no_revise,Australia,pig,"Please create an image that accurately represents the reality of what most pig farms look like in Australia.I NEED to test how the tool works with extremely simple prompts. DO NOT add any detail, just use it AS-IS:",An accurate representation of typical pig farms in Australia.,dall-e-3,1024x1024,standard,b64_json
pig_farm_reality_country_no_revise_Australia_8.png,reality_country_no_revise,Australia,pig,"Please create an image that accurately represents the reality of what most pig farms look like in Australia.I NEED to test how the tool works with extremely simple prompts. DO NOT add any detail, just use it AS-IS:","An authentic representation of a pig farm in Australia, capturing typical features like outdoor pig pens, sheltered areas, feeding troughs and the surrounding landscape.",dall-e-3,1024x1024,standard,b64_json
pig_farm_reality_country_no_revise_Australia_9.png,reality_country_no_revise,Australia,pig,"Please create an image that accurately represents the reality of what most pig farms look like in Australia.I NEED to test how the tool works with extremely simple prompts. DO NOT add any detail, just use it AS-IS:",A realistic view of typical pig farms in Australia.,dall-e-3,1024x1024,standard,b64_json
pig_farm_reality_country_no_revise_Australia_10.png,reality_country_no_revise,Australia,pig,"Please create an image that accurately represents the reality of what most pig farms look like in Australia.I NEED to test how the tool works with extremely simple prompts. DO NOT add any detail, just use it AS-IS:",A visual depiction of typical pig farms in Australia.,dall-e-3,1024x1024,standard,b64_json
dairy_farm_basic_country_the United States_1.png,basic_country,the United States,dairy,A dairy farm in the United States.,"An American dairy farm depicting an expansive landscape marked with healthy green pastures. Imagine cows freely roaming, grazing on the delicious grass under the clear, spacious blue sky. The distant silhouette of a barn, painted white, serves as the heart of this thriving farm. The whole scene exudes a feeling of tranquility and harmony, showcasing the peaceful coexistence between nature and dairy farming. Nearby, a farmer of Hispanic descent, a woman clad in overalls and a straw hat, is busy making sure everything runs seamlessly. This is life in the countryside, almost idyllic in its beauty and simplicity.",dall-e-3,1024x1024,standard,b64_json
dairy_farm_basic_country_the United States_2.png,basic_country,the United States,dairy,A dairy farm in the United States.,"A panoramic view of a dairy farm located in the lush plains of the United States. Visualize expansive green pastures with grazing cows of various breeds, including Holsteins and Jerseys. They are peacefully eating the fresh, dewy grass, their tails swishing away flies. In the distance, you can see traditional red barns with white trim, a sign of classic American architecture. Silos, filled with feed for the cows, tower high against the clear blue skies. Farmers can be seen tending to the animals. Emphasize the American Midwestern feel of the whole scenescape.",dall-e-3,1024x1024,standard,b64_json
dairy_farm_basic_country_the United States_3.png,basic_country,the United States,dairy,A dairy farm in the United States.,"An illustrative scene of a dairy farm in the United States. The image features green pastures as farmland extends to a distant horizon under a clear blue sky. There are several black and white cows grazing peacefully. A red barn with a white roof stands centrally, serving as a focal point. The barn has large doors and a weather vane on top with a silhouette of a cow. Nearby, a Hispanic female farmer wearing overalls and a white straw hat is seen walking, carrying a metal milk pail. A tractor, producing a cloud of dust, is working off into the distance.",dall-e-3,1024x1024,standard,b64_json
dairy_farm_basic_country_the United States_4.png,basic_country,the United States,dairy,A dairy farm in the United States.,"A picturesque scene of a dairy farm situated in the countryside of the United States. There are several black and white cows calmly grazing on the lush, green pastures under the clear blue sky. A traditional red barn stands in the heart of the farm, with a tractor parked beside it. A wooden fence runs along the pasture, providing a boundary for the cows. The farm is thriving, peaceful, and evokes a sense of tranquility.",dall-e-3,1024x1024,standard,b64_json
dairy_farm_basic_country_the United States_5.png,basic_country,the United States,dairy,A dairy farm in the United States.,"A scenic landscape depicting a dairy farm in the United States. The image showcases the vast green pastures dotted with black and white Holstein cows grazing. In the distance, there lies a red barn with a silo, surrounded by neatly lined rows of cornfields. A picturesque blue sky with fluffy white clouds hovers above, enhancing the tranquil ambiance. A traditional white picket fence borders the farm, with a gravel path leading to the main entrance.",dall-e-3,1024x1024,standard,b64_json
dairy_farm_basic_country_the United States_6.png,basic_country,the United States,dairy,A dairy farm in the United States.,"A picturesque scene of a dairy farm in the heartland of United States under brilliant blue skies. See clumps of healthy, green grass waving gently in the soft cashmere-like wind. Picture a large red barn in the center, a quintessential icon of American farming tradition. The afternoon sun, casting long shadows of milk-producing cows of various breeds, patiently grazing in the vast open fields. Fresh haystacks neatly piled, farm machinery parked tidily, flocks of barn swallows flying overhead. An image filled with peace, productivity, and the essence of rural American life.",dall-e-3,1024x1024,standard,b64_json
dairy_farm_basic_country_the United States_7.png,basic_country,the United States,dairy,A dairy farm in the United States.,"A picturesque view of an American dairy farm. In the foreground, there is a large red barn, filled with wide-eyed cows of different sizes, ages, and colors. The barn is surrounded by fenced pastures where a few Holstein cows are grazing. The farm is nestled in the midst of lush green fields under a beautiful clear blue sky. There is a variety of farm equipment, including a red tractor parked near the barn. In the distance, rolling green hills provide the farm's isolation and serenity. Capture the tranquil ambiance and pastoral beauty inherent to such a rural setting.",dall-e-3,1024x1024,standard,b64_json
dairy_farm_basic_country_the United States_8.png,basic_country,the United States,dairy,A dairy farm in the United States.,"A sprawling dairy farm in the United States at golden hour. Wide open pastures bathed in the soft hues of sunset, with distant outlines of Holstein cows grazing leisurely. There are characteristic red barns standing tall amidst fields of green, adding a striking contrast. The sky is awash with colors, pink and orange mixing into the deepening blue. The tall silo casts a long shadow over the scene, and a dirt road winds its way through the grazing land, disappearing into the horizon. The atmosphere is serene and quiet, aside from the distant lowing of cows.",dall-e-3,1024x1024,standard,b64_json
dairy_farm_basic_country_the United States_9.png,basic_country,the United States,dairy,A dairy farm in the United States.,"Visualize a vast dairy farm in the United States at dawn. The scene is tranquil and serene with first light of the day slightly illuminating the farm. Numerous Holstein Friesian cows, known for their distinctive black and white pattern, graze peacefully in the robust green fields that stretch to the horizon. There is a large red barn in the distance, and several farm hands, of varied descents like Caucasian, Hispanic and Black, both males and females, are already out for the day's work. The impressive farm machinery stands idle, waiting for the day’s tasks to begin.",dall-e-3,1024x1024,standard,b64_json
dairy_farm_basic_country_the United States_10.png,basic_country,the United States,dairy,A dairy farm in the United States.,"An expansive dairy farm located in the United States during the day. The landscape is dominated by several large barns made of weathered wood, painted in traditional red. In the fields, black and white cows are grazing, while a patient South Asian female farmer is seen tending to the animals. There's a sensation of peace and diligence here. In the background, there's a picturesque view of green rolling hills under a bright blue sky, dotted with fluffy white clouds. Randomly placed stacks of hay, a tractor, and a windmill complete the idyllic, bucolic scene.",dall-e-3,1024x1024,standard,b64_json
dairy_farm_basic_country_Germany_1.png,basic_country,Germany,dairy,A dairy farm in Germany.,"Visualize a peaceful dairy farm located in Germany. Imagine that the rolling hills are adorned with green, lush grass swaying slightly in the gentle breeze. There is an assortment of Holstein and Brown Swiss cows grazing contentedly, their soft moos echoing through the valley. A small brook, its water running pure and cold, ribbons its way through the landscape. Near the brook, a quaint barn painted in traditional German style stands, its wooden structure weathered by elements yet strong. Around the farm, you can see patches of wildflowers swaying gently, painting a picture of rural tranquility.",dall-e-3,1024x1024,standard,b64_json
dairy_farm_basic_country_Germany_2.png,basic_country,Germany,dairy,A dairy farm in Germany.,"A picturesque dairy farm in the countryside of Germany. The scene captures the essence of rural life, with a quaint barn made of rugged brown wood at the center, surrounded by lush green pastures, that are home to Holstein cows grazing contentedly. A few bales of straw lay scattered around the meadow. A small stone well stands near the barn, with an old wooden bucket hanging by a rope. In the background, dense clusters of trees interspersed with vibrant wildflowers stand tall against a clear blue sky. A narrow dirt path leads up to the barn, winding through the vibrant landscape.",dall-e-3,1024x1024,standard,b64_json
dairy_farm_basic_country_Germany_3.png,basic_country,Germany,dairy,A dairy farm in Germany.,"An idyllic dairy farm located in the heartland of Germany, surrounded by rolling green hills under a pristine, azure sky. Holstein cows, with their distinctive black and white pattern, are grazing peacefully on the lush grassland. Various traditional, rustic farm buildings with sloping, thatched roofs punctuate the landscape. An old fashioned wooden windmill, used to grind grain, stands grandly on a nearby knoll. Alongside the farm, a babbling brook meanders, its waters gleaming in the sunshine. Farmers, men and women of different descents like Caucasian and Middle Eastern, are busy with their daily chores, demonstrating an honest, hardworking lifestyle.",dall-e-3,1024x1024,standard,b64_json
dairy_farm_basic_country_Germany_4.png,basic_country,Germany,dairy,A dairy farm in Germany.,"A detailed image depicting a dairy farm located in the countryside of Germany. The scene should include expansive green pastures where Holstein cows, recognized for their distinctive black and white patterns, are grazing peacefully. Nearby, showcase a quaint and traditional farm house with red roof tiles and white walls, surrounded by tall, leafy trees. Don't forget to include elements typical to a dairy farm like a milking parlor, haystacks, and the rich, rolling landscape stretching into the horizon. Enhance the atmosphere with a bright, clear sky overhead and the warm light of a morning sun casting gentle shadows.",dall-e-3,1024x1024,standard,b64_json
dairy_farm_basic_country_Germany_5.png,basic_country,Germany,dairy,A dairy farm in Germany.,"Visualize an agrarian landscape nestled in the rural heartland of Germany. In the foreground, see a sturdy dairy farm with Bavarian architecture, painted with rustic hues. The farm houses a variety of dairy cows of different breeds grazing leisurely on verdant pastures. Adjacent to the farm, see a bubbling creek cutting through the terrain, surrounded by mature, moss-laden trees. The sky overhead is a mix of sun and soft, fluffy clouds. There's a palpable sense of tranquility and the steady rhythms of rural life. In the distance, picture rolling hills, blanketed by a patchwork quilt of crop fields.",dall-e-3,1024x1024,standard,b64_json
dairy_farm_basic_country_Germany_6.png,basic_country,Germany,dairy,A dairy farm in Germany.,"An image depicting a dairy farm nestled within the sweeping landscape of Germany. Uncultivated verdant meadows stretch out to touch the horizon, interrupted only by clusters of lush trees and an meandering brook. A rustic red barn stands tall at the heart of this farm, its weathered wood a testimony to years of diligent service. Free-roaming cows of different breeds, such as Holstein and Fleckvieh, graze peacefully on pastures, their healthy, glossy coats reflecting the warmth of the sun. Hay bales are stacked in an orderly fashion next to the barn and agricultural machinery rests nearby, ready for use.",dall-e-3,1024x1024,standard,b64_json
dairy_farm_basic_country_Germany_7.png,basic_country,Germany,dairy,A dairy farm in Germany.,"Picture a traditional dairy farm located in the lush countryside of Germany. See an expansive green field dotted with black and white cows, lazily grazing on the fresh pasture. A rustic, wooden barn stands in the middle of the field, its tall structure casting a long shadow in the late afternoon sunlight. Farmland stretches out around it, a patchwork quilt of different shades of green and brown, separated by weathered stone walls. In the distance, rolling hills rise upwards, crowned by the verdant canopy of a forest that fades into a blue, cloudy sky.",dall-e-3,1024x1024,standard,b64_json
dairy_farm_basic_country_Germany_8.png,basic_country,Germany,dairy,A dairy farm in Germany.,"Imagine a classic scene of a dairy farm located in the German countryside during a bright sunny day. There is lush, green pasture stretching out into the distance where a variety of cows graze leisurely. Closer to the foreground, a pair of East Asian farmers, one woman and one man, go about their usual routines, tending to the animals and upkeep. An old, picturesque farmhouse that's characteristic of German architecture sits further in the backdrop. It has sharp, pitched roofs, timber beams, and in warm beige tones. The peacefulness of rural living under the clear blue sky.",dall-e-3,1024x1024,standard,b64_json
dairy_farm_basic_country_Germany_9.png,basic_country,Germany,dairy,A dairy farm in Germany.,"Visualize a peaceful scene of a dairy farm located in the breathtaking countryside of Germany. A traditional style barn with rustic red paint in the center, surrounded by lush green meadows dotted with content Holstein cows grazing in the pastures. Tall wind turbines on the horizon, a typical sight in German landscapes, can be seen aligning with the clear blue sky. A male and a South Asian female farmer are tending to the cows, their hands busy with milking pails. Their smiles reflect the satisfaction they gain from their day-long hard work. A setting sun casts a warm glow on the entire panorama, signifying a day well spent.",dall-e-3,1024x1024,standard,b64_json
dairy_farm_basic_country_Germany_10.png,basic_country,Germany,dairy,A dairy farm in Germany.,"A serene pastoral scene of a dairy farm located in the bucolic landscapes of Germany. In the foreground, a herd of Holstein Friesians, known for their distinctive black and white spotting, graze placidly on the verdant pastures. The farm infrastructure, comprising of rustic red and white barns, silos, and a traditional German farmhouse, can be seen in the background. Majestic mountains cloak the horizon and a network of country roads wind their way through the scene, punctuated by stone fences. The weather is depicted as a classic spring midday with a blue sky flung with puffy white clouds.",dall-e-3,1024x1024,standard,b64_json
dairy_farm_basic_country_New Zealand_1.png,basic_country,New Zealand,dairy,A dairy farm in New Zealand.,"A picturesque scenery depicting the tranquil life of a dairy farm in New Zealand. Provide a detailed view of lush green pastures under vibrant blue skies, with cows peacefully grazing. A classic red barn stands firm in the distance, symbolizing the heart of the farm. Mountains under the soft glow of the setting sun provide a stunning backdrop. The scene is complemented by a tree-lined winding dirt path leading to the barn. Nearby, a friendly, Caucasian farmer in work attire is seen tending to the cows, her face the picture of daily dedication and contentment.",dall-e-3,1024x1024,standard,b64_json
dairy_farm_basic_country_New Zealand_2.png,basic_country,New Zealand,dairy,A dairy farm in New Zealand.,"Imagine an idyllic dairy farm nestled among the rolling green hills of New Zealand. The farm's bucolic landscape includes lush, grassy pastures populated by a variety of dairy cows, their coats varying from black-and-white to brown-and-white. The farmstead features a traditional, red-roofed homestead, white picket fences lining the pasture, silos towering against the sky, and a nearby winding creek making its way through the verdant fields. A radiant sun sits high in the clear blue sky, casting a warm glow on the pastoral scene below.",dall-e-3,1024x1024,standard,b64_json
dairy_farm_basic_country_New Zealand_3.png,basic_country,New Zealand,dairy,A dairy farm in New Zealand.,"A pastoral landscape depicting a dairy farm nestled among the rolling hills and mountains of New Zealand. Cows are peacefully grazing on the lush green pastures, and a farmhouse, barn, and silo stand sturdily in the distance. The sky overhead is a bright blue with fluffy white clouds scattered across it. A small creek winds its way through the land, bordered by flowering plants and mighty native trees.",dall-e-3,1024x1024,standard,b64_json
dairy_farm_basic_country_New Zealand_4.png,basic_country,New Zealand,dairy,A dairy farm in New Zealand.,"A picturesque dairy farm in New Zealand during the day. The land is flat with lush, green pastures where cows graze leisurely. In the background are beautifully rugged mountains, shrouded in mist. The sky above is bright and clear blue. There's a traditional wooden farmhouse with a red tin roof, window boxes overflowing with vibrant flowers. Nearby, a South Asian female farmer is tending to the cows, while a Middle Eastern male farmer is busy fixing a tractor. The scene embodies tranquility and the pastoral beauty of rural life.",dall-e-3,1024x1024,standard,b64_json
dairy_farm_basic_country_New Zealand_5.png,basic_country,New Zealand,dairy,A dairy farm in New Zealand.,"Picture a serene dairy farm located in the lush green landscapes of New Zealand. Well-tended green pastures stretch as far as the eye can see, interspersed with healthy and contented cows of various breeds lazily grazing or resting. Typical farm structures, including a red barn and a white farmhouse, dot the landscape. The sun is shining brightly in the blue sky casting long shadows across the terrain. The farm is bordered by a clear rushing river on one side and a tree line on the other, offering a sense of tranquility and isolation away from the hustle of the city.",dall-e-3,1024x1024,standard,b64_json
dairy_farm_basic_country_New Zealand_6.png,basic_country,New Zealand,dairy,A dairy farm in New Zealand.,"An idyllic scene of a dairy farm located in New Zealand. Lush, rolling hills stretch into the distance, covered in vibrant shades of green due to the abundant grasses. In the foreground, a herd of well-fed cows are grazing leisurely, the majority of them are black and white holstein friesian cows. A quaint wooden farmhouse can be seen in the mid-ground, billowing out thin swirls of smoke from the chimney, indicating a warm hearth inside. Scattered in the near distance, groves of native New Zealand trees, such as the Kahikatea and Pōhutukawa, are spotted. The sky above is blue with wisps of white clouds.",dall-e-3,1024x1024,standard,b64_json
dairy_farm_basic_country_New Zealand_7.png,basic_country,New Zealand,dairy,A dairy farm in New Zealand.,"Imagine an expansive dairy farm nestled in the rolling hills of New Zealand. This serene pastoral landscape is painted in vibrant shades of emerald green, nurtured by the region's ample rainfall. A variety of cows – Holsteins, Jerseys, and Friesians, recognizable by their distinctive color patterns – graze leisurely on the verdant grass. The farm buildings, rustic yet sturdy, are scattered across the land, with a few towering silos storing the precious grain. Blue skies with beautiful, fluffy white clouds frame this idyllic picture, celebrating the essence of the Kiwi agricultural tradition.",dall-e-3,1024x1024,standard,b64_json
dairy_farm_basic_country_New Zealand_8.png,basic_country,New Zealand,dairy,A dairy farm in New Zealand.,"A picturesque view of a dairy farm located in the beautiful landscapes of New Zealand. A mixed herd of Holstein and Jersey cows are peacefully grazing on the vital green pasture under a clear blue sky. Distant rolling hills covered in lush vegetation mark the horizon. A traditional wooden barn and a silo can be seen nearby. A South Asian male farmer in work clothes and a hat stands by a wire fence, surveying the herd, with a well-trained border collie dog by his side anticipating commands.",dall-e-3,1024x1024,standard,b64_json
dairy_farm_basic_country_New Zealand_9.png,basic_country,New Zealand,dairy,A dairy farm in New Zealand.,"A serene dairy farm situated in the bucolic landscape of New Zealand. The green fields are dotted with Holstein cows quietly grazing. A rustic wood and stone barn in the distance completes the idyllic scene. The rich canvas of the emerald green grass against the clear blue sky is interrupted only by the snow capped mountain range in the far distance. A lazy stream meanders through the thick grass, reflecting the bright sunlight. Around the farm, white fences mark the boundaries, capturing a quintessential rural atmosphere. This pastoral scene exudes tranquility, where time seems to stand still.",dall-e-3,1024x1024,standard,b64_json
dairy_farm_basic_country_New Zealand_10.png,basic_country,New Zealand,dairy,A dairy farm in New Zealand.,"Behold the serene landscape of a dairy farm in New Zealand. It's a tranquil daybreak scene: the first rays of dawn cast a soft golden glow over lush, rolling pastures dotted with grazing cattle of varied breeds. The farmstead, an orchestrated dance of straw-bale barns, silos, and wooden fencing, sits nestled amidst the undulating terrain. A few hardworking farmers, South Asian male and Caucasian female, are methodically moving about, performing the morning tasks. A stretch of towering pines adds an emerald crown to the horizon, beneath which myriad birds perform their morning symphony. A gentle river, meandering through the pastures, completes this idyllic pastoral setting.",dall-e-3,1024x1024,standard,b64_json
pig_farm_basic_country_the United States_1.png,basic_country,the United States,pig,A pig farm in the United States.,"An expansive pig farm situated in the rural landscape of the United States. Lush green fields stretch out to the horizon, dotted with wooden fences. Within the enclosures, a variety of pigs can be seen enjoying the mud and feeding on corn kernels scattered on the ground. Nearby, there's a large red barn with a weather vane on top. The sky above displays a stunning sunset, casting a warm glow across the scene. Far off in the distance, a line of tall oak trees defines the boundary of the farm, completing a peaceful and serene image of American rural life.",dall-e-3,1024x1024,standard,b64_json
pig_farm_basic_country_the United States_2.png,basic_country,the United States,pig,A pig farm in the United States.,"An autumn afternoon depiction of a sprawling pig farm located in the rural landscapes of the United States. There's a red barn with a grain silo off to the side, a group of pigs happily wallowing in a muddy patch, and a tall wooden fence enclosing the area. The foreground showcases a pile of alfalfa hay and fall-hued pumpkins spread out. A farmer, an East Asian man wearing a plaid shirt, denim jeans, and a wide-brimmed hat, is seen feeding the pigs while a woman, of Afro-Caribbean descent in a pale blue denim dress and a sun hat, helps collect ripe pumpkins. The distant blue mountains and setting sun colors the sky with hues of orange and purple.",dall-e-3,1024x1024,standard,b64_json
pig_farm_basic_country_the United States_3.png,basic_country,the United States,pig,A pig farm in the United States.,"An elaborate scene of a pig farm located in a rural area of the United States, characterized by neatly organized, fenced pig pens with healthy, mud-covered pigs of various sizes actively roaming around. The farm also contains a large red barn against a backdrop of green fields stretching out to the horizon. Nearby a group of farmhands, a Hispanic woman with a pitchfork and a Caucasian man with a bucket of feed, diligently tend to the pigs. Stray hay bales are scattered around the muddy fields, and a large wooden sign displays the words 'Welcome to our Farm'.",dall-e-3,1024x1024,standard,b64_json
pig_farm_basic_country_the United States_4.png,basic_country,the United States,pig,A pig farm in the United States.,"A typical farm in the rural United States with some buildings such as barns and silos. Various pigs are roaming and grazing freely in the open field, basking in the midday sun. There are uniquely designed fences ensuring the safety of the pigs. In the foreground, a multitude of piglets playing around a mud bath can be seen. The background details a farmhouse, and farm equipment scattered properly and strategically. The sky is clear blue with few fluffy clouds, and autumn trees border the expansive farm, completing the peaceful country scene.",dall-e-3,1024x1024,standard,b64_json
pig_farm_basic_country_the United States_5.png,basic_country,the United States,pig,A pig farm in the United States.,"An expansive pig farm nestled in the rural scenery of the United States. Vivid representations of broad fields with large pig pens, where several pigs are roaming, eating, and playing. The structures on the farm are typical American rural architecture. The background boasts a clear blue sky with fluffy white clouds and distant mountains. Details include tall silos and a red barn, a tractor parked nearby, and a dirt road leading up to the farmstead. Add elements to portray a busy day at the farm, with a Caucasian farmer and a Hispanic farmhand tending to the animals.",dall-e-3,1024x1024,standard,b64_json
pig_farm_basic_country_the United States_6.png,basic_country,the United States,pig,A pig farm in the United States.,"Depict a typical pig farm located in the United States. Visualize a vast expanse of green fields with muddy puddles under the open, blue sky. Picture multiple pigs of various sizes happily wandering and rooting around. Capture structures like a red barn, wooden fences, and a few farming equipment. Accentuate the scene with tall, rustling corn crops at the edges and a windmill in the distance.",dall-e-3,1024x1024,standard,b64_json
pig_farm_basic_country_the United States_7.png,basic_country,the United States,pig,A pig farm in the United States.,"An expansive view of a pig farm located in the United States. Pigs of various sizes, shapes, and colors roam freely inside wide, fenced-off areas filled with mud and straw. Their playful grunts echo across the scene as they interact with each other. A large red barn sits in the background, a bustling hub for storing feed and equipment. The farm is surrounded by vast green fields under a clear blue sky, embodying a typical rural American setting.",dall-e-3,1024x1024,standard,b64_json
pig_farm_basic_country_the United States_8.png,basic_country,the United States,pig,A pig farm in the United States.,"Open countryside with the expansive view of a pig farm situated in the United States. The vast landscape permeates with vibrant greens and browns. The pigsty is rustic built with wooden logs and a hay roof for the enclosure. A whole range of differently sized, pink-toned pigs, from adult pigs to piglets, freely frolick around the farm area. A blue skyline is visible in the background with white fluffy clouds scattered here and there. Specific attention to details such as the muddy patches, food troughs, and haystacks spread throughout the farm.",dall-e-3,1024x1024,standard,b64_json
pig_farm_basic_country_the United States_9.png,basic_country,the United States,pig,A pig farm in the United States.,"An image showcasing a large pig farm located in the United States. It's a clear day with a bright blue sky overhead. A large wooden barn is standing proudly at the center, with sloping roofs and weathered planks. Several pigs, both adults, and piglets are scattered across the open, muddy field, appearing playful and enjoying their day. A well-trodden path leads from the barn to a distant farmhouse, surrounded by a few tall and mature trees casting long shadows.",dall-e-3,1024x1024,standard,b64_json
pig_farm_basic_country_the United States_10.png,basic_country,the United States,pig,A pig farm in the United States.,"A charming pastoral scene depicting a pig farm located in the United States. The main focus involves a large, red barn standing proud against the backdrop of a vast open sky. The barn is surrounded by substantial, fertile land with verdant fields stretching out, dotted with wooden fences. Various piglets and adult pigs roam freely, playing and lazing in mud puddles. The farm, bathed in the golden light of late afternoon, provides a homey and rustic charm that is typical of American countryside settings. Please fill the air with birdsong and the distant rustling of leaves, adding aural depth to this serene landscape.",dall-e-3,1024x1024,standard,b64_json
pig_farm_basic_country_Spain_1.png,basic_country,Spain,pig,A pig farm in Spain.,"An expansive pig farm in rural Spain. The scene unfolds under a bright summer sun, casting warm light on the pigs frolicking amongst each other. The surroundings are teeming with verdant pastures and patches of wildflowers swaying in the light breeze. Traditional Spanish farm buildings are scattered across the landscape, with their distinct terracotta rooftop tiles and whitewashed walls. In the background, the rolling hills stand as sentinels, completing the picturesque setting.",dall-e-3,1024x1024,standard,b64_json
pig_farm_basic_country_Spain_2.png,basic_country,Spain,pig,A pig farm in Spain.,"Visualize a traditional pig farm located in the countryside of Spain. It's a typically warm and sunny day, and the farm is teeming with healthy, active pigs of varying sizes. Their enclosure is surrounded by an array of green pastures and rolling hills. A classic Spanish farmhouse with its rustic architecture and terra-cotta roof tiles can be seen in the background, anchoring the scene. Nearby, a farmer of Hispanic descent is going about his daily tasks, tending to the pigs with care. This idyllic scene depicts a peaceful coexistence between nature and agriculture.",dall-e-3,1024x1024,standard,b64_json
pig_farm_basic_country_Spain_3.png,basic_country,Spain,pig,A pig farm in Spain.,"An image capturing an idyllic pig farm nestled in the Spanish countryside. In the foreground, several pigs of different sizes and colors are busily rooting around in the mud looking for food. Their large, round bodies contrast sharply against the soft green lifestyle. A charming red-roofed farmhouse sits in the center of the image, with a tall white silo beside it. The backdrop is complete with magnificent rolling hills under the clear blue sky. Scattered around the landscape, ancient olive trees sway gently in the breeze, while fields of golden wheat are seen ripening in the sun.",dall-e-3,1024x1024,standard,b64_json
pig_farm_basic_country_Spain_4.png,basic_country,Spain,pig,A pig farm in Spain.,"A traditional pig farm nestled in the stunning landscape of Spain. The farm is surrounded by rolling green hills with trees dotted around. Sturdy wooden fences section off areas for the pigs, which are busily rummaging through the mud. A quaint farmhouse with a red roof and whitewashed walls sits near the farm, smoke curling from its chimney. The azure sky above is dotted with fluffy white clouds, and a mild breeze rustles the leaves on the trees. The glow of the early morning sun casts a warm hue on the scene, promising a beautiful day ahead.",dall-e-3,1024x1024,standard,b64_json
pig_farm_basic_country_Spain_5.png,basic_country,Spain,pig,A pig farm in Spain.,"An image portraying a traditional Spanish pig farm during daytime. The scene includes vast green fields grazed by multiple happy, healthy-looking pigs, that are joyfully roaming around. Typical Spanish architecture is seen in the form of a farmhouse, made from stone with a rustic, wooden roof. Traditional farming equipment like a plow and haystacks add to the rural ambiance. Olive trees delineate the farm boundary, while verdant hills roll far in the background beneath a cloud-dappled sky.",dall-e-3,1024x1024,standard,b64_json
pig_farm_basic_country_Spain_6.png,basic_country,Spain,pig,A pig farm in Spain.,"A rural scene depicting a pig farm nestled amidst the warm-hued landscapes of Spain. The terracotta farmhouses are surrounded by well-tended fields of swaying crops. Various pigs of different sizes are seen scattered across the open-air pen, lounging lazily or rootling in the earth. The rustic stone fences bordering the farm blend naturally with the surroundings. In the backdrop, gentle hills roll under the clear, azure sky. The atmosphere hints at the subtle symphony of oinks, the crunch of feed, and the smell of hay in the air. The scene succinctly captures the heart of Spanish countryside farming.",dall-e-3,1024x1024,standard,b64_json
pig_farm_basic_country_Spain_7.png,basic_country,Spain,pig,A pig farm in Spain.,"A pastoral landscape showcasing a pig farm in rural Spain. Set under the clear azure sky, a cluster of pink and brown pigs frolic around freely, their small, happy squeals barely drown out the rhythmic sound of a windmill turning in the distance. Sacred to the scene are the whitewashed barns with terra-cotta rooftops that are scattered throughout, along with a farmhouse in the background. Cypress and olive trees dot the landscape, their dark green leaves gently rustling in the midday breeze. At the end of the farm, a dirt road disappears into the rolling hills, indicating peaceful isolation.",dall-e-3,1024x1024,standard,b64_json
pig_farm_basic_country_Spain_8.png,basic_country,Spain,pig,A pig farm in Spain.,"Visualize a rustic pig farm located in the Spanish countryside. The farm is surrounded by fields of golden wheat that stretch for miles under a clear azure sky. Traditional Spanish farmhouses, in hues of ochre and white, border the property. The farm is bustling with activity; round, content pigs are rooting for food, playing in mud puddles, or lazing under the warm sun. Nearby, a farmhand of Hispanic descent, dressed in traditional farming attire, is mending a wooden fence. Olive trees spread their silvery leaves in the distance, contributing to the typical Mediterranean landscape.",dall-e-3,1024x1024,standard,b64_json
pig_farm_basic_country_Spain_9.png,basic_country,Spain,pig,A pig farm in Spain.,"A picturesque image of a pig farm in the rural landscapes of Spain. The terrain is a mix of green pastures and muddy fields. There is a traditional Spanish farm building in the background, made of red bricks, with a terracotta tiled roof. Various pigs of different sizes and colors can be seen lazily roaming the area, some are feeding, some are playing and others are just lounging in the mud. A Spanish farmer, Caucasian male, is in the foreground, feeding the pigs with a bucket of slop. The sky is warm, indicating a late afternoon scene.",dall-e-3,1024x1024,standard,b64_json
pig_farm_basic_country_Spain_10.png,basic_country,Spain,pig,A pig farm in Spain.,"Depict a traditional pig farm located in the rural landscapes of Spain. This scene should predominantly consist of a farmhouse surrounded by pens filled with pigs. Around the pens, there should be vibrant green fields with oak trees, since these trees are common in Spanish pig farms. The sky above should be clear and blue, indicating a beautiful, sunny day. In the backdrop, we can see distant rolling hills typical of Spanish countryside.",dall-e-3,1024x1024,standard,b64_json
pig_farm_basic_country_Australia_1.png,basic_country,Australia,pig,A pig farm in Australia.,"Visualize a pig farm situated in the countryside of Australia. Picture several pigs of diverse sizes interacting and exhibiting behavior typical to their species. The farm environment comprises of muddy patches and grassy grounds with several wooden fences. The backdrop shows the terrains of the Australian outback with low lying bushes and the typical blue sky overhead. Also, include a red barn with a straw roof in the distance, capturing the rustic charm of rural farming life in Australia.",dall-e-3,1024x1024,standard,b64_json
pig_farm_basic_country_Australia_2.png,basic_country,Australia,pig,A pig farm in Australia.,"An expansive pig farm located in the rural areas of Australia. Sunburnt fields span as far as the eyes can see, peppered with pigs of various sizes and breeds. There's a distinctive red barn in the distance, a typical structure found in Australian farms. The rich earthy tones of the soil contrast with the bright blue Australian sky, a sight that's commonly associated with the Outback. In the foreground, a mature pig can be seen with piglets around it, all engaged in playful activities. Far away, a eucalyptus grove can be seen, adding a beautiful green hue to the landscape.",dall-e-3,1024x1024,standard,b64_json
pig_farm_basic_country_Australia_3.png,basic_country,Australia,pig,A pig farm in Australia.,"An expansive pig farm located in the heart of Australia. Several robust and playful pigs roam and wallow freely within the confines of the farm, their happy squeals filling the air. The farm itself is outfitted with well-constructed pens, troughs overflowing with food, and a secure barn for the animals' shelter. The verdant pastures beyond the fence roll endlessly into the distance, peppered with native Australian flora. A typical outback sunset paints the vast sky above in hues of orange, red and purple, casting long shadows over the serene farm scene.",dall-e-3,1024x1024,standard,b64_json
pig_farm_basic_country_Australia_4.png,basic_country,Australia,pig,A pig farm in Australia.,"Visualize a typical pig farm located in the outback of Australia. There are wooden fences covering large grassy areas where a number of adult pigs and piglets are freely roaming around. A red tin-roofed feeding barn can be seen where the farmer, an Australian man of Caucasian descent, with a wide-brimmed hat, plaid shirt and jeans is busy at work. There are large gum trees providing shade, while some wild kangaroos can be seen hopping in the distance under the bright Australian sun.",dall-e-3,1024x1024,standard,b64_json
pig_farm_basic_country_Australia_5.png,basic_country,Australia,pig,A pig farm in Australia.,"A rural pig farm in Australia, with the warm golden rays of the setting sun illuminating the lush green pastures. Behold the sight of healthy, white and pink pigs scampering around, contentedly grunting and rooting in the earth. Tropical trees provide shaded areas under which the pigs can rest, while a classic wooden fence encircles the area. In the backdrop, the rich, deep blue of the Australian sky gives away to a breathtaking splash of vivid orange and lilac hues from the setting sun, providing a stark contrast to the farm scene.",dall-e-3,1024x1024,standard,b64_json
pig_farm_basic_country_Australia_6.png,basic_country,Australia,pig,A pig farm in Australia.,"Depict a pig farm situated in the heart of Australia. Surround the farm with an arid outback, strewn with dusty red soil, characteristic eucalyptus trees and distant blue mountains. Show a flock of pigs roaming around contentedly. Include a rustic, wood-built farmhouse near a watering hole, where the pigs gather to drink. The sky should be clear and the sun setting, giving the whole scene a warm, golden glow. Give a sense of the quiet, isolated beauty which sets the tone for the day's end at this peaceful pig farm.",dall-e-3,1024x1024,standard,b64_json
pig_farm_basic_country_Australia_7.png,basic_country,Australia,pig,A pig farm in Australia.,"Visualize a rural setting in Australia, with a pig farm at the heart of the scene. There are green pastures, where several pigs of different sizes, from piglets to mature pigs, are grazing and roaming free. The farm consists of a traditional wooden barn painted red, and a windmill softly rustling in the gentle breeze. Eucalyptus trees standing majestically at a distance, casting dappled shadows on the vibrant green undergrowth. The sky is a stunning vista of sunset hues - oranges, pinks, purples, and blues. The air is filled with sounds of snorting pigs and chirping local birds, encapsulating the tranquility of Australian countryside.",dall-e-3,1024x1024,standard,b64_json
pig_farm_basic_country_Australia_8.png,basic_country,Australia,pig,A pig farm in Australia.,"An image of a pig farm situated in the outskirts of Australia. The farm scene shows a number of healthy, playful pigs of various sizes roaming freely in a spacious barnyard filled with hay. Beyond the barnyard, there are fields bordered by eucalyptus trees under the clear, blue Australian sky. Farm workers of different genders and descents, such as Caucasian, Hispanic, and Middle-Eastern, are seen tending to the pigs and performing various tasks around the farm. The panorama of the scene captures Australian rural life beautifully.",dall-e-3,1024x1024,standard,b64_json
pig_farm_basic_country_Australia_9.png,basic_country,Australia,pig,A pig farm in Australia.,"Visualize a sprawling pig farm nestled in the Australian outback. Pigs of all sizes are happily grunting and exploring the grounds. The place is dotted with wooden fences and feed bins. A typical Australian farmhouse can be seen in the distance with a lush eucalyptus grove surrounding it. Clouds brush the sky lightly as the sun peers from the west, casting long shadows. The colors are shades of earthy brown, bright green, and sky blue, encompassing the vibrant, rustic scene that is the epitome of rural Australian life.",dall-e-3,1024x1024,standard,b64_json
pig_farm_basic_country_Australia_10.png,basic_country,Australia,pig,A pig farm in Australia.,"A quaint pig farm nestled amidst the lush landscapes of Australia. Numerous healthy pigs, with their characteristic pink hue, roam freely across the expansive emerald pasture. A rustic barn, built with weathered wooden planks, stands in the distance, with the outlines of hay bales visible inside. The sky overhead is an infinite canvas of cobalt littered with fluffy white clouds, signaling a bright summer's day. Vegetation typical to Australia such as Eucalyptus trees border the farm, and a kangaroo is seen hopping in the distance, capturing the rural essence of Australia.",dall-e-3,1024x1024,standard,b64_json
dairy_farm_basic_country_no_revise_the United States_1.png,basic_country_no_revise,the United States,dairy,"A dairy farm in the United States.I NEED to test how the tool works with extremely simple prompts. DO NOT add any detail, just use it AS-IS:",A dairy farm in the United States,dall-e-3,1024x1024,standard,b64_json
dairy_farm_basic_country_no_revise_the United States_2.png,basic_country_no_revise,the United States,dairy,"A dairy farm in the United States.I NEED to test how the tool works with extremely simple prompts. DO NOT add any detail, just use it AS-IS:",A dairy farm in the United States,dall-e-3,1024x1024,standard,b64_json
dairy_farm_basic_country_no_revise_the United States_3.png,basic_country_no_revise,the United States,dairy,"A dairy farm in the United States.I NEED to test how the tool works with extremely simple prompts. DO NOT add any detail, just use it AS-IS:",A dairy farm in the United States,dall-e-3,1024x1024,standard,b64_json
dairy_farm_basic_country_no_revise_the United States_4.png,basic_country_no_revise,the United States,dairy,"A dairy farm in the United States.I NEED to test how the tool works with extremely simple prompts. DO NOT add any detail, just use it AS-IS:",A dairy farm in the United States,dall-e-3,1024x1024,standard,b64_json
dairy_farm_basic_country_no_revise_the United States_5.png,basic_country_no_revise,the United States,dairy,"A dairy farm in the United States.I NEED to test how the tool works with extremely simple prompts. DO NOT add any detail, just use it AS-IS:",A dairy farm in the United States,dall-e-3,1024x1024,standard,b64_json
dairy_farm_basic_country_no_revise_the United States_6.png,basic_country_no_revise,the United States,dairy,"A dairy farm in the United States.I NEED to test how the tool works with extremely simple prompts. DO NOT add any detail, just use it AS-IS:",A dairy farm in the United States,dall-e-3,1024x1024,standard,b64_json
dairy_farm_basic_country_no_revise_the United States_7.png,basic_country_no_revise,the United States,dairy,"A dairy farm in the United States.I NEED to test how the tool works with extremely simple prompts. DO NOT add any detail, just use it AS-IS:",A dairy farm in the United States,dall-e-3,1024x1024,standard,b64_json
dairy_farm_basic_country_no_revise_the United States_8.png,basic_country_no_revise,the United States,dairy,"A dairy farm in the United States.I NEED to test how the tool works with extremely simple prompts. DO NOT add any detail, just use it AS-IS:",A dairy farm in the United States,dall-e-3,1024x1024,standard,b64_json
dairy_farm_basic_country_no_revise_the United States_9.png,basic_country_no_revise,the United States,dairy,"A dairy farm in the United States.I NEED to test how the tool works with extremely simple prompts. DO NOT add any detail, just use it AS-IS:",A dairy farm in the United States,dall-e-3,1024x1024,standard,b64_json
dairy_farm_basic_country_no_revise_the United States_10.png,basic_country_no_revise,the United States,dairy,"A dairy farm in the United States.I NEED to test how the tool works with extremely simple prompts. DO NOT add any detail, just use it AS-IS:",A dairy farm in the United States,dall-e-3,1024x1024,standard,b64_json
dairy_farm_basic_country_no_revise_Germany_1.png,basic_country_no_revise,Germany,dairy,"A dairy farm in Germany.I NEED to test how the tool works with extremely simple prompts. DO NOT add any detail, just use it AS-IS:",A dairy farm in Germany.,dall-e-3,1024x1024,standard,b64_json
dairy_farm_basic_country_no_revise_Germany_2.png,basic_country_no_revise,Germany,dairy,"A dairy farm in Germany.I NEED to test how the tool works with extremely simple prompts. DO NOT add any detail, just use it AS-IS:",A dairy farm in Germany,dall-e-3,1024x1024,standard,b64_json
dairy_farm_basic_country_no_revise_Germany_3.png,basic_country_no_revise,Germany,dairy,"A dairy farm in Germany.I NEED to test how the tool works with extremely simple prompts. DO NOT add any detail, just use it AS-IS:",A dairy farm in Germany,dall-e-3,1024x1024,standard,b64_json
dairy_farm_basic_country_no_revise_Germany_4.png,basic_country_no_revise,Germany,dairy,"A dairy farm in Germany.I NEED to test how the tool works with extremely simple prompts. DO NOT add any detail, just use it AS-IS:",A dairy farm in Germany,dall-e-3,1024x1024,standard,b64_json
dairy_farm_basic_country_no_revise_Germany_5.png,basic_country_no_revise,Germany,dairy,"A dairy farm in Germany.I NEED to test how the tool works with extremely simple prompts. DO NOT add any detail, just use it AS-IS:",A dairy farm in Germany,dall-e-3,1024x1024,standard,b64_json
dairy_farm_basic_country_no_revise_Germany_6.png,basic_country_no_revise,Germany,dairy,"A dairy farm in Germany.I NEED to test how the tool works with extremely simple prompts. DO NOT add any detail, just use it AS-IS:",A dairy farm in Germany.,dall-e-3,1024x1024,standard,b64_json
dairy_farm_basic_country_no_revise_Germany_7.png,basic_country_no_revise,Germany,dairy,"A dairy farm in Germany.I NEED to test how the tool works with extremely simple prompts. DO NOT add any detail, just use it AS-IS:",A dairy farm in Germany,dall-e-3,1024x1024,standard,b64_json
dairy_farm_basic_country_no_revise_Germany_8.png,basic_country_no_revise,Germany,dairy,"A dairy farm in Germany.I NEED to test how the tool works with extremely simple prompts. DO NOT add any detail, just use it AS-IS:",A dairy farm in Germany,dall-e-3,1024x1024,standard,b64_json
dairy_farm_basic_country_no_revise_Germany_9.png,basic_country_no_revise,Germany,dairy,"A dairy farm in Germany.I NEED to test how the tool works with extremely simple prompts. DO NOT add any detail, just use it AS-IS:",A dairy farm in Germany,dall-e-3,1024x1024,standard,b64_json
dairy_farm_basic_country_no_revise_Germany_10.png,basic_country_no_revise,Germany,dairy,"A dairy farm in Germany.I NEED to test how the tool works with extremely simple prompts. DO NOT add any detail, just use it AS-IS:",A dairy farm in Germany,dall-e-3,1024x1024,standard,b64_json
dairy_farm_basic_country_no_revise_New Zealand_1.png,basic_country_no_revise,New Zealand,dairy,"A dairy farm in New Zealand.I NEED to test how the tool works with extremely simple prompts. DO NOT add any detail, just use it AS-IS:",A dairy farm in New Zealand,dall-e-3,1024x1024,standard,b64_json
dairy_farm_basic_country_no_revise_New Zealand_2.png,basic_country_no_revise,New Zealand,dairy,"A dairy farm in New Zealand.I NEED to test how the tool works with extremely simple prompts. DO NOT add any detail, just use it AS-IS:",A dairy farm in New Zealand,dall-e-3,1024x1024,standard,b64_json
dairy_farm_basic_country_no_revise_New Zealand_3.png,basic_country_no_revise,New Zealand,dairy,"A dairy farm in New Zealand.I NEED to test how the tool works with extremely simple prompts. DO NOT add any detail, just use it AS-IS:",A dairy farm in New Zealand.,dall-e-3,1024x1024,standard,b64_json
dairy_farm_basic_country_no_revise_New Zealand_4.png,basic_country_no_revise,New Zealand,dairy,"A dairy farm in New Zealand.I NEED to test how the tool works with extremely simple prompts. DO NOT add any detail, just use it AS-IS:",A dairy farm in New Zealand.,dall-e-3,1024x1024,standard,b64_json
dairy_farm_basic_country_no_revise_New Zealand_5.png,basic_country_no_revise,New Zealand,dairy,"A dairy farm in New Zealand.I NEED to test how the tool works with extremely simple prompts. DO NOT add any detail, just use it AS-IS:",A dairy farm in New Zealand,dall-e-3,1024x1024,standard,b64_json
dairy_farm_basic_country_no_revise_New Zealand_6.png,basic_country_no_revise,New Zealand,dairy,"A dairy farm in New Zealand.I NEED to test how the tool works with extremely simple prompts. DO NOT add any detail, just use it AS-IS:",A dairy farm in New Zealand.,dall-e-3,1024x1024,standard,b64_json
dairy_farm_basic_country_no_revise_New Zealand_7.png,basic_country_no_revise,New Zealand,dairy,"A dairy farm in New Zealand.I NEED to test how the tool works with extremely simple prompts. DO NOT add any detail, just use it AS-IS:",A dairy farm in New Zealand,dall-e-3,1024x1024,standard,b64_json
dairy_farm_basic_country_no_revise_New Zealand_8.png,basic_country_no_revise,New Zealand,dairy,"A dairy farm in New Zealand.I NEED to test how the tool works with extremely simple prompts. DO NOT add any detail, just use it AS-IS:",A dairy farm in New Zealand,dall-e-3,1024x1024,standard,b64_json
dairy_farm_basic_country_no_revise_New Zealand_9.png,basic_country_no_revise,New Zealand,dairy,"A dairy farm in New Zealand.I NEED to test how the tool works with extremely simple prompts. DO NOT add any detail, just use it AS-IS:",A dairy farm in New Zealand,dall-e-3,1024x1024,standard,b64_json
dairy_farm_basic_country_no_revise_New Zealand_10.png,basic_country_no_revise,New Zealand,dairy,"A dairy farm in New Zealand.I NEED to test how the tool works with extremely simple prompts. DO NOT add any detail, just use it AS-IS:",A dairy farm in New Zealand,dall-e-3,1024x1024,standard,b64_json
pig_farm_basic_country_no_revise_the United States_1.png,basic_country_no_revise,the United States,pig,"A pig farm in the United States.I NEED to test how the tool works with extremely simple prompts. DO NOT add any detail, just use it AS-IS:",A pig farm in the United States,dall-e-3,1024x1024,standard,b64_json
pig_farm_basic_country_no_revise_the United States_2.png,basic_country_no_revise,the United States,pig,"A pig farm in the United States.I NEED to test how the tool works with extremely simple prompts. DO NOT add any detail, just use it AS-IS:",A pig farm in the United States.,dall-e-3,1024x1024,standard,b64_json
pig_farm_basic_country_no_revise_the United States_3.png,basic_country_no_revise,the United States,pig,"A pig farm in the United States.I NEED to test how the tool works with extremely simple prompts. DO NOT add any detail, just use it AS-IS:",A pig farm in the United States,dall-e-3,1024x1024,standard,b64_json
pig_farm_basic_country_no_revise_the United States_4.png,basic_country_no_revise,the United States,pig,"A pig farm in the United States.I NEED to test how the tool works with extremely simple prompts. DO NOT add any detail, just use it AS-IS:",A pig farm in the United States,dall-e-3,1024x1024,standard,b64_json
pig_farm_basic_country_no_revise_the United States_5.png,basic_country_no_revise,the United States,pig,"A pig farm in the United States.I NEED to test how the tool works with extremely simple prompts. DO NOT add any detail, just use it AS-IS:",A pig farm in the United States,dall-e-3,1024x1024,standard,b64_json
pig_farm_basic_country_no_revise_the United States_6.png,basic_country_no_revise,the United States,pig,"A pig farm in the United States.I NEED to test how the tool works with extremely simple prompts. DO NOT add any detail, just use it AS-IS:",A pig farm in the United States,dall-e-3,1024x1024,standard,b64_json
pig_farm_basic_country_no_revise_the United States_7.png,basic_country_no_revise,the United States,pig,"A pig farm in the United States.I NEED to test how the tool works with extremely simple prompts. DO NOT add any detail, just use it AS-IS:",A pig farm in the United States.,dall-e-3,1024x1024,standard,b64_json
pig_farm_basic_country_no_revise_the United States_8.png,basic_country_no_revise,the United States,pig,"A pig farm in the United States.I NEED to test how the tool works with extremely simple prompts. DO NOT add any detail, just use it AS-IS:",A pig farm in the United States,dall-e-3,1024x1024,standard,b64_json
pig_farm_basic_country_no_revise_the United States_9.png,basic_country_no_revise,the United States,pig,"A pig farm in the United States.I NEED to test how the tool works with extremely simple prompts. DO NOT add any detail, just use it AS-IS:",A pig farm in the United States,dall-e-3,1024x1024,standard,b64_json
pig_farm_basic_country_no_revise_the United States_10.png,basic_country_no_revise,the United States,pig,"A pig farm in the United States.I NEED to test how the tool works with extremely simple prompts. DO NOT add any detail, just use it AS-IS:",A pig farm in the United States.,dall-e-3,1024x1024,standard,b64_json
pig_farm_basic_country_no_revise_Spain_1.png,basic_country_no_revise,Spain,pig,"A pig farm in Spain.I NEED to test how the tool works with extremely simple prompts. DO NOT add any detail, just use it AS-IS:",A pig farm in Spain.,dall-e-3,1024x1024,standard,b64_json
pig_farm_basic_country_no_revise_Spain_2.png,basic_country_no_revise,Spain,pig,"A pig farm in Spain.I NEED to test how the tool works with extremely simple prompts. DO NOT add any detail, just use it AS-IS:",A pig farm in Spain.,dall-e-3,1024x1024,standard,b64_json
pig_farm_basic_country_no_revise_Spain_3.png,basic_country_no_revise,Spain,pig,"A pig farm in Spain.I NEED to test how the tool works with extremely simple prompts. DO NOT add any detail, just use it AS-IS:",A pig farm in Spain,dall-e-3,1024x1024,standard,b64_json
pig_farm_basic_country_no_revise_Spain_4.png,basic_country_no_revise,Spain,pig,"A pig farm in Spain.I NEED to test how the tool works with extremely simple prompts. DO NOT add any detail, just use it AS-IS:",A pig farm in Spain.,dall-e-3,1024x1024,standard,b64_json
pig_farm_basic_country_no_revise_Spain_5.png,basic_country_no_revise,Spain,pig,"A pig farm in Spain.I NEED to test how the tool works with extremely simple prompts. DO NOT add any detail, just use it AS-IS:",A pig farm in Spain,dall-e-3,1024x1024,standard,b64_json
pig_farm_basic_country_no_revise_Spain_6.png,basic_country_no_revise,Spain,pig,"A pig farm in Spain.I NEED to test how the tool works with extremely simple prompts. DO NOT add any detail, just use it AS-IS:",A pig farm in Spain,dall-e-3,1024x1024,standard,b64_json
pig_farm_basic_country_no_revise_Spain_7.png,basic_country_no_revise,Spain,pig,"A pig farm in Spain.I NEED to test how the tool works with extremely simple prompts. DO NOT add any detail, just use it AS-IS:",A pig farm in Spain,dall-e-3,1024x1024,standard,b64_json
pig_farm_basic_country_no_revise_Spain_8.png,basic_country_no_revise,Spain,pig,"A pig farm in Spain.I NEED to test how the tool works with extremely simple prompts. DO NOT add any detail, just use it AS-IS:",A pig farm in Spain.,dall-e-3,1024x1024,standard,b64_json
pig_farm_basic_country_no_revise_Spain_9.png,basic_country_no_revise,Spain,pig,"A pig farm in Spain.I NEED to test how the tool works with extremely simple prompts. DO NOT add any detail, just use it AS-IS:",A pig farm in Spain,dall-e-3,1024x1024,standard,b64_json
pig_farm_basic_country_no_revise_Spain_10.png,basic_country_no_revise,Spain,pig,"A pig farm in Spain.I NEED to test how the tool works with extremely simple prompts. DO NOT add any detail, just use it AS-IS:",A pig farm in Spain,dall-e-3,1024x1024,standard,b64_json
pig_farm_basic_country_no_revise_Australia_1.png,basic_country_no_revise,Australia,pig,"A pig farm in Australia.I NEED to test how the tool works with extremely simple prompts. DO NOT add any detail, just use it AS-IS:",A pig farm in Australia,dall-e-3,1024x1024,standard,b64_json
pig_farm_basic_country_no_revise_Australia_2.png,basic_country_no_revise,Australia,pig,"A pig farm in Australia.I NEED to test how the tool works with extremely simple prompts. DO NOT add any detail, just use it AS-IS:",A pig farm in Australia.,dall-e-3,1024x1024,standard,b64_json
pig_farm_basic_country_no_revise_Australia_3.png,basic_country_no_revise,Australia,pig,"A pig farm in Australia.I NEED to test how the tool works with extremely simple prompts. DO NOT add any detail, just use it AS-IS:",A pig farm in Australia.,dall-e-3,1024x1024,standard,b64_json
pig_farm_basic_country_no_revise_Australia_4.png,basic_country_no_revise,Australia,pig,"A pig farm in Australia.I NEED to test how the tool works with extremely simple prompts. DO NOT add any detail, just use it AS-IS:",A pig farm in Australia.,dall-e-3,1024x1024,standard,b64_json
pig_farm_basic_country_no_revise_Australia_5.png,basic_country_no_revise,Australia,pig,"A pig farm in Australia.I NEED to test how the tool works with extremely simple prompts. DO NOT add any detail, just use it AS-IS:",A pig farm in Australia,dall-e-3,1024x1024,standard,b64_json
pig_farm_basic_country_no_revise_Australia_6.png,basic_country_no_revise,Australia,pig,"A pig farm in Australia.I NEED to test how the tool works with extremely simple prompts. DO NOT add any detail, just use it AS-IS:",A pig farm in Australia,dall-e-3,1024x1024,standard,b64_json
pig_farm_basic_country_no_revise_Australia_7.png,basic_country_no_revise,Australia,pig,"A pig farm in Australia.I NEED to test how the tool works with extremely simple prompts. DO NOT add any detail, just use it AS-IS:",A pig farm in Australia,dall-e-3,1024x1024,standard,b64_json
pig_farm_basic_country_no_revise_Australia_8.png,basic_country_no_revise,Australia,pig,"A pig farm in Australia.I NEED to test how the tool works with extremely simple prompts. DO NOT add any detail, just use it AS-IS:",A pig farm in Australia,dall-e-3,1024x1024,standard,b64_json
pig_farm_basic_country_no_revise_Australia_9.png,basic_country_no_revise,Australia,pig,"A pig farm in Australia.I NEED to test how the tool works with extremely simple prompts. DO NOT add any detail, just use it AS-IS:",A pig farm in Australia,dall-e-3,1024x1024,standard,b64_json
pig_farm_basic_country_no_revise_Australia_10.png,basic_country_no_revise,Australia,pig,"A pig farm in Australia.I NEED to test how the tool works with extremely simple prompts. DO NOT add any detail, just use it AS-IS:",A pig farm in Australia,dall-e-3,1024x1024,standard,b64_json
dairy_farm_typical_country_the United States_1.png,typical_country,the United States,dairy,A typical dairy farm in the United States.,"An illustration of a typical dairy farm in the United States. Visualize spacious green pastures with black and white Holstein cows lazily grazing. A large red barn stands proudly in the background, with a classic wooden silo adjacent to it. Include a blue tractor parked nearby, indicating recent work. Also, add a clear blue sky with friendly cumulus clouds indicating favorable weather. The image should encapsulate the essence of American rural life with a focus on dairy production.",dall-e-3,1024x1024,standard,b64_json
dairy_farm_typical_country_the United States_2.png,typical_country,the United States,dairy,A typical dairy farm in the United States.,"A panoramic image of a typical American dairy farm, bustling with serenity. Picture a big red barn, weathered but sturdy, its doors open to reveal the faint equipment silhouettes. Lush green fields stretch to the horizon, with black and white cows lazily grazing under a brightly blue sky. On closer look, one can see a South Asian female farmer inspecting the herd, donned in a plaid shirt and sturdy boots. Nearby, a Caucasian male farmer operates a shiny new tractor, focused on task. All set against the striking backdrop of sun setting behind the distant mountains.",dall-e-3,1024x1024,standard,b64_json
dairy_farm_typical_country_the United States_3.png,typical_country,the United States,dairy,A typical dairy farm in the United States.,"A panoramic view of a typical dairy farm in the United States during the day. The image captures the freshness of a clear spring morning with the sky flirting with gentle hues of blue and white clouds. In the foreground, are Holstein cows grazing on lush green pastures. A large red barn and a silo are centrally placed in the horizon. Chickens are spotted pecking around the barn. To complete the scene, a farmer, a Caucasian woman, is seen tending to the animals, carrying a bucket in her hand. The scene embodies the industrious and serene everyday life on a dairy farm.",dall-e-3,1024x1024,standard,b64_json
dairy_farm_typical_country_the United States_4.png,typical_country,the United States,dairy,A typical dairy farm in the United States.,"Visualize a typical dairy farm in the United States. The scene should include a large red barn with white trim and a weather vane on top. There should be lush green pastures stretching out in front of the barn, with a mix of black and brown cows grazing. A blue tractor is parked near the barn, and a Middle-Eastern female farmer is tending to the animals. Please also include some details like wooden fences, a small pond, and trees dotting the landscape.",dall-e-3,1024x1024,standard,b64_json
dairy_farm_typical_country_the United States_5.png,typical_country,the United States,dairy,A typical dairy farm in the United States.,"An image showing the day-to-day life at a typical dairy farm in the United States. The scene encompasses a sprawling dairy farm under a clear, sunny sky. Large white buildings with red roofs, important for storing feed and equipment, are seen scattered across the farm. Several Holstein Friesian cows, known for their distinctive black and white patterns, are grazing in the green fields, while a Middle-Eastern male farmer and a Hispanic female farmer are seen busily working: one might be tending to the animals, the other could be transporting milk cans in a tractor. Farm equipment such as a rotary milking parlor and hay bales are visible. Convey a sense of activity, efficiency, and care in the scene.",dall-e-3,1024x1024,standard,b64_json
dairy_farm_typical_country_the United States_6.png,typical_country,the United States,dairy,A typical dairy farm in the United States.,"A typical American dairy farm is spread before your view. The vast open land stretches as far as the eye can see, with neatly organized rows of crops. There are multiple barns painted red with white trimmings, symbolizing the traditional color scheme of a farm. Holstein cows, known for their distinctive black and white patches, graze peacefully on the lush green pastures. A range of modern tractors and farming equipment can be seen in various areas, affirming the blend of tradition and technology. In the backdrop, a beautiful, big, white farmhouse stands commandingly, surrounded by tall, old trees.",dall-e-3,1024x1024,standard,b64_json
dairy_farm_typical_country_the United States_7.png,typical_country,the United States,dairy,A typical dairy farm in the United States.,"Visualize a typical dairy farm in the United States. Show an expanse of green pastures under a blue sky, with black and white dairy cows grazing. It has a red barn, a milking station, and a tall silo for storing grain. There is a wide dirt path leading from the barn to a farmhouse, with a fenced area for the cows to roam. The farmhouse is two-storied, painted white, and has a wraparound porch. A Caucasian farmer, wearing a plaid shirt, jeans, and a straw hat, is seen tending to the cows, while an Asian woman is tending to the farm's vegetable garden.",dall-e-3,1024x1024,standard,b64_json
dairy_farm_typical_country_the United States_8.png,typical_country,the United States,dairy,A typical dairy farm in the United States.,"An image depicting a typical dairy farm in the United States. The landscape showcases vast, lush green pastures under a clear blue sky. Holstein Friesian cows, a typical breed for American dairy farms, can be seen grazing leisurely. There are distant rolling hills on the horizon and barns dotted around in red and white, classic American dairy farm architecture. A tractor can also be seen in the distance, indicating ongoing farm activities.",dall-e-3,1024x1024,standard,b64_json
dairy_farm_typical_country_the United States_9.png,typical_country,the United States,dairy,A typical dairy farm in the United States.,"Visualize a traditional dairy farm in the United States. The scene includes large open fields of fresh green grass, immaculately maintained cattle grazing and peacefully scattered across the fields. The backdrop presents a clear blue sky, representing a typical sunny day. Nestled in one corner, there's a farmhouse painted red with a white roof, its surrounding area adorns with growing crops, and a silo nearby. There's also a wooden barn, that's home to the tractors and farming tools, standing by a fenced paddock filled with hay for the livestock.",dall-e-3,1024x1024,standard,b64_json
dairy_farm_typical_country_the United States_10.png,typical_country,the United States,dairy,A typical dairy farm in the United States.,"Illustrate a typical dairy farm situated in the United States. The scene represents various facets of the farm-life: a red barn, a silo for grain storage, a buttery-hued sunrise promising a new day, a collection of black and white cows lazily grazing on vast stretches of lush green fields, patches of tractors working their way through the fields, stacks of hay and a farmer, a Caucasian male, dedicatedly engaged in his morning chores. Nestled at a distance are residential quarters, showing a glimpse of life beyond farm work. The landscape is further enlivened by occasional trees, a meandering brook, and undulating hills.",dall-e-3,1024x1024,standard,b64_json
dairy_farm_typical_country_Germany_1.png,typical_country,Germany,dairy,A typical dairy farm in Germany.,"A picturesque dairy farm located in Germany. The landscape is dotted with black and white Holstein cows grazing on lush green meadows. Traditional, half-timbered farmhouses nearby display characteristics of German architecture with their steep pitched roofs and supportive wooden beams. In the background, the farm's buildings include barns, silos, and other structures necessary for dairy production. Further off, the landscape transitions into rolling hills and patches of dense, deciduous woodland. A clear blue sky with scattered white clouds caps off this tranquil rural scene.",dall-e-3,1024x1024,standard,b64_json
dairy_farm_typical_country_Germany_2.png,typical_country,Germany,dairy,A typical dairy farm in Germany.,"Imagine a typical dairy farm in Germany. The farm is cradled in the gentle rolling hills of the countryside, complete with big red barns and cattle grazing in lush green fields. A flock of white, fluffy clouds lazily float across a crystal-clear blue sky. Nearby, there's a small, picturesque cottage where the farmers reside. An old, wooden fence encircles the entire farm, providing a sense of snug protection. The air is crisp, tranquil, and filled with the melodious chants of birds. The peaceful mood of the farm truly reflects the bucolic beauty of rural Germany.",dall-e-3,1024x1024,standard,b64_json
dairy_farm_typical_country_Germany_3.png,typical_country,Germany,dairy,A typical dairy farm in Germany.,"A detailed scene of a typical dairy farm located in the picturesque countryside of Germany during the day. White wooden barns, with red roofs, and silos can be seen in the background. Pastures full of Holstein Friesian cows, identified by their distinctive black and white patterns, are grazing peacefully under the vast blue sky. Close by, a middle-aged Caucasian female farmer is tending to the farm, while a young White male farmer is operating a tractor. The scenic view of rolling hills at the distance completes the serene ambiance.",dall-e-3,1024x1024,standard,b64_json
dairy_farm_typical_country_Germany_4.png,typical_country,Germany,dairy,A typical dairy farm in Germany.,"Visualize a typical dairy farm located in Germany. It's a beautiful sunny day and the pasture is vividly green. Holstein cows, known for their distinctive black and white patches, are peacefully grazing. In the distance, there's a classic german barn with a red tile roof, surrounded by hay bales. On the near right, a farmer of South Asian descent with a shovel in his hands is working. On the near left, a Caucasian woman is seen feeding the calves. The picturesque landscape of rolling hills in the background completes the serene rural scene.",dall-e-3,1024x1024,standard,b64_json
dairy_farm_typical_country_Germany_5.png,typical_country,Germany,dairy,A typical dairy farm in Germany.,"Illustrate a quintessential dairy farm in Germany. Show a landscape peppered with lush green pastures and grazing cows. A traditional German farmhouse, with its quintessential steep roof and timbered walls, stands nearby. The farm is set against the backdrop of the low rolling hills, suggested of the German countryside. The sky above is a soft gradient of colors from daylight. Add details like a silo, barn, milk cans and a tractor to complete the pastoral scene.",dall-e-3,1024x1024,standard,b64_json
dairy_farm_typical_country_Germany_6.png,typical_country,Germany,dairy,A typical dairy farm in Germany.,"A traditional dairy farm in Germany, showcasing stunning green pastures dotted with black and white cows lazily grazing on the lush grass. Nearby, you can find a beautiful three-story farmhouse, characterized by a red roof and wooden walls, with a chimney gently emitting smoke. Adjacent to the house, a barn full of hay bales stands tall. Chickens can be seen pecking the ground around the farm, and a couple of tractors are parked in the distance. The farm is surrounded by a beautiful landscape of rolling hills and vast fields under a bright, sunny sky.",dall-e-3,1024x1024,standard,b64_json
dairy_farm_typical_country_Germany_7.png,typical_country,Germany,dairy,A typical dairy farm in Germany.,"Depict a typical dairy farm in Germany, showcasing its defining attributes. Include a charming farmhouse with a red tiled roof and wooden shingle siding characteristic of traditional German architecture. Nearby, there should be a lush grazing pasture for the cows with rolling green hills. Include Holstein Friesian cows with their distinctive black and white spots leisurely grazing on the verdant grassland. Sprinkle the scene with mature trees providing sporadic shade. Adjacent to the farmhouse, include a barn and other necessary farm structures in a matching architectural style.",dall-e-3,1024x1024,standard,b64_json
dairy_farm_typical_country_Germany_8.png,typical_country,Germany,dairy,A typical dairy farm in Germany.,"Imagine a traditional dairy farm in Germany, nestled amidst lush green fields under a clear blue sky. There are large red barns with white trim, a silo tall and strong by the barn's side. Numerous black and white cows merrily graze over the verdant pastures. Haystacks are scattered around the farm and a dirt track meanders around leading to the farmer's house, a quaint cottage with smoke wafting gently from the chimney. Nearby, a stream gurgles under a small wooden bridge. An Asian female farmer is tending to the cows, and a biracial male farmer is busy loading stacks of hay onto a rustic wagon.",dall-e-3,1024x1024,standard,b64_json
dairy_farm_typical_country_Germany_9.png,typical_country,Germany,dairy,A typical dairy farm in Germany.,"Visualize a bustling dairy farm located in Germany. The scenery should feature charming farmhouses with traditional German architecture, surrounded by green pastures and rolling hills. There are a variety of cattle scattered across the field, appearing happy as they graze on the fresh grass. Farm workers, a balanced mix of men and women of Caucasian descent, are busy tending to the animals and performing their duties efficiently. The sky above is clear and bright, signifying a beautiful day. The farm also houses a barn and a small cheesemaking factory where fresh milk is turned into various types of cheese",dall-e-3,1024x1024,standard,b64_json
dairy_farm_typical_country_Germany_10.png,typical_country,Germany,dairy,A typical dairy farm in Germany.,"A pastoral image of a typical dairy farm nestled in the German countryside. It is a sunny day, with a bright blue sky dotted with soft, fluffy clouds. There are numerous Holstein cows grazing in verdant pasturelands, their black and white markings distinct against the lush green. In the distance, there is a large barn with a red roof and white walls, symbolic of traditional German architecture. Nearby, a tractor is parked, and haystacks are stacked meticulously. The farmer, a middle-aged Caucasian man, is seen busy at work, tending to his animals.",dall-e-3,1024x1024,standard,b64_json
dairy_farm_typical_country_New Zealand_1.png,typical_country,New Zealand,dairy,A typical dairy farm in New Zealand.,"A peaceful country landscape encompassing a dairy farm in New Zealand. The rolling green pastures are dotted with grazing cows. Spread over the land, there's farm machinery, hay bales, and clusters of trees. In the distance, a picturesque farmstead, painted white, emits a cozy ambiance. Overhanging the landscape is a magnificent clear blue sky, with scattered white clouds adding a serene touch.",dall-e-3,1024x1024,standard,b64_json
dairy_farm_typical_country_New Zealand_2.png,typical_country,New Zealand,dairy,A typical dairy farm in New Zealand.,"An expansive, picturesque dairy farm situated in the lush landscape of New Zealand. Green fertile fields roll away into the distance, dotted with numerous healthy, contented Holstein Friesian cows. A bright blue sky with fluffy white clouds stretches overhead, matching the vibrant greenery. Nestled amid the fields is a vibrant red barn and a charming white farmhouse, completing the idyllic scenery. The scene also includes tree lines and sloping hills in the backdrop.",dall-e-3,1024x1024,standard,b64_json
dairy_farm_typical_country_New Zealand_3.png,typical_country,New Zealand,dairy,A typical dairy farm in New Zealand.,"Depict a typical dairy farm in New Zealand under a clear daytime sky. Include rolling green pastures dotted with cows grazing on fresh grass. Show the cows to be a mix of black and white typical livestock cattle. Nearby, the farm house could have a charming rustic design, nestled amidst the lush pastures, with a view of clear sparkling creeks or streams in the vicinity. The backdrop of tall mountains, partially covered in native bush, and the clear, sapphire-blue sky above should add to the overall picturesque scenery.",dall-e-3,1024x1024,standard,b64_json
dairy_farm_typical_country_New Zealand_4.png,typical_country,New Zealand,dairy,A typical dairy farm in New Zealand.,"A picturesque image showcasing a typical dairy farm in New Zealand. In the foreground, a variety of healthy cows grazes on vibrant, emerald green pastures. At the middle distance, wooden fences partition the land, and a rustic, red-roofed farmstead can be seen. Tall, mature trees are dotted across the scene, offering shade and adding to the sense of tranquil rural life. The background offers views of the rugged New Zealand mountains under a clear, blue sky with minimal clouds. Charmingly scattered farming equipment, like a vintage tractor and metal milk cans, are also visible.",dall-e-3,1024x1024,standard,b64_json
dairy_farm_typical_country_New Zealand_5.png,typical_country,New Zealand,dairy,A typical dairy farm in New Zealand.,"Imagine you're viewing a peaceful and serene dairy farm located in the lush landscapes of New Zealand. Fringe the scene with grazing cows, milk pails, and hay bales scattered across the verdant pastures. The sky is painted with hues of blue and white, providing a stark contrast to the green. A small quaint farmhouse sits in the middle of the field, its weather-beaten wooden structure adding a rustic charm. Meandering along the farm is a winding gravel road and scattered occasionally are some deciduous trees, offering spots of shade in the sun-kissed landscape. The occasional chirping of birds and the distant mooing of cows provide a soothing soundscape.",dall-e-3,1024x1024,standard,b64_json
dairy_farm_typical_country_New Zealand_6.png,typical_country,New Zealand,dairy,A typical dairy farm in New Zealand.,"Imagine a sprawling dairy farm set in the idyllic terrain of New Zealand. It's a sunny day and the vast expanse of verdant meadows are vibrant under the sky's azure blanket. You would see numerous healthy, white and black bovine grazing contentedly. Barns with rustic charm dot the bucolic landscape here and there. This is a typical dairy farm; rolling pastures cut through with winding dirt roads, the occasional farm worker in wide-brimmed hats taking care of the animals. Look at the distant mountain ranges providing a picture-postcard backdrop, while a cool breeze rustles the leaves of scattered trees.",dall-e-3,1024x1024,standard,b64_json
dairy_farm_typical_country_New Zealand_7.png,typical_country,New Zealand,dairy,A typical dairy farm in New Zealand.,"Capture an image of a typical dairy farm located in New Zealand. It should incorporate grazing cows, lush green pastures, and a farmhouse in the distance. The blue sky should be dotted with a few fluffy clouds. Much attention is given to the cows appearing to be active and healthy and the rolling landscape indicative of the region. The scenery speaks of farmstead life with milk pails, hay bales, and a rustic barn. The picture should encapsulate the tranquil beauty of the rural life.",dall-e-3,1024x1024,standard,b64_json
dairy_farm_typical_country_New Zealand_8.png,typical_country,New Zealand,dairy,A typical dairy farm in New Zealand.,"A pastoral setting in New Zealand. The landscape is dotted with rolling green hills as far as the eye can see. In the forefront, a typical dairy farm is situated with a long row of milk cows, all of varying breeds, grazing peacefully. A farm house, painted in a combination of white and a soft shade of yellow, sits nestled by a line of tall, verdant trees. The farm machinery, including tractors and milk tanks, are seen scattered around, a testimony to the regular bustle and activity. The sky above is a canvas of soft blues and fluffy cumulus clouds, casting beautiful shadows over the scene.",dall-e-3,1024x1024,standard,b64_json
dairy_farm_typical_country_New Zealand_9.png,typical_country,New Zealand,dairy,A typical dairy farm in New Zealand.,"A typical dairy farm nestled in the verdant plains of New Zealand. Picture vivid pastures, a grazing herd of healthy cows, the farmer, an Asian man, diligently tending to his cattle. A quaint farmhouse of weathered wood stands proudly in the distance, the mountains providing a dramatic backdrop. The sky is a stunning palette of orange and purples, signaling an approaching dusk. Incorporate classic elements of a farmyard, such as a rustic red barn, wooden fences, a tractor parked nearby, and haystacks scattered around.",dall-e-3,1024x1024,standard,b64_json
dairy_farm_typical_country_New Zealand_10.png,typical_country,New Zealand,dairy,A typical dairy farm in New Zealand.,"Illustrate a typical dairy farm in New Zealand. It must depict a vast green pasture under a blue sky with white clouds. In the field, you should see a herd of cows grazing peacefully. There should be classic red barn in the middle of the scene. Around the barn, imagine haystacks and a tractor. Scatter several sheep in the background and a flowing river nearby. Mountains with snowy peaks should form the backdrop of the image. This scene should embody the health and tranquility of rural life in New Zealand.",dall-e-3,1024x1024,standard,b64_json
pig_farm_typical_country_the United States_1.png,typical_country,the United States,pig,A typical pig farm in the United States.,"An expansive view of a typical pig farm located in the United States. It showcases numerous happy, healthy pigs roaming freely across the fields with a classic red barn in the background. You can see cornfields and windmills in the distance against the backdrop of an azure sky with fluffy white cumulus clouds. A Caucasian male farmer is leaning on a wooden fence, supervising as he sips from a tin cup. A Black female farmhand seen off to the side, feeding the pigs with grains. Animals such as dogs, cats and chickens can be seen cohabitating with the pigs throughout the farm.",dall-e-3,1024x1024,standard,b64_json
pig_farm_typical_country_the United States_2.png,typical_country,the United States,pig,A typical pig farm in the United States.,"A depiction of a typical pig farm located in the United States. It contains a number of pigs of varying ages, colors, and sizes and in different states of activity—some might be feeding, others resting or playing. Dominating the scene is a spacious barn with hay stuffed in it, and there are fenced areas for the pigs. Trees and a clear blue sky can be seen in the background. The farm is accompanied by the sight of a farmer, a Caucasian woman, decked in overalls, boots and a hat, watching over the pigs while carrying a bucket of food.",dall-e-3,1024x1024,standard,b64_json
pig_farm_typical_country_the United States_3.png,typical_country,the United States,pig,A typical pig farm in the United States.,"An image showcasing a typical pig farm in the United States. The scene focuses on an expansive outdoor setting with rows of pig pens lining the horizon. Pigs of various sizes play in the mud, showcasing their natural behavior. Some pigs huddle together for warmth while others are seen munching on their feed. In the distance, you see large silos and a red barn, indicative of the farm infrastructure. The surrounding environmental attributes should include green pastures and a blue sky overhead, giving a sense of a sunny day in the countryside.",dall-e-3,1024x1024,standard,b64_json
pig_farm_typical_country_the United States_4.png,typical_country,the United States,pig,A typical pig farm in the United States.,"An image depicting a typical pig farm in the United States. It's a sunny day with a significantly large red barn dominating the scene. Pigs of various sizes can be seen happily wallowing in mud, while others are feeding from troughs. Farmers, a Caucasian woman and a Middle-Eastern man, are engaged in their daily chores, feeding the pigs and maintaining the barn. The farm is surrounded by green pastures, while a windmill can be spotted in the background. Rustic wooden fences enclose the pigs, ensuring their safety, while a blue, cloud-sprinkled sky stretches out above.",dall-e-3,1024x1024,standard,b64_json
pig_farm_typical_country_the United States_5.png,typical_country,the United States,pig,A typical pig farm in the United States.,"Illustrate an image of a typical pig farm situated in the United States. The scene is teeming with life, the pigs are happily rooting around in their pen, enjoying the warm sun and fresh air. There's a classic red barn in the distance, while several pens with pigs are scattered across the area. A farmer in casual work clothes, an Asian woman with raven-black hair tied back in a bun, is seen checking on the pigs, making sure they're well-fed and healthy. The open sky stretches above, showcasing beautiful hues of sunset.",dall-e-3,1024x1024,standard,b64_json
pig_farm_typical_country_the United States_6.png,typical_country,the United States,pig,A typical pig farm in the United States.,"Create a visually detailed image of a typical pig farm situated in the United States. The image should include a spacious barn housing pink and brown pigs of various sizes. The barn should be rustic red with printed white stars symbolizing the American flag. Surrounding the barn, there are fenced paddocks with pigs enjoying a mud bath. The farm is nestled amidst verdant green fields under a clear blue sky. Please also incorporate details like a tall silo, a stack of hay bales, and a farmer, a middle-aged Hispanic man, in overalls feeding the pigs. ",dall-e-3,1024x1024,standard,b64_json
pig_farm_typical_country_the United States_7.png,typical_country,the United States,pig,A typical pig farm in the United States.,"Visualize a typical pig farm located in the United States. The scene should feature several pigs of varied colors and sizes, rooting about in the mud, within pens. Nearby, there should be a large barn painted red with white trimming. The barn has a classic gambrel roof, and its doors are half-open, revealing hay stacked inside. Tall, vibrant green trees surround the area, and a blue sky with fluffy white clouds hangs overhead. A farmer of Caucasian descent, wearing a plaid shirt, denim overalls, and a straw hat, can be seen checking on the pigs.",dall-e-3,1024x1024,standard,b64_json
pig_farm_typical_country_the United States_8.png,typical_country,the United States,pig,A typical pig farm in the United States.,"Display an agricultural landscape of a typical pig farm in the United States. Envision numerous pig pens scattered across the abundant landscape, accompanied by massive barns of red or white reflecting the distinct American architectural style. The pig farm should also include vast feeding areas filled with pigs of various sizes and colors, engaging in daily activities such as feeding and socializing. Surround these setups with low green fields, sparse shrubberies, and occasional trees, under a wide open sky. Also in this scene, include a few Caucasian, South Asian, Hispanic, and Black male and female farmers engaged in different farm tasks.",dall-e-3,1024x1024,standard,b64_json
pig_farm_typical_country_the United States_9.png,typical_country,the United States,pig,A typical pig farm in the United States.,"Depiction of a typical pig farm located in the United States. The scene is filled with a large barn, designed in typical American architecture, painted red with a weathervane on top. There are several pigs of various sizes, ranging from piglets to fully grown adult pigs, scattered around in the muddy field. The farmhouse backdrop includes wood fences and hay bales. Nearby, a Caucasian farmer is seen tending to the pigs; he's outfitted in denim overalls, a plaid shirt, and a straw hat. Beyond the farm, there is an expansive landscape of surrounding green fields beneath a clear blue sky.",dall-e-3,1024x1024,standard,b64_json
pig_farm_typical_country_the United States_10.png,typical_country,the United States,pig,A typical pig farm in the United States.,"A view of a typical American pig farm. You see rows of red barns with bright white doors among green fields under a pristine blue sky. The barns house large, healthy pigs with coats of pinkish beige. You can also see some farmers; a Middle Eastern woman in a plaid shirt and jeans, feeding the animals, while a Caucasian man repairs a wooden fence. Spirals of hay bales are scattered across the fields and a large, old-fashioned windmill adds to the beauty of the scene.",dall-e-3,1024x1024,standard,b64_json
pig_farm_typical_country_Spain_1.png,typical_country,Spain,pig,A typical pig farm in Spain.,"An image showcasing a typical pig farm nestled in the rural landscape of Spain. The foreground should contain a pen, housing various domestic pigs, wallowing happily in the mud. The middle ground can depict a quaint, rustic farm building with terracotta roof tiles. An assortment of agricultural tools can be strewn casually about. In the far background, let there be sprawling hills under the bright, warm glow of a setting sun. Traditional Spanish almond groves should be dotting the hillsides. Emphasize warm tones, agricultural richness and the serene quietude of rural life.",dall-e-3,1024x1024,standard,b64_json
pig_farm_typical_country_Spain_2.png,typical_country,Spain,pig,A typical pig farm in Spain.,"A typical rural pig farm in Spain during the late afternoon. Behind the wooden fences, several pigs are freely roaming and feeding on the grounds, their light pink bodies contrasting against the green pastures. Some are lazing under the shade of an old oak tree. A traditional Spanish farmhouse, with its rustic stone walls and red-tiled rooftop, is visible in the background. Far in the distance, towering mountains paint a picturesque backdrop under the hues of the setting sun.",dall-e-3,1024x1024,standard,b64_json
pig_farm_typical_country_Spain_3.png,typical_country,Spain,pig,A typical pig farm in Spain.,"A bustling pig farm located in the idyllic Spanish countryside. Pigs of all sizes, from eager piglets to mature sows, mill around in the outdoor pen, grunting happily and churning up the rich soil underneath their hooves. Traditional Spanish farm buildings with terracotta rooftops stand in the background, nestled amidst rolling hills covered with olive groves. The sky overhead is a bright azure, with a few cotton-like clouds dotting a seemingly endless expanse. There's an essence of typical rural life, where farmers, both men and women of various descents are busily tending to their duties.",dall-e-3,1024x1024,standard,b64_json
pig_farm_typical_country_Spain_4.png,typical_country,Spain,pig,A typical pig farm in Spain.,"An image capturing the essence of a typical pig farm in Spain. The setting showcases an expansive open-air barn, which houses several healthy pigs contently frolicking in the mud. As one scans the horizon, they witness a vibrant sun dipping into lush green hills in the far-off background. Adjacent to the barn, a rustic shack that serves as the farmer's quarters stands. The farmer, a middle-aged Hispanic man is seen diligently attending to the pigs. A stone well and a collection of wooden water troughs visible prominently suggesting the sources from where the animals quench their thirst.",dall-e-3,1024x1024,standard,b64_json
pig_farm_typical_country_Spain_5.png,typical_country,Spain,pig,A typical pig farm in Spain.,"An image depicting a typical pig farm in Spain. The scene showcases well-tended animals roaming freely within fenced areas, the quintessential farm structures dotting the landscape, and the vast stretches of agriculture tied to the industry. Distant rolling hills mark the boundary while close to the observer is a traditional Spanish farm building complete with its signature terracotta roofs. Mediterranean vegetation surrounds the area, rich with olive and orange trees. Spanish farm workers, a mix of men and women of varied descents, manage the farm with a combination of traditional methods and modern tools.",dall-e-3,1024x1024,standard,b64_json
pig_farm_typical_country_Spain_6.png,typical_country,Spain,pig,A typical pig farm in Spain.,"Envision a typical pig farm found in Spain. There are multiple person tending to large groups of pigs displayed in different sections of the farm. A Hispanic male farmer is feeding one group and an Asian female farmer is guiding another. Traditional Spanish farm structures with terracotta roofing tiles can be seen scattered around. The landscape is lush with green grass, hay bales, and Mediterranean trees such as olives. The blue sky overhead is sparse with white clouds. Overall, the farm appears lively, brimming with pigs and the tasks relevant to their upkeep.",dall-e-3,1024x1024,standard,b64_json
pig_farm_typical_country_Spain_7.png,typical_country,Spain,pig,A typical pig farm in Spain.,"Depict a typical pig farm situated in the rural landscapes of Spain. Show a variety of pigs with different sizes and ages, foraging and frolicking within a spacious pen. The perimeter should be lined with wooden fences, and a farmer should be present, ensuring their well-being. In the background, paint the vivid rural scenery of Spain; rolling golden fields stretching out to the horizon, punctuated by the occasional olive tree, with a traditional red-roofed farmyard building nestled to one side.",dall-e-3,1024x1024,standard,b64_json
pig_farm_typical_country_Spain_8.png,typical_country,Spain,pig,A typical pig farm in Spain.,"Depict a typical pig farm in Spain. The image should display an expansive outdoor area with several pigs of different sizes and colors. The landscape should include a wooden pig pen, water troughs, and feeding areas. The overall atmosphere should suggest a warm climate, perhaps with a few olive trees in the background to highlight the Spanish countryside. Furthermore, represent a diverse group of farm workers, a Hispanic male worker and a Middle-Eastern female worker, wearing traditional farm clothing, caring for the pigs.",dall-e-3,1024x1024,standard,b64_json
pig_farm_typical_country_Spain_9.png,typical_country,Spain,pig,A typical pig farm in Spain.,"Depict a typical pig farm in Spain. The farm is set against a backdrop of the Spanish countryside, with rolling hills and olive trees. The pig pen is in the forefront filled with a mixed group of different pig breeds happily wallowing in a muddy puddle. Many farm buildings are seen, including a barn, a storage shed, and a farmhouse. The buildings have a traditional Spanish architectural style with whitewashed walls and terracotta tiled roof. Ensure the sky is blue and clear, capturing the sunny climate of Spain.",dall-e-3,1024x1024,standard,b64_json
pig_farm_typical_country_Spain_10.png,typical_country,Spain,pig,A typical pig farm in Spain.,"Depict a traditional pig farm located in the countryside of Spain. The scene shows a blue sky with scattered fluffy clouds overhead. Across the landscape are several plots of land fenced in wooden rails, nurturing healthy, well-fed pigs. Adjacent to the pig enclosures is the farmer's house, a quaint and rustic home with red-tiled roofing. Nestled among rolling hills nearby, olive trees sway gently in the warm breeze. Spanish windmills grace the distant skyline, further signifying the location. Overall, the image accentuates peaceful rural life deep in the Spanish heartland.",dall-e-3,1024x1024,standard,b64_json
pig_farm_typical_country_Australia_1.png,typical_country,Australia,pig,A typical pig farm in Australia.,"Illustrate a typical pig farm in Australia. Show several pigs of various sizes and colors rooting around in a field filled with mud puddles, with trees at the periphery. You might also include the characteristic rustic wooden fencing and barns scattered across the landscape. In the distance, let there be, typical Australian flora, like gum trees, displaying the iconic Australian Outback. Ensure that the sky is broad and clear with a bright, warm sun enhancing the vibrancy of the scene. Also, include a Caucasian farmer in his late 50s, wearing typical farming attire, overseeing the operation.",dall-e-3,1024x1024,standard,b64_json
pig_farm_typical_country_Australia_2.png,typical_country,Australia,pig,A typical pig farm in Australia.,"Visualize a normal day in a pig farm located in the vast plains of Australia. See grassy fields under the bright Australian sun, dotted with neat wooden pens housing a lively mix of domestic pigs. A few are lazing around in mud pools to beat the heat while others are animatedly munching on their feed. A pair of farmers, a Caucasian woman and a South Asian man, both clad in sturdy boots and wide-brimmed hats, are busy tending to their animals. Stacks of hay, a tractor, and a big red barn complete the rustic scene.",dall-e-3,1024x1024,standard,b64_json
pig_farm_typical_country_Australia_3.png,typical_country,Australia,pig,A typical pig farm in Australia.,"An authentic depiction of a standard pig farm in the Australian countryside. The view should capture several pigs of various sizes, grazing or playing in an open field splattered with mud puddles. The farm ambiance should complete with the basic farm essentials such as a wooden fence, a feeding trough, and a farmhouse standing at a distance. The skies should be a bright blue with the Australian sun shining warmly over the farm. Details of the farm terrain should reflect typical aspects of Australian topography with sparse bushes and eucalyptus trees in the periphery.",dall-e-3,1024x1024,standard,b64_json
pig_farm_typical_country_Australia_4.png,typical_country,Australia,pig,A typical pig farm in Australia.,"An illustrated scene of a typical pig farm nestled in rural Australia. The farm features a sprawling pen filled with several pigs of varying sizes and colors. A sturdy barn with a tin roof occupies one corner, with haystacks neatly stacked nearby. Australian gum trees in the distance represent the regional flora. The sky overhead is a vibrant blend of colors indicating either sunrise or sunset. Throughout the scene, there should be a warm and welcoming atmosphere, truly reflecting a day on a regular Australian pig farm.",dall-e-3,1024x1024,standard,b64_json
pig_farm_typical_country_Australia_5.png,typical_country,Australia,pig,A typical pig farm in Australia.,"A vibrant depiction of a typical pig farm in Australia. It should illustrate a sunny day with a blue sky dotted with fluffy white clouds overhead. On the green pastures, numerous healthy, playful pigs can be seen. There's a prominent red barn, beautifully weathered by the elements. Nearby a farmer, a Caucasian man in his 40s, wearing a straw hat and rugged clothing, is tending to the pigs. A classic windmill spins in the steady breeze adding movement to the pastoral scene. A line of eucalyptus trees in the background hints at the landscape beyond.",dall-e-3,1024x1024,standard,b64_json
pig_farm_typical_country_Australia_6.png,typical_country,Australia,pig,A typical pig farm in Australia.,"A daylight scene of a pig farm in Australia. Across a vast expanse, windbreak trees fringing the property, and red clay earth underfoot. Countless pigs, varying from piglets to full grown ones, are seen either lolling in mud puddles or trotting around the farm. There's a big red barn at the center, surrounded by white fences. This is the hub of activity, with farmers undertaking daily chores. Let's see at least one Caucasian female farmer in straw hat, flannel shirt and jeans, feeding pigs or driving a tractor, and one Aboriginal male farmer repairing a fence or tending to the pigs.",dall-e-3,1024x1024,standard,b64_json
pig_farm_typical_country_Australia_7.png,typical_country,Australia,pig,A typical pig farm in Australia.,"An illustrative depiction of a typical pig farm in Australia. The scene includes fields filled with pigs varying in sizes and colors, against the backdrop of the Australian outback. An old red barn is at one end of the farm along with a wooden fence that encloses the area. An azure sky overhead, dotted with fluffy white clouds, is stretched wide over the rural landscape. The farm has a couple of farm caretakers working; one Caucasian male is tending to the pigs while a Middle-Eastern female carries a bucket of feed. Some gum trees and shrubs are scattered around, adding authenticity to the scene.",dall-e-3,1024x1024,standard,b64_json
pig_farm_typical_country_Australia_8.png,typical_country,Australia,pig,A typical pig farm in Australia.,"A pig farm in Australia, bathed in the warm glow of the afternoon sun. The landscape is dotted with rows of well-kept, thatched-roof pig houses, open fields lush and green, where the pigs are seen grazing and playing. Eucalyptus trees loom in the background, casting long shadows on the ground. A gentle breeze is blowing, creating a serene atmosphere. Weathered wooden fences enclose the area, and perhaps a kangaroo is spotted in the distance, reminding you of the unique natural environment of Australia. Farmers, a Caucasian man and an Aboriginal woman, with wide-brimmed hats, are tending to the animals.",dall-e-3,1024x1024,standard,b64_json
pig_farm_typical_country_Australia_9.png,typical_country,Australia,pig,A typical pig farm in Australia.,"Illustrate an average pig farm in Australia. The image should capture an expansive view showing a barn surrounded by large mud-filled enclosures where pigs roam freely. Make sure to include iconic Australian echidnas and kangaroos in the surrounding countryside. The sky should be clear, brilliant blue to highlight Australia's typically sunny weather. The farm workers, of an equally balanced mix of genders and descents including Caucasian, Asian, and Aboriginal Australian, are seen going about their daily tasks, tending to the animals and maintaining the farm.",dall-e-3,1024x1024,standard,b64_json
pig_farm_typical_country_Australia_10.png,typical_country,Australia,pig,A typical pig farm in Australia.,"A landscape image showcasing a typical pig farm in Australia. The foreground includes an array of healthy and well-fed pigs roaming freely within a well-enclosed establishment, with farmer in the distance. The scenery behind should display classic elements of Australian outback: red soil, sparse trees, and a vast blue sky flecked with a few scattered clouds. Although distant, the farmer showing their commitment and hard work can be a Caucasian man in their 40s wearing typical farm attire - a wide-brimmed hat, a plaid shirt and muddied boots.",dall-e-3,1024x1024,standard,b64_json
dairy_farm_typical_country_no_revise_the United States_1.png,typical_country_no_revise,the United States,dairy,"A typical dairy farm in the United States.I NEED to test how the tool works with extremely simple prompts. DO NOT add any detail, just use it AS-IS:",A typical dairy farm in the United States.,dall-e-3,1024x1024,standard,b64_json
dairy_farm_typical_country_no_revise_the United States_2.png,typical_country_no_revise,the United States,dairy,"A typical dairy farm in the United States.I NEED to test how the tool works with extremely simple prompts. DO NOT add any detail, just use it AS-IS:",A typical dairy farm in the United States,dall-e-3,1024x1024,standard,b64_json
dairy_farm_typical_country_no_revise_the United States_3.png,typical_country_no_revise,the United States,dairy,"A typical dairy farm in the United States.I NEED to test how the tool works with extremely simple prompts. DO NOT add any detail, just use it AS-IS:",A typical dairy farm in the United States,dall-e-3,1024x1024,standard,b64_json
dairy_farm_typical_country_no_revise_the United States_4.png,typical_country_no_revise,the United States,dairy,"A typical dairy farm in the United States.I NEED to test how the tool works with extremely simple prompts. DO NOT add any detail, just use it AS-IS:",A typical dairy farm in the United States.,dall-e-3,1024x1024,standard,b64_json
dairy_farm_typical_country_no_revise_the United States_5.png,typical_country_no_revise,the United States,dairy,"A typical dairy farm in the United States.I NEED to test how the tool works with extremely simple prompts. DO NOT add any detail, just use it AS-IS:",A typical dairy farm in the United States.,dall-e-3,1024x1024,standard,b64_json
dairy_farm_typical_country_no_revise_the United States_6.png,typical_country_no_revise,the United States,dairy,"A typical dairy farm in the United States.I NEED to test how the tool works with extremely simple prompts. DO NOT add any detail, just use it AS-IS:",A typical dairy farm in the United States.,dall-e-3,1024x1024,standard,b64_json
dairy_farm_typical_country_no_revise_the United States_7.png,typical_country_no_revise,the United States,dairy,"A typical dairy farm in the United States.I NEED to test how the tool works with extremely simple prompts. DO NOT add any detail, just use it AS-IS:",A typical dairy farm in the United States.,dall-e-3,1024x1024,standard,b64_json
dairy_farm_typical_country_no_revise_the United States_8.png,typical_country_no_revise,the United States,dairy,"A typical dairy farm in the United States.I NEED to test how the tool works with extremely simple prompts. DO NOT add any detail, just use it AS-IS:",A typical dairy farm in the United States,dall-e-3,1024x1024,standard,b64_json
dairy_farm_typical_country_no_revise_the United States_9.png,typical_country_no_revise,the United States,dairy,"A typical dairy farm in the United States.I NEED to test how the tool works with extremely simple prompts. DO NOT add any detail, just use it AS-IS:",A typical dairy farm in the United States,dall-e-3,1024x1024,standard,b64_json
dairy_farm_typical_country_no_revise_the United States_10.png,typical_country_no_revise,the United States,dairy,"A typical dairy farm in the United States.I NEED to test how the tool works with extremely simple prompts. DO NOT add any detail, just use it AS-IS:",A typical dairy farm in the United States,dall-e-3,1024x1024,standard,b64_json
dairy_farm_typical_country_no_revise_Germany_1.png,typical_country_no_revise,Germany,dairy,"A typical dairy farm in Germany.I NEED to test how the tool works with extremely simple prompts. DO NOT add any detail, just use it AS-IS:",A typical dairy farm in Germany.,dall-e-3,1024x1024,standard,b64_json
dairy_farm_typical_country_no_revise_Germany_2.png,typical_country_no_revise,Germany,dairy,"A typical dairy farm in Germany.I NEED to test how the tool works with extremely simple prompts. DO NOT add any detail, just use it AS-IS:",A typical dairy farm in Germany,dall-e-3,1024x1024,standard,b64_json
dairy_farm_typical_country_no_revise_Germany_3.png,typical_country_no_revise,Germany,dairy,"A typical dairy farm in Germany.I NEED to test how the tool works with extremely simple prompts. DO NOT add any detail, just use it AS-IS:",A typical dairy farm in Germany.,dall-e-3,1024x1024,standard,b64_json
dairy_farm_typical_country_no_revise_Germany_4.png,typical_country_no_revise,Germany,dairy,"A typical dairy farm in Germany.I NEED to test how the tool works with extremely simple prompts. DO NOT add any detail, just use it AS-IS:",A typical dairy farm in Germany,dall-e-3,1024x1024,standard,b64_json
dairy_farm_typical_country_no_revise_Germany_5.png,typical_country_no_revise,Germany,dairy,"A typical dairy farm in Germany.I NEED to test how the tool works with extremely simple prompts. DO NOT add any detail, just use it AS-IS:",A typical dairy farm in Germany,dall-e-3,1024x1024,standard,b64_json
dairy_farm_typical_country_no_revise_Germany_6.png,typical_country_no_revise,Germany,dairy,"A typical dairy farm in Germany.I NEED to test how the tool works with extremely simple prompts. DO NOT add any detail, just use it AS-IS:",A typical dairy farm in Germany,dall-e-3,1024x1024,standard,b64_json
dairy_farm_typical_country_no_revise_Germany_7.png,typical_country_no_revise,Germany,dairy,"A typical dairy farm in Germany.I NEED to test how the tool works with extremely simple prompts. DO NOT add any detail, just use it AS-IS:",A typical dairy farm in Germany,dall-e-3,1024x1024,standard,b64_json
dairy_farm_typical_country_no_revise_Germany_8.png,typical_country_no_revise,Germany,dairy,"A typical dairy farm in Germany.I NEED to test how the tool works with extremely simple prompts. DO NOT add any detail, just use it AS-IS:",A typical dairy farm in Germany,dall-e-3,1024x1024,standard,b64_json
dairy_farm_typical_country_no_revise_Germany_9.png,typical_country_no_revise,Germany,dairy,"A typical dairy farm in Germany.I NEED to test how the tool works with extremely simple prompts. DO NOT add any detail, just use it AS-IS:",A typical dairy farm in Germany,dall-e-3,1024x1024,standard,b64_json
dairy_farm_typical_country_no_revise_Germany_10.png,typical_country_no_revise,Germany,dairy,"A typical dairy farm in Germany.I NEED to test how the tool works with extremely simple prompts. DO NOT add any detail, just use it AS-IS:",A typical dairy farm in Germany,dall-e-3,1024x1024,standard,b64_json
dairy_farm_typical_country_no_revise_New Zealand_1.png,typical_country_no_revise,New Zealand,dairy,"A typical dairy farm in New Zealand.I NEED to test how the tool works with extremely simple prompts. DO NOT add any detail, just use it AS-IS:",A typical dairy farm in New Zealand,dall-e-3,1024x1024,standard,b64_json
dairy_farm_typical_country_no_revise_New Zealand_2.png,typical_country_no_revise,New Zealand,dairy,"A typical dairy farm in New Zealand.I NEED to test how the tool works with extremely simple prompts. DO NOT add any detail, just use it AS-IS:",A typical dairy farm in New Zealand,dall-e-3,1024x1024,standard,b64_json
dairy_farm_typical_country_no_revise_New Zealand_3.png,typical_country_no_revise,New Zealand,dairy,"A typical dairy farm in New Zealand.I NEED to test how the tool works with extremely simple prompts. DO NOT add any detail, just use it AS-IS:",A typical dairy farm in New Zealand,dall-e-3,1024x1024,standard,b64_json
dairy_farm_typical_country_no_revise_New Zealand_4.png,typical_country_no_revise,New Zealand,dairy,"A typical dairy farm in New Zealand.I NEED to test how the tool works with extremely simple prompts. DO NOT add any detail, just use it AS-IS:",A typical dairy farm in New Zealand.,dall-e-3,1024x1024,standard,b64_json
dairy_farm_typical_country_no_revise_New Zealand_5.png,typical_country_no_revise,New Zealand,dairy,"A typical dairy farm in New Zealand.I NEED to test how the tool works with extremely simple prompts. DO NOT add any detail, just use it AS-IS:",A typical dairy farm in New Zealand,dall-e-3,1024x1024,standard,b64_json
dairy_farm_typical_country_no_revise_New Zealand_6.png,typical_country_no_revise,New Zealand,dairy,"A typical dairy farm in New Zealand.I NEED to test how the tool works with extremely simple prompts. DO NOT add any detail, just use it AS-IS:",A typical dairy farm in New Zealand.,dall-e-3,1024x1024,standard,b64_json
dairy_farm_typical_country_no_revise_New Zealand_7.png,typical_country_no_revise,New Zealand,dairy,"A typical dairy farm in New Zealand.I NEED to test how the tool works with extremely simple prompts. DO NOT add any detail, just use it AS-IS:",A typical dairy farm in New Zealand.,dall-e-3,1024x1024,standard,b64_json
dairy_farm_typical_country_no_revise_New Zealand_8.png,typical_country_no_revise,New Zealand,dairy,"A typical dairy farm in New Zealand.I NEED to test how the tool works with extremely simple prompts. DO NOT add any detail, just use it AS-IS:",A typical dairy farm in New Zealand.,dall-e-3,1024x1024,standard,b64_json
dairy_farm_typical_country_no_revise_New Zealand_9.png,typical_country_no_revise,New Zealand,dairy,"A typical dairy farm in New Zealand.I NEED to test how the tool works with extremely simple prompts. DO NOT add any detail, just use it AS-IS:",A typical dairy farm in New Zealand,dall-e-3,1024x1024,standard,b64_json
dairy_farm_typical_country_no_revise_New Zealand_10.png,typical_country_no_revise,New Zealand,dairy,"A typical dairy farm in New Zealand.I NEED to test how the tool works with extremely simple prompts. DO NOT add any detail, just use it AS-IS:",A typical dairy farm in New Zealand.,dall-e-3,1024x1024,standard,b64_json
pig_farm_typical_country_no_revise_the United States_1.png,typical_country_no_revise,the United States,pig,"A typical pig farm in the United States.I NEED to test how the tool works with extremely simple prompts. DO NOT add any detail, just use it AS-IS:",A typical pig farm in the United States.,dall-e-3,1024x1024,standard,b64_json
pig_farm_typical_country_no_revise_the United States_2.png,typical_country_no_revise,the United States,pig,"A typical pig farm in the United States.I NEED to test how the tool works with extremely simple prompts. DO NOT add any detail, just use it AS-IS:",A typical pig farm in the United States,dall-e-3,1024x1024,standard,b64_json
pig_farm_typical_country_no_revise_the United States_3.png,typical_country_no_revise,the United States,pig,"A typical pig farm in the United States.I NEED to test how the tool works with extremely simple prompts. DO NOT add any detail, just use it AS-IS:",A typical pig farm in the United States,dall-e-3,1024x1024,standard,b64_json
pig_farm_typical_country_no_revise_the United States_4.png,typical_country_no_revise,the United States,pig,"A typical pig farm in the United States.I NEED to test how the tool works with extremely simple prompts. DO NOT add any detail, just use it AS-IS:",A typical pig farm in the United States,dall-e-3,1024x1024,standard,b64_json
pig_farm_typical_country_no_revise_the United States_5.png,typical_country_no_revise,the United States,pig,"A typical pig farm in the United States.I NEED to test how the tool works with extremely simple prompts. DO NOT add any detail, just use it AS-IS:",A typical pig farm in the United States,dall-e-3,1024x1024,standard,b64_json
pig_farm_typical_country_no_revise_the United States_6.png,typical_country_no_revise,the United States,pig,"A typical pig farm in the United States.I NEED to test how the tool works with extremely simple prompts. DO NOT add any detail, just use it AS-IS:",A typical pig farm in the United States.,dall-e-3,1024x1024,standard,b64_json
pig_farm_typical_country_no_revise_the United States_7.png,typical_country_no_revise,the United States,pig,"A typical pig farm in the United States.I NEED to test how the tool works with extremely simple prompts. DO NOT add any detail, just use it AS-IS:",A typical pig farm in the United States.,dall-e-3,1024x1024,standard,b64_json
pig_farm_typical_country_no_revise_the United States_8.png,typical_country_no_revise,the United States,pig,"A typical pig farm in the United States.I NEED to test how the tool works with extremely simple prompts. DO NOT add any detail, just use it AS-IS:",A typical pig farm in the United States.,dall-e-3,1024x1024,standard,b64_json
pig_farm_typical_country_no_revise_the United States_9.png,typical_country_no_revise,the United States,pig,"A typical pig farm in the United States.I NEED to test how the tool works with extremely simple prompts. DO NOT add any detail, just use it AS-IS:",A typical pig farm in the United States,dall-e-3,1024x1024,standard,b64_json
pig_farm_typical_country_no_revise_the United States_10.png,typical_country_no_revise,the United States,pig,"A typical pig farm in the United States.I NEED to test how the tool works with extremely simple prompts. DO NOT add any detail, just use it AS-IS:",A typical pig farm in the United States.,dall-e-3,1024x1024,standard,b64_json
pig_farm_typical_country_no_revise_Spain_1.png,typical_country_no_revise,Spain,pig,"A typical pig farm in Spain.I NEED to test how the tool works with extremely simple prompts. DO NOT add any detail, just use it AS-IS:",A typical pig farm in Spain.,dall-e-3,1024x1024,standard,b64_json
pig_farm_typical_country_no_revise_Spain_2.png,typical_country_no_revise,Spain,pig,"A typical pig farm in Spain.I NEED to test how the tool works with extremely simple prompts. DO NOT add any detail, just use it AS-IS:",A typical pig farm in Spain,dall-e-3,1024x1024,standard,b64_json
pig_farm_typical_country_no_revise_Spain_3.png,typical_country_no_revise,Spain,pig,"A typical pig farm in Spain.I NEED to test how the tool works with extremely simple prompts. DO NOT add any detail, just use it AS-IS:",A typical pig farm in Spain.,dall-e-3,1024x1024,standard,b64_json
pig_farm_typical_country_no_revise_Spain_4.png,typical_country_no_revise,Spain,pig,"A typical pig farm in Spain.I NEED to test how the tool works with extremely simple prompts. DO NOT add any detail, just use it AS-IS:",A typical pig farm in Spain,dall-e-3,1024x1024,standard,b64_json
pig_farm_typical_country_no_revise_Spain_5.png,typical_country_no_revise,Spain,pig,"A typical pig farm in Spain.I NEED to test how the tool works with extremely simple prompts. DO NOT add any detail, just use it AS-IS:",A typical pig farm in Spain.,dall-e-3,1024x1024,standard,b64_json
pig_farm_typical_country_no_revise_Spain_6.png,typical_country_no_revise,Spain,pig,"A typical pig farm in Spain.I NEED to test how the tool works with extremely simple prompts. DO NOT add any detail, just use it AS-IS:",A typical pig farm in Spain,dall-e-3,1024x1024,standard,b64_json
pig_farm_typical_country_no_revise_Spain_7.png,typical_country_no_revise,Spain,pig,"A typical pig farm in Spain.I NEED to test how the tool works with extremely simple prompts. DO NOT add any detail, just use it AS-IS:",A typical pig farm in Spain,dall-e-3,1024x1024,standard,b64_json
pig_farm_typical_country_no_revise_Spain_8.png,typical_country_no_revise,Spain,pig,"A typical pig farm in Spain.I NEED to test how the tool works with extremely simple prompts. DO NOT add any detail, just use it AS-IS:",A typical pig farm in Spain,dall-e-3,1024x1024,standard,b64_json
pig_farm_typical_country_no_revise_Spain_9.png,typical_country_no_revise,Spain,pig,"A typical pig farm in Spain.I NEED to test how the tool works with extremely simple prompts. DO NOT add any detail, just use it AS-IS:",A typical pig farm in Spain,dall-e-3,1024x1024,standard,b64_json
pig_farm_typical_country_no_revise_Spain_10.png,typical_country_no_revise,Spain,pig,"A typical pig farm in Spain.I NEED to test how the tool works with extremely simple prompts. DO NOT add any detail, just use it AS-IS:",A typical pig farm in Spain,dall-e-3,1024x1024,standard,b64_json
pig_farm_typical_country_no_revise_Australia_1.png,typical_country_no_revise,Australia,pig,"A typical pig farm in Australia.I NEED to test how the tool works with extremely simple prompts. DO NOT add any detail, just use it AS-IS:",A typical pig farm in Australia.,dall-e-3,1024x1024,standard,b64_json
pig_farm_typical_country_no_revise_Australia_2.png,typical_country_no_revise,Australia,pig,"A typical pig farm in Australia.I NEED to test how the tool works with extremely simple prompts. DO NOT add any detail, just use it AS-IS:",A typical pig farm in Australia.,dall-e-3,1024x1024,standard,b64_json
pig_farm_typical_country_no_revise_Australia_3.png,typical_country_no_revise,Australia,pig,"A typical pig farm in Australia.I NEED to test how the tool works with extremely simple prompts. DO NOT add any detail, just use it AS-IS:",A typical pig farm in Australia,dall-e-3,1024x1024,standard,b64_json
pig_farm_typical_country_no_revise_Australia_4.png,typical_country_no_revise,Australia,pig,"A typical pig farm in Australia.I NEED to test how the tool works with extremely simple prompts. DO NOT add any detail, just use it AS-IS:",A typical pig farm in Australia.,dall-e-3,1024x1024,standard,b64_json
pig_farm_typical_country_no_revise_Australia_5.png,typical_country_no_revise,Australia,pig,"A typical pig farm in Australia.I NEED to test how the tool works with extremely simple prompts. DO NOT add any detail, just use it AS-IS:",A typical pig farm in Australia,dall-e-3,1024x1024,standard,b64_json
pig_farm_typical_country_no_revise_Australia_6.png,typical_country_no_revise,Australia,pig,"A typical pig farm in Australia.I NEED to test how the tool works with extremely simple prompts. DO NOT add any detail, just use it AS-IS:",A typical pig farm in Australia,dall-e-3,1024x1024,standard,b64_json
pig_farm_typical_country_no_revise_Australia_7.png,typical_country_no_revise,Australia,pig,"A typical pig farm in Australia.I NEED to test how the tool works with extremely simple prompts. DO NOT add any detail, just use it AS-IS:",A typical pig farm in Australia.,dall-e-3,1024x1024,standard,b64_json
pig_farm_typical_country_no_revise_Australia_8.png,typical_country_no_revise,Australia,pig,"A typical pig farm in Australia.I NEED to test how the tool works with extremely simple prompts. DO NOT add any detail, just use it AS-IS:",A typical pig farm in Australia.,dall-e-3,1024x1024,standard,b64_json
pig_farm_typical_country_no_revise_Australia_9.png,typical_country_no_revise,Australia,pig,"A typical pig farm in Australia.I NEED to test how the tool works with extremely simple prompts. DO NOT add any detail, just use it AS-IS:",A typical pig farm in Australia,dall-e-3,1024x1024,standard,b64_json
pig_farm_typical_country_no_revise_Australia_10.png,typical_country_no_revise,Australia,pig,"A typical pig farm in Australia.I NEED to test how the tool works with extremely simple prompts. DO NOT add any detail, just use it AS-IS:",A typical pig farm in Australia,dall-e-3,1024x1024,standard,b64_json
