,file,generation_type,country,farm_type,prompt,revised_prompt,model,size,quality,response_format
33,pig_farm_default_no_revise_4.png,default_no_revise,,pig,"Please create an image of a pig farm.I NEED to test how the tool works with extremely simple prompts. DO NOT add any detail, just use it AS-IS:",A pig farm.,dall-e-3,1024x1024,standard,b64_json
137,pig_farm_default_country_no_revise_Canada_8.png,default_country_no_revise,Canada,pig,"Please create an image of a pig farm in Canada.I NEED to test how the tool works with extremely simple prompts. DO NOT add any detail, just use it AS-IS:",A pig farm in Canada,dall-e-3,1024x1024,standard,b64_json
134,pig_farm_default_country_no_revise_Canada_5.png,default_country_no_revise,Canada,pig,"Please create an image of a pig farm in Canada.I NEED to test how the tool works with extremely simple prompts. DO NOT add any detail, just use it AS-IS:",A pig farm in Canada,dall-e-3,1024x1024,standard,b64_json
130,pig_farm_default_country_no_revise_Canada_1.png,default_country_no_revise,Canada,pig,"Please create an image of a pig farm in Canada.I NEED to test how the tool works with extremely simple prompts. DO NOT add any detail, just use it AS-IS:",A pig farm in Canada,dall-e-3,1024x1024,standard,b64_json
136,pig_farm_default_country_no_revise_Canada_7.png,default_country_no_revise,Canada,pig,"Please create an image of a pig farm in Canada.I NEED to test how the tool works with extremely simple prompts. DO NOT add any detail, just use it AS-IS:",A pig farm in Canada,dall-e-3,1024x1024,standard,b64_json
105,dairy_farm_default_country_no_revise_Canada_6.png,default_country_no_revise,Canada,dairy,"Please create an image of a dairy farm in Canada.I NEED to test how the tool works with extremely simple prompts. DO NOT add any detail, just use it AS-IS:",A dairy farm in Canada,dall-e-3,1024x1024,standard,b64_json
106,dairy_farm_default_country_no_revise_Canada_7.png,default_country_no_revise,Canada,dairy,"Please create an image of a dairy farm in Canada.I NEED to test how the tool works with extremely simple prompts. DO NOT add any detail, just use it AS-IS:",A dairy farm in Canada,dall-e-3,1024x1024,standard,b64_json
100,dairy_farm_default_country_no_revise_Canada_1.png,default_country_no_revise,Canada,dairy,"Please create an image of a dairy farm in Canada.I NEED to test how the tool works with extremely simple prompts. DO NOT add any detail, just use it AS-IS:",A dairy farm in Canada,dall-e-3,1024x1024,standard,b64_json
154,pig_farm_default_country_no_revise_Germany_5.png,default_country_no_revise,Germany,pig,"Please create an image of a pig farm in Germany.I NEED to test how the tool works with extremely simple prompts. DO NOT add any detail, just use it AS-IS:",A pig farm in Germany.,dall-e-3,1024x1024,standard,b64_json
103,dairy_farm_default_country_no_revise_Canada_4.png,default_country_no_revise,Canada,dairy,"Please create an image of a dairy farm in Canada.I NEED to test how the tool works with extremely simple prompts. DO NOT add any detail, just use it AS-IS:",A dairy farm in Canada,dall-e-3,1024x1024,standard,b64_json
125,dairy_farm_default_country_no_revise_Germany_6.png,default_country_no_revise,Germany,dairy,"Please create an image of a dairy farm in Germany.I NEED to test how the tool works with extremely simple prompts. DO NOT add any detail, just use it AS-IS:",A dairy farm in Germany,dall-e-3,1024x1024,standard,b64_json
375,pig_farm_90percent_reality_country_no_revise_Canada_6.png,90percent_reality_country_no_revise,Canada,pig,"Please create an image that accurately represents what 90%% of pig farms look like in Canada.I NEED to test how the tool works with extremely simple prompts. DO NOT add any detail, just use it AS-IS:",A typical Canadian pig farm,dall-e-3,1024x1024,standard,b64_json
256,pig_farm_reality_country_no_revise_Canada_7.png,reality_country_no_revise,Canada,pig,"Please create an image that accurately represents the reality of what most pig farms look like in Canada.I NEED to test how the tool works with extremely simple prompts. DO NOT add any detail, just use it AS-IS:",A typical pig farm in Canada,dall-e-3,1024x1024,standard,b64_json
252,pig_farm_reality_country_no_revise_Canada_3.png,reality_country_no_revise,Canada,pig,"Please create an image that accurately represents the reality of what most pig farms look like in Canada.I NEED to test how the tool works with extremely simple prompts. DO NOT add any detail, just use it AS-IS:",A typical pig farm in Canada,dall-e-3,1024x1024,standard,b64_json
254,pig_farm_reality_country_no_revise_Canada_5.png,reality_country_no_revise,Canada,pig,"Please create an image that accurately represents the reality of what most pig farms look like in Canada.I NEED to test how the tool works with extremely simple prompts. DO NOT add any detail, just use it AS-IS:",A typical pig farm in Canada.,dall-e-3,1024x1024,standard,b64_json
271,pig_farm_reality_country_no_revise_Germany_2.png,reality_country_no_revise,Germany,pig,"Please create an image that accurately represents the reality of what most pig farms look like in Germany.I NEED to test how the tool works with extremely simple prompts. DO NOT add any detail, just use it AS-IS:",A typical pig farm in Germany,dall-e-3,1024x1024,standard,b64_json
251,pig_farm_reality_country_no_revise_Canada_2.png,reality_country_no_revise,Canada,pig,"Please create an image that accurately represents the reality of what most pig farms look like in Canada.I NEED to test how the tool works with extremely simple prompts. DO NOT add any detail, just use it AS-IS:",A typical pig farm in Canada.,dall-e-3,1024x1024,standard,b64_json
346,dairy_farm_90percent_reality_country_no_revise_Canada_7.png,90percent_reality_country_no_revise,Canada,dairy,"Please create an image that accurately represents what 90%% of dairy farms look like in Canada.I NEED to test how the tool works with extremely simple prompts. DO NOT add any detail, just use it AS-IS:",A typical dairy farm in Canada,dall-e-3,1024x1024,standard,b64_json
253,pig_farm_reality_country_no_revise_Canada_4.png,reality_country_no_revise,Canada,pig,"Please create an image that accurately represents the reality of what most pig farms look like in Canada.I NEED to test how the tool works with extremely simple prompts. DO NOT add any detail, just use it AS-IS:",An average pig farm in Canada.,dall-e-3,1024x1024,standard,b64_json
222,dairy_farm_reality_country_no_revise_Canada_3.png,reality_country_no_revise,Canada,dairy,"Please create an image that accurately represents the reality of what most dairy farms look like in Canada.I NEED to test how the tool works with extremely simple prompts. DO NOT add any detail, just use it AS-IS:",A typical dairy farm in Canada,dall-e-3,1024x1024,standard,b64_json
277,pig_farm_reality_country_no_revise_Germany_8.png,reality_country_no_revise,Germany,pig,"Please create an image that accurately represents the reality of what most pig farms look like in Germany.I NEED to test how the tool works with extremely simple prompts. DO NOT add any detail, just use it AS-IS:",A typical pig farm in Germany.,dall-e-3,1024x1024,standard,b64_json
226,dairy_farm_reality_country_no_revise_Canada_7.png,reality_country_no_revise,Canada,dairy,"Please create an image that accurately represents the reality of what most dairy farms look like in Canada.I NEED to test how the tool works with extremely simple prompts. DO NOT add any detail, just use it AS-IS:",A typical dairy farm in Canada,dall-e-3,1024x1024,standard,b64_json
148,pig_farm_default_country_no_revise_the United States_9.png,default_country_no_revise,the United States,pig,"Please create an image of a pig farm in the United States.I NEED to test how the tool works with extremely simple prompts. DO NOT add any detail, just use it AS-IS:",A pig farm in the United States,dall-e-3,1024x1024,standard,b64_json
143,pig_farm_default_country_no_revise_the United States_4.png,default_country_no_revise,the United States,pig,"Please create an image of a pig farm in the United States.I NEED to test how the tool works with extremely simple prompts. DO NOT add any detail, just use it AS-IS:",A pig farm in the United States,dall-e-3,1024x1024,standard,b64_json
246,dairy_farm_reality_country_no_revise_Germany_7.png,reality_country_no_revise,Germany,dairy,"Please create an image that accurately represents the reality of what most dairy farms look like in Germany.I NEED to test how the tool works with extremely simple prompts. DO NOT add any detail, just use it AS-IS:",A typical dairy farm in Germany.,dall-e-3,1024x1024,standard,b64_json
142,pig_farm_default_country_no_revise_the United States_3.png,default_country_no_revise,the United States,pig,"Please create an image of a pig farm in the United States.I NEED to test how the tool works with extremely simple prompts. DO NOT add any detail, just use it AS-IS:",A pig farm in the United States.,dall-e-3,1024x1024,standard,b64_json
111,dairy_farm_default_country_no_revise_the United States_2.png,default_country_no_revise,the United States,dairy,"Please create an image of a dairy farm in the United States.I NEED to test how the tool works with extremely simple prompts. DO NOT add any detail, just use it AS-IS:",A dairy farm in the United States,dall-e-3,1024x1024,standard,b64_json
119,dairy_farm_default_country_no_revise_the United States_10.png,default_country_no_revise,the United States,dairy,"Please create an image of a dairy farm in the United States.I NEED to test how the tool works with extremely simple prompts. DO NOT add any detail, just use it AS-IS:",A dairy farm in the United States,dall-e-3,1024x1024,standard,b64_json
112,dairy_farm_default_country_no_revise_the United States_3.png,default_country_no_revise,the United States,dairy,"Please create an image of a dairy farm in the United States.I NEED to test how the tool works with extremely simple prompts. DO NOT add any detail, just use it AS-IS:",A dairy farm in the United States.,dall-e-3,1024x1024,standard,b64_json
257,pig_farm_reality_country_no_revise_Canada_8.png,reality_country_no_revise,Canada,pig,"Please create an image that accurately represents the reality of what most pig farms look like in Canada.I NEED to test how the tool works with extremely simple prompts. DO NOT add any detail, just use it AS-IS:",A view of typical pig farms in Canada.,dall-e-3,1024x1024,standard,b64_json
146,pig_farm_default_country_no_revise_the United States_7.png,default_country_no_revise,the United States,pig,"Please create an image of a pig farm in the United States.I NEED to test how the tool works with extremely simple prompts. DO NOT add any detail, just use it AS-IS:",A pig farm located in the United States,dall-e-3,1024x1024,standard,b64_json
263,pig_farm_reality_country_no_revise_the United States_4.png,reality_country_no_revise,the United States,pig,"Please create an image that accurately represents the reality of what most pig farms look like in the United States.I NEED to test how the tool works with extremely simple prompts. DO NOT add any detail, just use it AS-IS:",A typical pig farm in the United States,dall-e-3,1024x1024,standard,b64_json
260,pig_farm_reality_country_no_revise_the United States_1.png,reality_country_no_revise,the United States,pig,"Please create an image that accurately represents the reality of what most pig farms look like in the United States.I NEED to test how the tool works with extremely simple prompts. DO NOT add any detail, just use it AS-IS:",A typical pig farm in the United States,dall-e-3,1024x1024,standard,b64_json
269,pig_farm_reality_country_no_revise_the United States_10.png,reality_country_no_revise,the United States,pig,"Please create an image that accurately represents the reality of what most pig farms look like in the United States.I NEED to test how the tool works with extremely simple prompts. DO NOT add any detail, just use it AS-IS:",A generic pig farm in the United States,dall-e-3,1024x1024,standard,b64_json
261,pig_farm_reality_country_no_revise_the United States_2.png,reality_country_no_revise,the United States,pig,"Please create an image that accurately represents the reality of what most pig farms look like in the United States.I NEED to test how the tool works with extremely simple prompts. DO NOT add any detail, just use it AS-IS:",A typical pig farm in the United States,dall-e-3,1024x1024,standard,b64_json
262,pig_farm_reality_country_no_revise_the United States_3.png,reality_country_no_revise,the United States,pig,"Please create an image that accurately represents the reality of what most pig farms look like in the United States.I NEED to test how the tool works with extremely simple prompts. DO NOT add any detail, just use it AS-IS:",A typical pig farm in the United States,dall-e-3,1024x1024,standard,b64_json
147,pig_farm_default_country_no_revise_the United States_8.png,default_country_no_revise,the United States,pig,"Please create an image of a pig farm in the United States.I NEED to test how the tool works with extremely simple prompts. DO NOT add any detail, just use it AS-IS:",A pig farm located in the United States.,dall-e-3,1024x1024,standard,b64_json
384,pig_farm_90percent_reality_country_no_revise_the United States_5.png,90percent_reality_country_no_revise,the United States,pig,"Please create an image that accurately represents what 90%% of pig farms look like in the United States.I NEED to test how the tool works with extremely simple prompts. DO NOT add any detail, just use it AS-IS:",A typical pig farm in the United States.,dall-e-3,1024x1024,standard,b64_json
380,pig_farm_90percent_reality_country_no_revise_the United States_1.png,90percent_reality_country_no_revise,the United States,pig,"Please create an image that accurately represents what 90%% of pig farms look like in the United States.I NEED to test how the tool works with extremely simple prompts. DO NOT add any detail, just use it AS-IS:",A typical pig farm in the United States.,dall-e-3,1024x1024,standard,b64_json
234,dairy_farm_reality_country_no_revise_the United States_5.png,reality_country_no_revise,the United States,dairy,"Please create an image that accurately represents the reality of what most dairy farms look like in the United States.I NEED to test how the tool works with extremely simple prompts. DO NOT add any detail, just use it AS-IS:",A typical dairy farm in the United States,dall-e-3,1024x1024,standard,b64_json
232,dairy_farm_reality_country_no_revise_the United States_3.png,reality_country_no_revise,the United States,dairy,"Please create an image that accurately represents the reality of what most dairy farms look like in the United States.I NEED to test how the tool works with extremely simple prompts. DO NOT add any detail, just use it AS-IS:",A typical dairy farm in the United States,dall-e-3,1024x1024,standard,b64_json
237,dairy_farm_reality_country_no_revise_the United States_8.png,reality_country_no_revise,the United States,dairy,"Please create an image that accurately represents the reality of what most dairy farms look like in the United States.I NEED to test how the tool works with extremely simple prompts. DO NOT add any detail, just use it AS-IS:",A typical dairy farm in the United States,dall-e-3,1024x1024,standard,b64_json
107,dairy_farm_default_country_no_revise_Canada_8.png,default_country_no_revise,Canada,dairy,"Please create an image of a dairy farm in Canada.I NEED to test how the tool works with extremely simple prompts. DO NOT add any detail, just use it AS-IS:",A simple image of a dairy farm in Canada.,dall-e-3,1024x1024,standard,b64_json
238,dairy_farm_reality_country_no_revise_the United States_9.png,reality_country_no_revise,the United States,dairy,"Please create an image that accurately represents the reality of what most dairy farms look like in the United States.I NEED to test how the tool works with extremely simple prompts. DO NOT add any detail, just use it AS-IS:",A typical dairy farm in the United States.,dall-e-3,1024x1024,standard,b64_json
353,dairy_farm_90percent_reality_country_no_revise_the United States_4.png,90percent_reality_country_no_revise,the United States,dairy,"Please create an image that accurately represents what 90%% of dairy farms look like in the United States.I NEED to test how the tool works with extremely simple prompts. DO NOT add any detail, just use it AS-IS:",A typical dairy farm in the United States.,dall-e-3,1024x1024,standard,b64_json
225,dairy_farm_reality_country_no_revise_Canada_6.png,reality_country_no_revise,Canada,dairy,"Please create an image that accurately represents the reality of what most dairy farms look like in Canada.I NEED to test how the tool works with extremely simple prompts. DO NOT add any detail, just use it AS-IS:",A depiction of a typical dairy farm in Canada,dall-e-3,1024x1024,standard,b64_json
227,dairy_farm_reality_country_no_revise_Canada_8.png,reality_country_no_revise,Canada,dairy,"Please create an image that accurately represents the reality of what most dairy farms look like in Canada.I NEED to test how the tool works with extremely simple prompts. DO NOT add any detail, just use it AS-IS:",A simple view of a typical dairy farm in Canada.,dall-e-3,1024x1024,standard,b64_json
258,pig_farm_reality_country_no_revise_Canada_9.png,reality_country_no_revise,Canada,pig,"Please create an image that accurately represents the reality of what most pig farms look like in Canada.I NEED to test how the tool works with extremely simple prompts. DO NOT add any detail, just use it AS-IS:",A representation of a typical pig farm in Canada.,dall-e-3,1024x1024,standard,b64_json
135,pig_farm_default_country_no_revise_Canada_6.png,default_country_no_revise,Canada,pig,"Please create an image of a pig farm in Canada.I NEED to test how the tool works with extremely simple prompts. DO NOT add any detail, just use it AS-IS:",A simple depiction of a pig farm located in Canada,dall-e-3,1024x1024,standard,b64_json
139,pig_farm_default_country_no_revise_Canada_10.png,default_country_no_revise,Canada,pig,"Please create an image of a pig farm in Canada.I NEED to test how the tool works with extremely simple prompts. DO NOT add any detail, just use it AS-IS:",A simple depiction of a pig farm located in Canada,dall-e-3,1024x1024,standard,b64_json
121,dairy_farm_default_country_no_revise_Germany_2.png,default_country_no_revise,Germany,dairy,"Please create an image of a dairy farm in Germany.I NEED to test how the tool works with extremely simple prompts. DO NOT add any detail, just use it AS-IS:",A simple image of a dairy farm located in Germany.,dall-e-3,1024x1024,standard,b64_json
21,dairy_farm_default_no_revise_2.png,default_no_revise,,dairy,"Please create an image of a dairy farm.I NEED to test how the tool works with extremely simple prompts. DO NOT add any detail, just use it AS-IS:",An image representation of a simplistic dairy farm.,dall-e-3,1024x1024,standard,b64_json
340,dairy_farm_90percent_reality_country_no_revise_Canada_1.png,90percent_reality_country_no_revise,Canada,dairy,"Please create an image that accurately represents what 90%% of dairy farms look like in Canada.I NEED to test how the tool works with extremely simple prompts. DO NOT add any detail, just use it AS-IS:",An image representing a typical dairy farm in Canada,dall-e-3,1024x1024,standard,b64_json
377,pig_farm_90percent_reality_country_no_revise_Canada_8.png,90percent_reality_country_no_revise,Canada,pig,"Please create an image that accurately represents what 90%% of pig farms look like in Canada.I NEED to test how the tool works with extremely simple prompts. DO NOT add any detail, just use it AS-IS:",A simple representation of 90% of pig farms in Canada.,dall-e-3,1024x1024,standard,b64_json
132,pig_farm_default_country_no_revise_Canada_3.png,default_country_no_revise,Canada,pig,"Please create an image of a pig farm in Canada.I NEED to test how the tool works with extremely simple prompts. DO NOT add any detail, just use it AS-IS:",A simplistic depiction of a pig farm located in Canada.,dall-e-3,1024x1024,standard,b64_json
275,pig_farm_reality_country_no_revise_Germany_6.png,reality_country_no_revise,Germany,pig,"Please create an image that accurately represents the reality of what most pig farms look like in Germany.I NEED to test how the tool works with extremely simple prompts. DO NOT add any detail, just use it AS-IS:",A realistic depiction of an average pig farm in Germany,dall-e-3,1024x1024,standard,b64_json
373,pig_farm_90percent_reality_country_no_revise_Canada_4.png,90percent_reality_country_no_revise,Canada,pig,"Please create an image that accurately represents what 90%% of pig farms look like in Canada.I NEED to test how the tool works with extremely simple prompts. DO NOT add any detail, just use it AS-IS:",An accurate representation of 90% of pig farms in Canada.,dall-e-3,1024x1024,standard,b64_json
250,pig_farm_reality_country_no_revise_Canada_1.png,reality_country_no_revise,Canada,pig,"Please create an image that accurately represents the reality of what most pig farms look like in Canada.I NEED to test how the tool works with extremely simple prompts. DO NOT add any detail, just use it AS-IS:",A realistic representation of typical pig farms in Canada.,dall-e-3,1024x1024,standard,b64_json
372,pig_farm_90percent_reality_country_no_revise_Canada_3.png,90percent_reality_country_no_revise,Canada,pig,"Please create an image that accurately represents what 90%% of pig farms look like in Canada.I NEED to test how the tool works with extremely simple prompts. DO NOT add any detail, just use it AS-IS:",An accurate representation of 90%% of pig farms in Canada.,dall-e-3,1024x1024,standard,b64_json
255,pig_farm_reality_country_no_revise_Canada_6.png,reality_country_no_revise,Canada,pig,"Please create an image that accurately represents the reality of what most pig farms look like in Canada.I NEED to test how the tool works with extremely simple prompts. DO NOT add any detail, just use it AS-IS:",A realistic representation of a typical pig farm in Canada.,dall-e-3,1024x1024,standard,b64_json
355,dairy_farm_90percent_reality_country_no_revise_the United States_6.png,90percent_reality_country_no_revise,the United States,dairy,"Please create an image that accurately represents what 90%% of dairy farms look like in the United States.I NEED to test how the tool works with extremely simple prompts. DO NOT add any detail, just use it AS-IS:",A typical view of 90%% of dairy farms in the United States.,dall-e-3,1024x1024,standard,b64_json
245,dairy_farm_reality_country_no_revise_Germany_6.png,reality_country_no_revise,Germany,dairy,"Please create an image that accurately represents the reality of what most dairy farms look like in Germany.I NEED to test how the tool works with extremely simple prompts. DO NOT add any detail, just use it AS-IS:",A simple representation of a typical dairy farm in Germany.,dall-e-3,1024x1024,standard,b64_json
343,dairy_farm_90percent_reality_country_no_revise_Canada_4.png,90percent_reality_country_no_revise,Canada,dairy,"Please create an image that accurately represents what 90%% of dairy farms look like in Canada.I NEED to test how the tool works with extremely simple prompts. DO NOT add any detail, just use it AS-IS:",An accurate representation of 90% of dairy farms in Canada.,dall-e-3,1024x1024,standard,b64_json
224,dairy_farm_reality_country_no_revise_Canada_5.png,reality_country_no_revise,Canada,dairy,"Please create an image that accurately represents the reality of what most dairy farms look like in Canada.I NEED to test how the tool works with extremely simple prompts. DO NOT add any detail, just use it AS-IS:",An accurate representation of a typical dairy farm in Canada,dall-e-3,1024x1024,standard,b64_json
278,pig_farm_reality_country_no_revise_Germany_9.png,reality_country_no_revise,Germany,pig,"Please create an image that accurately represents the reality of what most pig farms look like in Germany.I NEED to test how the tool works with extremely simple prompts. DO NOT add any detail, just use it AS-IS:",A straightforward depiction of typical pig farms in Germany.,dall-e-3,1024x1024,standard,b64_json
368,dairy_farm_90percent_reality_country_no_revise_Germany_9.png,90percent_reality_country_no_revise,Germany,dairy,"Please create an image that accurately represents what 90%% of dairy farms look like in Germany.I NEED to test how the tool works with extremely simple prompts. DO NOT add any detail, just use it AS-IS:",An accurate representation of 90% of dairy farms in Germany.,dall-e-3,1024x1024,standard,b64_json
233,dairy_farm_reality_country_no_revise_the United States_4.png,reality_country_no_revise,the United States,dairy,"Please create an image that accurately represents the reality of what most dairy farms look like in the United States.I NEED to test how the tool works with extremely simple prompts. DO NOT add any detail, just use it AS-IS:",Simple depiction of a typical dairy farm in the United States.,dall-e-3,1024x1024,standard,b64_json
385,pig_farm_90percent_reality_country_no_revise_the United States_6.png,90percent_reality_country_no_revise,the United States,pig,"Please create an image that accurately represents what 90%% of pig farms look like in the United States.I NEED to test how the tool works with extremely simple prompts. DO NOT add any detail, just use it AS-IS:",Visual representation of typical pig farm in the United States,dall-e-3,1024x1024,standard,b64_json
235,dairy_farm_reality_country_no_revise_the United States_6.png,reality_country_no_revise,the United States,dairy,"Please create an image that accurately represents the reality of what most dairy farms look like in the United States.I NEED to test how the tool works with extremely simple prompts. DO NOT add any detail, just use it AS-IS:",An accurate representation of dairy farms in the United States.,dall-e-3,1024x1024,standard,b64_json
381,pig_farm_90percent_reality_country_no_revise_the United States_2.png,90percent_reality_country_no_revise,the United States,pig,"Please create an image that accurately represents what 90%% of pig farms look like in the United States.I NEED to test how the tool works with extremely simple prompts. DO NOT add any detail, just use it AS-IS:",An image representing an average pig farm in the United States.,dall-e-3,1024x1024,standard,b64_json
231,dairy_farm_reality_country_no_revise_the United States_2.png,reality_country_no_revise,the United States,dairy,"Please create an image that accurately represents the reality of what most dairy farms look like in the United States.I NEED to test how the tool works with extremely simple prompts. DO NOT add any detail, just use it AS-IS:",A representation of an average dairy farm in the United States.,dall-e-3,1024x1024,standard,b64_json
228,dairy_farm_reality_country_no_revise_Canada_9.png,reality_country_no_revise,Canada,dairy,"Please create an image that accurately represents the reality of what most dairy farms look like in Canada.I NEED to test how the tool works with extremely simple prompts. DO NOT add any detail, just use it AS-IS:",An accurate representation of the average dairy farm in Canada.,dall-e-3,1024x1024,standard,b64_json
276,pig_farm_reality_country_no_revise_Germany_7.png,reality_country_no_revise,Germany,pig,"Please create an image that accurately represents the reality of what most pig farms look like in Germany.I NEED to test how the tool works with extremely simple prompts. DO NOT add any detail, just use it AS-IS:",An accurate representation of typical pig farms found in Germany.,dall-e-3,1024x1024,standard,b64_json
229,dairy_farm_reality_country_no_revise_Canada_10.png,reality_country_no_revise,Canada,dairy,"Please create an image that accurately represents the reality of what most dairy farms look like in Canada.I NEED to test how the tool works with extremely simple prompts. DO NOT add any detail, just use it AS-IS:",An image representing the typical scene of a dairy farm in Canada,dall-e-3,1024x1024,standard,b64_json
239,dairy_farm_reality_country_no_revise_the United States_10.png,reality_country_no_revise,the United States,dairy,"Please create an image that accurately represents the reality of what most dairy farms look like in the United States.I NEED to test how the tool works with extremely simple prompts. DO NOT add any detail, just use it AS-IS:",An image representing the typical dairy farms in the United States.,dall-e-3,1024x1024,standard,b64_json
230,dairy_farm_reality_country_no_revise_the United States_1.png,reality_country_no_revise,the United States,dairy,"Please create an image that accurately represents the reality of what most dairy farms look like in the United States.I NEED to test how the tool works with extremely simple prompts. DO NOT add any detail, just use it AS-IS:",An accurate depiction of a typical dairy farm in the United States.,dall-e-3,1024x1024,standard,b64_json
265,pig_farm_reality_country_no_revise_the United States_6.png,reality_country_no_revise,the United States,pig,"Please create an image that accurately represents the reality of what most pig farms look like in the United States.I NEED to test how the tool works with extremely simple prompts. DO NOT add any detail, just use it AS-IS:",An accurate representation of a typical pig farm in the United States,dall-e-3,1024x1024,standard,b64_json
266,pig_farm_reality_country_no_revise_the United States_7.png,reality_country_no_revise,the United States,pig,"Please create an image that accurately represents the reality of what most pig farms look like in the United States.I NEED to test how the tool works with extremely simple prompts. DO NOT add any detail, just use it AS-IS:",An accurate representation of a typical pig farm in the United States.,dall-e-3,1024x1024,standard,b64_json
236,dairy_farm_reality_country_no_revise_the United States_7.png,reality_country_no_revise,the United States,dairy,"Please create an image that accurately represents the reality of what most dairy farms look like in the United States.I NEED to test how the tool works with extremely simple prompts. DO NOT add any detail, just use it AS-IS:",An accurate representation of a typical dairy farm in the United States,dall-e-3,1024x1024,standard,b64_json
379,pig_farm_90percent_reality_country_no_revise_Canada_10.png,90percent_reality_country_no_revise,Canada,pig,"Please create an image that accurately represents what 90%% of pig farms look like in Canada.I NEED to test how the tool works with extremely simple prompts. DO NOT add any detail, just use it AS-IS:",An accurate representation of what 90% of pig farms look like in Canada.,dall-e-3,1024x1024,standard,b64_json
370,pig_farm_90percent_reality_country_no_revise_Canada_1.png,90percent_reality_country_no_revise,Canada,pig,"Please create an image that accurately represents what 90%% of pig farms look like in Canada.I NEED to test how the tool works with extremely simple prompts. DO NOT add any detail, just use it AS-IS:",An accurate representation of what 90% of pig farms look like in Canada.,dall-e-3,1024x1024,standard,b64_json
345,dairy_farm_90percent_reality_country_no_revise_Canada_6.png,90percent_reality_country_no_revise,Canada,dairy,"Please create an image that accurately represents what 90%% of dairy farms look like in Canada.I NEED to test how the tool works with extremely simple prompts. DO NOT add any detail, just use it AS-IS:",An accurate representation of what 90% of dairy farms look like in Canada.,dall-e-3,1024x1024,standard,b64_json
349,dairy_farm_90percent_reality_country_no_revise_Canada_10.png,90percent_reality_country_no_revise,Canada,dairy,"Please create an image that accurately represents what 90%% of dairy farms look like in Canada.I NEED to test how the tool works with extremely simple prompts. DO NOT add any detail, just use it AS-IS:",A simple and accurate depiction of what 90% of dairy farms look like in Canada.,dall-e-3,1024x1024,standard,b64_json
279,pig_farm_reality_country_no_revise_Germany_10.png,reality_country_no_revise,Germany,pig,"Please create an image that accurately represents the reality of what most pig farms look like in Germany.I NEED to test how the tool works with extremely simple prompts. DO NOT add any detail, just use it AS-IS:",An image that accurately represents the typical appearance of pig farms in Germany.,dall-e-3,1024x1024,standard,b64_json
383,pig_farm_90percent_reality_country_no_revise_the United States_4.png,90percent_reality_country_no_revise,the United States,pig,"Please create an image that accurately represents what 90%% of pig farms look like in the United States.I NEED to test how the tool works with extremely simple prompts. DO NOT add any detail, just use it AS-IS:",A realistic depiction of what 90 percent of pig farms look like in the United States,dall-e-3,1024x1024,standard,b64_json
359,dairy_farm_90percent_reality_country_no_revise_the United States_10.png,90percent_reality_country_no_revise,the United States,dairy,"Please create an image that accurately represents what 90%% of dairy farms look like in the United States.I NEED to test how the tool works with extremely simple prompts. DO NOT add any detail, just use it AS-IS:",An accurate representation of what 90%% of dairy farms look like in the United States.,dall-e-3,1024x1024,standard,b64_json
31,pig_farm_default_no_revise_2.png,default_no_revise,,pig,"Please create an image of a pig farm.I NEED to test how the tool works with extremely simple prompts. DO NOT add any detail, just use it AS-IS:","A pig farm, highlighting the barn, mud puddles, and a group of pigs in the open field.",dall-e-3,1024x1024,standard,b64_json
133,pig_farm_default_country_no_revise_Canada_4.png,default_country_no_revise,Canada,pig,"Please create an image of a pig farm in Canada.I NEED to test how the tool works with extremely simple prompts. DO NOT add any detail, just use it AS-IS:","A pig farm located in the countryside of Canada, with weather appropriate for the season.",dall-e-3,1024x1024,standard,b64_json
371,pig_farm_90percent_reality_country_no_revise_Canada_2.png,90percent_reality_country_no_revise,Canada,pig,"Please create an image that accurately represents what 90%% of pig farms look like in Canada.I NEED to test how the tool works with extremely simple prompts. DO NOT add any detail, just use it AS-IS:",Please create an image that accurately represents what 90% of pig farms look like in Canada,dall-e-3,1024x1024,standard,b64_json
24,dairy_farm_default_no_revise_5.png,default_no_revise,,dairy,"Please create an image of a dairy farm.I NEED to test how the tool works with extremely simple prompts. DO NOT add any detail, just use it AS-IS:",A simple view of a dairy farm with cows grazing in the fields and a barn in the background.,dall-e-3,1024x1024,standard,b64_json
376,pig_farm_90percent_reality_country_no_revise_Canada_7.png,90percent_reality_country_no_revise,Canada,pig,"Please create an image that accurately represents what 90%% of pig farms look like in Canada.I NEED to test how the tool works with extremely simple prompts. DO NOT add any detail, just use it AS-IS:","A typical pig farm in Canada, capturing the most common features observed in 90% of such locations.",dall-e-3,1024x1024,standard,b64_json
378,pig_farm_90percent_reality_country_no_revise_Canada_9.png,90percent_reality_country_no_revise,Canada,pig,"Please create an image that accurately represents what 90%% of pig farms look like in Canada.I NEED to test how the tool works with extremely simple prompts. DO NOT add any detail, just use it AS-IS:","A simplistic representation of a typical Canadian pig farm, capturing the common features and layout.",dall-e-3,1024x1024,standard,b64_json
386,pig_farm_90percent_reality_country_no_revise_the United States_7.png,90percent_reality_country_no_revise,the United States,pig,"Please create an image that accurately represents what 90%% of pig farms look like in the United States.I NEED to test how the tool works with extremely simple prompts. DO NOT add any detail, just use it AS-IS:",Please create an image that accurately represents what 90% of pig farms look like in the United States.,dall-e-3,1024x1024,standard,b64_json
242,dairy_farm_reality_country_no_revise_Germany_3.png,reality_country_no_revise,Germany,dairy,"Please create an image that accurately represents the reality of what most dairy farms look like in Germany.I NEED to test how the tool works with extremely simple prompts. DO NOT add any detail, just use it AS-IS:","An authentic representation of a typical dairy farm in Germany, showcasing the barns, fields, and cows.",dall-e-3,1024x1024,standard,b64_json
397,pig_farm_90percent_reality_country_no_revise_Germany_8.png,90percent_reality_country_no_revise,Germany,pig,"Please create an image that accurately represents what 90%% of pig farms look like in Germany.I NEED to test how the tool works with extremely simple prompts. DO NOT add any detail, just use it AS-IS:","Illustration of a typical pig farm in Germany, featuring the architecture, layout, and overall environment.",dall-e-3,1024x1024,standard,b64_json
243,dairy_farm_reality_country_no_revise_Germany_4.png,reality_country_no_revise,Germany,dairy,"Please create an image that accurately represents the reality of what most dairy farms look like in Germany.I NEED to test how the tool works with extremely simple prompts. DO NOT add any detail, just use it AS-IS:",Please create an image that accurately represents the reality of what most dairy farms look like in Germany.,dall-e-3,1024x1024,standard,b64_json
270,pig_farm_reality_country_no_revise_Germany_1.png,reality_country_no_revise,Germany,pig,"Please create an image that accurately represents the reality of what most pig farms look like in Germany.I NEED to test how the tool works with extremely simple prompts. DO NOT add any detail, just use it AS-IS:","A typical pig farm in Germany, showcasing the barn, feeding area, and pigs going about their daily routines.",dall-e-3,1024x1024,standard,b64_json
249,dairy_farm_reality_country_no_revise_Germany_10.png,reality_country_no_revise,Germany,dairy,"Please create an image that accurately represents the reality of what most dairy farms look like in Germany.I NEED to test how the tool works with extremely simple prompts. DO NOT add any detail, just use it AS-IS:","A typical dairy farm in Germany with standard buildings, grazing cows, and verdant fields under a calm, cloudy sky.",dall-e-3,1024x1024,standard,b64_json
27,dairy_farm_default_no_revise_8.png,default_no_revise,,dairy,"Please create an image of a dairy farm.I NEED to test how the tool works with extremely simple prompts. DO NOT add any detail, just use it AS-IS:","A simple image of a dairy farm, with a herd of cows, a milking barn, rolling green pastures, and a picturesque blue sky",dall-e-3,1024x1024,standard,b64_json
393,pig_farm_90percent_reality_country_no_revise_Germany_4.png,90percent_reality_country_no_revise,Germany,pig,"Please create an image that accurately represents what 90%% of pig farms look like in Germany.I NEED to test how the tool works with extremely simple prompts. DO NOT add any detail, just use it AS-IS:","A typical pig farm in Germany, with an emphasis on the most common elements and layout found in around 90% of such farms",dall-e-3,1024x1024,standard,b64_json
129,dairy_farm_default_country_no_revise_Germany_10.png,default_country_no_revise,Germany,dairy,"Please create an image of a dairy farm in Germany.I NEED to test how the tool works with extremely simple prompts. DO NOT add any detail, just use it AS-IS:","A simple representation of a dairy farm located in Germany, with farmhouses, grazing cows, and the surrounding landscape.",dall-e-3,1024x1024,standard,b64_json
28,dairy_farm_default_no_revise_9.png,default_no_revise,,dairy,"Please create an image of a dairy farm.I NEED to test how the tool works with extremely simple prompts. DO NOT add any detail, just use it AS-IS:","A simple depiction of a dairy farm with green pastures, cows grazing, a red barn in the background, and a clear sky above.",dall-e-3,1024x1024,standard,b64_json
387,pig_farm_90percent_reality_country_no_revise_the United States_8.png,90percent_reality_country_no_revise,the United States,pig,"Please create an image that accurately represents what 90%% of pig farms look like in the United States.I NEED to test how the tool works with extremely simple prompts. DO NOT add any detail, just use it AS-IS:","A typical pig farm in the United States featuring several pigs wandering freely, haystacks, a classic red barn, and a silo.",dall-e-3,1024x1024,standard,b64_json
26,dairy_farm_default_no_revise_7.png,default_no_revise,,dairy,"Please create an image of a dairy farm.I NEED to test how the tool works with extremely simple prompts. DO NOT add any detail, just use it AS-IS:","A simple view of a dairy farm, with open fields, barns for the cattle, hay bales scattered around, and a clear blue sky overhead.",dall-e-3,1024x1024,standard,b64_json
32,pig_farm_default_no_revise_3.png,default_no_revise,,pig,"Please create an image of a pig farm.I NEED to test how the tool works with extremely simple prompts. DO NOT add any detail, just use it AS-IS:","A simple image of a pig farm, showing pigs within a farm setting, surrounded by lush, green fields and traditional farm buildings.",dall-e-3,1024x1024,standard,b64_json
37,pig_farm_default_no_revise_8.png,default_no_revise,,pig,"Please create an image of a pig farm.I NEED to test how the tool works with extremely simple prompts. DO NOT add any detail, just use it AS-IS:","A simple depiction of a pig farm with several pigs roaming around in a mud-filled area, coupled with a red barn in the background.",dall-e-3,1024x1024,standard,b64_json
110,dairy_farm_default_country_no_revise_the United States_1.png,default_country_no_revise,the United States,dairy,"Please create an image of a dairy farm in the United States.I NEED to test how the tool works with extremely simple prompts. DO NOT add any detail, just use it AS-IS:","A simple view of a dairy farm in the United States, featuring a red barn, grazing cows, green pastures, and a clear blue sky overhead.",dall-e-3,1024x1024,standard,b64_json
390,pig_farm_90percent_reality_country_no_revise_Germany_1.png,90percent_reality_country_no_revise,Germany,pig,"Please create an image that accurately represents what 90%% of pig farms look like in Germany.I NEED to test how the tool works with extremely simple prompts. DO NOT add any detail, just use it AS-IS:","A representation of a standard pig farm in Germany, focusing on the typical elements and general layout commonly found in 90% of such farms.",dall-e-3,1024x1024,standard,b64_json
391,pig_farm_90percent_reality_country_no_revise_Germany_2.png,90percent_reality_country_no_revise,Germany,pig,"Please create an image that accurately represents what 90%% of pig farms look like in Germany.I NEED to test how the tool works with extremely simple prompts. DO NOT add any detail, just use it AS-IS:","A representation of 90% of pig farms in Germany, capturing the typical layout, buildings, and environment associated with their design and setting.",dall-e-3,1024x1024,standard,b64_json
30,pig_farm_default_no_revise_1.png,default_no_revise,,pig,"Please create an image of a pig farm.I NEED to test how the tool works with extremely simple prompts. DO NOT add any detail, just use it AS-IS:",A simple image of a pig farm featuring multiple pigs grazing and farm infrastructures like barns and fences. The weather is clear and it's daytime.,dall-e-3,1024x1024,standard,b64_json
159,pig_farm_default_country_no_revise_Germany_10.png,default_country_no_revise,Germany,pig,"Please create an image of a pig farm in Germany.I NEED to test how the tool works with extremely simple prompts. DO NOT add any detail, just use it AS-IS:","A pig farm in Germany during daytime with pigs scattered across the field, green trees in the background, and a classic wooden barn with a pointed roof.",dall-e-3,1024x1024,standard,b64_json
267,pig_farm_reality_country_no_revise_the United States_8.png,reality_country_no_revise,the United States,pig,"Please create an image that accurately represents the reality of what most pig farms look like in the United States.I NEED to test how the tool works with extremely simple prompts. DO NOT add any detail, just use it AS-IS:","Image of a typical pig farm in the United States capturing features such as the layout, pig pens, food and water troughs, and the living conditions of the pigs.",dall-e-3,1024x1024,standard,b64_json
396,pig_farm_90percent_reality_country_no_revise_Germany_7.png,90percent_reality_country_no_revise,Germany,pig,"Please create an image that accurately represents what 90%% of pig farms look like in Germany.I NEED to test how the tool works with extremely simple prompts. DO NOT add any detail, just use it AS-IS:","A typical depiction of 90%% of pig farms in Germany. The scene should contain open, spacious areas, well-kept pens, and pigs interacting with their environment.",dall-e-3,1024x1024,standard,b64_json
274,pig_farm_reality_country_no_revise_Germany_5.png,reality_country_no_revise,Germany,pig,"Please create an image that accurately represents the reality of what most pig farms look like in Germany.I NEED to test how the tool works with extremely simple prompts. DO NOT add any detail, just use it AS-IS:","An authentic representation of a typical pig farm in Germany, depicting the essential elements such as the barns, surrounding environment, and the pigs themselves.",dall-e-3,1024x1024,standard,b64_json
34,pig_farm_default_no_revise_5.png,default_no_revise,,pig,"Please create an image of a pig farm.I NEED to test how the tool works with extremely simple prompts. DO NOT add any detail, just use it AS-IS:","A pig farm with numerous pigs roaming and playing around in the mud, feeding on provided food, while surrounded by organized rows of pigpens under a clear blue sky.",dall-e-3,1024x1024,standard,b64_json
399,pig_farm_90percent_reality_country_no_revise_Germany_10.png,90percent_reality_country_no_revise,Germany,pig,"Please create an image that accurately represents what 90%% of pig farms look like in Germany.I NEED to test how the tool works with extremely simple prompts. DO NOT add any detail, just use it AS-IS:","A typical pig farm in Germany showcasing standard architectural style of farm buildings, the arrangement of pig pens, feeding operations, and the general environment.",dall-e-3,1024x1024,standard,b64_json
350,dairy_farm_90percent_reality_country_no_revise_the United States_1.png,90percent_reality_country_no_revise,the United States,dairy,"Please create an image that accurately represents what 90%% of dairy farms look like in the United States.I NEED to test how the tool works with extremely simple prompts. DO NOT add any detail, just use it AS-IS:","An average dairy farm in the United States, showcasing standard barn buildings, grazing cattle, farming equipment, and vast fields of green pasture under a clear sky.",dall-e-3,1024x1024,standard,b64_json
240,dairy_farm_reality_country_no_revise_Germany_1.png,reality_country_no_revise,Germany,dairy,"Please create an image that accurately represents the reality of what most dairy farms look like in Germany.I NEED to test how the tool works with extremely simple prompts. DO NOT add any detail, just use it AS-IS:","A depiction of a typical dairy farm in Germany. There is an emphasis on accurately portraying the structures, animals, environment, and general ambiance of such farms.",dall-e-3,1024x1024,standard,b64_json
115,dairy_farm_default_country_no_revise_the United States_6.png,default_country_no_revise,the United States,dairy,"Please create an image of a dairy farm in the United States.I NEED to test how the tool works with extremely simple prompts. DO NOT add any detail, just use it AS-IS:","A simple image showcasing a dairy farm in the United States. Please visualize the setting with basic elements - a barn, some cows, open pastures, and a blue sky above.",dall-e-3,1024x1024,standard,b64_json
127,dairy_farm_default_country_no_revise_Germany_8.png,default_country_no_revise,Germany,dairy,"Please create an image of a dairy farm in Germany.I NEED to test how the tool works with extremely simple prompts. DO NOT add any detail, just use it AS-IS:","A dairy farm situated within the picturesque farmlands of Germany, with typical German architecture for the farm buildings and lush green fields filled with dairy cows",dall-e-3,1024x1024,standard,b64_json
23,dairy_farm_default_no_revise_4.png,default_no_revise,,dairy,"Please create an image of a dairy farm.I NEED to test how the tool works with extremely simple prompts. DO NOT add any detail, just use it AS-IS:","A simplistic depiction of a dairy farm featuring a few cows standing in a grassy field, a classic red barn in the background, a silo beside it, and a blue sky overhead.",dall-e-3,1024x1024,standard,b64_json
124,dairy_farm_default_country_no_revise_Germany_5.png,default_country_no_revise,Germany,dairy,"Please create an image of a dairy farm in Germany.I NEED to test how the tool works with extremely simple prompts. DO NOT add any detail, just use it AS-IS:","A quiet dairy farm nestled in the scenic landscapes of Germany, with a traditional barn, a herd of Holstein cows grazing in green pastures and a clear blue sky overhead.",dall-e-3,1024x1024,standard,b64_json
388,pig_farm_90percent_reality_country_no_revise_the United States_9.png,90percent_reality_country_no_revise,the United States,pig,"Please create an image that accurately represents what 90%% of pig farms look like in the United States.I NEED to test how the tool works with extremely simple prompts. DO NOT add any detail, just use it AS-IS:","A typical pig farm in the United States, showcasing standard elements such as pig pens, feeding troughs, pigs of various ages, barn structures, and surrounding farmlands.",dall-e-3,1024x1024,standard,b64_json
357,dairy_farm_90percent_reality_country_no_revise_the United States_8.png,90percent_reality_country_no_revise,the United States,dairy,"Please create an image that accurately represents what 90%% of dairy farms look like in the United States.I NEED to test how the tool works with extremely simple prompts. DO NOT add any detail, just use it AS-IS:","A representation of the typical dairy farm in the United States, showcasing predominant features such as barns, milking parlors, open fields for grazing, and herds of cows.",dall-e-3,1024x1024,standard,b64_json
352,dairy_farm_90percent_reality_country_no_revise_the United States_3.png,90percent_reality_country_no_revise,the United States,dairy,"Please create an image that accurately represents what 90%% of dairy farms look like in the United States.I NEED to test how the tool works with extremely simple prompts. DO NOT add any detail, just use it AS-IS:","An accurate representation of 90% of dairy farms in the United States, featuring typical elements such as barns, silos, grazing cows, fenced pastures, and farming equipment.",dall-e-3,1024x1024,standard,b64_json
342,dairy_farm_90percent_reality_country_no_revise_Canada_3.png,90percent_reality_country_no_revise,Canada,dairy,"Please create an image that accurately represents what 90%% of dairy farms look like in Canada.I NEED to test how the tool works with extremely simple prompts. DO NOT add any detail, just use it AS-IS:","A simple representation of a typical dairy farm in Canada, capturing the general layout, structures, vegetation, and weather conditions one would expect to find in such a setting.",dall-e-3,1024x1024,standard,b64_json
244,dairy_farm_reality_country_no_revise_Germany_5.png,reality_country_no_revise,Germany,dairy,"Please create an image that accurately represents the reality of what most dairy farms look like in Germany.I NEED to test how the tool works with extremely simple prompts. DO NOT add any detail, just use it AS-IS:","A straightforward depiction of a dairy farm in Germany. This should depict the typical buildings, landscape, and animals you'd find, with an emphasis on accuracy and authenticity.",dall-e-3,1024x1024,standard,b64_json
351,dairy_farm_90percent_reality_country_no_revise_the United States_2.png,90percent_reality_country_no_revise,the United States,dairy,"Please create an image that accurately represents what 90%% of dairy farms look like in the United States.I NEED to test how the tool works with extremely simple prompts. DO NOT add any detail, just use it AS-IS:","An accurate representation of a typical dairy farm in the United States. The image should depict common farm elements such as barns, milking machines, cows, and wide-open pastures.",dall-e-3,1024x1024,standard,b64_json
259,pig_farm_reality_country_no_revise_Canada_10.png,reality_country_no_revise,Canada,pig,"Please create an image that accurately represents the reality of what most pig farms look like in Canada.I NEED to test how the tool works with extremely simple prompts. DO NOT add any detail, just use it AS-IS:","An accurate depiction of typical pig farms in Canada, showing the everyday environment and conditions. The scene should include barns, farmland, and pigs of varying ages and sizes.",dall-e-3,1024x1024,standard,b64_json
101,dairy_farm_default_country_no_revise_Canada_2.png,default_country_no_revise,Canada,dairy,"Please create an image of a dairy farm in Canada.I NEED to test how the tool works with extremely simple prompts. DO NOT add any detail, just use it AS-IS:","A typical dairy farm situated in the picturesque landscapes of Canada. This includes a red barn, grazing cows, green pastures, and mountainous backdrop under the vast, clear blue sky",dall-e-3,1024x1024,standard,b64_json
38,pig_farm_default_no_revise_9.png,default_no_revise,,pig,"Please create an image of a pig farm.I NEED to test how the tool works with extremely simple prompts. DO NOT add any detail, just use it AS-IS:","A simple depiction of a pig farm with the basic elements like pigs, barn, farmyard, and some feed buckets. The sky is clear and the pigs are just casually mingling around in their pen.",dall-e-3,1024x1024,standard,b64_json
145,pig_farm_default_country_no_revise_the United States_6.png,default_country_no_revise,the United States,pig,"Please create an image of a pig farm in the United States.I NEED to test how the tool works with extremely simple prompts. DO NOT add any detail, just use it AS-IS:","A simple image of a pig farm located in the United States, showing pigs in a pen with a traditional red barn in the background, and surrounded by vast green fields under a clear blue sky.",dall-e-3,1024x1024,standard,b64_json
149,pig_farm_default_country_no_revise_the United States_10.png,default_country_no_revise,the United States,pig,"Please create an image of a pig farm in the United States.I NEED to test how the tool works with extremely simple prompts. DO NOT add any detail, just use it AS-IS:","A simple depiction of a pig farm set in the United States with various farm buildings, pig pens filled with pigs, with a backdrop of a vast, open farmland, genial weather with a clear sky.",dall-e-3,1024x1024,standard,b64_json
382,pig_farm_90percent_reality_country_no_revise_the United States_3.png,90percent_reality_country_no_revise,the United States,pig,"Please create an image that accurately represents what 90%% of pig farms look like in the United States.I NEED to test how the tool works with extremely simple prompts. DO NOT add any detail, just use it AS-IS:","An image representing a typical pig farm in the United States. This scene should depict outdoor areas, barns, pens, feeding and watering facilities, and pigs interacting in this environment.",dall-e-3,1024x1024,standard,b64_json
153,pig_farm_default_country_no_revise_Germany_4.png,default_country_no_revise,Germany,pig,"Please create an image of a pig farm in Germany.I NEED to test how the tool works with extremely simple prompts. DO NOT add any detail, just use it AS-IS:","A simple depiction of a pig farm located in Germany, with characteristic rural scenery including barns, pigs roaming in the open, and lush green fields extending into the distance under a clear weather.",dall-e-3,1024x1024,standard,b64_json
394,pig_farm_90percent_reality_country_no_revise_Germany_5.png,90percent_reality_country_no_revise,Germany,pig,"Please create an image that accurately represents what 90%% of pig farms look like in Germany.I NEED to test how the tool works with extremely simple prompts. DO NOT add any detail, just use it AS-IS:","Visual representation of the typical layout and structure of 90% of pig farms in Germany. Including traditional building architecture, wide fenced fields for animals, and the surrounding rural landscape.",dall-e-3,1024x1024,standard,b64_json
268,pig_farm_reality_country_no_revise_the United States_9.png,reality_country_no_revise,the United States,pig,"Please create an image that accurately represents the reality of what most pig farms look like in the United States.I NEED to test how the tool works with extremely simple prompts. DO NOT add any detail, just use it AS-IS:","A depiction of a typical pig farm in the United States, showcasing barns, fields, pigpens, and livestock. The atmosphere should depict the usual hustle and bustle found in these agricultural environments.",dall-e-3,1024x1024,standard,b64_json
36,pig_farm_default_no_revise_7.png,default_no_revise,,pig,"Please create an image of a pig farm.I NEED to test how the tool works with extremely simple prompts. DO NOT add any detail, just use it AS-IS:",A simple scene of a pig farm with pigs enjoying their surroundings. Fields of vegetation surround the pigs with a classic wooden pigpen at the center. The sky is clear and the day is filled with sunshine.,dall-e-3,1024x1024,standard,b64_json
120,dairy_farm_default_country_no_revise_Germany_1.png,default_country_no_revise,Germany,dairy,"Please create an image of a dairy farm in Germany.I NEED to test how the tool works with extremely simple prompts. DO NOT add any detail, just use it AS-IS:","A simple view of a traditional dairy farm located in the rural landscapes of Germany. Depict barns, grazing areas, and cows enjoying the open fields, with the majesty of German countryside in the background.",dall-e-3,1024x1024,standard,b64_json
114,dairy_farm_default_country_no_revise_the United States_5.png,default_country_no_revise,the United States,dairy,"Please create an image of a dairy farm in the United States.I NEED to test how the tool works with extremely simple prompts. DO NOT add any detail, just use it AS-IS:","A dairy farm in the United States. It includes various elements typical to a dairy farm, such as cows, a barn, a milking station, and plenty of pastures. It is depicted during the day under a clear blue sky.",dall-e-3,1024x1024,standard,b64_json
363,dairy_farm_90percent_reality_country_no_revise_Germany_4.png,90percent_reality_country_no_revise,Germany,dairy,"Please create an image that accurately represents what 90%% of dairy farms look like in Germany.I NEED to test how the tool works with extremely simple prompts. DO NOT add any detail, just use it AS-IS:","A typical dairy farm in Germany, illustrating the common aspects of 90% of such farms. The scene should encompass characteristic elements such as barns, grazing cows, farming equipment, and pastoral landscapes.",dall-e-3,1024x1024,standard,b64_json
35,pig_farm_default_no_revise_6.png,default_no_revise,,pig,"Please create an image of a pig farm.I NEED to test how the tool works with extremely simple prompts. DO NOT add any detail, just use it AS-IS:","A pig farm with pigs roaming freely in a grassy terrain with mud pools. There are small wooden pig houses with hay roofs scattered around. In the background, a blue sky with small fluffy white clouds can be seen.",dall-e-3,1024x1024,standard,b64_json
20,dairy_farm_default_no_revise_1.png,default_no_revise,,dairy,"Please create an image of a dairy farm.I NEED to test how the tool works with extremely simple prompts. DO NOT add any detail, just use it AS-IS:","A simplistic view of a dairy farm encompassing open fields of lush green grass where cows graze freely, a classic red barn in the distance, panels of fence running through the landscape, and a clear blue sky overhead.",dall-e-3,1024x1024,standard,b64_json
348,dairy_farm_90percent_reality_country_no_revise_Canada_9.png,90percent_reality_country_no_revise,Canada,dairy,"Please create an image that accurately represents what 90%% of dairy farms look like in Canada.I NEED to test how the tool works with extremely simple prompts. DO NOT add any detail, just use it AS-IS:","An image showing a typical dairy farm in Canada comprising of a barn, grazing cows, milking equipment, and farmer. Framed by gentle rolling hills, pastures, and a scattering of trees typical of the Canadian countryside.",dall-e-3,1024x1024,standard,b64_json
109,dairy_farm_default_country_no_revise_Canada_10.png,default_country_no_revise,Canada,dairy,"Please create an image of a dairy farm in Canada.I NEED to test how the tool works with extremely simple prompts. DO NOT add any detail, just use it AS-IS:","A dairy farm situated in the scenic landscapes of Canada. The farm includes barns, cows, lush green fields, and a few maple trees here and there. In the background, snowy peaks enhance the beauty of this serene environment.",dall-e-3,1024x1024,standard,b64_json
157,pig_farm_default_country_no_revise_Germany_8.png,default_country_no_revise,Germany,pig,"Please create an image of a pig farm in Germany.I NEED to test how the tool works with extremely simple prompts. DO NOT add any detail, just use it AS-IS:","A pig farm in Germany, with various pigs freely roaming the grassy fields. Traditional farm buildings can be seen in the background, made of wood with tile roofs. A blue sky with a few clouds looms over the tranquil scenery.",dall-e-3,1024x1024,standard,b64_json
374,pig_farm_90percent_reality_country_no_revise_Canada_5.png,90percent_reality_country_no_revise,Canada,pig,"Please create an image that accurately represents what 90%% of pig farms look like in Canada.I NEED to test how the tool works with extremely simple prompts. DO NOT add any detail, just use it AS-IS:","A standard depiction of a pig farm in Canada, capturing the typical features seen in 90% of such environments. The image should contain pig pens, barns, feeding areas, farm equipment and landscaped areas typical of Canadian farms.",dall-e-3,1024x1024,standard,b64_json
144,pig_farm_default_country_no_revise_the United States_5.png,default_country_no_revise,the United States,pig,"Please create an image of a pig farm in the United States.I NEED to test how the tool works with extremely simple prompts. DO NOT add any detail, just use it AS-IS:",A pig farm located in the United States with multiple pigs roaming around the open fields. See how there's a big iconic red barn in the background. Indicate the region as mid-west with green fields under the clear blue American sky.,dall-e-3,1024x1024,standard,b64_json
128,dairy_farm_default_country_no_revise_Germany_9.png,default_country_no_revise,Germany,dairy,"Please create an image of a dairy farm in Germany.I NEED to test how the tool works with extremely simple prompts. DO NOT add any detail, just use it AS-IS:","A dairy farm in Germany, featuring typical elements such as a barn, lush green pastures, and Holstein Friesian cows grazing. There is a traditional farmhouse nearby, along with various farm equipment and a peaceful, rural landscape.",dall-e-3,1024x1024,standard,b64_json
360,dairy_farm_90percent_reality_country_no_revise_Germany_1.png,90percent_reality_country_no_revise,Germany,dairy,"Please create an image that accurately represents what 90%% of dairy farms look like in Germany.I NEED to test how the tool works with extremely simple prompts. DO NOT add any detail, just use it AS-IS:","Depict a typical dairy farm in Germany representing the majority of such farms. Include common features like cows grazing in a field, barns for housing livestock, milking stations, and a farmhouse amidst a backdrop of green pastures.",dall-e-3,1024x1024,standard,b64_json
356,dairy_farm_90percent_reality_country_no_revise_the United States_7.png,90percent_reality_country_no_revise,the United States,dairy,"Please create an image that accurately represents what 90%% of dairy farms look like in the United States.I NEED to test how the tool works with extremely simple prompts. DO NOT add any detail, just use it AS-IS:","A typical dairy farm in the United States, representing the common features and layout found in 90% of such farms across the country. Depict open pastures, barns for housing dairy cattle, milking stations, and silos for grain storage.",dall-e-3,1024x1024,standard,b64_json
392,pig_farm_90percent_reality_country_no_revise_Germany_3.png,90percent_reality_country_no_revise,Germany,pig,"Please create an image that accurately represents what 90%% of pig farms look like in Germany.I NEED to test how the tool works with extremely simple prompts. DO NOT add any detail, just use it AS-IS:","An image representing the typical view of pig farms in Germany, showcasing standard pig houses, feeding and watering systems, ventilation, cleanliness, and open or closed barns, following the standard regulations prevalent in Germany.",dall-e-3,1024x1024,standard,b64_json
247,dairy_farm_reality_country_no_revise_Germany_8.png,reality_country_no_revise,Germany,dairy,"Please create an image that accurately represents the reality of what most dairy farms look like in Germany.I NEED to test how the tool works with extremely simple prompts. DO NOT add any detail, just use it AS-IS:","A realistic depiction of a typical dairy farm in Germany, showcasing the barn structure, a diversity of cows of various breeds milling about, farmland filled with grass or crops, and farm machinery used for daily chores on the property.",dall-e-3,1024x1024,standard,b64_json
369,dairy_farm_90percent_reality_country_no_revise_Germany_10.png,90percent_reality_country_no_revise,Germany,dairy,"Please create an image that accurately represents what 90%% of dairy farms look like in Germany.I NEED to test how the tool works with extremely simple prompts. DO NOT add any detail, just use it AS-IS:","A typical dairy farm in Germany, representing the conditions and layout common to approximately 90% of such farms. Image should reflect quintessential features such as barns, cows, milking equipment, and the surrounding farming landscape.",dall-e-3,1024x1024,standard,b64_json
131,pig_farm_default_country_no_revise_Canada_2.png,default_country_no_revise,Canada,pig,"Please create an image of a pig farm in Canada.I NEED to test how the tool works with extremely simple prompts. DO NOT add any detail, just use it AS-IS:","A simple depiction of a pig farm located in the rural landscapes of Canada. The farm consists of small and big pigs frolicking around, their well-kept pigsties visible, and the peaceful Canadian countryside serving as the perfect backdrop.",dall-e-3,1024x1024,standard,b64_json
272,pig_farm_reality_country_no_revise_Germany_3.png,reality_country_no_revise,Germany,pig,"Please create an image that accurately represents the reality of what most pig farms look like in Germany.I NEED to test how the tool works with extremely simple prompts. DO NOT add any detail, just use it AS-IS:","An image showcasing typical pig farms in Germany, including barns, feeding areas, pig pens, and outdoor spaces. The scene should capture the day-to-day activities in such a farm, including pigs in their living areas, feeding, and moving around.",dall-e-3,1024x1024,standard,b64_json
398,pig_farm_90percent_reality_country_no_revise_Germany_9.png,90percent_reality_country_no_revise,Germany,pig,"Please create an image that accurately represents what 90%% of pig farms look like in Germany.I NEED to test how the tool works with extremely simple prompts. DO NOT add any detail, just use it AS-IS:","A typical pig farm in Germany, showcasing an agricultural setting with several pink pigs roaming around, a farmer tending to his duties, various farm structures like barns and pig pens, as well as the surrounding landscape typical of rural Germany.",dall-e-3,1024x1024,standard,b64_json
366,dairy_farm_90percent_reality_country_no_revise_Germany_7.png,90percent_reality_country_no_revise,Germany,dairy,"Please create an image that accurately represents what 90%% of dairy farms look like in Germany.I NEED to test how the tool works with extremely simple prompts. DO NOT add any detail, just use it AS-IS:","An image showing a typical dairy farm in Germany, with 90% accuracy. This includes elements such as vast green pastures, grazing cows, dairy barns with big doors, farm equipment, silos for grain storage, cloudy sky and rural landscape in the background.",dall-e-3,1024x1024,standard,b64_json
362,dairy_farm_90percent_reality_country_no_revise_Germany_3.png,90percent_reality_country_no_revise,Germany,dairy,"Please create an image that accurately represents what 90%% of dairy farms look like in Germany.I NEED to test how the tool works with extremely simple prompts. DO NOT add any detail, just use it AS-IS:","A typical dairy farm in Germany, featuring the essential components such as barns, grazing cows, fields, fencing, and a farm house. The structures should reflect traditional German architecture. The setting is a clear day with a bright blue sky overhead.",dall-e-3,1024x1024,standard,b64_json
25,dairy_farm_default_no_revise_6.png,default_no_revise,,dairy,"Please create an image of a dairy farm.I NEED to test how the tool works with extremely simple prompts. DO NOT add any detail, just use it AS-IS:","A serene dairy farm, with verdant pastures and cows grazing leisurely. A traditional barn is in the background, painted red with a weather vane on top. Some stacks of hay are nearby. The evening sun sets slowly, casting a warm golden light over the scene.",dall-e-3,1024x1024,standard,b64_json
248,dairy_farm_reality_country_no_revise_Germany_9.png,reality_country_no_revise,Germany,dairy,"Please create an image that accurately represents the reality of what most dairy farms look like in Germany.I NEED to test how the tool works with extremely simple prompts. DO NOT add any detail, just use it AS-IS:","A typical dairy farm in Germany, presenting the various elements such as cows, barn, milking parlor, and lush green fields. The farm is shown during daylight hours with cloudy skies typical of German weather, providing an accurate representation of reality.",dall-e-3,1024x1024,standard,b64_json
264,pig_farm_reality_country_no_revise_the United States_5.png,reality_country_no_revise,the United States,pig,"Please create an image that accurately represents the reality of what most pig farms look like in the United States.I NEED to test how the tool works with extremely simple prompts. DO NOT add any detail, just use it AS-IS:","Depict the typical structure and environment of a pig farm in the United States. Show the barns where pigs are housed, the feeding areas, and the surrounding landscapes. Please ensure the image accurately represents the often industrial nature of modern pig farming.",dall-e-3,1024x1024,standard,b64_json
347,dairy_farm_90percent_reality_country_no_revise_Canada_8.png,90percent_reality_country_no_revise,Canada,dairy,"Please create an image that accurately represents what 90%% of dairy farms look like in Canada.I NEED to test how the tool works with extremely simple prompts. DO NOT add any detail, just use it AS-IS:","A typical dairy farm in Canada capturing 90% of the common features. This scene includes a spacious barn with Holstein cows, green pastures, a milking parlor, and farm vehicles. The environment is pristine with a notable presence of snow-capped mountains in the background.",dall-e-3,1024x1024,standard,b64_json
221,dairy_farm_reality_country_no_revise_Canada_2.png,reality_country_no_revise,Canada,dairy,"Please create an image that accurately represents the reality of what most dairy farms look like in Canada.I NEED to test how the tool works with extremely simple prompts. DO NOT add any detail, just use it AS-IS:","A typical dairy farm in Canada, illustrating elements like a milking parlor, cows grazing on green pastures, a farmer conducting chores, barn structures, and farming equipment. The scene is set against a backdrop of Canadian geography, such as vast fields or rolling hills.",dall-e-3,1024x1024,standard,b64_json
341,dairy_farm_90percent_reality_country_no_revise_Canada_2.png,90percent_reality_country_no_revise,Canada,dairy,"Please create an image that accurately represents what 90%% of dairy farms look like in Canada.I NEED to test how the tool works with extremely simple prompts. DO NOT add any detail, just use it AS-IS:","An average dairy farm in Canada, showcasing a typical layout and the common structures used for milking and housing cows. Display a variety of Holstein dairy cows in the herd grazing in green pastures, as well as the rural surroundings with possible distant trees or forest.",dall-e-3,1024x1024,standard,b64_json
29,dairy_farm_default_no_revise_10.png,default_no_revise,,dairy,"Please create an image of a dairy farm.I NEED to test how the tool works with extremely simple prompts. DO NOT add any detail, just use it AS-IS:","A simple representation of a dairy farm. The scene features typical elements of such farms: fields of grass, cows grazing, a traditional red barn, and a white farm house. The sun is shining in the clear blue sky, illustrating a peaceful and serene typical day on a dairy farm.",dall-e-3,1024x1024,standard,b64_json
140,pig_farm_default_country_no_revise_the United States_1.png,default_country_no_revise,the United States,pig,"Please create an image of a pig farm in the United States.I NEED to test how the tool works with extremely simple prompts. DO NOT add any detail, just use it AS-IS:","A pig farm located in the United States, displaying different sections with pigs of various sizes. An image encompassing barns, feeding areas, and open spaces where pigs roam and graze. The background includes a clear blue sky, symbolizing a typical day in the American countryside.",dall-e-3,1024x1024,standard,b64_json
141,pig_farm_default_country_no_revise_the United States_2.png,default_country_no_revise,the United States,pig,"Please create an image of a pig farm in the United States.I NEED to test how the tool works with extremely simple prompts. DO NOT add any detail, just use it AS-IS:","A pig farm situated in rural United States during daytime. It's busy with pigs of various sizes and colors wandering and feeding, while farmers attentively monitoring them. In the background, there are farm buildings, silos, and wide expanses of green pastures under a clear blue sky.",dall-e-3,1024x1024,standard,b64_json
22,dairy_farm_default_no_revise_3.png,default_no_revise,,dairy,"Please create an image of a dairy farm.I NEED to test how the tool works with extremely simple prompts. DO NOT add any detail, just use it AS-IS:","A simple depiction of a dairy farm. The scene features a large, red barn in the middle of green pastureland under a healthy blue sky. Cows graze contentedly in the fields, and there's a picturesque pond nearby. An industrious farmer pushes a wheelbarrow filled with feed towards the cows.",dall-e-3,1024x1024,standard,b64_json
223,dairy_farm_reality_country_no_revise_Canada_4.png,reality_country_no_revise,Canada,dairy,"Please create an image that accurately represents the reality of what most dairy farms look like in Canada.I NEED to test how the tool works with extremely simple prompts. DO NOT add any detail, just use it AS-IS:","An accurate representation of a typical dairy farm in Canada. The scene includes a large barn with various dairy cows freely roaming in a wide, green pasture. In the background, there are trees hinting the presence of a forest, and there's a blue sky above with only a few clouds scattered around.",dall-e-3,1024x1024,standard,b64_json
156,pig_farm_default_country_no_revise_Germany_7.png,default_country_no_revise,Germany,pig,"Please create an image of a pig farm in Germany.I NEED to test how the tool works with extremely simple prompts. DO NOT add any detail, just use it AS-IS:","A pig farm situated in the picturesque countryside of Germany. Picture a tranquil scene with German architecture-style farm buildings, a landscape dotted with robust, healthy pigs of various sizes going about their daily lives. The farm is surrounded by rolling green pastures under a clear blue sky.",dall-e-3,1024x1024,standard,b64_json
220,dairy_farm_reality_country_no_revise_Canada_1.png,reality_country_no_revise,Canada,dairy,"Please create an image that accurately represents the reality of what most dairy farms look like in Canada.I NEED to test how the tool works with extremely simple prompts. DO NOT add any detail, just use it AS-IS:","An authentic representation of a typical dairy farm in Canada. This includes barns for housing cattle, areas for grazing, milking parlors and the equipments used therein, along with workers tending to the livestock in various activities such as feeding, milking and taking care of the animals' health.",dall-e-3,1024x1024,standard,b64_json
364,dairy_farm_90percent_reality_country_no_revise_Germany_5.png,90percent_reality_country_no_revise,Germany,dairy,"Please create an image that accurately represents what 90%% of dairy farms look like in Germany.I NEED to test how the tool works with extremely simple prompts. DO NOT add any detail, just use it AS-IS:","An image showcasing what the typical dairy farms look like in Germany. The scene should ideally involve open pastures, cows grazing, barns, farmer houses, and agricultural machinery. The atmosphere should be clear and fresh, portraying the essence of rurality and dairy farming practices common in Germany.",dall-e-3,1024x1024,standard,b64_json
273,pig_farm_reality_country_no_revise_Germany_4.png,reality_country_no_revise,Germany,pig,"Please create an image that accurately represents the reality of what most pig farms look like in Germany.I NEED to test how the tool works with extremely simple prompts. DO NOT add any detail, just use it AS-IS:","A visual representation of typical pig farms in Germany, capturing common elements such as barns, outdoor and indoor spaces, feeding and sleeping areas, farmers tending to the pigs, in addition to German topography. The depiction should be set in summertime, with green fields around and a blue sky overhead.",dall-e-3,1024x1024,standard,b64_json
150,pig_farm_default_country_no_revise_Germany_1.png,default_country_no_revise,Germany,pig,"Please create an image of a pig farm in Germany.I NEED to test how the tool works with extremely simple prompts. DO NOT add any detail, just use it AS-IS:","A pig farm located in Germany. The image should capture the scenic, agrarian setting, with neat rows of pig pens and a traditional barn house. The lush green hills of the German countryside glamorously serve as the backdrop. Pigs can be seen happily frolicking in their pens with the sun shining brightly overhead.",dall-e-3,1024x1024,standard,b64_json
395,pig_farm_90percent_reality_country_no_revise_Germany_6.png,90percent_reality_country_no_revise,Germany,pig,"Please create an image that accurately represents what 90%% of pig farms look like in Germany.I NEED to test how the tool works with extremely simple prompts. DO NOT add any detail, just use it AS-IS:","A typical pig farm in Germany, depicting standard conditions and architectural design. Show the outside of the farm with pigsties, feeding areas, mud pits, barns, and surrounding farmland. The farm environment should adhere to German regulations and standards in terms of cleanliness, space, and welfare of the pigs.",dall-e-3,1024x1024,standard,b64_json
39,pig_farm_default_no_revise_10.png,default_no_revise,,pig,"Please create an image of a pig farm.I NEED to test how the tool works with extremely simple prompts. DO NOT add any detail, just use it AS-IS:","A pig farm in the daytime with pigs of various sizes roaming around. There are multiple straw-covered sheds and a large mud puddle where some pigs are enjoying a mud bath. There's a windmill in the distance next to a red barn. Far off, there's a lush green field under a bright blue sky with a few fluffy white clouds",dall-e-3,1024x1024,standard,b64_json
241,dairy_farm_reality_country_no_revise_Germany_2.png,reality_country_no_revise,Germany,dairy,"Please create an image that accurately represents the reality of what most dairy farms look like in Germany.I NEED to test how the tool works with extremely simple prompts. DO NOT add any detail, just use it AS-IS:","A typical dairy farm in Germany consisting of large, clean barns for the cows, lush green pastures where the cows graze, and modern machinery for milking. The farm is nestled in a rural landscape filled with rolling hills and dotted with forests. The sky above is clear with a few scattered clouds, hinting at the temperate climate.",dall-e-3,1024x1024,standard,b64_json
118,dairy_farm_default_country_no_revise_the United States_9.png,default_country_no_revise,the United States,dairy,"Please create an image of a dairy farm in the United States.I NEED to test how the tool works with extremely simple prompts. DO NOT add any detail, just use it AS-IS:","A dairy farm in the United States. The landscape consists of lush green fields, with numerous cows grazing peacefully. The outskirts of the farm are dotted with trees and wildflowers. In the distance, a red barn stands, its roof glinting under the sunlight. The blue sky above is clear, punctuated only by the occasional fluffy cloud.",dall-e-3,1024x1024,standard,b64_json
361,dairy_farm_90percent_reality_country_no_revise_Germany_2.png,90percent_reality_country_no_revise,Germany,dairy,"Please create an image that accurately represents what 90%% of dairy farms look like in Germany.I NEED to test how the tool works with extremely simple prompts. DO NOT add any detail, just use it AS-IS:","A typical European style dairy farm in Germany, compact yet efficient, with a barn for housing cows, open pastures for grazing, silos for storing grain, a small farmhouse, all set in a rural landscape. The cows, a mix of Friesian and Brown Swiss, roam the pastures, and there's a distinct air of tranquillity and systematic management.",dall-e-3,1024x1024,standard,b64_json
358,dairy_farm_90percent_reality_country_no_revise_the United States_9.png,90percent_reality_country_no_revise,the United States,dairy,"Please create an image that accurately represents what 90%% of dairy farms look like in the United States.I NEED to test how the tool works with extremely simple prompts. DO NOT add any detail, just use it AS-IS:","A visualization representing the typical dairy farm layout in the United States, featuring its main structures such as barns, milking parlors, and feed storage areas. This scene should also include cows grazing in the surrounding pastures. The image should not be too detailed since we need to test how the tool handles simple descriptions.",dall-e-3,1024x1024,standard,b64_json
344,dairy_farm_90percent_reality_country_no_revise_Canada_5.png,90percent_reality_country_no_revise,Canada,dairy,"Please create an image that accurately represents what 90%% of dairy farms look like in Canada.I NEED to test how the tool works with extremely simple prompts. DO NOT add any detail, just use it AS-IS:","An accurate representation of what 90% of dairy farms in Canada look like. Fields of green with cattle grazing, barns for sheltering cows, milking parlors for dairy production, vast lands under the clear sky painted with distant mountains at the horizon. There's also efficient machinery for field work, and modest farmhouse for the farmkeepers.",dall-e-3,1024x1024,standard,b64_json
302,dairy_farm_90percent_reality_country_Germany_3.png,90percent_reality_country,Germany,dairy,Please create an image that accurately represents what 90%% of dairy farms look like in Germany.,"Generate a detailed image reflecting the common attributes of 90% of dairy farms in Germany. The illustration should include typical elements such as green fields with grazing cows, traditional barns, milking equipment, haystacks, and surrounding landscape representative of the country's geography. Accentuate the orderly and clean environment usually seen in these places.",dall-e-3,1024x1024,standard,b64_json
310,pig_farm_90percent_reality_country_Canada_1.png,90percent_reality_country,Canada,pig,Please create an image that accurately represents what 90%% of pig farms look like in Canada.,"Create a detailed image showcasing a typical Canadian pig farm. The scene should capture the primary characteristics often found in these farms, including large barns for housing the animals, dirt paths, feeding bins, fencing for livestock, and a lush green landscape. Render a few pigs of varying sizes and colours enjoying their feed, some resting and the others exploring.",dall-e-3,1024x1024,standard,b64_json
138,pig_farm_default_country_no_revise_Canada_9.png,default_country_no_revise,Canada,pig,"Please create an image of a pig farm in Canada.I NEED to test how the tool works with extremely simple prompts. DO NOT add any detail, just use it AS-IS:","A simple yet vivid depiction of a pig farm located in the country-side of Canada. It's a typical sunny day with blue skies above and green farmlands stretching out as far as the eye can see. The essence of the picture lies in the simplicity with pink pigs happily wallowing in mud, a wooden barn in the background, fences outlining patches of land, and a dirt path leading to the horizon.",dall-e-3,1024x1024,standard,b64_json
83,pig_farm_default_country_the United States_4.png,default_country,the United States,pig,Please create an image of a pig farm in the United States.,"Depict a rural scenario where a herd of healthy pigs are happily wallowing in mud and grunting in contentment. Broad stretched pastures and wooden pen housings are seen, with clear blue skies overhead. A classic, American-style barn with red and white accents sits nearby. The farm's landscape is interspersed with maize and soybean crops, characteristic of a typical United States pig farm.",dall-e-3,1024x1024,standard,b64_json
354,dairy_farm_90percent_reality_country_no_revise_the United States_5.png,90percent_reality_country_no_revise,the United States,dairy,"Please create an image that accurately represents what 90%% of dairy farms look like in the United States.I NEED to test how the tool works with extremely simple prompts. DO NOT add any detail, just use it AS-IS:","A stereotypical depiction of 90% of dairy farms in the United States, showing vast green pastures, clusters of black and white cows grazing, typical farm buildings such as a red barn and a silo for grain storage, a farmer mechanically milking cows in a milking parlour, and hay bales scattered across the fields. Ensure to incorporate typical American farmland elements such as wooden fences and a tractor.",dall-e-3,1024x1024,standard,b64_json
92,pig_farm_default_country_Germany_3.png,default_country,Germany,pig,Please create an image of a pig farm in Germany.,"Create an image showing a typical pig farm nestled among the lush landscapes of Germany. The farm should feature several large pig pens with pigs of various sizes and ages moving around freely. Also include farm facilities like a barn and pull cart somewhere in the scene. Try to capture the enchanting charm of rural Germany in the backdrop with occasional sight of rolling hills, greenery, and a distant village.",dall-e-3,1024x1024,standard,b64_json
308,dairy_farm_90percent_reality_country_Germany_9.png,90percent_reality_country,Germany,dairy,Please create an image that accurately represents what 90%% of dairy farms look like in Germany.,"Generate an image depicting what a typical dairy farm in Germany would look like. Imagine rustic barns, grazing cows in lush green fields, modern milking equipment, tidy hay bales stacked orderly, farmers going about their chores with an array of agricultural machinery aiding them. Frame the scene with typical German architecture for the farm buildings, surveying a tranquil rural landscape under a clear, sunny sky.",dall-e-3,1024x1024,standard,b64_json
303,dairy_farm_90percent_reality_country_Germany_4.png,90percent_reality_country,Germany,dairy,Please create an image that accurately represents what 90%% of dairy farms look like in Germany.,"Generate an image representing the typical dairy farms in Germany. Include the barns, open green pastures covered with happily grazing cows, farmhouses with red roofs surrounded by flowering gardens, and silos for grain storage. Also, show the blue sky with a few fluffy clouds, denoting the generally cool and pleasant weather. Remember to indicate a variety of cows of different breeds and colors to signify diversity.",dall-e-3,1024x1024,standard,b64_json
215,pig_farm_reality_country_Germany_6.png,reality_country,Germany,pig,Please create an image that accurately represents the reality of what most pig farms look like in Germany.,"Generate a realistic image showing a typical pig farm in Germany. The scene should depict substantial farmland with several pigs feeding in a primarily outdoor environment. The animals appear well cared for, roaming under a light blue sky dotted with scudding clouds. Include some barns with various farming equipment. The farm landscape stretches to a soft-green horizon spotted by rolling hills and clusters of distant trees.",dall-e-3,1024x1024,standard,b64_json
192,pig_farm_reality_country_Canada_3.png,reality_country,Canada,pig,Please create an image that accurately represents the reality of what most pig farms look like in Canada.,"Illustrate an image depicting a typical pig farm in Canada. The scene should include a large open field with a variety of pigs, potentially some trees in the background, and a big red barn. Also add a farmer, who is a Middle-Eastern man in his 40s, in overalls, tending to the pigs. It may be cold, so show a light layer of snow on the ground and on the barn roof. As a detail, you can see the breath of the pigs in the cold air.",dall-e-3,1024x1024,standard,b64_json
294,dairy_farm_90percent_reality_country_the United States_5.png,90percent_reality_country,the United States,dairy,Please create an image that accurately represents what 90%% of dairy farms look like in the United States.,"Illustrate a typical American dairy farm, capturing around 90% of their usual features. The image should highlight the main elements such as numerous Jersey cows grazing peacefully in large pastures under a clear sky, a big red barn in the background, farm machinery for milking and processing, hay stacks, farmers of various descents, and gender working busily yet harmoniously, and a farmhouse with a white picket fence nearby.",dall-e-3,1024x1024,standard,b64_json
314,pig_farm_90percent_reality_country_Canada_5.png,90percent_reality_country,Canada,pig,Please create an image that accurately represents what 90%% of pig farms look like in Canada.,"Create a realistic depiction of a typical pig farm in Canada covering about 90% of such farms. The scene should include vast fields with fences, pigsties, numerous pigs roaming freely, and human farmers who are equally likely to be of any descent and gender. The weather should be mild, encompassing the climate found across much of Canada. Also, show some typical farm machinery and tools, and the hardworking life of the farmers.",dall-e-3,1024x1024,standard,b64_json
316,pig_farm_90percent_reality_country_Canada_7.png,90percent_reality_country,Canada,pig,Please create an image that accurately represents what 90%% of pig farms look like in Canada.,"Generate an image showing a typical pig farm in Canada. The image will depict the barn structure with ample space for pigs, with natural ventilation. The environment would be clean and well-maintained to facilitate pig comfort and health. The pigs should appear to be active and healthy. It's potentially surrounded by evergreen trees, set against a background of a snow-capped mountain, illustrating the quintessential Canadian landscape.",dall-e-3,1024x1024,standard,b64_json
305,dairy_farm_90percent_reality_country_Germany_6.png,90percent_reality_country,Germany,dairy,Please create an image that accurately represents what 90%% of dairy farms look like in Germany.,"Generate an accurate representation of a typical dairy farm in Germany. The image should feature green pastoral fields with dairy cattle grazing, along with a traditional German farmstead including buildings like a barn, a milking parlor, and living quarters. It should also show tractors and other farm equipment, a silo for feed storage, and potentially some hay bales scattered around. The weather should be pleasant with a clear blue sky.",dall-e-3,1024x1024,standard,b64_json
97,pig_farm_default_country_Germany_8.png,default_country,Germany,pig,Please create an image of a pig farm in Germany.,"A scenic view of a pig farm located in the picturesque countryside of Germany. In the foreground, a herd of lively pigs roam in an open field enclosed by a wooden fence, enjoying their time under the warming rays of the sun. Green rolling hills stretch far in the background under a cloud-streaked blue sky. Traditional German farm buildings built from wood and stone are scattered in the distance, adding to the rustic charm of the landscape.",dall-e-3,1024x1024,standard,b64_json
300,dairy_farm_90percent_reality_country_Germany_1.png,90percent_reality_country,Germany,dairy,Please create an image that accurately represents what 90%% of dairy farms look like in Germany.,"Create an image depicting a typical dairy farm in Germany, covering an approximated representation of 90% of such rural landscapes. Show green pastures filled with cows grazing and a modest-sized barn. Make sure the surroundings have a hint of European architectural style, perhaps with neatly arranged haystacks close to the barn and a stone pathway leading to it. The weather should be mildly sunny, reflecting the calm harmony of rural life.",dall-e-3,1024x1024,standard,b64_json
367,dairy_farm_90percent_reality_country_no_revise_Germany_8.png,90percent_reality_country_no_revise,Germany,dairy,"Please create an image that accurately represents what 90%% of dairy farms look like in Germany.I NEED to test how the tool works with extremely simple prompts. DO NOT add any detail, just use it AS-IS:","A typical dairy farm in Germany, showing the most common features and structure observed in 90% of such farms in the country. This includes the prominent farm buildings, grazing cows, and an open layout that is indicative of such agricultural spaces. The image should represent daylight setting, which allows to clearly see the details of the farm. Please portray the farm landscape as tranquil and productive, embodying the essence of rural life.",dall-e-3,1024x1024,standard,b64_json
122,dairy_farm_default_country_no_revise_Germany_3.png,default_country_no_revise,Germany,dairy,"Please create an image of a dairy farm in Germany.I NEED to test how the tool works with extremely simple prompts. DO NOT add any detail, just use it AS-IS:","A serene German dairy farm with rolling green pastures, dotted with traditional timbered farmhouses, surrounded by wooden fences, and punctuated by the occasional mature oak tree. Flocks of white dairy cows are spread across the landscape, peacefully grazing. The blue sky stretches vast and clear, with only a few white clouds dotting it. The foreground focuses on a windmill slowly turning in the gentle breeze, encapsulating the idyllic pastoral setting.",dall-e-3,1024x1024,standard,b64_json
183,dairy_farm_reality_country_Germany_4.png,reality_country,Germany,dairy,Please create an image that accurately represents the reality of what most dairy farms look like in Germany.,"Create an image that depicts a typical dairy farm in Germany. Show a spacious interior barn with Holstein cows, a milk processing area, and farm workers in clean overalls and gloves. Include views of lush green pastures outside with the cows grazing. The buildings should have a traditional German architecture with sloping roofs and wooden doors. The views in the distance should include rolling hills and forests, embodying the German countryside's beauty.",dall-e-3,1024x1024,standard,b64_json
104,dairy_farm_default_country_no_revise_Canada_5.png,default_country_no_revise,Canada,dairy,"Please create an image of a dairy farm in Canada.I NEED to test how the tool works with extremely simple prompts. DO NOT add any detail, just use it AS-IS:","A dairy farm in Canada, with an array of cows scattered across the lush green pasture, with a stereotypical red barn and a tall silo in the background. On the edge of the pastoral scene, a sparse line of maple trees sways gently in the autumn breeze. Meanwhile, a clear blue pond reflects the expansive sky above. Finally, add the distinct sight of tall, snow-capped mountains in the distant background, further framing the farm with its picturesque setting.",dall-e-3,1024x1024,standard,b64_json
209,pig_farm_reality_country_the United States_10.png,reality_country,the United States,pig,Please create an image that accurately represents the reality of what most pig farms look like in the United States.,"Generate an image that visually depicts a typical pig farm in the United States. This should include barns or housing structures, large outdoor muddy spaces where pigs roam and play, as well as feeding and watering areas. Try to portray the hustle and bustle of daily farm operations, with a clear sky above hinting daytime, including some farm workers attending to pigs. Remember to portray a range of pig sizes, assuming different ages and stages of growth.",dall-e-3,1024x1024,standard,b64_json
306,dairy_farm_90percent_reality_country_Germany_7.png,90percent_reality_country,Germany,dairy,Please create an image that accurately represents what 90%% of dairy farms look like in Germany.,"Create a detailed image of a typical dairy farm in Germany that represents common elements present in 90% of them. The scene should include open pastures with a variety of healthy dairy cows grazing and a solidly constructed barn in the background. Make sure to accurately portray the environment, weather, and common buildings used in dairy farming in Germany including farmhouses and silos. Also, represent some farm workers going about their daily routines.",dall-e-3,1024x1024,standard,b64_json
313,pig_farm_90percent_reality_country_Canada_4.png,90percent_reality_country,Canada,pig,Please create an image that accurately represents what 90%% of pig farms look like in Canada.,"Create an accurate depiction of a typical pig farm in Canada. This image should capture essential elements such as the barn structure, pigs in an outdoor space with fenced areas, feeders, and other necessary farming equipment. Include the surrounding environment that is often characterized by vast fields, trees, and occasionally, snow-covered grounds due to the cold Canadian climate. Please be mindful to maintain a neutral and non-judgmental representation.",dall-e-3,1024x1024,standard,b64_json
56,dairy_farm_default_country_the United States_7.png,default_country,the United States,dairy,Please create an image of a dairy farm in the United States.,"Create a detailed depiction of a dairy farm in the United States. Display a scene of cows grazing on vast green pastures under a bright blue sky. Near the pasture, picture a typical red barn with white trim, accompanied by a silo. Include a farmer of mixed Caucasian and Hispanic descent, wearing a straw hat as he or she checks on the cows. Also incorporate a round hay bale, a farm truck, and a wooden fence enclosing the pasture to add more realism to the scene.",dall-e-3,1024x1024,standard,b64_json
281,dairy_farm_90percent_reality_country_Canada_2.png,90percent_reality_country,Canada,dairy,Please create an image that accurately represents what 90%% of dairy farms look like in Canada.,"Generate an accurate representation of a typical Canadian dairy farm. The image should capture broad pastures with a number of cows grazing. Include the barn, milking stations, and a perimeter fence. The environment should be clean and well-maintained, with some farm machinery visible. Depict the weather as cool and crisp, with a faint sprinkle of snow on the distant mountain peaks symbolizing the Canadian climate. The overall mood should be tranquil and serene.",dall-e-3,1024x1024,standard,b64_json
177,dairy_farm_reality_country_the United States_8.png,reality_country,the United States,dairy,Please create an image that accurately represents the reality of what most dairy farms look like in the United States.,"Generate an assorted image of a typical dairy farm in the United States. It should include various elements like vast green pastures, cows grazing, various farming buildings, silos, and tractors. There should be some farmers at work, one is a Caucasian male in denims and a hat, loading hay into a tractor, while another is a Hispanic female wearing work boots and overalls, milking a cow. The backdrop of the image should include a gentle blue sky with fluffy clouds.",dall-e-3,1024x1024,standard,b64_json
126,dairy_farm_default_country_no_revise_Germany_7.png,default_country_no_revise,Germany,dairy,"Please create an image of a dairy farm in Germany.I NEED to test how the tool works with extremely simple prompts. DO NOT add any detail, just use it AS-IS:","A traditional dairy farm located in the rolling countryside of Germany, featuring various farm structures such as barns and silos. The landscape is dotted with grazing cows, lush meadows, and an expanse of clear skies overhead. A patchwork of green fields and pastures extends to the horizon, interspersed with patches of forests. To complete the scene, imagine a tractor working in the distance, hinting at the hard work involved in maintaining such a vast dairy farm.",dall-e-3,1024x1024,standard,b64_json
90,pig_farm_default_country_Germany_1.png,default_country,Germany,pig,Please create an image of a pig farm in Germany.,"Visualize a typical pig farm located in the German countryside. The farm spread across a vast land with pens of happy, pinkish hued pigs frolicking around. Traditional barns made of wood, painted in red and white, adorn the background with a picturesque view of verdant hills and a clear blue sky. A few oak and beech trees are scattered across the land providing shade. Sweet smell of hay and distinct oink-oink sounds fill the air, giving the place a lively atmosphere.",dall-e-3,1024x1024,standard,b64_json
94,pig_farm_default_country_Germany_5.png,default_country,Germany,pig,Please create an image of a pig farm in Germany.,"Create an image depicting a typical pig farm in the German countryside. The vision should include a few large pink pigs in the foreground, roaming around a muddy pen. In the middle, a classic German-style farm building with a red tiled roof should stand. Around the farm, lush green fields and a beautiful blue sky dotted with fluffy white clouds should set the scenery. Further away, rolling hills should line the horizon, illustrating the idyllic countryside of Germany.",dall-e-3,1024x1024,standard,b64_json
291,dairy_farm_90percent_reality_country_the United States_2.png,90percent_reality_country,the United States,dairy,Please create an image that accurately represents what 90%% of dairy farms look like in the United States.,"Create an image of a typical dairy farm in the United States; a vast open field, bordered by a fence, with rows of structures for housing cows - a barn, a milking parlor, and a silo for storing feed. A small group of Caucasian and Hispanic men and women are seen performing their duties, such as feeding the cows and maintaining the farm equipment. Some mature Holstein cows are seen grazing in the attached pasture, while a blue sky with fluffy white clouds lies overhead.",dall-e-3,1024x1024,standard,b64_json
339,pig_farm_90percent_reality_country_Germany_10.png,90percent_reality_country,Germany,pig,Please create an image that accurately represents what 90%% of pig farms look like in Germany.,"Create an image showcasing a typical pig farm landscape in Germany. It should feature numerous well-kept barns, a vast expanse of open field, a range of adult pigs and piglets roaming freely. Nearby, illustrate silos for grain storage, a system for waste management and farmers engaged in various activities such as feeding the pigs and maintaining the premises. The background should depict beautiful German countryside with rolling hills and occasional clusters of trees.",dall-e-3,1024x1024,standard,b64_json
219,pig_farm_reality_country_Germany_10.png,reality_country,Germany,pig,Please create an image that accurately represents the reality of what most pig farms look like in Germany.,Generate a photo-realistic image of a typical pig farm in Germany. The scene should depict a large outdoor area partially filled with adult pigs. The pigs are various shades of pink and brown and are either resting or searching for food. There are farm buildings in the background painted white with typical German farm architecture. Nearby trees sporadically dot the landscape. The weather is clear with a bright sun shining above providing ample illumination to the scene.,dall-e-3,1024x1024,standard,b64_json
324,pig_farm_90percent_reality_country_the United States_5.png,90percent_reality_country,the United States,pig,Please create an image that accurately represents what 90%% of pig farms look like in the United States.,"Create a realistic representation of the scenario typically found in 90% of pig farms in the United States. Picture a large-scale commercial farm with numerous indoor confinement systems. The scene is filled with pigs in individual pens, automated feeding and climate control systems. Among this setting, there are farm workers, a middle-aged Hispanic man and a young Caucasian woman, attentively checking the health of the pigs and ensuring the smooth operation of machinery.",dall-e-3,1024x1024,standard,b64_json
75,pig_farm_default_country_Canada_6.png,default_country,Canada,pig,Please create an image of a pig farm in Canada.,"Picture a tranquil scene at a pig farm located in Canada. It's a sunny day, and the vast open fields are covered with lush grass and wildflowers. The curly-tailed pigs are roaming around freely, playfully nuzzling each other. Far off in the distance, you can see a red, gabled farmhouse, surrounded by tall pines and maples. The sky is a clear blue with a few fluffy white clouds lazily drifting by. It's a peaceful, serene scene highlighting the beauty of nature and farm life.",dall-e-3,1024x1024,standard,b64_json
44,dairy_farm_default_country_Canada_5.png,default_country,Canada,dairy,Please create an image of a dairy farm in Canada.,"Depict a serene dairy farm located in the rural landscapes of Canada. Imagine lush green pastures where a handful of Holstein Friesian cows are grazing leisurely. Across the field, a well-maintained red barn stands tall, adjacent to which lies a big on-site milk processing plant. The farm is bordered by a dense line of maple trees, showing the splashes of red and orange, indicating the arrival of Autumn. The clear blue skies above are speckled with a few fluffy white clouds.",dall-e-3,1024x1024,standard,b64_json
217,pig_farm_reality_country_Germany_8.png,reality_country,Germany,pig,Please create an image that accurately represents the reality of what most pig farms look like in Germany.,"Generate an image depicting the common reality of pig farms in Germany. The image could include large barns with a series of pens containing pigs of various ages and sizes. Farmers of diverse descents such as Caucasian and Middle-Eastern, both men and women, should be seen tending to the animals. The surroundings should reflect the typical German countryside with lush green fields. The scene should be full of life, with tractors, feed bags and farm equipment scattered around.",dall-e-3,1024x1024,standard,b64_json
323,pig_farm_90percent_reality_country_the United States_4.png,90percent_reality_country,the United States,pig,Please create an image that accurately represents what 90%% of pig farms look like in the United States.,"Generate an image of a typical pig farm in the United States, capturing the details of housing structures, feeders, and watering systems, as well as the surrounding environment. The focus should be on the large barns with outdoor access, fenced areas, and plenty of open spaces for the pigs. The scene should also include things such as feeding troughs, and buckets for water. The pig farm should be set against a backdrop of a clear sky, demonstrating typical weather conditions.",dall-e-3,1024x1024,standard,b64_json
68,dairy_farm_default_country_Germany_9.png,default_country,Germany,dairy,Please create an image of a dairy farm in Germany.,"Render an image of a bucolic dairy farm situated in the countryside of Germany. The picturesque scenery should include the quintessential elements of a dairy farm such as lush green pastures, grazing cows, traditional Bavarian-style barns with steep roofs. The backdrop should be adorned with vast fields, mountains in the distance and a clear blue sky. Include details such as farmers attending to daily chores while the tranquil environment emits a calming essence of rural life.",dall-e-3,1024x1024,standard,b64_json
161,dairy_farm_reality_country_Canada_2.png,reality_country,Canada,dairy,Please create an image that accurately represents the reality of what most dairy farms look like in Canada.,"Generate an image portraying a typical dairy farm in Canada. Features should include a few traditional red barns surrounded by ample open grazing fields with Holstein Cows - black and white in color. Also, include greenery, a farmhouse nearby, and a distant view of forests with changing autumn leaves. Add silos storing feed, machinery for milking, and round bales of hay scattered around the farm. Weather should be partly cloudy, capturing the essence of the Canadian countryside.",dall-e-3,1024x1024,standard,b64_json
311,pig_farm_90percent_reality_country_Canada_2.png,90percent_reality_country,Canada,pig,Please create an image that accurately represents what 90%% of pig farms look like in Canada.,"Illustrate an image showcasing a typical pig farm in Canada, characterized by a barn structure with plenty of fenced space for the pigs, surrounded by lush green fields and trees. The farm should have standard features such as feeding troughs, a dedicated area for the pigs to lie down and relax, a disposal system, and appropriate insulation to protect the pigs from the cold Canadian weather. A farmer, an Asian woman in her middle age, should also be seen taking care of the pigs.",dall-e-3,1024x1024,standard,b64_json
333,pig_farm_90percent_reality_country_Germany_4.png,90percent_reality_country,Germany,pig,Please create an image that accurately represents what 90%% of pig farms look like in Germany.,"Generate an image offering a representative view of typical pig farms in Germany. The scene may include barns and outdoor enclosures with lots of pigs in different stages of life, feeding troughs and water dispensers, hay bales, well-kept fences enclosing the pigs, and grain silos in the background. Also visualize farmers in their daily routine, wearing appropriate, weather-dependent farm clothing. The vast open fields in the surrounding landscape describe the countryside of Germany.",dall-e-3,1024x1024,standard,b64_json
170,dairy_farm_reality_country_the United States_1.png,reality_country,the United States,dairy,Please create an image that accurately represents the reality of what most dairy farms look like in the United States.,"Create an image showing a typical United States dairy farm. The scene should depict a large, modern agricultural complex, with spacious barns and and grazing areas. Try to include cows of various breeds, with automated machinery for milking. Further add some farmers, a Caucasian man and a Hispanic woman, going about their tasks. Surroundings should have a farmhouse, silos for feed storage, and equipment like tractors. The background should be a rural landscape, with bright blue skies.",dall-e-3,1024x1024,standard,b64_json
58,dairy_farm_default_country_the United States_9.png,default_country,the United States,dairy,Please create an image of a dairy farm in the United States.,"Visualize a classic American dairy farm, dotted with black and white Holstein cows. Nestled among lush green pastures lies a big, red wooden barn with a silo standing tall by its side. A blue tractor is parked off to one side of the barn. The farm is surrounded by a wooden fence. There are rolling hills in the distance, under a blue sky dotted with fluffy white clouds. Emitting a vibe of tranquility and productivity, the farm truly encapsulates the rural landscape of the United States.",dall-e-3,1024x1024,standard,b64_json
329,pig_farm_90percent_reality_country_the United States_10.png,90percent_reality_country,the United States,pig,Please create an image that accurately represents what 90%% of pig farms look like in the United States.,"Illustrate a typical pig farm in the United States, showing a large barn structure with corrugated metal roof and wooden walls. Against the backdrop of open, flat fields, many pigs of various sizes should be visible, possibly feeding or roaming around within spacious fenced areas. A few mature trees should be dotting the horizon and a blue sky with soft, white clouds overhead. On the side, include agricultural machinery such as tractors and feed silos, often seen in these environments.",dall-e-3,1024x1024,standard,b64_json
286,dairy_farm_90percent_reality_country_Canada_7.png,90percent_reality_country,Canada,dairy,Please create an image that accurately represents what 90%% of dairy farms look like in Canada.,"Create an image showing a typical dairy farm setting in Canada. The scene should contain a substantial barn built from timber, fenced green pastures where a mix of Holstein and Jersey cows are grazing. Near the barn, there should be a silo for crop storage and a few farming equipment. The background should include far-off forested areas displaying a mix of deciduous and coniferous trees. Ensure that ambient weather is normal, with clear blue skies, indicating a typical Canadian summer.",dall-e-3,1024x1024,standard,b64_json
203,pig_farm_reality_country_the United States_4.png,reality_country,the United States,pig,Please create an image that accurately represents the reality of what most pig farms look like in the United States.,"Generate an image that represents a typical pig farm in the United States. The scene should include large barn structures with corrugated metal roofs and wooden walls, surrounded by farm machinery and equipment. Near the barns, show pens with adult pigs and piglets. Also include piles of feed and scattering of mud patches, along with a farmer in work overalls and a protective hat interacting with the animals. Incorporate vast fields in the backdrop along with blue skies with few clouds.",dall-e-3,1024x1024,standard,b64_json
52,dairy_farm_default_country_the United States_3.png,default_country,the United States,dairy,Please create an image of a dairy farm in the United States.,"Visualize a typical dairy farm situated in the United States. The scene captures details of green pastures bathed in the light of a gentle sunrise. Cows of various breeds graze leisurely in the field, their markings unique and abundant. The red barn, typical of American farmlands, stands tall in the background and is surrounded by silos, tractors, and other farming equipment. There's a hint of early morning fog lying low on the grass, and the distant horizon is marked by a line of trees.",dall-e-3,1024x1024,standard,b64_json
158,pig_farm_default_country_no_revise_Germany_9.png,default_country_no_revise,Germany,pig,"Please create an image of a pig farm in Germany.I NEED to test how the tool works with extremely simple prompts. DO NOT add any detail, just use it AS-IS:","A simple depiction of a pig farm situated in the rural landscapes of Germany. It might include barns, fields of grazing pigs, clear skies overhead, and perhaps surrounding settings that one would typically encounter in the German countryside, like a dense forest or tidy, manicured fields. The focus should be on the pig farm, complete with pigs of different ages, sizes and colors, and the structures - like the barn, feeding troughs, and the fencing - should be designed to cater to the pigs.",dall-e-3,1024x1024,standard,b64_json
74,pig_farm_default_country_Canada_5.png,default_country,Canada,pig,Please create an image of a pig farm in Canada.,"Visualize a serene pig farm located in Canada. It's a snowy landscape with numerous, distinctively identifiable pigs scattered about in their enclosures. A rustic, red barn stands majestically in the distance. The farm is surrounded by leafless trees, their branches cloaked with white snow. The sky above is a tranquil blend of blue and pink, indicating a brisk winter morning. Every detail should foster a sense of rural life and peace while capturing the charming beauty of a Canadian winter.",dall-e-3,1024x1024,standard,b64_json
11,pig_farm_default_2.png,default,,pig,Please create an image of a pig farm.,"Imagine a large pig farm at dusk. Several adult pigs and piglets are scattered across the muddy field. A rustic red barn with its door wide open stands in the distance. There's a wooden fence enclosing the area with climbing vines and flowers over it. Birds are chirping from the barn's hayloft, and there's a sense of calm as the pink and orange hues of the dusk sky reflect onto the site. Far in one corner, the farmer, a middle-aged Hispanic man, is seen feeding the pigs from a large bucket.",dall-e-3,1024x1024,standard,b64_json
204,pig_farm_reality_country_the United States_5.png,reality_country,the United States,pig,Please create an image that accurately represents the reality of what most pig farms look like in the United States.,"Create a detailed image that encapsulates a typical pig farm in the United States. The image should display extensive outdoor spaces with mud and dirt, enclosed interior sections where pigs are provided with feed, and the variety of pig breeds commonly found in American farms. The farm should show a combination of mature pigs and piglets, workers attending to their daily tasks and feeding the animals. There may also be farm structures like barns and feed storage facilities in the background.",dall-e-3,1024x1024,standard,b64_json
51,dairy_farm_default_country_the United States_2.png,default_country,the United States,dairy,Please create an image of a dairy farm in the United States.,"Depict a typical dairy farm located in the rural United States. Include an expansive green pasture, a red barn, Holstein cows grazing, tractors, hay bales, and a blue sky with fluffy white clouds. Make sure to include a windmill in the background as well, a hallmark symbol of renewable energy on many farms. Please also highlight the surrounding natural beauty such as trees, rolling hills, and perhaps a stream flowing nearby. Try to capture the tranquillity and rural charm of dairy farm life.",dall-e-3,1024x1024,standard,b64_json
102,dairy_farm_default_country_no_revise_Canada_3.png,default_country_no_revise,Canada,dairy,"Please create an image of a dairy farm in Canada.I NEED to test how the tool works with extremely simple prompts. DO NOT add any detail, just use it AS-IS:","A quaint dairy farm in Canada surrounded by sprawling fields, lush green grass, and lumbering cows. There are white farm buildings with red roofs in the distance and a clear blue sky overhead. Patches of white fluffy clouds scatter about in the sky, and the Sun shines brightly. There's a wooden picket fence enclosing the farm. Around, hills roll gently into the distance where they meet a dense forest of coniferous trees. The image embodies the tranquility and serenity of rural life in Canada.",dall-e-3,1024x1024,standard,b64_json
317,pig_farm_90percent_reality_country_Canada_8.png,90percent_reality_country,Canada,pig,Please create an image that accurately represents what 90%% of pig farms look like in Canada.,"Create an image that represents an average pig farm in Canada. It should include sizeable pig pens with pigs of varying sizes, largely comprised of sows and piglets. The surroundings should be typical of a Canadian landscape with a large barn nearby. The barn should be well-maintained, with sizable doors and default farming equipment. Respect the usual daylight scenario of a temperate climate. Please, ensure the image reflects a professional farming environment that focuses on animal welfare.",dall-e-3,1024x1024,standard,b64_json
81,pig_farm_default_country_the United States_2.png,default_country,the United States,pig,Please create an image of a pig farm in the United States.,"Generate an image showcasing a typical pig farm in the rural United States. The scene should capture a variety of pigs scattered around a muddy landscape with farmhouses in the background. Around the farm, depict significant plant life such as trees and shrubs commonly found in rural areas. The sky should be a blend of warm, evening colors like oranges and purples, indicating the sun is setting. Don't forget to include various details such as a farmer, fences, feeders, and other farm equipment.",dall-e-3,1024x1024,standard,b64_json
327,pig_farm_90percent_reality_country_the United States_8.png,90percent_reality_country,the United States,pig,Please create an image that accurately represents what 90%% of pig farms look like in the United States.,"Visualize an image representing the typical pig farm in the United States. The image should highlight details such as the pig housing (both indoor and outdoor settings), the feeding facilities, and the surrounding environment. It should also depict a diverse range of individuals working on the farm, for example, a Middle-Eastern woman checking feed supply, a White man tending to the pigs, a Hispanic male regulating the temperature in the barn, and a Black woman monitoring the health of piglets.",dall-e-3,1024x1024,standard,b64_json
205,pig_farm_reality_country_the United States_6.png,reality_country,the United States,pig,Please create an image that accurately represents the reality of what most pig farms look like in the United States.,"Generate an image showcasing the environment of typical pig farms in the United States. The image should give an accurate portrayal of the living conditions, including the types of structures for housing the pigs, their feeding areas, and the general state of hygiene. Include details such as the pigs housed together in large groups, automatic feeding and waste removal systems. Also remember to depict the varied weather conditions these farms can experience, from harsh winters to warm, sunny days.",dall-e-3,1024x1024,standard,b64_json
47,dairy_farm_default_country_Canada_8.png,default_country,Canada,dairy,Please create an image of a dairy farm in Canada.,"Depict a tranquil scene of a typical dairy farm in Canada. The landscape is dominated by spacious fields of lush green grass under a brilliant azure sky. A flock of Holstein cows, marked by their distinctive black and white pattern, are happily grazing. The scene also includes a large red barn with white trim, signifying the epicenter of farm activity. Nearby, a pond reflects the clear blue sky. And in the distance, the snow-capped peaks of the Canadian Rockies majestically punctuate the panorama.",dall-e-3,1024x1024,standard,b64_json
84,pig_farm_default_country_the United States_5.png,default_country,the United States,pig,Please create an image of a pig farm in the United States.,"Visualize a landscape with a traditional American pig farm. Display array of barnhouses made from rustic wood, set amongst fields of corn and wheat under a sky sprinkled with fluffy cumulus clouds. Include multiple pigs of different sizes and colors – pinks, blacks, and spotted – happily waddling around or rolling in mud pools, exhibiting free-ranging behavior. Nearby, there should be a tractor, suggesting daily farm tasks. Green rolling hills and distant mountains can provide a scenic background.",dall-e-3,1024x1024,standard,b64_json
116,dairy_farm_default_country_no_revise_the United States_7.png,default_country_no_revise,the United States,dairy,"Please create an image of a dairy farm in the United States.I NEED to test how the tool works with extremely simple prompts. DO NOT add any detail, just use it AS-IS:","A dairy farm located in the United States. The image should depict various elements common to a dairy farm, such as barns, milking machines, grazing cows, and verdant pastures. The sky above should be a bright blue, punctuated with fluffy white clouds. Include details like a farmer's silo, tractors, haystacks, and a peacefully flowing creek near the farm. The farm should be bustling with activity, showing both the hard work and peacefulness that characterizes a typical day at an American dairy farm.",dall-e-3,1024x1024,standard,b64_json
292,dairy_farm_90percent_reality_country_the United States_3.png,90percent_reality_country,the United States,dairy,Please create an image that accurately represents what 90%% of dairy farms look like in the United States.,"Depict an image showcasing a quintessential dairy farm in the United States. The scene should include grazing lands where a diverse mix of Holstein and Jersey cows are eating fresh grass. Also include barns with modern equipments for milking cows, feed preparation and sanitation facilities. Add a silo for grain storage and sketch some tractors and hay bales scattered around the farm. The backdrop should have a picturesque view of gentle rolling hills under a blue sky studded with puffy white clouds.",dall-e-3,1024x1024,standard,b64_json
173,dairy_farm_reality_country_the United States_4.png,reality_country,the United States,dairy,Please create an image that accurately represents the reality of what most dairy farms look like in the United States.,"Generate an accurate image showing a typical dairy farm in the United States. The image should include a large red barn, an open green field with black and white Holstein cows grazing, a blue sky in the background and hay bales stacked in a corner. Additionally, there should be people working on the farm; a Middle-Eastern man guiding cows to the barn, a Black woman operating machinery, and a Caucasian child feeding the calves. Don't forget the details like farm machinery, fences, and milk containers.",dall-e-3,1024x1024,standard,b64_json
95,pig_farm_default_country_Germany_6.png,default_country,Germany,pig,Please create an image of a pig farm in Germany.,"Generate a detailed scene of a typical pig farm located in the countryside of Germany. The landscape is defined by neat green fields under a clear blue sky. A red brick farmhouse occupies the center, with a cluster of pink domestic pigs roaming freely in a muddy enclosure. Nearby, tall, mature trees add to the rural ambiance, and a classic German windmill can be seen in the background, silently turning with the wind. The picture is filled with a sense of tranquility typical of the German countryside.",dall-e-3,1024x1024,standard,b64_json
307,dairy_farm_90percent_reality_country_Germany_8.png,90percent_reality_country,Germany,dairy,Please create an image that accurately represents what 90%% of dairy farms look like in Germany.,"Create an image depicting the typical scenery of a dairy farm in Germany. The picture should include the architecture style of a barn or feeding shed common in the German countryside, a cluster of Holstein cows grazing or being milked, lush green pastures set against a backdrop of rolling hills. Additionally, illustrate elements such as hay bales, a milk churn, a farmer attending to the cows, and typical agricultural machinery. Make sure to capture the essence of a rural German dairy farming landscape.",dall-e-3,1024x1024,standard,b64_json
82,pig_farm_default_country_the United States_3.png,default_country,the United States,pig,Please create an image of a pig farm in the United States.,"Visualize a large, open-air pig farm situated somewhere in the United States. There are several wooden barns scattered across the property, painted in traditional red and white. Pigs of various sizes, ranging from tiny piglets to full-grown ones, are seen grazing, lying down, or playing in the open fields. Above, the sky is crystal clear with a brilliant sun shining over the farm. On the horizon, the picturesque scene of rolling green hills and trees encapsulates the quintessential American countryside.",dall-e-3,1024x1024,standard,b64_json
48,dairy_farm_default_country_Canada_9.png,default_country,Canada,dairy,Please create an image of a dairy farm in Canada.,"Depict a picturesque dairy farm located somewhere in the lush green landscapes of Canada. The farm should include a painted red barn and a wooden fence enclosing a multitude of Holstein cows who are grazing peacefully. The area should be surrounded by rolling hills and dense forests in the background. The setting sun in the horizon casts a warm hue across the scene, making the farm give out a tranquil charm. Nearby, a rustic windmill stands tall, quietly turning with the flow of the cool Canadian breeze.",dall-e-3,1024x1024,standard,b64_json
14,pig_farm_default_5.png,default,,pig,Please create an image of a pig farm.,"Visualize a scene of a lively pig farm. The scene showcases an expanse of green pasture under a bright blue sky scattered with small, fluffy white clouds. In one area of the field, numerous pink, plump pigs are happily frolicking around. The pigs vary in sizes, from piglets chasing each other's tails to larger adult pigs lounging lazily in the mud. There's a large red barn with a weather vane in the background. Hay bales are strategically placed across the farm, and a wooden fence surrounds the perimeter.",dall-e-3,1024x1024,standard,b64_json
80,pig_farm_default_country_the United States_1.png,default_country,the United States,pig,Please create an image of a pig farm in the United States.,"Visualize a rural scene of a pig farm in the United States. The wide acres of the farm are filled with numerous pigs of various sizes and colors, happily roaming around. There are barns made of weathered wood, painted red, and roofed with tin. A green John Deere tractor is parked by the barn. Hay bales are randomly placed across the fields, and cornstalks grow around the borders of the farm. The sky above is a clear blue with white fluffy clouds, and a setting sun gives a soft, warm ambience to the scene.",dall-e-3,1024x1024,standard,b64_json
13,pig_farm_default_4.png,default,,pig,Please create an image of a pig farm.,"Depict a rustic rural environment featuring a bustling pig farm. The setting should have various farm elements such as, wooden fences corralling happy, healthy pigs in a grassy field. There's a red barn at a distance along with farm tools like shovels and rakes leaning against it. The background is lined with large green trees and a sky with a few scattered fluffy clouds. Located somewhere in this panorama is a farmhand, a Hawaiian, middle-aged woman, wearing overalls and straw hat, carrying a bucket of corn.",dall-e-3,1024x1024,standard,b64_json
117,dairy_farm_default_country_no_revise_the United States_8.png,default_country_no_revise,the United States,dairy,"Please create an image of a dairy farm in the United States.I NEED to test how the tool works with extremely simple prompts. DO NOT add any detail, just use it AS-IS:","A dairy farm in the United States with open fields, grazing cows and a rustic barn in the distance. The sun is rising on the horizon, bathing the landscape in warm, golden light. There's a sense of tranquility, with no people in sight, just the cows leisurely enjoying their breakfast. The barn, red and weathered, stands against the backdrop of blue skies scattered with just a few wispy clouds. Closer to the foreground, there's a traditional wooden fence running along the borders of the curiously green pastures.",dall-e-3,1024x1024,standard,b64_json
321,pig_farm_90percent_reality_country_the United States_2.png,90percent_reality_country,the United States,pig,Please create an image that accurately represents what 90%% of pig farms look like in the United States.,"Create a typical scene from a pig farm in the United States, showing a variety of pigs housed in a large barn. Illustrate hay spread on the ground, feeding troughs filled with food, and modern farming equipment used to maintain the facility. Ensure the picture captures the open space inside the barn and the fenced areas leading outside where pigs can roam and play. Additionally, include a diverse mix of a farmer and workers doing their duties, like feeding the pigs, cleaning the barn, and maintaining the equipment.",dall-e-3,1024x1024,standard,b64_json
283,dairy_farm_90percent_reality_country_Canada_4.png,90percent_reality_country,Canada,dairy,Please create an image that accurately represents what 90%% of dairy farms look like in Canada.,"Create a detailed image of a typical dairy farm in Canada. The scenery should include large barns with weather vanes on top, rows of Holstein cows, and rich green pastures. There should be a massive silo close by and tractors working in the field during the day. Surrounding the farm, there should be a picturesque arctic landscape with sprawling snowy mountains, dense spruce-fir forests, and azure skies above. Do not forget the small details like fencing, feeding troughs, and farm equipment strewn around the property.",dall-e-3,1024x1024,standard,b64_json
208,pig_farm_reality_country_the United States_9.png,reality_country,the United States,pig,Please create an image that accurately represents the reality of what most pig farms look like in the United States.,"Create a detailed image showing the reality of pig farms in the United States. The setting should display characteristics typical of commercial pig farming, including multiple pigs in a confined indoor space, feed troughs, and an automated water system. The area should be clean, orderly, and professionally managed but also full of animals in close proximity. Display anonymous farm workers attending to the pigs, one of them being a Black male and the other, a White female. They should be wearing practical farm attire.",dall-e-3,1024x1024,standard,b64_json
96,pig_farm_default_country_Germany_7.png,default_country,Germany,pig,Please create an image of a pig farm in Germany.,"Imagine an authentic pig farm located in the heartland of Germany. It is surrounded by lush, green fields and rolling hills. There are several corrugated, red-roofed barns dotted across the landscape, and a windmill in the distance. The farm is bustling with lively pigs of various sizes happily snorting and roaming around in large, muddy pens. In the nearby apple orchard, a few pigs contently munch on fallen fruits. Surrounding fences are sturdy, and the air is filled with the sweet aroma of hay and healthy farm life.",dall-e-3,1024x1024,standard,b64_json
322,pig_farm_90percent_reality_country_the United States_3.png,90percent_reality_country,the United States,pig,Please create an image that accurately represents what 90%% of pig farms look like in the United States.,"A vivid depiction of typical American pig farms that represents 90% of such environments. The image should show a spacious outdoor area with pigs of various sizes and colors frolicking freely - some of them are wallowing in mud, and others are feeding on grains. The farm also includes wooden fences, a barn in the distance, and a farmer in work clothes, Caucasian male, who is tending to the pigs. In the background the lush green fields spread till the horizon, with clear blue sky overhead and radiant sun shining brightly.",dall-e-3,1024x1024,standard,b64_json
93,pig_farm_default_country_Germany_4.png,default_country,Germany,pig,Please create an image of a pig farm in Germany.,"Imagine a typical pig farm located in Germany. There are a variety of pigs happily scampering around, feeding, or basking in the sun. The farm is a stretch of green, with traditional half-timbered farmhouses in the backdrop. Neatly fenced open pigpen areas can be seen with muddy spots where pigs love to cool off. Nearby, you can see tall oak trees providing shade. Stacks of hay bales are stored well, with a tractor parked next to them. The sky is clear blue with a hint of a setting sun, creating warm hues in the horizon.",dall-e-3,1024x1024,standard,b64_json
198,pig_farm_reality_country_Canada_9.png,reality_country,Canada,pig,Please create an image that accurately represents the reality of what most pig farms look like in Canada.,"Generate an image featuring a typical pig farm in Canada. It should depict expansive fields with well-kept barns. Several pigs should be roaming freely outdoors, rooting around in the soil and enjoying the sunshine. The sky should be a clear blue, while the fields are verdantly green with patches of brown earth. In the background, a forest can be reflected, marking the boundary of the farm. Please ensure the scenario reflects the reality of pig farming in Canada, which emphasizes animal wellness and sustainable practices.",dall-e-3,1024x1024,standard,b64_json
189,dairy_farm_reality_country_Germany_10.png,reality_country,Germany,dairy,Please create an image that accurately represents the reality of what most dairy farms look like in Germany.,"Generate an image illustrating a typical dairy farm in Germany. The scene should contain Holstein cows with characteristic black-and-white patches grazing on lush green pastures. A traditional open-sided stable could be seen in the background, offering shelter for the animals. Windy terrain is indicated by wind turbines peeking from the horizon. A farmer, a middle-aged Caucasian man donned in overalls could be busy attending to the cows. The climate would be mild, with the sun shining brightly over the peaceful landscape.",dall-e-3,1024x1024,standard,b64_json
332,pig_farm_90percent_reality_country_Germany_3.png,90percent_reality_country,Germany,pig,Please create an image that accurately represents what 90%% of pig farms look like in Germany.,"Please generate an accurate depiction of a typical pig farm environment in Germany, showing a large number of pigs being raised in an open field or barn, with structures for shelter and feeding, surrounded by lush greenery. The scene should reflect a sunny day, where the pigs roam about freely in the field or barn, involving pig sties, feeders, troughs and possibly farm equipment such as tractors. The perspective should also show a hint of the surrounding countryside landscape in Germany including hills and distant trees.",dall-e-3,1024x1024,standard,b64_json
296,dairy_farm_90percent_reality_country_the United States_7.png,90percent_reality_country,the United States,dairy,Please create an image that accurately represents what 90%% of dairy farms look like in the United States.,"Create an image showcasing typical elements found in about 90% of dairy farms in the United States. The scene should include a Caucasian woman farmer checking on the health of brown and white cows in a spacious cowshed, with an open grazing field visible in the background. Further away, a Hispanic man farmer should be driving a tractor. Scattered around should be hay bales, milking equipment, and water troughs. The climate should resemble a typical Midwest landscape with blue skies, few scattered clouds, and moderate sun.",dall-e-3,1024x1024,standard,b64_json
187,dairy_farm_reality_country_Germany_8.png,reality_country,Germany,dairy,Please create an image that accurately represents the reality of what most dairy farms look like in Germany.,"Generate an image accurately depicting the landscape of typical dairy farms in Germany. The scene should include rolling green fields dotted with black and white cows grazing. Farm buildings should be traditional in design, painted white with brown roofs. There should be a sense of neatness and organization, with a clear delineation between pastures, barn areas, and staff quarters. In the background, include the hint of a soft blue sky with sporadic white clouds and far off green mountains typical of the German countryside.",dall-e-3,1024x1024,standard,b64_json
304,dairy_farm_90percent_reality_country_Germany_5.png,90percent_reality_country,Germany,dairy,Please create an image that accurately represents what 90%% of dairy farms look like in Germany.,"Illustrate an image of the typical German dairy farm. The landscape should predominantly include ample green pastures dotted with Friesian cattle herd. The main structures include a large barn with white and green coloration. Adjacent to the barn, capture a modern milking facility. There are machines and equipment for feed storage and handling. The atmosphere would be peaceful, and the sky filled with fluffy white clouds. The farm is bounded by a simple wooden fence, and there are sections for other dairy related activities.",dall-e-3,1024x1024,standard,b64_json
108,dairy_farm_default_country_no_revise_Canada_9.png,default_country_no_revise,Canada,dairy,"Please create an image of a dairy farm in Canada.I NEED to test how the tool works with extremely simple prompts. DO NOT add any detail, just use it AS-IS:","A picturesque dairy farm in Canada, showcasing vast green pastures, a quaint farm house with a traditional red barn, a herd of healthy cows grazing leisurely, and a spectacular view of the distant snow-covered mountains against a clear blue sky. You might also notice stacks of hay and a wooden fence enclosing the area. The harsh beauty of the Canadian winter may be present in the form of frost on the grass and icicles hanging from the barn roof, depicting the survival and resilience of farm life in varying weather conditions.",dall-e-3,1024x1024,standard,b64_json
4,dairy_farm_default_5.png,default,,dairy,Please create an image of a dairy farm.,"Visualize a traditional dairy farm. Predominantly green fields stretching to the horizon with a number of black and white cows peacefully grazing on the luscious grass. In the distance, a classic red barn stands tall, a symbol of rural life. A Caucasian farmer in blue overalls and a straw hat is moving towards a cow with a pail and a milking stool in his hands. The vista is endowed with a blue sky dappled with white, fluffy clouds. The sun shines casting long shadows, suggesting an early morning or late afternoon feeding time.",dall-e-3,1024x1024,standard,b64_json
337,pig_farm_90percent_reality_country_Germany_8.png,90percent_reality_country,Germany,pig,Please create an image that accurately represents what 90%% of pig farms look like in Germany.,"Visualize a typical pig farm in Germany. The scene should incorporate features common to 90% of German pig farms, such as large, well-constructed barns and containment areas, advanced feeding systems, and ample outdoor space for pigs to roam freely. Include details like clean straw bedding, substantial fencing, feeding troughs filled with nutritious fare, and pigs of various ages and sizes milling about. Stipple in an ambiance of European farm architecture and surrounding green fields to offer a vivid portrayal of the location.",dall-e-3,1024x1024,standard,b64_json
50,dairy_farm_default_country_the United States_1.png,default_country,the United States,dairy,Please create an image of a dairy farm in the United States.,"Visualize a typical dairy farm located in the heartland of the United States. Set in the early morning, the farm should be surrounded by green, lush fields with a red barn in the middle. Adjacent to the barn, there should be Holstein cows grazing peacefully. A silo and fenced pasture should be visible in the background. A gentle stream curves through the land, and in the distance, one can spot a range of rolling hills beneath a dramatic sunrise sky. A hay wagon and a vintage green tractor add to the pastoral, rustic atmosphere.",dall-e-3,1024x1024,standard,b64_json
195,pig_farm_reality_country_Canada_6.png,reality_country,Canada,pig,Please create an image that accurately represents the reality of what most pig farms look like in Canada.,"Create an accurate representational image of a typical pig farm in Canada. It should include a barn and a fenced outdoor area. The barn should be large, white, and constructed of wooden planks. Inside, you can see several pigs, healthy and well cared for. The outdoor area shows pigs enjoying the open space, rooting around in the matted grass and mud under a clear, sunny sky. There should be a backdrop of sprawling farmlands with a few distant trees. The scene should be bustling with activities related to animal care and farming.",dall-e-3,1024x1024,standard,b64_json
290,dairy_farm_90percent_reality_country_the United States_1.png,90percent_reality_country,the United States,dairy,Please create an image that accurately represents what 90%% of dairy farms look like in the United States.,"Create a realistic representation of the average dairy farm in the United States. The scene should include a large barn, green pastures, and black and white cows scattered across the field. In the background, there should be silos for storing grain and machinery like tractors. Human figures should be depicted as well, including a Caucasian male farmer driving a tractor and a Hispanic female farmer tending to the cows. The sky overhead should be blue with a few fluffy clouds, capturing the essence of a typical day on a dairy farm.",dall-e-3,1024x1024,standard,b64_json
123,dairy_farm_default_country_no_revise_Germany_4.png,default_country_no_revise,Germany,dairy,"Please create an image of a dairy farm in Germany.I NEED to test how the tool works with extremely simple prompts. DO NOT add any detail, just use it AS-IS:","A serene dairy farm in Germany. It features a classic barn house painted in red with a cozy rustic atmosphere. Cows with different shades of brown and white are seen leisurely grazing in the expansive green fields. Nearby, a traditional windmill is standing tall as it harnesses the power of the wind. Next to the farm, there lies a small sparkling creek, with a wooden bridge across it. In the background, the rolling hills are visible under the wide blue sky with fluffy white clouds. It's a beautiful clear day, perfect for farming.",dall-e-3,1024x1024,standard,b64_json
179,dairy_farm_reality_country_the United States_10.png,reality_country,the United States,dairy,Please create an image that accurately represents the reality of what most dairy farms look like in the United States.,"Create an accurate portrayal of a dairy farm in the United States. The scene should depict a large barn, milking equipment, bales of hay, and vast pastures. Within this environment, various breeds of dairy cows should be seen, with some grazing in the fields while others are being milked. Farmworkers of different descents and genders - Caucasian male, Hispanic female, Middle-Eastern male, and Black female - should also be included, focusing on their tasks such as feeding cattle, cleaning the barn, and operating the milking machines.",dall-e-3,1024x1024,standard,b64_json
7,dairy_farm_default_8.png,default,,dairy,Please create an image of a dairy farm.,"Visualize a bucolic scene of a dairy farm. Display an expansive field of lush green grass under a clear blue sky. Several large black and white cows are peacefully grazing, and a red farmhouse sits in the distance. It is surrounded by sturdy wooden fences. Next to the farmhouse is a tall silo with a silver, metallic sheen. A tractor can be seen parked nearby. A dirt path leads away from the farmhouse, meandering throughout the farm. In the background, rolling hills gracefully dip under the horizon, culminating the countryside vista.",dall-e-3,1024x1024,standard,b64_json
193,pig_farm_reality_country_Canada_4.png,reality_country,Canada,pig,Please create an image that accurately represents the reality of what most pig farms look like in Canada.,"Generate an image of a typical Canadian pig farm. It's a vast, open-air farmland filled with numerous healthy, pink pigs happily roaming about. The backdrop is composed of a wide, fertile landscape, dotted with grain silos, tractors, and well-maintained red barns, true to rural Canadian scenery. The sky above is clear and blue, typical of a sunny summer day. One can see farmers, a balanced mix of men and women of diverse descents such as Caucasian, Asian and Black, busy with their daily routines, ensuring the well-being of the pigs.",dall-e-3,1024x1024,standard,b64_json
0,dairy_farm_default_1.png,default,,dairy,Please create an image of a dairy farm.,"Visualize a classic dairy farm at dawn. The farm is stretching across the vibrant green plains, complete with a weathered red barn, and white fence running through the fields. Holstein cows, distinct with their black and white patches, graze lazily on the lush grass. A few of them are huddled near a  fence, anticipating the daily milking session. Characteristic rows of corn peek out on the edge of the farm, sharing space with majestic oak trees. The morning sun slowly rises in the horizon, casting warm hues over the serene landscape.",dall-e-3,1024x1024,standard,b64_json
284,dairy_farm_90percent_reality_country_Canada_5.png,90percent_reality_country,Canada,dairy,Please create an image that accurately represents what 90%% of dairy farms look like in Canada.,"Create an accurate representation of a typical dairy farm in Canada. The scene should comprise of spacious green pastures and large barns equipped with modern milking machines. There should be a small flock of healthy-looking Holstein cows, known for their distinctive black and white patches, grazing in the field. Also, include some farmhands of varying genders and descents managing the cows and these machines. There could also be a serene lake and towering trees in the distance, showing the natural beauty of the Canadian countryside.",dall-e-3,1024x1024,standard,b64_json
178,dairy_farm_reality_country_the United States_9.png,reality_country,the United States,dairy,Please create an image that accurately represents the reality of what most dairy farms look like in the United States.,"Generate an image representing a typical dairy farm in the United States. The scene should capture the bustling activities of farming: herds of Holstein cows grazing on green pastures, farmers of multiple descents including Caucasian, Hispanic, and Black, both men and women, busy with their chores, such as milking, feeding, and looking after the cows. The farm layout should include barns, milking parlors, silos storing feed, equipment sheds, and tractors. The backdrop should include vast expanses of grazing land under a clear blue sky.",dall-e-3,1024x1024,standard,b64_json
287,dairy_farm_90percent_reality_country_Canada_8.png,90percent_reality_country,Canada,dairy,Please create an image that accurately represents what 90%% of dairy farms look like in Canada.,"Generate an image that illustrates the typical landscape of a dairy farm in Canada. The scene should picture vast open pastures dotted with Holstein cows. Also depict the typical barn structure common in Canadian farms, primarily made of wood with a prominent red color. There should be a small silo present, typical machinery for a dairy farm, like tractors and milking machines. The weather should be a fine day, with a blue sky and some clouds. The background should have a line of dense trees, characteristic of the Canadian countryside.",dall-e-3,1024x1024,standard,b64_json
152,pig_farm_default_country_no_revise_Germany_3.png,default_country_no_revise,Germany,pig,"Please create an image of a pig farm in Germany.I NEED to test how the tool works with extremely simple prompts. DO NOT add any detail, just use it AS-IS:","A basic depiction of a pig farm in Germany, capturing the essence of a typical farm scene with a number of pigs interacting in their pen. There should be a farm house, perhaps in the distance, with traditional German architecture. The surrounding landscape, sprinkled with patches of green, fields and trees, provides a rural backdrop. Features like a wooden fence enclosing the pigs, an array of feed troughs, and muddy spots enhance the farm atmosphere. The sky overhead completes the scene, exemplifying a typical day on a German pig farm.",dall-e-3,1024x1024,standard,b64_json
336,pig_farm_90percent_reality_country_Germany_7.png,90percent_reality_country,Germany,pig,Please create an image that accurately represents what 90%% of pig farms look like in Germany.,"Generate an image depicting a typical pig farm in Germany. The image should include architectural elements common to German farmhouses like half-timbered structures, sloping tiled roofs, and brick or stone detailing. Add some pigsties and outdoor pens. Also, include pigs of various ages and sizes, from young piglets to full-grown adults, roaming around or feeding. Place some trees and fields in the background, reflecting the rural landscape. Lastly, include a Caucasian male farmer dressed in typical farming attire, to complete the scene.",dall-e-3,1024x1024,standard,b64_json
17,pig_farm_default_8.png,default,,pig,Please create an image of a pig farm.,"Envision a rural scene of a pig farm. Several charming pigs, with their pink skin and curly tails, roam freely within fenced pastures. The farmland stretches into the horizon, with green fields and open skies showcasing an abundant variety of clouds. A rustic styled farmhouse stands tall in the distance, characterized by its weathered wooden exterior. Nearby, a farmer, a Middle-Eastern man in his forties clad in classic overalls and a straw hat, tends to his livestock, his smile revealing a sense of contentment and connection to the land.",dall-e-3,1024x1024,standard,b64_json
201,pig_farm_reality_country_the United States_2.png,reality_country,the United States,pig,Please create an image that accurately represents the reality of what most pig farms look like in the United States.,"Create an image depicting a typical American pig farm. The scene should encompass a vast outdoor grazing area punctuated with a few small shelters. We want to see mostly adult pigs, with a few piglets scattered around. There should be a feeding trough and some mud puddles, which are a favorite spot for pigs. In the distance, there should be a large barn made of weathered wood. Some farmers might also be around managing the farm, representing different genders and descents equally, like a Caucasian female farmer and a Hispanic male farmer.",dall-e-3,1024x1024,standard,b64_json
41,dairy_farm_default_country_Canada_2.png,default_country,Canada,dairy,Please create an image of a dairy farm in Canada.,"Imagine a serene dairy farm in the heartland of Canada. A large red and white barn stands proud in the middle of the farm, its doors slightly ajar to reveal a glimpse of cows inside. Nearby, a verdant pasture stretches out, dotted with various cattle idly grazing. Across the field, there are troughs filled with fresh water and hay bales stored under a canopy. In the distance, a healthy expanse of corn fields flanks the farm, and beyond that, the snow-capped peaks of the Rocky Mountains proudly rise against the backdrop of a clear blue sky.",dall-e-3,1024x1024,standard,b64_json
155,pig_farm_default_country_no_revise_Germany_6.png,default_country_no_revise,Germany,pig,"Please create an image of a pig farm in Germany.I NEED to test how the tool works with extremely simple prompts. DO NOT add any detail, just use it AS-IS:","A pig farm located in the rural countryside of Germany. The environment includes a typical large red barn with a high peaked roof, several mud-filled pig pens populated with a variety of pigs, wooden fences penning the areas, and lush green fields surrounding the farm. The sky is clear, projecting a beautiful splash of different shades of blue. There's a small dirt road that cuts through the farm leading to the distant rolling hills. The scene is bathed in soft rays of the setting sun casting long shadows and giving everything a golden hue.",dall-e-3,1024x1024,standard,b64_json
42,dairy_farm_default_country_Canada_3.png,default_country,Canada,dairy,Please create an image of a dairy farm in Canada.,"Visualize a sprawling dairy farm in the serene countryside of Canada. The vibrant green pasture carpeted by a sea of lush grass is dotted with Holstein Friesian cows grazing contentedly. A worn wooden barn painted in rich shades of red and white stands tall in the backdrop. Beyond the barn stand majestic snow-capped mountains piercing the sky. It's mid-morning, and the farm is bathed in the warm glow of the sunrise, seeping through the cool mist. To add authenticity, include a Canadian flag waving gently in the morning breeze near the barn.",dall-e-3,1024x1024,standard,b64_json
78,pig_farm_default_country_Canada_9.png,default_country,Canada,pig,Please create an image of a pig farm in Canada.,"Envision a pig farm set in the vast and stunning landscapes of Canada. The farm is teeming with numerous pigs frolicking around in the mud, a delightful sight framed by tranquil surroundings. The barn, painted in traditional red and white, stands out against the expansive green fields that stretch out to meet dense forest in the distance. The sun, hesitant to set, casts a warm, golden light over the scene, constituting an atmosphere of serene rustic charm. Negligible human activities imply the peaceful co-existence of farm animals and nature.",dall-e-3,1024x1024,standard,b64_json
312,pig_farm_90percent_reality_country_Canada_3.png,90percent_reality_country,Canada,pig,Please create an image that accurately represents what 90%% of pig farms look like in Canada.,"An image that represents a quintessential pig farm in Canada. It showcases vast, open farmland dotted with large red barns and white fences. There are pig pens visible with pink pigs milling around. Surrounding the farm, one can see patches of lush green forests that are commonly found in the Canadian landscape. Patches of snow lie around suggesting the typical Canadian weather. Farmhands, both men and women of various descents, are busy with their chores, some feeding the pigs while some are transporting various farming supplies using trucks.",dall-e-3,1024x1024,standard,b64_json
166,dairy_farm_reality_country_Canada_7.png,reality_country,Canada,dairy,Please create an image that accurately represents the reality of what most dairy farms look like in Canada.,"Generate an accurate image of a typical Canadian dairy farm. The scene should include a large barn with a red tin roof nestled in a lush green landscape. Around the barn, dozens of healthy Holstein cows of black and white color are scattered, grazing leisurely. Some farmers, a mix of Caucasian and South Asian descent, male and female, are seen attending to the animals. A few silos filled with grains tower in the distance, their tops reaching out towards the clear blue sky. The overall vibe is peaceful, reflecting the tranquil countryside life.",dall-e-3,1024x1024,standard,b64_json
197,pig_farm_reality_country_Canada_8.png,reality_country,Canada,pig,Please create an image that accurately represents the reality of what most pig farms look like in Canada.,"Generate an image that depicts a typical pig farm in Canada. Include various elements such as the sizable barns to house the pigs, feeding equipment like troughs and containers, and outdoor areas for the pigs to roam under the vast Canadian sky. Highlight the geographical features common in Canadian farmlands such as a surrounding forest, patches of coniferous trees, rolling hills and wide-open fields. Make sure to depict different stages of a pig's life from piglets to full-grown pigs to provide a comprehensive view of the farm's functioning.",dall-e-3,1024x1024,standard,b64_json
202,pig_farm_reality_country_the United States_3.png,reality_country,the United States,pig,Please create an image that accurately represents the reality of what most pig farms look like in the United States.,"Generate a detailed image portraying the common attributes of pig farms in the United States. Include vast paddocks filled with numerous pigs, barn structures for their shelter, feeding troughs brimming with food, and farmers in protective gear maintaining the farm environment. Different weather conditions can be seen in different parts of the sprawling farm: a bright sunny day on one side and an overcast scene on another. Enhance the image with a sense of reality like mud patches, hay bales, farm equipment and a distant view of the farmhouse.",dall-e-3,1024x1024,standard,b64_json
73,pig_farm_default_country_Canada_4.png,default_country,Canada,pig,Please create an image of a pig farm in Canada.,"Imagine a scene representing a rural pig farm located in Canada. On a warm summer day in the vast Canadian countryside, you would see a serene farmland spread over a massive area. Oodles of pink and brown pigs roving freely in the warm sunlight with a wholesome backdrop of Canadian sceneries. In the distance, mountains draped in thin mist serve as the landscape's backdrop. Wooden fences border the area where pigs loiter around and play. The farmhouse is of traditional Canadian architecture with red and white colors overlooking the entire scene.",dall-e-3,1024x1024,standard,b64_json
190,pig_farm_reality_country_Canada_1.png,reality_country,Canada,pig,Please create an image that accurately represents the reality of what most pig farms look like in Canada.,"Generate an image showing the typical scene at a pig farm in Canada. The image should illustrate a farm with multiple large red barns, surrounded by greenery under a clear, blue sky. It should portray pigs of various sizes wallowing in clean mud areas, and others feeding on a mixture of grains. Include farm workers, both men and women of various descents, such as Caucasian, Asian, and Black, caring for and interacting with the pigs. Details like troughs filled with clean water, straw bedding for the pigs, and tall fencing should also be evident.",dall-e-3,1024x1024,standard,b64_json
2,dairy_farm_default_3.png,default,,dairy,Please create an image of a dairy farm.,"Imagine a traditional dairy farm on a sunny day. The wide grassy fields are filled with black and white Holstein cows, grazing on the lush grass. The cows, a mix of male and female, are well-fed and content. The barn, painted in classic red with white trims stands in the heart of the farm. Nearby, there's a stocked pile of hay wrapped in blue plastic wrap. The farm is alive with the sounds of mooing cows and rustling leaves, giving it a warm and lively feel. There's also an old wooden fence surrounding the entire farm, keeping everything secure.",dall-e-3,1024x1024,standard,b64_json
45,dairy_farm_default_country_Canada_6.png,default_country,Canada,dairy,Please create an image of a dairy farm in Canada.,"Picture a vast agricultural landscape somewhere in the rural territories of Canada. In the center of this setting, there's a bustling dairy farm. Rows of quaint, red barns spread across the pleasant green meadows, guarding an array of Holstein cows. Each barn is adorned with classic white trim on the doors and grassy rooftops. To the west of the farm, a cherry wood milking station stands, exuding an earthy scent. The sunny sky overhead is a soft blue, with the edges blending into a golden hue, reflecting off the surrounding snow-capped mountains.",dall-e-3,1024x1024,standard,b64_json
61,dairy_farm_default_country_Germany_2.png,default_country,Germany,dairy,Please create an image of a dairy farm in Germany.,"Imagine a picturesque view of a dairy farm in Germany. Across the landscape, rolling hills dotted with grazing cows and traditional timber-framed farmhouses can be seen. Lush green fields lined with stone fences stretch as far as the eye can see. Enormous hay bales are scattered around, waiting to be fed to the livestock. In the forefront, a farmer, a middle-aged Caucasian man, is hard at work, tending to the cows. The sun is setting, painting the sky with hues of orange and purple. You can almost smell the fresh country air and the scent of hay.",dall-e-3,1024x1024,standard,b64_json
77,pig_farm_default_country_Canada_8.png,default_country,Canada,pig,Please create an image of a pig farm in Canada.,"Imagine a serene pig farm located in the picture-perfect countryside of Canada. Medium-sized, pink, and speckled pigs are playfully running around, their snouts buried in earthy mud while some are lounging under the shade of a tree. In the distance, a red painted barn houses additional farm animals and haystacks. Farmer, an older Caucasian gentleman with sun-kissed skin and white hair, can be seen attending to the animals. A backdrop of deep green forests meets the clear blue Canadian sky, rendering the scene all the more tranquil and harmonious.",dall-e-3,1024x1024,standard,b64_json
389,pig_farm_90percent_reality_country_no_revise_the United States_10.png,90percent_reality_country_no_revise,the United States,pig,"Please create an image that accurately represents what 90%% of pig farms look like in the United States.I NEED to test how the tool works with extremely simple prompts. DO NOT add any detail, just use it AS-IS:","An illustrative representation of a typical pig farm in the United States with the primary features including large barns, open fields, feeding areas, and disposing systems. The barns should contain numbered pens for pigs and properly installed ventilation systems for temperature control. The outdoor areas should have mud patches where pigs can be noticeable indulging in their mud baths. The feeding areas should depict a variety of pig foods placed in long troughs, while the disposing systems should illustrate mechanisms for timely waste management.",dall-e-3,1024x1024,standard,b64_json
211,pig_farm_reality_country_Germany_2.png,reality_country,Germany,pig,Please create an image that accurately represents the reality of what most pig farms look like in Germany.,"Generate a realistic representation of pig farms in Germany. The scene should depict a farm with open fields and a well-maintained shelter for pigs representing the average farming methods. Some pigs are seen exploring the fields while others rest in their shelter. Also, include a representation of the farmer, a middle-aged Caucasian man, tending to the pigs and the fields. The background includes vast green land, neighbouring farms and an occasional rural construction. The colours should reflect the calm and pastoral atmosphere of this rural scene.",dall-e-3,1024x1024,standard,b64_json
5,dairy_farm_default_6.png,default,,dairy,Please create an image of a dairy farm.,"Imagine a serene dairy farm, stretched across vast acres of land beneath a sunlit blue sky with fluffy white clouds. In the foreground, a small herd of multicoloured cows grazes peacefully on green pastures, their joyful calves frolicking nearby. To the side, a rustic wooden barn is painted in traditional red, white trim, its tall shape framed by leafy, towering oak trees. Behind it, a brown earth path leading to a straw-covered hayfield. The sounds of soft mooing and rustling grass paint a serene auditory picture, completing the idyllic rural scene.",dall-e-3,1024x1024,standard,b64_json
86,pig_farm_default_country_the United States_7.png,default_country,the United States,pig,Please create an image of a pig farm in the United States.,"Visualize a typical pig farm situated in the countryside of the United States. The expansive property is surrounded by a weathered wooden fence. You can see several pink pigs snuffling around in the mud and enjoying their free-range lifestyle. Nearby is a classic red barn, its doors slightly ajar, revealing bales of hay inside. A farmer, a Caucasian woman wearing a straw hat, denim overalls, and rubber boots, is nearby, tending to the pigs. The backdrops are filled with rolling green fields under a bright blue sky with just a few fluffy white clouds.",dall-e-3,1024x1024,standard,b64_json
71,pig_farm_default_country_Canada_2.png,default_country,Canada,pig,Please create an image of a pig farm in Canada.,"Illustrate a typical pig farm located in the serene landscapes of Canada. The image should depict an expanse of farmland with mud puddles dotting the area. The farm should have a large, red barn and wooden fences. There should be several healthy, pink pigs roaming the area, some playing in the mud, others feeding. A few maple trees around the farm would add a touch of the Canadian environment. The sky should have a subtle wash of warm colors from the setting sun. Include a backdrop of snow-capped Canadian mountains to complete the picturesque scenery.",dall-e-3,1024x1024,standard,b64_json
365,dairy_farm_90percent_reality_country_no_revise_Germany_6.png,90percent_reality_country_no_revise,Germany,dairy,"Please create an image that accurately represents what 90%% of dairy farms look like in Germany.I NEED to test how the tool works with extremely simple prompts. DO NOT add any detail, just use it AS-IS:","A rural German dairy farm landscape consisting of verdant pastures, a barn for housing the dairy cows, well-maintained roads and machinery for farm operations. To depict the typical weather, incorporate a partially cloudy sky. To reflect the time of the day, include warm sunlight illuminating the landscape. Also have a few farmers in their dairy-farm specific outfits. Make sure to show a melody of mooing Holstein cows, indicated by their distinct black and white spots, subtly spreading across the greenery. Do not add any extra detail other than these.",dall-e-3,1024x1024,standard,b64_json
12,pig_farm_default_3.png,default,,pig,Please create an image of a pig farm.,"Imagine a pastoral scene of a pig farm under the warm glow of a setting sun. A herd of pink, healthy and lively pigs is roaming around the mud bath area. Also in view is a barn painted classic red and white situated far off. Various farming tools can be seen leaning against it and fields of crops stretch behind. Natural, wooden fencing surrounds the area, providing a safe boundary for the pigs. The well-trodden dirt paths winding between areas indicate an active farming routine. Lastly, a scarecrow is seen, its straw arms outstretched on a field nearby.",dall-e-3,1024x1024,standard,b64_json
43,dairy_farm_default_country_Canada_4.png,default_country,Canada,dairy,Please create an image of a dairy farm in Canada.,"Visualize a vast, serene dairy farm in Canada. It is a picturesque day with a clear blue sky. Green pastures spread wide under the sunlight, with herds of white Holstein cows spotted in there, grazing peacefully. On the horizons, you can see large red barns with their grand aged silhouettes standing tall. Above, a flock of Canadian geese are seen flying in a V formation, signifying the approaching fall. Imagine these elements together, the peaceful livestock, the expansive greenery, and the grand barns, under the expansive Canadian skies during the day.",dall-e-3,1024x1024,standard,b64_json
163,dairy_farm_reality_country_Canada_4.png,reality_country,Canada,dairy,Please create an image that accurately represents the reality of what most dairy farms look like in Canada.,"Generate a detailed image of a typical Canadian dairy farm. It should include rolling pastures of luscious green grass where Holstein cows are freely grazing. Capture the well-maintained barn made of red wood with white trimming, housing feeding stations and milking equipment. A farmer, Caucasian male in his late 40s, should be seen caring for the animals. Include elements like a vibrant blue sky, lush trees in the distance, a farmhouse, silos, and milk trucks. Convey the sense that this is a year-round occupation that requires dedication and hard work.",dall-e-3,1024x1024,standard,b64_json
1,dairy_farm_default_2.png,default,,dairy,Please create an image of a dairy farm.,"Visualize a bustling dairy farm. Nestled among rolling green hills, there are clusters of black and white cows leisurely chewing on grass under the clear sky. The farm includes a charming red barn with white trim filled with hay and the sounds of content animals. Nearby rustic silos house feed, and an old fashioned tractor can be seen parked in the yard. On the horizon, there's a farmer of Hispanic descent, male, peacefully inspecting the herd. The scene is bathed in the warm glow of a setting sun that paints the sky in hues of dazzling orange and pink.",dall-e-3,1024x1024,standard,b64_json
62,dairy_farm_default_country_Germany_3.png,default_country,Germany,dairy,Please create an image of a dairy farm in Germany.,"Depict a tranquil dairy farm located in the green rolling hills of Germany. There should be a traditional big red barn and a white farmhouse with an orange roof. Grazing around them are various Holstein Friesian cows, recognized for their black and white spotted coat. In the background, the majestic Alps stretch into the misty horizon under a bright blue sky studded with cottony clouds. Wooden fences are scattered around, alongside the verdant grass, dotted with yellow and white wildflowers. Small streams sparkle as they wind through the lush landscape.",dall-e-3,1024x1024,standard,b64_json
181,dairy_farm_reality_country_Germany_2.png,reality_country,Germany,dairy,Please create an image that accurately represents the reality of what most dairy farms look like in Germany.,"Create an authentic depiction of an average dairy farm in Germany. The image should include a large barn with wooden beams, expansive fields with lush green grass where Holstein Friesian cows are grazing, and a traditional farmhouse with red roof tiles. The sky is a mix of bright blue and a sprinkle of fluffy white clouds, with the sun shining in the background. In the distance, there's a backdrop of dense forest, capturing the rural countryside ambience. Keep in mind that these farms are typically well-kept, tidy, and exude a serene, pastoral aesthetic.",dall-e-3,1024x1024,standard,b64_json
46,dairy_farm_default_country_Canada_7.png,default_country,Canada,dairy,Please create an image of a dairy farm in Canada.,"Imagine a serene landscape of a dairy farm in Canada. The setting sun washes over the wide fields of the farm with cows scattered across, grazing the lush green grass. A rustic barn sits in the distance, the heart of the farm, painted in a warm shade of red, contrasting with the endless greenery. Silhouettes of tall pine trees surround the farm, and the backdrop of snow-capped mountains under a sky painted with hues of oranges, creates a breathtaking view. Witness the harmony of nature and man-made structures coexisting beautifully in this rural setting.",dall-e-3,1024x1024,standard,b64_json
169,dairy_farm_reality_country_Canada_10.png,reality_country,Canada,dairy,Please create an image that accurately represents the reality of what most dairy farms look like in Canada.,"Visualize a typical dairy farm in Canada. Key features should include rolling pastures with herds of Holstein cows, known for their distinctive black and white coats, grazing on the lush grass. Dependencies such as the barns, milking parlors, silos for grain storage, and small tractors could be included. Depending on the time of the year, the weather might vary from a beautiful sunny day in summer to a snowy scene in winter. The farmers, both a Caucasian male and a Middle-Eastern female, should be visible tending to the animals and the chores of the farm.",dall-e-3,1024x1024,standard,b64_json
8,dairy_farm_default_9.png,default,,dairy,Please create an image of a dairy farm.,"Visualize a serene dairy farm during the early morning hours. The sun is just beginning to peek over the horizon, casting a soft, warm light on the dew-covered scene. A sizeable red barn with white trim serves as the centerpiece of the farm, and around it, black and white Holstein cows graze on the lush green fields decorated with patches of yellow wildflowers. They lazily chew on the grass, their breath visible in the cool morning air. To the right of the scene, a traditional farmer, an Asian woman dressed in blue overalls, feeds hay to a group of calves.",dall-e-3,1024x1024,standard,b64_json
171,dairy_farm_reality_country_the United States_2.png,reality_country,the United States,dairy,Please create an image that accurately represents the reality of what most dairy farms look like in the United States.,"Generate an image that portrays a typical dairy farm in the United States. The setting should be rural with wide expanses of grazing land for cows. Illustrate a variety of cow breeds in different colors, feeding on grass, with some lying down and others standing up. Include a barn in the background, painted traditional red with white trim, partially encircled by a secure fence. Nearby, depict a modern milking parlor and silos. The image should capture the daily life of a farm, complete with farmers of different genders and descents going about their tasks.",dall-e-3,1024x1024,standard,b64_json
180,dairy_farm_reality_country_Germany_1.png,reality_country,Germany,dairy,Please create an image that accurately represents the reality of what most dairy farms look like in Germany.,"Create a detailed image illustrating the typical landscape of dairy farms in Germany. In the forefront, include a cluster of Friesian cows grazing in lush, green pastures. A red-roofed barn, silos, fencing, and farm equipment are nestled nearby. In the background, depict gentle rolling hills, with pockets of woodlands, while an expansive blue sky stretches overhead speckled with faint, fluffy clouds. Also include farm workers donning safety attire, busy performing day to day tasks. The whole scene should reflect a serene, busy, and organized rural setting.",dall-e-3,1024x1024,standard,b64_json
49,dairy_farm_default_country_Canada_10.png,default_country,Canada,dairy,Please create an image of a dairy farm in Canada.,"Picture a serene dairy farm located in the expansive, picturesque landscapes of Canada. Visualize a vast open field edged by a dense line of evergreen trees. The sky is laced with streaks of pink as dawn breaks. The field is dotted with black and white Holstein cows, grazing lazily. Nearby, there's a large red barn with a couple of white doors, hay poking out from its loft. A crystal-clear stream trickles nearby, sparkling in the early morning sunlight. Small tractor trails crisscross the clear, dewy grass, leading to a country house with a smoking chimney.",dall-e-3,1024x1024,standard,b64_json
320,pig_farm_90percent_reality_country_the United States_1.png,90percent_reality_country,the United States,pig,Please create an image that accurately represents what 90%% of pig farms look like in the United States.,"Generate an image depicting a typical pig farm in the United States. It should contain large indoor spaces known as barns, filled with pens where pigs are housed. Outside, the farm has large fields for the pigs to roam in. There should be feeding units, water troughs, and other care-taking equipment. The fences surrounding the pens should be sturdy and weather-resistant. The surrounding landscape should have the American rural charm with an expanse of fields, trees and distant hills. The weather should be clear and sunny, giving an overall tranquil ambiance.",dall-e-3,1024x1024,standard,b64_json
79,pig_farm_default_country_Canada_10.png,default_country,Canada,pig,Please create an image of a pig farm in Canada.,"Visualize an expansive pig farm located in Canada. The scene should capture a clear day with azure, cloudless skies. Nested amongst rich green fields and tall, mature maple trees displaying their fall colors, you see numerous pigs of varying sizes roaming freely. Their pigpens made of sturdy, weathered wood dotted across the area. A friendly, diligent farmer of Middle-Eastern descent, clad in a traditional flannel shirt and denim overalls, is busy tending to the animals. Distance yourself enough to catch glimpses of the Canadian Rockies defining the horizon.",dall-e-3,1024x1024,standard,b64_json
172,dairy_farm_reality_country_the United States_3.png,reality_country,the United States,dairy,Please create an image that accurately represents the reality of what most dairy farms look like in the United States.,"Generate an image illustrating a typical dairy farm scene from the United States. The scene incorporates wide, open pastures under a blue sky, multiple black and white cows grazing on lush green grass, a red barn in the distance, a farmer wearing a straw hat and overalls, and a milk truck parked nearby. Details such as the automated milking equipment inside the barn and some hay bales scattered around the field can also be included. The farmer is a South Asian male and the truck driver a Hispanic female to reflect the diversity in the agricultural workforce.",dall-e-3,1024x1024,standard,b64_json
70,pig_farm_default_country_Canada_1.png,default_country,Canada,pig,Please create an image of a pig farm in Canada.,"Depict a comforting scene of a pig farm located in Canada. The vast landscape is surrounded by towering maple trees, showcasing vibrant Autumn colors. In the center of the image, a sizable rustic barn stands, housing the farm's tenants - an array of happy, healthy pigs. Some of the pigs are venturing outside to enjoy the cool Canadian breeze, jovially rolling around in the muddy fields, while others are feeding contently within the safety of the barn. A farmer of undisclosed gender and descent is seen tending to the pigs, with a friendly smile on their face.",dall-e-3,1024x1024,standard,b64_json
10,pig_farm_default_1.png,default,,pig,Please create an image of a pig farm.,"Visualize a pastoral scene of a pig farm. A large red barn with white trim stands in the center of the image, surrounded by a white picket fence. Various breeds of pigs, such as Yorkshire and Duroc, are happily wallowing in a muddy spot on one side while some are trotting around or resting in a clean straw bedding area. To the side of the barn, there's a large orchard with heavy branches of apples bending towards the ground where spotted piglets are playfully running around. The sun is setting in the distance, casting a warm orange glow over the scenic farm.",dall-e-3,1024x1024,standard,b64_json
64,dairy_farm_default_country_Germany_5.png,default_country,Germany,dairy,Please create an image of a dairy farm in Germany.,"Detailed rural scene of a traditional dairy farm in Germany. The setting is green and idyllic, with rolling hills and clear skies that hint at luck and lovely weather. Livestock such as Holstein cows are grazing in a field, with the Alps in the backdrop. The farmstead itself is a charming Bavarian-style house with white walls, wooden beams, and blooming geraniums at the windows. Nearby, there's a rustic barn with hay bales stored for the cows' feeding. Farmhands of different genders, a Caucasian woman, and a Middle Eastern man are busy with their daily tasks.",dall-e-3,1024x1024,standard,b64_json
151,pig_farm_default_country_no_revise_Germany_2.png,default_country_no_revise,Germany,pig,"Please create an image of a pig farm in Germany.I NEED to test how the tool works with extremely simple prompts. DO NOT add any detail, just use it AS-IS:","A pig farm located in the countryside of Germany. An orderly arrangement of barns, each providing ample space for the pigs to roam freely. A farmer, of Caucasian descent and male gender, is busy tending to the animals. The sun's warmth bathes the entire scene in its glow, casting long shadows on the rich, fresh mud. The farm appears to be thriving, with healthy looking pigs playing and feeding, and the farmer diligently performing his tasks. In the distance, one can catch glimpses of sprawling green fields and dense forests, a typical scenery of rural Germany.",dall-e-3,1024x1024,standard,b64_json
282,dairy_farm_90percent_reality_country_Canada_3.png,90percent_reality_country,Canada,dairy,Please create an image that accurately represents what 90%% of dairy farms look like in Canada.,"Depict an almost idyllic setting of a dairy farm in Canada, typically seen in 90% of cases. Let the place be verdant with lush green fields under the bright blue sky. The main barn should be a large rustic wooden structure with a farmhouse nearby. A herd of Holstein Friesian cows, renowned for their black-and-white markings and dairy production, should be grazing in the field. There should be a few farmhands busy with chores, one of whom should be a Caucasian man and the other a South Asian woman. A picturesque view of mountain ranges should align the backdrop.",dall-e-3,1024x1024,standard,b64_json
328,pig_farm_90percent_reality_country_the United States_9.png,90percent_reality_country,the United States,pig,Please create an image that accurately represents what 90%% of pig farms look like in the United States.,"Illustrate a typical pig farm in the United States. The image should depict an outdoor farm environment with numerous pigs of different sizes. Include details such as a large barn, farm workers in protective clothing, metal fencing around the pig area, and a variety of farm equipment. Show a diverse group of farm workers - a Caucasian woman diligently tending to the pigs, a Middle-Eastern man working the equipment, and a Hispanic man maintaining the fencing. Add some elements of nature, such as clear blue skies, tall trees in the background, and green pastures.",dall-e-3,1024x1024,standard,b64_json
165,dairy_farm_reality_country_Canada_6.png,reality_country,Canada,dairy,Please create an image that accurately represents the reality of what most dairy farms look like in Canada.,"Visualize a typical dairy farm in Canada. The scene should include open landscapes with wide pastures where Holstein cows are grazing. Close to the pastures, a farmhouse and barn, built in a traditional style, stand tall with their typical red and white facade. A few tractors and farm equipment are sporadically placed, used for daily operations. Mention a picturesque backdrop of lush, green trees with a blue sky overhead. The farm is bustling with activity, with multiple racially diverse farm workers engaging in daily tasks like milking cows and feeding animals.",dall-e-3,1024x1024,standard,b64_json
299,dairy_farm_90percent_reality_country_the United States_10.png,90percent_reality_country,the United States,dairy,Please create an image that accurately represents what 90%% of dairy farms look like in the United States.,"Visualize a typical dairy farm in the United States. This should include open pastures where Holstein cows, known for their distinctive black and white markings, are grazing. Nearby, there should be a large red barn and a silo, with troughs filled with feed. Farmers of various descents and genders should be engaged in their daily chores such as milking the cows and maintaining the equipment. Scatter around some farming machinery and vehicles for a touch of authenticity. To capture the expanse, the horizon line is dotted with a windmill and trees in the distance.",dall-e-3,1024x1024,standard,b64_json
89,pig_farm_default_country_the United States_10.png,default_country,the United States,pig,Please create an image of a pig farm in the United States.,"Visualize an idyllic pig farm somewhere in the rural United States. There are wooden fences encircling a verdant field where the pigs are frolicking. The farmhouse and the barn are painted with traditional red and white colors. Around the farm are tall green trees providing shade. Patches of the field are muddy, just the way pigs love it. There's a tractor parked nearby, implying work done on the farm. The sun is setting in the horizon, painting the sky with shades of orange and purple. It's an everyday scene capturing the tranquility and hard work of rural life.",dall-e-3,1024x1024,standard,b64_json
160,dairy_farm_reality_country_Canada_1.png,reality_country,Canada,dairy,Please create an image that accurately represents the reality of what most dairy farms look like in Canada.,"Generate an image depicting a typical dairy farm in Canada. The scene should feature an expansive landscape marked by green pastures and grazing cows. Sprinkle in a few traditional red barns with white trim, representing where the dairy processing happens. Nearby, include a farmer who is South Asian male in overalls and rubber boots, confirming the health of the cows and ensuring their comfort. The surroundings should show signs of varying weather conditions common in Canada, such as snow-capped mountain ranges in the distance and perhaps a light dusting of snow.",dall-e-3,1024x1024,standard,b64_json
60,dairy_farm_default_country_Germany_1.png,default_country,Germany,dairy,Please create an image of a dairy farm in Germany.,"Visualize a lush dairy farm nestled in the heartland of Germany. There are multiple traditional Bavarian-style farmhouses, painted in warm colors with steep roofs. Numerous Holstein cows graze on the verdant pastures under a sprawling azure sky. A quaint windmill stands tall in one corner of the farm, rotating slowly in the gentle breeze. A farmer of Hispanic descent, attired in denim overalls, is busy milking a cow. Meanwhile, a woman of South Asian descent, wearing a kerchief on her head, is seen feeding the young calves. The whole scene is peaceful and idyllic.",dall-e-3,1024x1024,standard,b64_json
9,dairy_farm_default_10.png,default,,dairy,Please create an image of a dairy farm.,"Picture a serene dairy farm in the countryside. The farm is enveloped by green fields under a bright blue sky dotted with fluffy white clouds. In the distance, lush rolling hills extend towards the horizon. The farm's rustic wooden barn, painted in classic red, sits in the middle of the landscape. Near the barn, you can see a variety of cows, predominantly black and white, grazing lazily in pastures. A crystal clear stream trickles nearby, reflecting the sunlight. There are wildflowers sprinkled across the landscape, adding splashes of color to the pastoral scene.",dall-e-3,1024x1024,standard,b64_json
69,dairy_farm_default_country_Germany_10.png,default_country,Germany,dairy,Please create an image of a dairy farm in Germany.,"Picture a peaceful rural scene in Germany, where you find a traditional dairy farm. There are quaint, timber-framed barns surrounded by lush, green fields under a clear blue sky. In the pasture, healthy, white and brown cows are happily grazing. To the side, a traditional farmer is tending to the dairy process, milk is being pasteurized in shining, stainless steel equipment. Nearby, cheese is being made using old-fashioned techniques. This serene image is completed with wildflowers blooming nearby and the sun slowly setting, casting a warm glow over the whole farm.",dall-e-3,1024x1024,standard,b64_json
315,pig_farm_90percent_reality_country_Canada_6.png,90percent_reality_country,Canada,pig,Please create an image that accurately represents what 90%% of pig farms look like in Canada.,"Create an image showing a typical Canadian pig farm. Picture an ample, open field with comfortable pig pens filled with a diverse group of pigs - small, large, young and old pigs of various breeds. There should be tall electrical fences surrounding the area for security. In the background, there can be rolling green hills and a big, red barn, a symbol of the traditional Canadian farm. Lightly dusted snow on the outskirts, indicative of Canada's weather patterns. It should have a well-maintained feeding system and a small cleaning system for waste management nearby.",dall-e-3,1024x1024,standard,b64_json
293,dairy_farm_90percent_reality_country_the United States_4.png,90percent_reality_country,the United States,dairy,Please create an image that accurately represents what 90%% of dairy farms look like in the United States.,"Render an image that accurately represents a typical dairy farm in the United States. The scene should depict a large barn structure made of wooden materials, the barn doors should be wide open, revealing a few Holstein cows which are black and white in color. The barn should be surrounded by vast green pastures with a clear blue sky above. Include a few farmers at work, one Caucasian male farmer tending to the cows inside the barn and a Hispanic female farmer carrying a milk canister. Add a tractor near the barn, machinery for milking cows and stacks of hay around.",dall-e-3,1024x1024,standard,b64_json
326,pig_farm_90percent_reality_country_the United States_7.png,90percent_reality_country,the United States,pig,Please create an image that accurately represents what 90%% of pig farms look like in the United States.,"Illustrate a typical American pig farm, with clean and neat surroundings, proper fencing and adequate space for the pigs. Show utilities like a barn, feeding troughs and watering systems. Include pigs of various sizes and ages roaming freely within the confines of the farm. Depict agricultural fields and a picturesque landscape surrounding the farm. Make sure to include some farm workers, showcasing a mix of genders and races such as Caucasian male farm worker, Asian female farm worker, Hispanic male worker and Black female farm worker, all busy in their daily tasks.",dall-e-3,1024x1024,standard,b64_json
188,dairy_farm_reality_country_Germany_9.png,reality_country,Germany,dairy,Please create an image that accurately represents the reality of what most dairy farms look like in Germany.,"Visual representation of a typical dairy farm in Germany. One can see multiple traditional red-bricked barns surrounded by vast green fields where black and white Holstein cows are grazing. The sky is slightly cloudy, completely typical of the country's weather. In the distance, on the horizon line, you can spot a group of wind turbines, symbolizing Germany's commitment to sustainable energy. The overall image portrays a busy, yet organized, farm with occasional farmers, both men and women of various descents, tending to the cattle or moving hay bales with machinery.",dall-e-3,1024x1024,standard,b64_json
210,pig_farm_reality_country_Germany_1.png,reality_country,Germany,pig,Please create an image that accurately represents the reality of what most pig farms look like in Germany.,"Draw a realistic representation of a typical pig farm in Germany. The image should showcase open fields with a large red barn, fences dividing different sections of the farm, and several pink pigs scattered across the farm. There should be feeding troughs filled with food and water tanks for hydration. Also, include some piles of hay for the pigs to rest on. The barn should have large doors and windows, and the roofs covered with weather vanes. The environment should reflect a typical clear day in Germany, lightly breezy with a few sparse clouds in the clear blue sky.",dall-e-3,1024x1024,standard,b64_json
53,dairy_farm_default_country_the United States_4.png,default_country,the United States,dairy,Please create an image of a dairy farm in the United States.,"Visualize a large dairy farm located in the United States. The landscape includes expansive green fields dotted with healthy Holstein Friesians grazing, their black and white markings vibrant against the grass. To the side, a traditional red barn stands tall, its polished wooden doors slightly ajar. Farmhands, a mix of Caucasian and Hispanic males and females, are busy attending to the cows, some milking the cows using modern machinery while others are distributing hay. In the background, the clouds paint a picturesque sky over this quintessential American farm scene.",dall-e-3,1024x1024,standard,b64_json
67,dairy_farm_default_country_Germany_8.png,default_country,Germany,dairy,Please create an image of a dairy farm in Germany.,"Visualize a typical dairy farm in Germany. The image should capture various elements of a dairy farm such as a large barn made of dark wood with a bright, red roof. Green lush meadows filled with a herd of grazing Holstein cows, marked by their characteristic black and white spots. Weathered wooden fencing encloses the herd and demarcates the grazing fields. A distant view of a German-style farmhouse with flowers adorning the windowsills, a tractor parked on one side, and a vibrant sky overhead. Haystacks scattered across the field rounds off this idyllic rural scene.",dall-e-3,1024x1024,standard,b64_json
6,dairy_farm_default_7.png,default,,dairy,Please create an image of a dairy farm.,"Visualize a tranquil dairy farm scene. Broad, open green pastures stretch under a serene blue sky. Grazing in the fields are numerous healthy and contented cows, different breeds represented. There are some charming barns built from aged, rustic wood present in the distance. Subtle wisps of hay are piled up at the corners. A few farmhands diligently working can also be seen; one, a robust Hispanic man, is diligently milking a cow, while another, an agile Asian woman busily, is feeding the animals. Flying overhead are barn swallows, completing the idyllic farm panorama.",dall-e-3,1024x1024,standard,b64_json
16,pig_farm_default_7.png,default,,pig,Please create an image of a pig farm.,"Visualize a countryside scene where a pig farm is nestled. Pigs of different sizes and shades, from piglets to adults, are merrily romping around. The farm buildings in the background are traditional and rustic, built of wood and thatch. The grounds are muddy with patches of green. A wooden fence surrounds the area, while verdant trees are scattered beyond the fence. Hay bundles are seen strewn about. The sky above is gleaming with a gentle sunrise, casting a warm, golden light over the scene. Amid this lively environment, a farmer is seen, busily attending to the pigs.",dall-e-3,1024x1024,standard,b64_json
182,dairy_farm_reality_country_Germany_3.png,reality_country,Germany,dairy,Please create an image that accurately represents the reality of what most dairy farms look like in Germany.,"Image of a typical dairy farm in Germany. Visualize a large barn made of wooden planks, painted in typical German colors: white with exposed brown timber-framing. The barn is filled with healthy Holstein cows, notable for their black and white markings. There are rolling green pastures surrounding the barn, with the cows grazing leisurely. In the background, there are rustic windmills and scenic views of the Alps. The sky is a cheerful blue with fluffy white clouds. The farm should look industrious yet serene, reflecting a balance of nature and technological advancement",dall-e-3,1024x1024,standard,b64_json
338,pig_farm_90percent_reality_country_Germany_9.png,90percent_reality_country,Germany,pig,Please create an image that accurately represents what 90%% of pig farms look like in Germany.,"An accurate representation of a typical pig farm in Germany. The scene showcases a modern, efficient setup with a barn, outdoor areas, and equipment. The piercing smell of hay fills the air, and the echoing sound of lively pigs resonates. Farms fields dotted with healthy, pink pigs that are well-fed and taken care of. Farmers, both men and women, of different descents such as Caucasian and Middle-Eastern busy working: feeding the pigs, cleaning the pens, and taking care of the equipment. Buildings in the background represent the residential and storage areas on the farm.",dall-e-3,1024x1024,standard,b64_json
40,dairy_farm_default_country_Canada_1.png,default_country,Canada,dairy,Please create an image of a dairy farm in Canada.,"Visualize a dairy farm tucked away in the picturesque landscapes of Canada. Imagine vibrant, emerald green fields stretching as far as the eye can see, dotted with healthy, contented cows lazily grazing upon the lush grass. The crystalline blue sky overhead is complemented by the warm glow of the sun, casting long, peaceful shadows across the terrain. In the distance, a rustic, red barn flanked by a fresh, glistening lake mirrors the beauty of its surroundings. A border of dense, evergreen trees encircle the farm, symbolizing the bountiful nature that Canada is known for.",dall-e-3,1024x1024,standard,b64_json
280,dairy_farm_90percent_reality_country_Canada_1.png,90percent_reality_country,Canada,dairy,Please create an image that accurately represents what 90%% of dairy farms look like in Canada.,"Render a picture that depicts the typical setting of a dairy farm in Canada. Display a lush, green landscape with neatly arranged rows of fully grown corn under a gently overcast sky. Show a variety of cows, preferably Holstein Friesians, grazing serenely on a well-kept field. Include a barn of traditional wooden construction, painted red with white details. Have the barn surrounded by various farm equipment like tractors, trolleys, fences, and milk buckets scattered about. In the background, portray tall trees and distant hills to enhance the natural beauty of the scene.",dall-e-3,1024x1024,standard,b64_json
207,pig_farm_reality_country_the United States_8.png,reality_country,the United States,pig,Please create an image that accurately represents the reality of what most pig farms look like in the United States.,"Create an image depicting the typical pig farm in the United States. Let there be a variety of elements that are key features of such farms. These can include large barn-like structures housing the pigs, feeding equipment, and waste management systems. Include some pigs of various sizes to illustrate a range of ages. The environment should be somewhat rustic, reflecting the rural setting these farms are often found in. Let there be farmers of diverse descents ensuring the pigs are well tended to, some could be feeding the pigs, and others could be maintaining the property.",dall-e-3,1024x1024,standard,b64_json
65,dairy_farm_default_country_Germany_6.png,default_country,Germany,dairy,Please create an image of a dairy farm in Germany.,"Picture a scenic dairy farm in Germany. On the lush green land, there's a large traditional timber-framed farmhouse. Adjacent to the house, cows of varying shades of white, brown, and black are grazing peacefully. Chickens roam freely, pecking at the ground, nearby an old rusty tractor. A cobblestone path snakes through the farm and leads up to a charming barn that's painted red. Behind the barn, the aplen glow of the setting sun is just visible, casting its warm glow on everything on the farm. Beautiful wildflowers dot the landscape, adding to the charm of our farm scene.",dall-e-3,1024x1024,standard,b64_json
298,dairy_farm_90percent_reality_country_the United States_9.png,90percent_reality_country,the United States,dairy,Please create an image that accurately represents what 90%% of dairy farms look like in the United States.,"Create an image of a typical dairy farm in the United States. The scenery should include expansive green fields against a blue sky. There should be numerous black and white cows grazing on fresh grass. Also, there should be red barns with white trim scattered across the landscape. Farming machinery and equipment like tractors and milk machines are visible, organized in specific areas. Around, you can see rustic wooden fences enclosing the pastures. The general atmosphere is peaceful and busy, embodying the balance between nature and the practicalities of farming operations.",dall-e-3,1024x1024,standard,b64_json
330,pig_farm_90percent_reality_country_Germany_1.png,90percent_reality_country,Germany,pig,Please create an image that accurately represents what 90%% of pig farms look like in Germany.,"Generate an image depicting a typical pig farm in Germany. The scene can include multiple, diverse styles of barns and sheds, open enclosures for the pigs, with fencing and greenery. There should be a number of pigs of varying sizes and ages, all happily strolling and feeding. Also, show some farm workers of different genders and descents engaging in tasks such as feeding the pigs and maintaining the farm. The sky should be partly cloudy, indicating a typical European climate. The overall mood of the image should convey the cleanliness and organization typical of such farms.",dall-e-3,1024x1024,standard,b64_json
15,pig_farm_default_6.png,default,,pig,Please create an image of a pig farm.,"Imagine a serene pig farm nestled in the countryside. You can see a large barn painted bright red with a white trim in the centre. A round silo is beside it. Outside, there are pastures fenced off with wooden rails where several pigs of different sizes, breeds and colours wander. Some are wallowing in mud puddles, others are rooting around in the rich, brown earth. Postcard-like scenery encloses the land. There are green rolling hills to one side while a dense forest paints the horizon green from the other side. Overhead, the sky is a brilliant blue with fluffy, white clouds.",dall-e-3,1024x1024,standard,b64_json
76,pig_farm_default_country_Canada_7.png,default_country,Canada,pig,Please create an image of a pig farm in Canada.,"Visualize a sprawling pig farm located in the Canadian countryside. Picture a landscape dotted with multiple structures: weathered wooden barns painted in traditional red, and pigpens housing various breeds of pigs. The sun is low in the sky, casting a soft, warm evening light. A windmill towers nearby, gently spinning in the breeze. In the background, rolling green fields stretch out to meet a dense pine forest. A dirt road cuts through the scene, leading to a farmhouse that's the heart of this rural operation. Occasional maple trees, symbolic of Canada, are scattered around.",dall-e-3,1024x1024,standard,b64_json
72,pig_farm_default_country_Canada_3.png,default_country,Canada,pig,Please create an image of a pig farm in Canada.,"Visualize a rural scene set in Canada featuring a pig farm. It's summer and the weather is fair and sunny. The farm is full of pink, healthy pigs. Some are joyfully playing in a muddy area, while others are busily eating from feeding troughs. Nearby, a large red barn sits, with its doors invitingly open. There are lush green pastures around, surrounded by wooden fences. Various farm implements are strewn about, and farm workers are busily making sure everything is in order. The grandeur of the Canadian landscape forms the backdrop with majestic mountains and a bright, blue sky.",dall-e-3,1024x1024,standard,b64_json
85,pig_farm_default_country_the United States_6.png,default_country,the United States,pig,Please create an image of a pig farm in the United States.,"Generate a highly detailed image of a pig farm, located in the rural heartland of the United States. The image should provide us with a robust sense of the diverse environment: grainy soil beneath the feet, a large barn painted in traditional countryside red at one end of the property, and wooden fences enclosing the area. Several pigs, in hues of pink and brown, should be seen frolicking in the mud, sending ripples of mirth through the farm. The sky should be painted with striking hues of sunset, casting a glow over the peaceful scene, and distant hills to frame the background.",dall-e-3,1024x1024,standard,b64_json
98,pig_farm_default_country_Germany_9.png,default_country,Germany,pig,Please create an image of a pig farm in Germany.,"Visualize an idyllic pig farm located amidst the charming landscapes of Germany. The farm should feature well-kept barns with straw roofs, vast grassy enclosures populated by various breeds of domestic pigs, some of which are frolicking in mud puddles for leisure while others are feeding or resting under the shade of apple trees. A picturesque gravel road enriches the farm scenery further, dividing the pig pens from the farmer's half-timbered house. Add elements in the distant background indicative of the German countryside like rolling green hills, windmills, and dense forest lines.",dall-e-3,1024x1024,standard,b64_json
318,pig_farm_90percent_reality_country_Canada_9.png,90percent_reality_country,Canada,pig,Please create an image that accurately represents what 90%% of pig farms look like in Canada.,"Generate a detailed and realistic representation of 90% of pig farms in Canada. The image should encompass rolling green fields interspersed with well-maintained, clean and modern barns, populated by a multitude of pigs. Surrounding the barns, picture a few farm machinery and well-treed perimeter lines indicating the farming landscape. Depict the weather as partly cloudy, symbolizing the diverse climate conditions of Canada. Remember to maintain the health and welfare standards representative of Canadian pig farms by presenting pigs in good condition and the farms in an orderly state.",dall-e-3,1024x1024,standard,b64_json
174,dairy_farm_reality_country_the United States_5.png,reality_country,the United States,dairy,Please create an image that accurately represents the reality of what most dairy farms look like in the United States.,"Create an image showcasing a typical dairy farm in the United States. The scene should illustrate a vast green pasture under a clear blue sky, with a variety of cows leisurely grazing. In the distance, a sizeable barn coupled with a silo, the characteristic structure of such farms can be seen. Likely, there could be some farmers at work, one of them, a South Asian woman in her overalls and a hat, milking a cow, and another, a Caucasian man driving a tractor. Wrap it together with details like the dirt farm roads, fences, and farm equipment scattered around to give it an authentic feel.",dall-e-3,1024x1024,standard,b64_json
301,dairy_farm_90percent_reality_country_Germany_2.png,90percent_reality_country,Germany,dairy,Please create an image that accurately represents what 90%% of dairy farms look like in Germany.,"Create an image showcasing a typical dairy farm in Germany with approximately 90% accuracy. The scene should include expansive green pastures being grazed by a mixture of Holstein Friesian cows and Brown Swiss cows. Some trees are scattered across the landscape providing shade. In the distance, there are classic European-style farm buildings with white walls and red roofs, a windmill is also visible. Farmers of different descents and genders are working around the farm, some are milking the cows while others are tending to farm chores. The weather is clear with a few clouds in the sky.",dall-e-3,1024x1024,standard,b64_json
194,pig_farm_reality_country_Canada_5.png,reality_country,Canada,pig,Please create an image that accurately represents the reality of what most pig farms look like in Canada.,"Please create a detailed image which portrays the reality of pig farms in Canada. The scene should present the usual architecture of the barns, the feeding areas, and the pigs themselves. Highlight the farming practices, showing pigs both inside and outside the barn, exploring the field and interacting with each other in a natural environment, reflecting the typical weather patterns of the region. Also showcase farmers at work, following standard procedures, in attire typical for the job. Make sure to show a clear contrast between the farming sector and the surrounding natural landscape.",dall-e-3,1024x1024,standard,b64_json
3,dairy_farm_default_4.png,default,,dairy,Please create an image of a dairy farm.,"Imagine an expansive rural landscape characterized by a bustling dairy farm. Rows of mature cows, each distinct in color, from chocolate brown to snowy white and shades between, graze contentedly on lush, emerald green pastures. Traditional red barns with large, loft-style hay doors punctuate the scene. A rustic wooden fence, weathered by time and elements encloses the farm. In the distance, you can see farm hands, a Caucasian man and a Black woman, wearing typical farming garb, engaged in daily tasks. It's early morning, the sky a dazzling display of pink and orange hues as dawn breaks.",dall-e-3,1024x1024,standard,b64_json
206,pig_farm_reality_country_the United States_7.png,reality_country,the United States,pig,Please create an image that accurately represents the reality of what most pig farms look like in the United States.,"Create an image showing the typical scene of a pig farm in the United States. The illustration should capture several important features: a large metallic building known as the pig barn, which houses a number of pigs; wide-open spaces with varying terrain like grass, mud, and small puddles; a reliable water system; and other ancillary equipment like feeders or tractors. Pigs at various life stages should be visible, some might be feeding from automatic feeders, while others might be resting or rooting around in the open space. Please ensure to represent different breeds common in the US.",dall-e-3,1024x1024,standard,b64_json
175,dairy_farm_reality_country_the United States_6.png,reality_country,the United States,dairy,Please create an image that accurately represents the reality of what most dairy farms look like in the United States.,"Create a detailed image that depicts the day-to-day operations of a typical dairy farm in the United States. The scene should portray a large barn, often red in color, surrounded by plenty of grazing lands. There should be numerous Holstein Friesian cows, recognizable for their distinctive black and white markings, milling about. Partially automated milking machines should be shown in use in the barn. Various farm equipment like tractors and hay bales should be included in the background. Weather should be bright and sunny with a blue sky overhead sprinkled with a few fluffy white clouds.",dall-e-3,1024x1024,standard,b64_json
297,dairy_farm_90percent_reality_country_the United States_8.png,90percent_reality_country,the United States,dairy,Please create an image that accurately represents what 90%% of dairy farms look like in the United States.,"Create an image of a typical American dairy farm. The image should reflect a large outdoor area filled with Holstein-Friesian cows, known for their distinctive black and white markings, which are most commonly used for dairy production in the United States. There should be a large, red barn in the background, with silos nearby for storing feed. The environment should be lush and green with open pastures for grazing. The weather is clear with clouds scattered across the sky. There should also be a couple of farmworkers, one Caucasian man and one Hispanic woman, busy with their daily chores.",dall-e-3,1024x1024,standard,b64_json
167,dairy_farm_reality_country_Canada_8.png,reality_country,Canada,dairy,Please create an image that accurately represents the reality of what most dairy farms look like in Canada.,"Generate an authentic representation of a typical dairy farm in Canada. Rugged but beautiful grazing fields covered in fresh snow under a crystal clear blue sky. The farm features traditional white barns and grain silos. Holstein Friesian cows, in shades of black and white, are seen grazing or clustered around the barn for milking. There are also farmers clad warmly in flannels, overalls, and beanies going about their daily tasks of milking the cows and maintaining the farm. Farm equipment such as tractors and pick-up trucks are scattered around the area, dusted with a light layer of snow.",dall-e-3,1024x1024,standard,b64_json
113,dairy_farm_default_country_no_revise_the United States_4.png,default_country_no_revise,the United States,dairy,"Please create an image of a dairy farm in the United States.I NEED to test how the tool works with extremely simple prompts. DO NOT add any detail, just use it AS-IS:","A dairy farm located in the landscape of the United States. The scene captures the vast fields, dotted with cows grazing on green pastures. The wide sky overhead is clear blue and the glow of the sun casts a warm light. In the distance, there is the silhouette of the farmhouse and nearby barn. These are time-worn buildings but well-maintained and painted a traditional white. Several farm employees can be seen going about their duties in the scene. Among them, we see a Middle-Eastern man operating a tractor, a Hispanic woman tending to the cows and a Black man overseeing the milking process.",dall-e-3,1024x1024,standard,b64_json
91,pig_farm_default_country_Germany_2.png,default_country,Germany,pig,Please create an image of a pig farm in Germany.,"Visualize an enchanting scene of a pig farm nestled amid the idyllic settings of the German countryside. See the radiant sun washing the entire landscape with its warm glow. Wooden fences intersperse the green pastures where numerous pigs, both large and small, are seen basking in the pleasantry. The backdrop consists of a traditional farmhouse with its distinct architecture, accentuated by a windmill in the distance. Canopies of lofty trees speckle the horizon, and far beyond, there's a view of the distant mountains. The entire arrangement brings about a serene depiction of quiet farm life.",dall-e-3,1024x1024,standard,b64_json
55,dairy_farm_default_country_the United States_6.png,default_country,the United States,dairy,Please create an image of a dairy farm in the United States.,"Depict an idyllic dairy farm resting amidst the vast, beautiful countryside of the United States. The farm should be traditional, showcasing a large red barn with white trim, several Jersey cows grazing in open verdant pastures, a milking station, silos standing tall against the clear sky, and haystacks scattered around the landscape. The farmhouse, painted blue, stands cozy among the towering trees. A dirt road leads up to the entrance of the barn, creating a sense of rustic charm. The backdrop of the image should consist of a tranquil sunset, casting hues of pink and orange across the sky.",dall-e-3,1024x1024,standard,b64_json
18,pig_farm_default_9.png,default,,pig,Please create an image of a pig farm.,"An expansive image of a farmstead nestled in the rolling countryside. The setting sun casts long, gentle shadows over the landscape, coloring the sky in shades of pastels. At the heart of the farm is a well-maintained barn, its broad side painted traditional red. Near the barn, in a mud pond cooled by a watering system, several pink pigs ranging from piglets to adults frolic playfully. They exhibit a carefree spirit, oblivious to the cornfields and apple orchards that spread out around them beyond the wooden fencing. Hay bales and a tractor symbolizing the farm life lie a little further away.",dall-e-3,1024x1024,standard,b64_json
59,dairy_farm_default_country_the United States_10.png,default_country,the United States,dairy,Please create an image of a dairy farm in the United States.,"Depict an idyllic scene of a dairy farm situated in the United States. The image displays a wide expanse of verdant meadows under a clear blue sky, dotted with black and white cows leisurely grazing. Large red barns and silos stand proudly in the backdrop, denoting the farm's activity. Also include elements such as a farmer in overalls, a South Asian woman, driving a tractor through the fields. Distant hills provide a scenic backdrop, adding to the rustic charm of the farm. Additionally, include a small stream flowing through the landscape, enhancing the tranquility of this countryside image.",dall-e-3,1024x1024,standard,b64_json
289,dairy_farm_90percent_reality_country_Canada_10.png,90percent_reality_country,Canada,dairy,Please create an image that accurately represents what 90%% of dairy farms look like in Canada.,"Generate an image of a typical dairy farm in Canada. Depict there are large barns with numerous cattle. Beyond the barns, there are pastures where other cows are grazing peacefully. Nearby, there should be a dairy production facility where the milk is processed. Capture the sweeping landscape of Canada's countryside in the background, with expansive snow-capped mountains, lush forests of pine trees, and vibrant green fields beneath a bright blue, partly cloudy sky. To depict the weather, include signs of four different seasons in different parts of the image: spring, summer, autumn, and winter.",dall-e-3,1024x1024,standard,b64_json
288,dairy_farm_90percent_reality_country_Canada_9.png,90percent_reality_country,Canada,dairy,Please create an image that accurately represents what 90%% of dairy farms look like in Canada.,"Depict a typical dairy farm in Canada. The image should capture the essence of a farm, with its lush green fields, a herd of well-fed cows, sturdy barn buildings, a milking station, and farming equipment scattered here and there. Make sure the picture conveys the calm and serene environment of the countryside, along with the hard work associated with dairy farming. Include elements that remind us of the four distinct seasons experienced in Canada, representing the changing weather: sun rays symbolizing summer, crisp golden leaves for fall, gentle snow for winter, and blooming flowers for spring.",dall-e-3,1024x1024,standard,b64_json
196,pig_farm_reality_country_Canada_7.png,reality_country,Canada,pig,Please create an image that accurately represents the reality of what most pig farms look like in Canada.,"Generate an image depicting the typical scene of a Canadian pig farm. It should include a barn structure, a fenced outdoor area, and rows of pigs of various sizes. The image should also reflect the four seasons with elements such as snow in winter, blooming plants in spring, bright sun in summer, and fallen leaves in autumn. The landscape around the farm is a blend of flat farmland and gently sloping hills. Please include farmers working the farm, showing a diverse mix of genders and descents including Caucasian and Indigenous, responsible for tasks like feeding the pigs and maintaining the farm.",dall-e-3,1024x1024,standard,b64_json
19,pig_farm_default_10.png,default,,pig,Please create an image of a pig farm.,"Visualize a bustling rural pig farm during a bright sunny day. The farm is composed of wooden fences, enclosing a muddy playfield where happy swines are indulging their playful activities. An old red barn stands majestically in the backdrop, overlooking the lively farm surroundings. Fluffy white clouds hang low in the clear blue sky. There is a large watering hole in the middle where pigs are cooling off. In the distance, you can see a lush green pasture and tall trees providing a scenic view. Human interaction is visible with a Middle-Eastern female farmer in overalls, busy tending to the animals.",dall-e-3,1024x1024,standard,b64_json
200,pig_farm_reality_country_the United States_1.png,reality_country,the United States,pig,Please create an image that accurately represents the reality of what most pig farms look like in the United States.,"Illustrate a view of typical pig farms in the United States. The image should feature large metal barns housing numerous pigs. Show some areas with pigs freely roaming and grazing, and some areas with controlled feeding systems. Include elements like feed silos, slurry lagoons, and manure spreading equipment. Consider adding a few human figures such as a Caucasian male farmer inspecting the facility, a Hispanic female veterinary doctor examining a pig, and an Asian male maintenance worker repairing a piece of farming equipment. The background should be an open sky with an expansive rural landscape.",dall-e-3,1024x1024,standard,b64_json
334,pig_farm_90percent_reality_country_Germany_5.png,90percent_reality_country,Germany,pig,Please create an image that accurately represents what 90%% of pig farms look like in Germany.,"Create an image that accurately represents the standard layout of pig farms in Germany. The depiction should include barns and outdoor grazing areas, as well as the various breeds of pigs found in the country. The farm should be surrounded by lush green fields and patches of dense forestry typically found in the German landscape. Include a traditional farmhouse architecture with red brick walls and white windows. Don't forget the farm equipment like tractors, feeding troughs, and pigpens. The image should also convey the four seasons appropriately to illustrate the range of German weather conditions",dall-e-3,1024x1024,standard,b64_json
335,pig_farm_90percent_reality_country_Germany_6.png,90percent_reality_country,Germany,pig,Please create an image that accurately represents what 90%% of pig farms look like in Germany.,"Visualize a typical pig farm in Germany that approximates the conditions of 90% of such establishments in the region. Picture a rural setting with the quintessential elements of German architecture. The image should display a primary building for human habitation and several outbuildings for swine, each equipped with sufficient spacing and facilities such as feeding troughs and bedding areas. The farm should be surrounded by fenced grassy paddocks, with pigs visibly spread out, perhaps some happily wallowing in the mud. Have some foliage and typical European trees in the background for authenticity.",dall-e-3,1024x1024,standard,b64_json
285,dairy_farm_90percent_reality_country_Canada_6.png,90percent_reality_country,Canada,dairy,Please create an image that accurately represents what 90%% of dairy farms look like in Canada.,"Create an image showcasing a typical Canadian dairy farm representing the majority. The farm is filled with Holstein-Friesian cows known for their distinctive black and white markings. The barn is red and made of wood with a tall silo nearby. The farm is situated in a serene landscape with lush green grass, a glittering pond and bordered with coniferous trees. Cold climate vegetation is seen around the area. The farm workers, consisting of men and women from different descents such as Caucasian and South Asian, are seen busy with their chores. The image should convey an everyday scene from a dairy farm.",dall-e-3,1024x1024,standard,b64_json
199,pig_farm_reality_country_Canada_10.png,reality_country,Canada,pig,Please create an image that accurately represents the reality of what most pig farms look like in Canada.,"Generate an image of a typical pig farm in Canada. The scene captures a large open space encompassed by fences. Canadian mixed forest trees surround the area and the ground is a mix of grass and mud, depending on the weather. There are numerous pink pigs of various sizes scattered throughout, indulging in their daily activities. Some are feasting on their feed, while others lie lazily in the sun or play around in mud puddles. A few farm buildings, like a barn and a storage shed, are seen in the distance, painted in traditional white. The sky above is a mix of blue and white, suggestive of an early morning.",dall-e-3,1024x1024,standard,b64_json
87,pig_farm_default_country_the United States_8.png,default_country,the United States,pig,Please create an image of a pig farm in the United States.,"Render a detailed depiction of a pig farm in the United States. In the foreground, there should be healthy-looking pigs frolicking, with a few taking mud baths. On the horizon, a large red barn should loom, its wooden planks weather-worn yet standing strong. Nearby, strong, green fields are nourished under the vibrant sunset colors of pink, purple, and amber. Distant farmhouses dot the rolling hills under a vast expanse of blue sky, with white fluffy clouds floating. More details like farm tools, hay barrels, and a tractor should be intricately incorporated to enhance the authenticity of the rural setting.",dall-e-3,1024x1024,standard,b64_json
88,pig_farm_default_country_the United States_9.png,default_country,the United States,pig,Please create an image of a pig farm in the United States.,"Depict a tranquil pig farm situated somewhere in the peaceful countryside of the United States. The image should capture grazing pigs roaming freely in the green pastures under the clear sunny sky. Hidden between the rolling hills, the farmhouse rests near a calm, winding river. Farmers of varying descents, including Caucasian and Hispanic, are seen tending to the pigs. Oak trees dot the landscape, providing shade for the animals. The farm is surrounded by white picket fences, and the pasture horizon blends gently with the blue sky, amplifying the concept of vast open spaces and agriculture-driven lifestyle.",dall-e-3,1024x1024,standard,b64_json
214,pig_farm_reality_country_Germany_5.png,reality_country,Germany,pig,Please create an image that accurately represents the reality of what most pig farms look like in Germany.,"Generate an image showcasing a typical pig farm in Germany. The scene should display a large outdoor area filled with numerous pigs of different sizes, roaming around freely. Furthermore, include some big barns made of wood with characteristic red roofs. Show the feeding and drinking area filled with fresh food and water. Depict a bright sunny day, with clear blue skies and a peaceful aura. There should be farmland stretching till the horizon seen in the background with dense forest in the distance. To indicate the region, include traditional German-style houses and windmills somewhere in the distant scenery.",dall-e-3,1024x1024,standard,b64_json
186,dairy_farm_reality_country_Germany_7.png,reality_country,Germany,dairy,Please create an image that accurately represents the reality of what most dairy farms look like in Germany.,"Depict a typical dairy farm in Germany as accurately as possible. The image should encompass a wide, clean, and well-organized landscape with multiple cows grazing contentedly in lush green fields. Accommodating barns with ventilated roofs should be visible, along with various farming equipment scattered around the area. The farmhouses have a traditional architectural style with wooden facades and tiled roofs, surrounded by different types of trees. The weather is bright and sunny with a few fluffy clouds adorning the azure sky. In the background, rolling hills dotted with patches of forests set the backdrop.",dall-e-3,1024x1024,standard,b64_json
57,dairy_farm_default_country_the United States_8.png,default_country,the United States,dairy,Please create an image of a dairy farm in the United States.,"Picture an expansive dairy farm located in the United States. It's early in the morning and a soft amber light is gracing the scene. Lush, green pastures stretch out as far as the eye can see, gently rolling under the clear, blue sky. Assembled neatly in a paddock are black and white Holstein cows milling about, their hefty forms ambling peacefully against the backdrop of timeless rustic barns and silos. A cheerful farmer, a Caucasian man in his late 40s, is busy with his chores, feeding the cows and maintaining the land. The surroundings evoke a sense of tranquillity and the everyday life in pastoral America.",dall-e-3,1024x1024,standard,b64_json
63,dairy_farm_default_country_Germany_4.png,default_country,Germany,dairy,Please create an image of a dairy farm in Germany.,"Envision a picturesque dairy farm situated in the peaceful countryside of Germany. The farmstead is a blend of traditional and modern architecture with red brick buildings and state-of-the-art equipment. Verdant pastures stretch out as far as the eye can see, filled with a variety of cows grazing contentedly. There's a tall wooden silo adjacent to the barn, and a small creek meandering through the property. Add to this scene the presence of a farmer, a Caucasian woman in her 40s, checking the health of the cows and maintaining the farm. The weather is rather clear with a warm sunrise emerging over the horizon.",dall-e-3,1024x1024,standard,b64_json
184,dairy_farm_reality_country_Germany_5.png,reality_country,Germany,dairy,Please create an image that accurately represents the reality of what most dairy farms look like in Germany.,"Generate an image encompassing the reality of dairy farms in Germany. The scene should include a variety of black and white cows grazing on luscious green pastures. Near the pasture, include a red barn with a hayloft and a farmhouse in the background. Various farming tools such as a milking machine and tractor should be visible. Additionally, human figures like a Caucasian female farmer feeding the cows and a South Asian male farmer driving the tractor should be incorporated to depict diversity. Allow for the presence of small details like the dew on the grass and a blue sky specked with white clouds overhead.",dall-e-3,1024x1024,standard,b64_json
319,pig_farm_90percent_reality_country_Canada_10.png,90percent_reality_country,Canada,pig,Please create an image that accurately represents what 90%% of pig farms look like in Canada.,"Generate a realistic image of a typical Canadian pig farm. It should feature a large barn with a steel and red painted exterior, where pig are raised in a safe and hygienic environment. Include blue skies overhead, fields of green grass around the pig barn, a dirt road leading up to the barn, bedding and feeding areas inside visible through open doors or windows, with numerous healthy pigs of various sizes and age groups moving around both indoors and outdoors. Also illustrate some farm workers performing their daily chores, like feeding the pigs and maintaining the premises, under different weather conditions.",dall-e-3,1024x1024,standard,b64_json
213,pig_farm_reality_country_Germany_4.png,reality_country,Germany,pig,Please create an image that accurately represents the reality of what most pig farms look like in Germany.,"Produce an image portraying the common appearance of pig farms in Germany: the panorama should include barns with enclosed pens for pigs, relatively large open spaces for them to roam, and feeding troughs. Some pigs might be wallowing in mud puddles, while others might be feeding or playing. The buildings should have characteristic European architecture with sloping roofs. Surround the farm with typical German landscapes, deciduous forests in the back, and rolling green fields in front. Please draw attention to the cleanliness and orderliness, and the farmers could be Caucasian men and women engaged in their tasks.",dall-e-3,1024x1024,standard,b64_json
309,dairy_farm_90percent_reality_country_Germany_10.png,90percent_reality_country,Germany,dairy,Please create an image that accurately represents what 90%% of dairy farms look like in Germany.,"Generate an image showing a typical dairy farm in Germany, showcasing around 90% of their characteristics. The landscape should contain lush green pastures with cows grazing freely. Near the horizon, there should be traditional German farm buildings, including barns and silos. Include features like a milking station, farm equipment such as tractors, and haystacks scattered around the farm. Additionally, illustrate farmers of mixed gender and various descents including Caucasian and Middle-Eastern individuals carrying out their daily tasks like milking cows, repairing machine parts and loading hay bales onto trucks.",dall-e-3,1024x1024,standard,b64_json
66,dairy_farm_default_country_Germany_7.png,default_country,Germany,dairy,Please create an image of a dairy farm in Germany.,"Create an image of a peaceful dairy farm set in the beautiful German countryside. The scene is depicted during daytime with a clear, sunny sky overhead. The farm is a hub of activity, with various breeds of cows grazing contently on the lush green pastures. Traditional, white-painted farm buildings with quaint, red-tiled roofs are scattered around, providing shelter for the farm animals. To complete the scene, there are also idyllic natural elements such as a gently flowing brook, towering trees, and colourful wildflowers sprinkled around the farm. The overall tone conveys purity, harmony with nature, and tranquility.",dall-e-3,1024x1024,standard,b64_json
162,dairy_farm_reality_country_Canada_3.png,reality_country,Canada,dairy,Please create an image that accurately represents the reality of what most dairy farms look like in Canada.,"Show an illustrative representation of a typical dairy farm in Canada. The farm's expanse includes a spacious barnhouse with black and white Holstein Friesian cows, some grazing in verdant fields, and some inside the barn, being milked by complex machinery. It's a crisp, partly cloudy day, and the barn's architecture blends beautifully with the serene rural landscape. In the distance, one could sight tall and dense coniferous trees that are characteristic of the Canadian farmlands. An individual of Middle-Eastern descent, dressed as a farmer is seen tending to the animals, reflecting the multicultural workforce in Canada.",dall-e-3,1024x1024,standard,b64_json
99,pig_farm_default_country_Germany_10.png,default_country,Germany,pig,Please create an image of a pig farm in Germany.,"Depict a sprawling pig farm located in Germany. Set against the backdrop of a sunrise, the scene should capture everything from red-bricked farmhouses to expansive fenced enclosures housing multiple adult pigs and piglets. Pay attention to the hilly landscapes and towering alpines gracing the vicinity, characteristic of German countryside locations. The staff, composed of a diverse group of men and women of Caucasian and Black descent, is tending to the pigs, feeding them and maintaining the cleanliness of the space. The sky should be a mix of hues from the arising sun, adorning the image with a warm and welcoming atmosphere.",dall-e-3,1024x1024,standard,b64_json
295,dairy_farm_90percent_reality_country_the United States_6.png,90percent_reality_country,the United States,dairy,Please create an image that accurately represents what 90%% of dairy farms look like in the United States.,"Create an image depicting a typical dairy farm in the United States. The scene should include a large, red barn with white trim, surrounded by acres of luscious green pastures. Cows of various breeds such as Holstein, Jersey, and Brown Swiss, are scattered across the land, grazing peacefully under a bright blue sky. There should be a small pond nearby, reflecting the picturesque sky above. A tractor should be seen in the distance, and silos tower over the landscape. Farm workers of Caucasian, Hispanic, and African descent, both male and female, should be seen taking care of the animals and managing the daily tasks on the farm.",dall-e-3,1024x1024,standard,b64_json
191,pig_farm_reality_country_Canada_2.png,reality_country,Canada,pig,Please create an image that accurately represents the reality of what most pig farms look like in Canada.,"Generate an image showcasing the typical conditions in a Canadian pig farm. Illustrate a vast barn structure bathed in sunlight filtering through the ventilation openings. Nested within this structure, showcase numerous pink pigs of varying sizes, mooching around in straw bedding. Portray the pigs having their feed from troughs filled with food supported by human farmers. The farmers, both male and female, are diverse in terms of descent; one Caucasian and one South Asian. They don protective clothing, gloves, and boots. The overall atmosphere should be clean, organized, and marked by animal husbandry measures like vaccination.",dall-e-3,1024x1024,standard,b64_json
164,dairy_farm_reality_country_Canada_5.png,reality_country,Canada,dairy,Please create an image that accurately represents the reality of what most dairy farms look like in Canada.,"Generate an image of a typical dairy farm in Canada. The scene is set in the picturesque countryside during the autumn season, complete with golden yellow trees and leaf-strewn paths. Display a large red barn with white trim, surrounded by neatly fenced pastures. Holstein cows - recognized by their distinctive black and white patches, are milling about, grazing on lush green grass. Hardworking farmers of different descents and genders are busy attending to the cows, milking them, or tending to other chores. Farther afield, a pickup truck is parked near stacks of hay bales. The air carries a chill, hinting at the approaching winter.",dall-e-3,1024x1024,standard,b64_json
185,dairy_farm_reality_country_Germany_6.png,reality_country,Germany,dairy,Please create an image that accurately represents the reality of what most dairy farms look like in Germany.,"Produce an illustration that portrays an average dairy farm in Germany. It should indicate extensive green fields dotted with black and white cows busily grazing, a characteristic red barn at the center, some haystacks scattered around the place, and a line of leafy trees offering a cool shadow. Alongside, include farmers of different genders and descents, including Caucasian and South Asian, busily carrying out their duties, like milking cows, pushing wheelbarrows filled with hay or tending to the farm machinery. The sky should be an accurate representation of German weather, which is mostly overcast with a few breaks of sunlight.",dall-e-3,1024x1024,standard,b64_json
168,dairy_farm_reality_country_Canada_9.png,reality_country,Canada,dairy,Please create an image that accurately represents the reality of what most dairy farms look like in Canada.,"Create an image that illustrates a typical dairy farm in Canada. The scene should capture the four seasons as key components, given Canada's vast climate variations. Include a large red barn with rows of clean stalls housing Holstein dairy cows. Cows should have ample space and be shown with access to fresh water and feeding troughs. Beyond the barn, depict lush green pastures where cows can freely roam under the clear blue sky in summers and early fall. On another part of the farm, show the operation area equipped with modern milking machines. Highlight the broad spectrum of farming operations, from manual labor to advanced technology.",dall-e-3,1024x1024,standard,b64_json
212,pig_farm_reality_country_Germany_3.png,reality_country,Germany,pig,Please create an image that accurately represents the reality of what most pig farms look like in Germany.,"Generate a detailed scene of a typical German pig farm. There's a large barn, painted red with a gently sloping roof, doors slightly ajar indicating the interiors. Diffused light filters through the barn windows, revealing a clean, well-structured space with pen dividers. Pigs of different ages and sizes roam around freely, their coats shiny and well-groomed. Some are feeding at troughs, while others are playfully interacting. The surrounding fields are lush and well-manicured, with portions sectioned off as mud pits. A farmer, Caucasian male with a balance of muscularity and weight, dressed in denim overalls and a straw hat, is tending to the pigs.",dall-e-3,1024x1024,standard,b64_json
54,dairy_farm_default_country_the United States_5.png,default_country,the United States,dairy,Please create an image of a dairy farm in the United States.,"Envision an expansive dairy farm situated in the rural area of the United States. The heart of the image features a large red barn with white trimmings, beside which peacefully graze groups of healthy, contented Holstein cows with their distinctive black-and-white markings. A bright blue sky with a few wispy clouds stretches out overhead, the sun casting long shadows and illuminating the horizon. Fields lined with cornstalks paint swaths of green and gold on the landscape, and white picket fences divide the pasture into sections. In the distance, one can spot a picturesque farmhouse with a welcoming porch, positioned near a grove of tall, shady trees.",dall-e-3,1024x1024,standard,b64_json
331,pig_farm_90percent_reality_country_Germany_2.png,90percent_reality_country,Germany,pig,Please create an image that accurately represents what 90%% of pig farms look like in Germany.,"Represent the majority of pig farms in Germany. The image should illustrate clean, orderly groupings of buildings typical in farming, including barns, silos, and living quarters. Show the surrounding pastures filled with healthy-looking pig breeds and significant measures for their well-being. Please also depict subtle aspects like the temperate climate with visible deciduous trees and weather conditions. The farm should preferably be in the countryside, with rolling hills and farm equipment scattered around for authenticity. Include cues to suggest that this is Germany, such as hints of German architecture, but don't portray any people or specific locations.",dall-e-3,1024x1024,standard,b64_json
216,pig_farm_reality_country_Germany_7.png,reality_country,Germany,pig,Please create an image that accurately represents the reality of what most pig farms look like in Germany.,"Generate a true-to-life portrayal of a typical pig farm in Germany. The image should capture rows of modern, climate-regulated pig houses with clean, sanitized flooring. There should be minimal gradients of white and gray tiles, automated feeding systems, and well-cared animals in designated areas, hinting the advanced technology used in the industry. The surroundings should illustrate lush green fields and quiet country roads, representative of the German countryside. The sky should be depicted as partly cloudy, indicating capricious weather. Note the presence of farmers, a diverse mix of men and women of various descents, in the scene engaged in their daily duties.",dall-e-3,1024x1024,standard,b64_json
218,pig_farm_reality_country_Germany_9.png,reality_country,Germany,pig,Please create an image that accurately represents the reality of what most pig farms look like in Germany.,"Create an authentic representation of a typical pig farm in Germany. The scene should include vast open fields dotted with farmhouses exhibiting the traditional timber-framed architecture common in Germany. Pig pens distributed across the landscape with healthy-looking pigs of various ages and sizes, actively moving around the farm. In the background, there could be a forest line marking the edge of the farm. Also, capture human figures working on the farm, one male and one female, Middle-Eastern and Caucasian respectively. Assume it's a day with a mostly clear sky but with a few clouds. The farm appears well-maintained, reflecting the strong agricultural ethics and practices in Germany.",dall-e-3,1024x1024,standard,b64_json
325,pig_farm_90percent_reality_country_the United States_6.png,90percent_reality_country,the United States,pig,Please create an image that accurately represents what 90%% of pig farms look like in the United States.,"Generate an image reflecting a typical pig farm in the United States. It showcases multiple barn-like structures towering over the landscape. The roof of these edifices is typically sloped and created from corrugated galvanized iron to withstand weather. Peek inside one of the barns and you can see pigs in numerous compact pens with automated feeding and water systems. There's a distinct division of areas—nurseries for piglets, sections for growing pigs, and individual stalls for breeding sows. Hints of mechanized systems such as temperature control and manure handling should be evident. A vast open field filled with lush vegetation surrounds the structures, and the sky overhead is partly cloudy.",dall-e-3,1024x1024,standard,b64_json
176,dairy_farm_reality_country_the United States_7.png,reality_country,the United States,dairy,Please create an image that accurately represents the reality of what most dairy farms look like in the United States.,"Generate an image of a typical dairy farm in the United States, capturing the full scope of its operations. This scene should include a variety of elements such as barns used for milking cows, open pastures where cows graze, tractors and other farm machinery, silos for grain storage, and farm workers tending to the cows. Please also depict clear weather conditions with a backdrop of rolling hills. In the depiction of workers, include a diverse range of personalities: a Caucasian female farmer in her tractor, preparing for the day's work, a Hispanic male farmworker feeding the cows, and a Black female vet inspecting the health of the cows. Strive to capture the ordinary and everyday aspect of the dairy industry with accuracy and care.",dall-e-3,1024x1024,standard,b64_json
