generation_type,country,farm_type,prompt,model,40S,Abundant,Accurate,Accurately,Active,Actively,Activities,Activity,Add,Adding,Additionally,Adds,Adjacent,Adorned,Adult,Adults,Afternoon,Age,Aged,Ages,Agricultural,Agriculture,Air,Alongside,Alps,Ambiance,Amidst,Ample,Animal,Animals,Architectural,Architecture,Areas,Arranged,Array,Asian,Aspects,Associated,Atop,Attending,Attire,Authentic,Authenticity,Automated,Average,Away,Azure,Backdrop,Bales,Barn,Barns,Basking,Bathed,Beautiful,Beauty,Bedding,Beneath,Big,Birds,Black,Blend,Blue,Boots,Border,Bordered,Bordering,Boundaries,Boundary,Breathtaking,Breed,Breeds,Breeze,Brick,Bright,Brightly,Brilliant,Brimmed,Brimming,Broad,Brook,Brown,Bucket,Buckets,Bucolic,Building,Buildings,Built,Busily,Bustling,Busy,Calm,Calves,Cans,Capped,Capture,Captures,Capturing,Care,Caring,Carrying,Casting,Casts,Cattle,Caucasian,Center,Central,Cerulean,Characteristic,Characterized,Charm,Charming,Checking,Cheerful,Chickens,Chimney,Chores,Clad,Classic,Clay,Clean,Cleaning,Cleanliness,Clear,Climate,Close,Clothes,Clothing,Cloud,Clouds,Cloudy,Cluster,Clusters,Coats,Collection,Color,Colored,Colors,Comfortably,Common,Commonly,Complete,Completes,Completing,Conditions,Consists,Constructed,Contain,Containers,Contains,Content,Contented,Contentedly,Contrast,Contrasting,Convey,Cool,Corn,Corner,Cornfields,Corrugated,Cotton,Countryside,Couple,Covered,Create,Creating,Crisp,Crops,Crystal,Cumulus,Daily,Dappled,Dark,Dawn,Day,Daylight,Daytime,Deep,Denim,Dense,Depict,Descent,Descents,Details,Dew,Different,Diligently,Dirt,Display,Displaying,Distance,Distant,Distinct,Distinctive,Diverse,Diversity,Doing,Dominated,Doors,Dot,Dotted,Dotting,Dressed,Driving,Duties,Early,Earth,Earthy,East,Eastern,Eating,Edge,Emerald,Enclosed,Enclosing,Enclosure,Enclosures,End,Endless,Engaged,Engaging,Enhancing,Enjoying,Ensure,Ensuring,Entire,Environment,Envision,Equipment,Essence,Essential,Eucalyptus,Everyday,Expanse,Expanses,Expansive,Exploring,Extend,Extends,Extensive,Eye,Facilities,Faded,Far,Farmer,Farmers,Farmhand,Farmhands,Farmhouse,Farmhouses,Farming,Farmland,Farmstead,Farmyard,Fashioned,Feature,Features,Featuring,Fed,Feed,Feeders,Feeding,Feel,Feeling,Female,Fence,Fenced,Fences,Fencing,Fertile,Field,Fields,Filled,Filling,Flat,Flock,Flora,Flowing,Fluffy,Flying,Focus,Food,Foraging,Forest,Forests,Form,Frame,Framed,Free,Freely,Fresh,Friesian,Frolicking,Fully,Gender,Genders,Generate,Gentle,Gently,Giving,Glow,Going,Golden,Grain,Grains,Grass,Grasslands,Grassy,Gravel,Graze,Grazing,Green,Greenery,Ground,Grounds,Group,Groups,Growing,Grown,Grunting,Gum,Half,Hand,Handful,Hands,Happily,Happy,Hard,Hardworking,Harmonious,Harmony,Hat,Hats,Hay,Hayloft,Haystacks,Health,Healthy,Heart,Heartland,Herd,Herds,High,Highlighting,Hills,Hint,Hinting,Hispanic,Holstein,Holsteins,Horizon,House,Houses,Housing,Hue,Hues,Human,Iconic,Idyllic,Illustrate,Illustrating,Illustration,Imagine,Included,Includes,Incorporate,Indicative,Infrastructure,Inside,Interacting,Interspersed,Iron,Jeans,Jersey,Jerseys,Just,Kept,Known,Land,Lands,Landscape,Landscapes,Large,Late,Layout,Lazily,Lazing,Leading,Leads,Leaves,Leisurely,Let,Life,Light,Lightly,Like,Line,Lined,Lines,Little,Lively,Livestock,Living,Local,Located,Long,Look,Looking,Lounging,Low,Lush,Machinery,Machines,Main,Maintained,Maintaining,Majestic,Majestically,Make,Making,Male,Man,Managing,Marked,Markings,Mature,Meadows,Meandering,Meanders,Mediterranean,Men,Metal,Mid,Midday,Middle,Milk,Milked,Milking,Mist,Mix,Mixed,Mixture,Modern,Morning,Mountain,Mountains,Moving,Mud,Muddy,Multiple,Multitude,Native,Natural,Nature,Near,Neat,Neatly,Nestled,Number,Numerous,Oak,Occasional,Occasionally,Offering,Old,Olive,Open,Operating,Operation,Operations,Orange,Outback,Outdoor,Outside,Overalls,Overhead,Overseeing,Paddocks,Pail,Paint,Painted,Painting,Paints,Panorama,Panoramic,Parked,Parlor,Parlors,Partially,Partly,Pastoral,Pasture,Pastures,Patches,Path,Paths,Patterns,Peace,Peaceful,Peacefully,Peaks,Pecking,Pen,Pens,Perfect,Performing,Perimeter,Picket,Picturesque,Piglets,Pigpens,Pigsty,Piles,Pink,Pitched,Pits,Place,Placed,Plaid,Planks,Play,Playful,Playfully,Playing,Plenty,Plump,Pond,Pools,Populated,Porch,Portray,Portrayal,Portraying,Portrays,Possibly,Practices,Present,Processing,Production,Prominent,Prominently,Property,Proudly,Provide,Provides,Providing,Puddles,Puffy,Punctuated,Quaint,Quintessential,Radiant,Range,Ranging,Rays,Ready,Realistic,Reality,Red,Reflect,Reflecting,Region,Regular,Remember,Render,Repairing,Represent,Represents,Rest,Resting,Revealing,Rich,Right,Rise,Rising,River,Road,Roam,Roaming,Robust,Roll,Rolling,Roof,Roofed,Roofs,Rooting,Round,Routine,Rows,Rubber,Rugged,Running,Runs,Rural,Rustic,Rustling,Scatter,Scattered,Scenery,Scenic,Sections,Sense,Serene,Serenity,Set,Shade,Shades,Shadows,Shed,Sheds,Shelter,Shelters,Shining,Shirt,Showcases,Showing,Sight,Signifying,Silhouette,Silhouettes,Silo,Silos,Silver,Simple,Simplicity,Sits,Situated,Sizes,Skies,Sky,Slightly,Sloping,Slowly,Small,Smoke,Snouts,Snow,Soft,Soil,South,Space,Spaces,Spacious,Sparse,Speckled,Sporadically,Spot,Spots,Spotted,Sprawling,Spread,Stacked,Stacks,Stand,Standard,Standing,Stands,Station,Stations,Steep,Stone,Storage,Storing,Straw,Stream,Stretch,Stretches,Stretching,Strewn,Strong,Structure,Structures,Stunning,Sturdy,Style,Summer,Sun,Sunlight,Sunny,Sunrise,Sunset,Sure,Surround,Surrounded,Surrounding,Surroundings,Surrounds,Swaying,Sweeping,Symbolizing,Systems,Taking,Tall,Tasks,Teeming,Tending,Tends,Terracotta,Terrain,Thatched,Thriving,Tile,Tiled,Tiles,Timber,Time,Tin,Tones,Tools,Touch,Towering,Tractor,Tractors,Traditional,Tranquil,Tranquility,Tree,Trees,Trim,Trough,Troughs,Truck,Types,Typically,Undulating,Unfolds,Unique,Use,Used,Vane,Varied,Variety,Various,Varying,Vast,Vegetation,Vehicles,Verdant,Vibrant,View,Vintage,Visible,Vista,Visual,Visualize,Vivid,Wallow,Wallowing,Walls,Wandering,Warm,Warmth,Water,Watering,Way,Wearing,Weather,Weathered,Wheat,White,Whitewashed,Wide,Wildflowers,Wind,Winding,Windmill,Windmills,Windows,Winds,Wispy,Woman,Women,Wood,Wooden,Work,Worker,Workers,Working,Worn,Yellow,Young,top_20_words
basic,,dairy,A dairy farm.,dall-e-3,2,2,0,0,1,0,6,6,6,10,0,0,5,0,0,0,9,0,3,1,4,0,8,4,0,4,2,1,1,13,0,3,2,1,0,41,0,0,3,1,1,0,0,0,0,4,6,6,27,83,15,0,6,6,1,0,0,3,10,60,1,55,7,0,1,0,3,1,0,4,22,8,0,19,0,1,0,1,4,0,19,4,4,2,1,7,1,6,14,17,3,5,2,0,1,2,1,0,1,15,6,1,4,30,11,3,1,1,1,16,6,1,1,5,1,13,3,16,0,0,0,0,27,0,2,1,2,1,38,0,1,2,2,1,4,1,3,1,0,0,3,2,3,0,3,0,0,1,0,3,2,5,3,3,0,2,2,3,1,0,4,11,2,6,3,2,2,0,1,3,14,2,0,4,33,5,3,2,12,1,6,7,8,3,3,9,1,7,1,0,44,6,2,9,4,0,1,2,16,6,41,2,6,2,6,7,1,0,2,13,0,6,2,2,1,0,0,2,2,3,4,2,1,1,0,1,1,3,11,2,1,0,0,3,1,10,0,1,0,1,11,0,2,18,44,18,8,5,13,1,12,3,0,0,2,1,3,1,4,3,0,7,3,1,23,17,3,9,1,2,14,36,17,1,0,4,0,1,25,1,0,0,0,2,0,0,1,1,0,5,21,4,1,0,0,5,0,8,9,1,4,2,7,4,1,25,1,4,0,16,75,86,1,3,0,7,0,0,0,0,0,2,1,0,2,3,1,4,4,2,0,17,5,43,1,7,0,9,9,1,7,2,1,0,10,1,4,32,41,2,14,4,2,2,2,8,1,0,8,2,0,0,15,0,0,0,1,0,9,0,0,0,7,9,2,2,1,5,10,0,39,1,38,4,0,22,2,4,2,4,9,0,9,9,2,13,3,1,0,0,2,2,0,0,1,1,0,0,0,0,58,6,0,1,1,1,3,4,1,0,18,21,3,0,2,1,3,1,0,0,2,1,3,2,18,21,3,28,0,4,5,1,4,8,2,0,1,1,2,6,1,0,0,3,6,1,9,2,0,3,3,2,1,1,6,0,13,1,0,1,6,0,1,0,25,5,1,0,1,4,21,1,4,1,1,10,1,0,0,0,5,9,52,6,8,1,5,1,12,22,0,3,0,0,2,0,1,4,12,0,0,0,2,5,0,0,2,1,7,1,0,1,1,1,0,0,12,0,1,3,1,0,0,0,1,1,1,1,1,0,2,4,2,0,0,6,0,2,0,0,3,0,3,1,1,5,0,0,85,0,8,0,0,0,0,2,0,0,0,3,12,4,0,1,3,3,1,1,0,4,2,15,12,1,2,0,0,1,4,4,0,1,3,27,35,3,1,24,5,1,0,5,25,2,3,12,5,5,0,0,1,1,2,8,0,3,0,0,1,2,10,9,2,0,1,2,3,1,7,65,10,1,2,13,1,0,0,13,0,34,0,0,0,0,8,4,1,3,3,17,7,8,2,3,0,8,41,2,1,0,2,0,1,21,6,15,3,5,2,2,1,1,0,8,4,5,26,7,19,3,3,0,0,5,3,1,1,2,1,1,0,1,22,4,1,30,2,0,0,1,1,0,0,0,2,2,1,0,3,2,4,25,6,22,13,5,3,17,5,1,2,2,1,0,1,0,0,1,1,14,3,13,17,8,14,0,1,10,9,8,1,5,1,2,24,1,0,0,4,0,13,1,5,0,4,16,16,9,0,80,0,6,7,1,1,5,1,1,4,0,26,2,5,32,10,2,8,8,5,2,3,"Green (86), Red (85), Barn (83), White (80), Grazing (75), Sky (65), Black (60), Lush (58), Blue (55), Pastures (52), Distance (44), Farmer (44), Hay (43), Asian (41), Dotted (41), Holstein (41), Stands (41), Landscape (39), Clouds (38), Large (38)"
basic,,pig,A pig farm.,dall-e-3,0,4,0,0,2,1,2,1,4,6,0,1,4,1,8,8,13,1,7,7,4,2,11,1,0,0,5,2,2,11,0,0,9,0,0,17,0,0,2,2,2,0,2,0,0,3,4,13,21,66,14,3,9,4,0,2,0,2,3,15,1,37,6,1,2,1,0,2,0,0,5,9,0,15,1,2,1,0,3,0,7,4,4,4,2,6,0,5,20,8,5,0,0,0,2,2,2,1,0,7,13,1,0,15,1,0,0,0,0,8,6,3,4,4,2,2,0,8,1,4,2,0,29,0,3,3,0,0,24,0,1,0,1,0,2,1,17,0,0,0,4,1,6,0,6,1,1,0,2,3,1,3,5,4,0,3,5,2,1,0,1,18,4,1,0,2,0,5,0,0,3,3,1,1,31,2,2,1,7,2,5,6,2,2,1,15,1,4,1,4,31,3,2,1,3,1,0,1,12,10,14,0,3,0,3,3,1,2,3,13,1,3,0,2,2,2,4,1,0,3,1,0,3,0,6,1,4,2,5,2,1,0,0,3,1,17,3,0,5,1,2,0,6,7,36,12,1,0,14,1,6,1,0,2,2,0,1,3,2,14,0,18,2,0,10,26,9,29,1,1,20,33,22,7,0,0,0,0,20,1,1,16,5,3,0,0,0,1,0,13,4,0,9,6,1,2,1,6,7,1,11,3,7,3,2,13,0,3,0,0,6,54,3,7,1,5,1,3,9,7,0,1,1,1,1,17,3,6,2,3,0,15,2,36,1,5,4,18,4,0,2,0,5,1,6,2,1,11,0,0,13,6,1,2,4,6,1,0,11,4,0,0,11,1,3,3,0,0,4,4,0,0,1,0,0,4,4,0,2,0,36,0,31,6,0,11,2,2,0,5,3,1,16,9,0,7,3,2,0,3,14,2,2,0,3,7,2,5,5,1,18,0,0,0,5,2,0,1,1,2,12,14,0,1,0,7,0,1,1,0,0,0,3,3,22,0,0,0,1,3,1,1,0,7,0,0,2,54,25,6,2,0,3,1,10,2,5,6,4,10,4,1,0,6,12,0,19,0,0,0,9,0,0,2,14,9,1,2,0,8,17,0,0,1,0,7,0,0,2,0,9,5,11,4,1,0,3,1,15,3,0,1,9,11,0,0,2,1,2,30,1,3,4,37,2,1,3,1,3,1,5,9,17,10,3,5,3,1,2,1,0,1,0,0,0,0,2,0,0,2,1,4,2,4,2,15,9,1,1,5,1,1,2,7,5,1,1,0,68,0,2,0,0,0,0,2,0,0,1,7,3,1,1,1,2,1,2,10,14,4,2,16,13,1,5,9,0,2,3,3,0,2,0,40,30,5,2,34,3,1,1,5,9,2,8,14,5,7,0,2,1,0,2,4,2,3,2,2,2,2,9,0,2,4,1,5,2,49,1,54,5,1,6,14,2,3,0,14,3,11,3,1,4,0,3,2,0,1,11,9,5,3,2,5,0,3,25,0,0,0,1,0,0,25,2,3,3,1,3,1,3,3,0,13,2,1,34,9,16,3,2,0,5,18,12,4,1,1,0,0,0,0,22,1,2,20,2,0,4,1,1,1,0,0,1,2,1,0,3,2,4,13,1,13,2,4,5,32,4,6,10,1,0,0,0,1,0,2,0,9,1,5,29,17,11,1,0,11,6,8,3,10,2,2,25,3,3,13,2,3,20,2,6,0,3,12,13,15,3,39,1,8,2,2,1,10,0,2,3,0,15,0,5,71,13,0,2,0,5,1,2,"Wooden (71), Red (68), Barn (66), Green (54), Mud (54), Sky (54), Sizes (49), Rural (40), White (39), Blue (37), Pink (37), Farmer (36), Hay (36), Landscape (36), Scattered (34), Sun (34), Fields (33), Trees (32), Day (31), Distance (31)"
basic_no_revise,,dairy,"A dairy farm.I NEED to test how the tool works with extremely simple prompts. DO NOT add any detail, just use it AS-IS:",dall-e-3,0,0,0,0,0,0,0,0,0,0,0,0,0,0,0,0,0,0,0,0,0,0,0,0,0,0,0,0,0,0,0,0,0,0,0,0,0,0,0,0,0,0,0,0,0,0,0,0,0,0,0,0,0,0,0,0,0,0,0,0,0,0,0,0,0,0,0,0,0,0,0,0,0,0,0,0,0,0,0,0,0,0,0,0,0,0,0,0,0,0,0,0,0,0,0,0,0,0,0,0,0,0,0,0,0,0,0,0,0,0,0,0,0,0,0,0,0,0,0,0,0,0,0,0,0,0,0,0,0,0,0,0,0,0,0,0,0,0,0,0,0,0,0,0,0,0,0,0,0,0,0,0,0,0,0,0,0,0,0,0,0,0,0,0,0,0,0,0,0,0,0,0,0,0,0,0,0,0,0,0,0,0,0,0,0,0,0,0,0,0,0,0,0,0,0,0,0,0,0,0,0,0,0,0,0,0,0,0,0,0,0,0,0,0,0,0,0,0,0,0,0,0,0,0,0,0,0,0,0,0,0,0,0,0,0,0,0,0,0,0,0,0,0,0,0,0,0,0,0,0,0,0,0,0,0,0,0,0,0,0,0,0,0,0,0,0,0,0,0,0,0,0,0,0,0,0,0,0,0,0,0,0,0,0,0,0,0,0,0,0,0,0,0,0,0,0,0,0,0,0,0,0,0,0,0,0,0,0,0,0,0,0,0,0,0,0,0,0,0,0,0,0,0,0,0,0,0,0,0,0,0,0,0,0,0,0,0,0,0,0,0,0,0,0,0,0,0,0,0,0,0,0,0,0,0,0,0,0,0,0,0,0,0,0,0,0,0,0,0,0,0,0,0,0,0,0,0,0,0,0,0,0,0,0,0,0,0,0,0,0,0,0,0,0,0,0,0,0,0,0,0,0,0,0,0,0,0,0,0,0,0,0,0,0,0,0,0,0,0,0,0,0,0,0,0,0,0,0,0,0,0,0,0,0,0,0,0,0,0,0,0,0,0,0,0,0,0,0,0,0,0,0,0,0,0,0,0,0,0,0,0,0,0,0,0,0,0,0,0,0,0,0,0,0,0,0,0,0,0,0,0,0,0,0,0,0,0,0,0,0,0,0,0,0,0,0,0,0,0,0,0,0,0,0,0,0,0,0,0,0,0,0,0,0,0,0,0,0,0,0,0,0,0,0,0,0,0,0,0,0,0,0,0,0,0,0,0,0,0,0,0,0,0,0,0,0,0,0,0,0,0,0,0,0,0,0,0,0,0,0,0,0,0,0,0,0,0,0,0,0,0,0,0,0,0,0,0,0,0,0,0,0,0,0,0,0,0,0,0,0,0,0,0,0,0,0,0,0,0,0,0,0,0,0,0,0,0,0,0,0,0,0,0,0,0,0,0,0,0,0,0,0,0,0,0,0,0,0,0,0,0,0,0,0,0,0,0,0,0,0,0,0,0,0,0,0,0,0,0,0,0,0,0,0,0,0,0,0,0,0,0,0,0,0,0,0,0,0,0,0,0,0,0,0,0,0,0,0,0,0,0,0,0,0,0,0,0,0,0,0,0,0,0,0,0,0,0,0,0,0,0,0,0,0,0,0,0,0,0,0,0,0,0,0,0,0,0,0,0,0,0,0,0,0,0,0,0,0,0,0,0,0,0,0,0,0,0,0,0,0,0,0,0,0,0,0,0,0,0,0,0,0,0,0,0,0,0,0,0,0,0,0,0,0,0,0,0,0,0,0,0,0,0,0,0,0,0,0,0,0,0,"40S (0), Abundant (0), Accurate (0), Accurately (0), Active (0), Actively (0), Activities (0), Activity (0), Add (0), Adding (0), Additionally (0), Adds (0), Adjacent (0), Adorned (0), Adult (0), Adults (0), Afternoon (0), Age (0), Aged (0), Ages (0)"
basic_no_revise,,pig,"A pig farm.I NEED to test how the tool works with extremely simple prompts. DO NOT add any detail, just use it AS-IS:",dall-e-3,0,0,0,0,0,0,0,0,0,0,0,0,0,0,0,0,0,0,0,0,0,0,0,0,0,0,0,0,0,0,0,0,0,0,0,0,0,0,0,0,0,0,0,0,0,0,0,0,0,0,0,0,0,0,0,0,0,0,0,0,0,0,0,0,0,0,0,0,0,0,0,0,0,0,0,0,0,0,0,0,0,0,0,0,0,0,0,0,0,0,0,0,0,0,0,0,0,0,0,0,0,0,0,0,0,0,0,0,0,0,0,0,0,0,0,0,0,0,0,0,0,0,0,0,0,0,0,0,0,0,0,0,0,0,0,0,0,0,0,0,0,0,0,0,0,0,0,0,0,0,0,0,0,0,0,0,0,0,0,0,0,0,0,0,0,0,0,0,0,0,0,0,0,0,0,0,0,0,0,0,0,0,0,0,0,0,0,0,0,0,0,0,0,0,0,0,0,0,0,0,0,0,0,0,0,0,0,0,0,0,0,0,0,0,0,0,0,0,0,0,0,0,0,0,0,0,0,0,0,0,0,0,0,0,0,0,0,0,0,0,0,0,0,0,0,0,0,0,0,0,0,0,0,0,0,0,0,0,0,0,0,0,0,0,0,0,0,0,0,0,0,0,0,0,0,0,0,0,0,0,0,0,0,0,0,0,0,0,0,0,0,0,0,0,0,0,0,0,0,0,0,0,0,0,0,0,0,0,0,0,0,0,0,0,0,0,0,0,0,0,0,0,0,0,0,0,0,0,0,0,0,0,0,0,0,0,0,0,0,0,0,0,0,0,0,0,0,0,0,0,0,0,0,0,0,0,0,0,0,0,0,0,0,0,0,0,0,0,0,0,0,0,0,0,0,0,0,0,0,0,0,0,0,0,0,0,0,0,0,0,0,0,0,0,0,0,0,0,0,0,0,0,0,0,0,0,0,0,0,0,0,0,0,0,0,0,0,0,0,0,0,0,0,0,0,0,0,0,0,0,0,0,0,0,0,0,0,0,0,0,0,0,0,0,0,0,0,0,0,0,0,0,0,0,0,0,0,0,0,0,0,0,0,0,0,0,0,0,0,0,0,0,0,0,0,0,0,0,0,0,0,0,0,0,0,0,0,0,0,0,0,0,0,0,0,0,0,0,0,0,0,0,0,0,0,0,0,0,0,0,0,0,0,0,0,0,0,0,0,0,0,0,0,0,0,0,0,0,0,0,0,0,0,0,0,0,0,0,0,0,0,0,0,0,0,0,0,0,0,0,0,0,0,0,0,0,0,0,0,0,0,0,0,0,0,0,0,0,0,0,0,0,0,0,0,0,0,0,0,0,0,0,0,0,0,0,0,0,0,0,0,0,0,0,0,0,0,0,0,0,0,0,0,0,0,0,0,0,0,0,0,0,0,0,0,0,0,0,0,0,0,0,0,1,0,0,0,0,0,0,0,0,0,0,0,0,0,0,0,0,0,0,0,0,0,0,0,0,0,0,0,0,0,0,0,0,0,0,0,0,0,0,0,0,0,0,0,0,0,0,0,0,0,0,0,0,0,0,0,0,0,0,0,0,0,0,0,0,0,0,0,0,0,0,0,0,0,0,0,0,0,0,0,0,0,0,0,0,0,0,0,0,0,0,0,0,0,0,0,0,0,0,0,0,0,0,0,0,0,0,0,0,0,0,0,0,0,0,0,0,0,0,0,0,0,0,0,0,0,0,0,0,0,0,0,0,0,0,0,0,0,0,0,0,0,0,0,0,0,0,0,0,0,0,0,0,0,0,0,0,0,"Simple (1), 40S (0), Abundant (0), Accurate (0), Accurately (0), Active (0), Actively (0), Activities (0), Activity (0), Add (0), Adding (0), Additionally (0), Adds (0), Adjacent (0), Adorned (0), Adult (0), Adults (0), Afternoon (0), Age (0), Aged (0)"
typical,,dairy,A typical dairy farm.,dall-e-3,1,1,0,0,1,0,4,5,4,8,3,3,3,2,0,0,5,1,4,2,5,1,5,0,0,4,5,0,0,19,0,1,0,0,2,41,1,0,1,5,0,1,2,0,2,4,3,17,29,86,11,0,3,5,0,1,3,0,7,53,1,62,3,1,1,1,4,3,0,1,21,2,0,18,1,1,1,5,3,0,11,6,2,0,1,2,2,6,12,15,3,5,3,1,3,0,2,1,0,13,5,1,6,40,8,1,1,1,0,6,1,2,1,11,6,10,4,15,0,2,0,1,32,0,2,0,0,1,36,2,1,0,3,0,4,2,6,1,0,0,4,4,2,0,4,0,0,1,0,0,0,4,0,0,0,1,1,1,1,0,3,12,6,0,7,2,5,0,1,1,11,1,1,1,34,5,2,0,9,1,9,14,10,3,0,14,4,5,3,1,41,6,1,10,9,0,1,0,9,4,24,1,4,9,2,7,0,0,3,17,1,0,0,4,1,0,1,0,0,3,2,1,1,0,1,2,4,0,17,1,1,0,3,3,2,9,0,3,1,0,1,0,2,5,54,17,5,5,19,1,14,0,0,2,2,3,5,3,1,5,0,14,0,1,31,20,2,9,8,1,11,36,18,2,0,1,0,0,23,1,0,1,0,2,0,4,2,0,0,1,16,6,0,0,1,4,0,4,6,5,6,1,6,3,2,21,1,3,0,14,80,85,1,5,1,14,0,0,0,0,0,0,6,1,1,1,0,3,1,2,0,19,4,45,1,9,3,12,4,0,11,0,1,1,12,1,1,31,46,3,10,7,0,1,1,6,1,1,13,2,0,3,9,0,9,0,0,0,7,0,1,0,4,9,3,3,1,6,3,0,32,1,43,2,0,9,0,3,3,1,14,0,18,4,3,11,5,1,0,0,4,6,0,0,0,4,1,2,0,1,54,7,2,0,0,5,0,2,1,4,22,23,0,1,6,2,3,1,1,0,4,1,1,2,28,24,2,27,0,8,5,1,2,9,0,2,3,0,2,5,2,0,2,1,18,0,15,3,1,5,3,2,0,0,10,0,14,0,3,0,3,0,0,1,31,6,1,0,6,2,18,1,2,0,1,18,2,0,2,1,11,24,45,9,3,1,1,1,10,27,1,5,0,0,4,0,1,2,13,0,0,0,1,3,0,0,0,0,7,1,0,0,0,2,0,0,15,0,1,1,1,0,1,0,0,1,1,0,1,4,3,3,3,2,1,9,0,4,0,1,5,0,0,2,2,7,1,0,89,0,4,0,1,0,0,1,0,0,0,4,3,1,0,0,3,0,2,0,3,1,1,15,8,0,2,0,3,0,5,1,1,1,0,16,19,1,1,22,4,1,0,7,11,1,15,5,1,4,1,0,1,0,0,7,2,1,0,1,1,0,20,6,4,1,0,5,4,5,5,72,3,1,0,17,5,0,1,8,1,31,0,0,3,1,3,0,3,1,6,6,4,13,4,0,1,9,30,2,0,0,1,1,3,22,4,0,7,1,0,1,1,0,2,4,2,3,18,3,15,2,0,1,1,9,5,1,1,0,0,2,0,0,22,6,1,38,0,0,0,1,1,0,0,0,1,1,2,0,0,3,5,37,9,27,8,6,3,20,13,1,0,4,1,0,1,0,1,3,4,11,0,9,23,1,9,0,0,12,11,3,3,11,2,2,18,2,0,0,2,0,7,1,3,1,2,15,14,10,0,80,1,9,3,1,2,10,0,0,0,3,29,4,3,34,12,0,13,7,3,2,2,"Red (89), Barn (86), Green (85), Grazing (80), White (80), Sky (72), Blue (62), Farmer (54), Lush (54), Black (53), Holstein (46), Hay (45), Pastures (45), Large (43), Asian (41), Distance (41), Caucasian (40), Tending (38), Tractor (37), Clouds (36)"
typical,,pig,A typical pig farm.,dall-e-3,1,0,0,0,4,0,8,6,3,2,1,0,2,1,8,3,6,0,7,10,3,0,6,0,0,2,4,5,0,11,0,0,8,1,2,30,0,0,0,2,3,2,0,0,0,4,1,11,13,83,10,2,1,2,0,4,1,3,5,15,0,52,6,1,0,1,1,2,0,1,3,3,1,18,1,1,4,2,3,1,8,8,3,1,1,2,2,4,14,6,1,0,0,0,8,1,1,3,0,9,6,2,0,17,2,0,1,1,1,3,0,1,4,7,0,5,7,13,0,3,2,2,33,0,3,3,0,1,29,1,0,1,0,1,4,2,18,0,0,0,3,2,1,0,3,1,0,0,3,2,0,1,0,3,1,2,4,3,1,1,3,15,4,2,5,3,1,3,1,0,9,1,1,0,18,0,5,1,10,0,14,12,1,4,0,22,1,6,1,2,26,2,1,1,1,0,2,0,8,4,14,0,6,0,2,1,1,0,5,8,6,3,0,2,4,8,2,3,0,3,3,2,5,0,5,2,7,1,8,2,0,0,9,0,0,7,4,3,2,0,2,1,3,6,49,6,5,1,8,1,6,8,0,3,1,1,5,9,1,20,0,38,2,0,13,33,15,19,4,2,27,28,30,5,1,0,0,0,19,3,1,20,5,2,0,0,1,1,0,13,4,0,10,2,1,0,0,4,4,1,2,3,7,3,5,9,0,3,0,1,6,52,4,11,3,9,1,1,3,1,1,1,7,0,0,13,3,3,0,2,2,28,1,32,4,12,1,19,1,0,2,0,4,0,8,0,1,14,0,0,8,1,2,4,2,1,0,1,2,12,0,2,7,0,13,0,0,0,9,3,1,1,5,0,0,2,2,0,5,2,22,0,47,2,2,7,4,2,0,0,1,0,13,6,2,13,5,2,0,4,8,5,3,0,0,5,1,2,4,2,20,1,0,3,5,1,0,1,4,1,14,15,0,1,0,8,1,0,0,0,2,0,0,2,18,0,0,0,0,5,0,1,0,3,0,0,2,70,22,6,0,0,2,0,11,0,4,1,1,10,6,4,4,3,8,0,24,0,0,2,1,0,5,0,34,13,0,0,5,0,15,1,0,0,1,10,0,0,0,1,4,1,12,10,0,0,0,1,8,0,0,4,12,12,1,2,1,1,2,19,1,2,3,26,0,0,1,2,11,4,2,0,9,12,1,1,0,1,0,0,0,0,0,0,1,0,2,0,0,0,0,1,0,3,4,11,13,0,1,1,1,0,1,2,1,1,2,0,70,0,3,0,2,0,1,3,2,2,5,10,3,0,1,0,0,0,1,4,20,2,1,19,12,0,2,8,1,0,2,1,1,1,0,27,14,1,1,32,3,0,2,4,9,2,3,18,1,5,1,1,3,1,3,11,2,3,1,1,0,0,6,5,0,3,2,2,2,55,4,61,1,2,0,2,0,1,0,6,0,19,6,0,13,1,3,0,2,3,6,5,2,4,4,1,2,5,22,0,0,0,0,3,1,38,0,4,1,0,2,2,2,4,0,5,1,1,21,1,14,0,0,2,4,18,15,4,3,2,0,0,0,3,18,2,2,23,2,0,1,2,1,0,0,0,1,2,1,0,7,2,3,19,2,15,4,5,9,26,7,17,21,1,0,0,0,1,1,0,1,3,1,6,26,19,3,0,0,3,5,4,2,9,0,2,19,1,4,19,1,6,7,1,6,2,0,17,6,13,0,37,0,14,0,5,1,5,0,4,0,3,23,2,6,63,10,3,2,0,2,0,4,"Barn (83), Mud (70), Red (70), Wooden (63), Sky (61), Sizes (55), Blue (52), Green (52), Farmer (49), Large (47), Feeding (38), Straw (38), White (37), Overalls (34), Clear (33), Fence (33), Hay (32), Scattered (32), Asian (30), Filled (30)"
typical_no_revise,,dairy,"A typical dairy farm.I NEED to test how the tool works with extremely simple prompts. DO NOT add any detail, just use it AS-IS:",dall-e-3,0,0,0,0,0,0,0,0,0,0,0,0,0,0,0,0,0,0,0,0,0,0,0,0,0,0,0,0,0,0,0,0,0,0,0,0,0,0,0,0,0,0,0,0,0,0,0,0,0,0,0,0,0,0,0,0,0,0,0,0,0,0,0,0,0,0,0,0,0,0,0,0,0,0,0,0,0,0,0,0,0,0,0,0,0,0,0,0,0,0,0,0,0,0,0,0,0,0,0,0,0,0,0,0,0,0,0,0,0,0,0,0,0,0,0,0,0,0,0,0,0,0,0,0,0,0,0,0,0,0,0,0,0,0,0,0,0,0,0,0,0,0,0,0,0,0,0,0,0,0,0,0,0,0,0,0,0,0,0,0,0,0,0,0,0,0,0,0,0,0,0,0,0,0,0,0,0,0,0,0,0,0,0,0,0,0,0,0,0,0,0,0,0,0,0,0,0,0,0,0,0,0,0,0,0,0,0,0,0,0,0,0,0,0,0,0,0,0,0,0,0,0,0,0,0,0,0,0,0,0,0,0,0,0,0,0,0,0,0,0,0,0,0,0,0,0,0,0,0,0,0,0,0,0,0,0,0,0,0,0,0,0,0,0,0,0,0,0,0,0,0,0,0,0,0,0,0,0,0,0,0,0,0,0,0,0,0,0,0,0,0,0,0,0,0,0,0,0,0,0,0,0,0,0,0,0,0,0,0,0,0,0,0,0,0,0,0,0,0,0,0,0,0,0,0,0,0,0,0,0,0,0,0,0,0,0,0,0,0,0,0,0,0,0,0,0,0,0,0,0,0,0,0,0,0,0,0,0,0,0,0,0,0,0,0,0,0,0,0,0,0,0,0,0,0,0,0,0,0,0,0,0,0,0,0,0,0,0,0,0,0,0,0,0,0,0,0,0,0,0,0,0,0,0,0,0,0,0,0,0,0,0,0,0,0,0,0,0,0,0,0,0,0,0,0,0,0,0,0,0,0,0,0,0,0,0,0,0,0,0,0,0,0,0,0,0,0,0,0,0,0,0,0,0,0,0,0,0,0,0,0,0,0,0,0,0,0,0,0,0,0,0,0,0,0,0,0,0,0,0,0,0,0,0,0,0,0,0,0,0,0,0,0,0,0,0,0,0,0,0,0,0,0,0,0,0,0,0,0,0,0,0,0,0,0,0,0,0,0,0,0,0,0,0,0,0,0,0,0,0,0,0,0,0,0,0,0,0,0,0,0,0,0,0,0,0,0,0,0,0,0,0,0,0,0,0,0,0,0,0,0,0,0,0,0,0,0,0,0,0,0,0,0,0,0,0,0,0,0,0,0,0,0,0,0,0,0,0,0,0,0,0,0,0,0,0,0,0,0,0,0,0,0,0,0,0,0,0,0,0,0,0,0,0,0,0,0,0,0,0,0,0,0,0,0,0,0,0,0,0,0,0,0,0,0,0,0,0,0,0,0,0,0,0,0,0,0,0,0,0,0,0,0,0,0,0,0,0,0,0,0,0,0,0,0,0,0,0,0,0,0,0,0,0,0,0,0,0,0,0,0,0,0,0,0,0,0,0,0,0,0,0,0,0,0,0,0,0,0,0,0,0,0,0,0,0,0,0,0,0,0,0,0,0,0,0,0,0,0,0,0,0,0,0,0,0,0,0,0,0,0,0,0,0,0,0,0,0,0,0,0,0,0,0,0,0,0,0,0,0,0,0,0,0,0,0,0,0,0,0,0,0,0,0,0,0,0,0,0,0,0,0,0,0,0,0,0,0,0,0,0,"40S (0), Abundant (0), Accurate (0), Accurately (0), Active (0), Actively (0), Activities (0), Activity (0), Add (0), Adding (0), Additionally (0), Adds (0), Adjacent (0), Adorned (0), Adult (0), Adults (0), Afternoon (0), Age (0), Aged (0), Ages (0)"
typical_no_revise,,pig,"A typical pig farm.I NEED to test how the tool works with extremely simple prompts. DO NOT add any detail, just use it AS-IS:",dall-e-3,0,0,0,0,0,0,0,0,0,0,0,0,0,0,0,0,0,0,0,0,0,0,0,0,0,0,0,0,0,0,0,0,0,0,0,0,0,0,0,0,0,0,0,0,0,0,0,0,0,0,0,0,0,0,0,0,0,0,0,0,0,0,0,0,0,0,0,0,0,0,0,0,0,0,0,0,0,0,0,0,0,0,0,0,0,0,0,0,0,0,0,0,0,0,0,0,0,0,0,0,0,0,0,0,0,0,0,0,0,0,0,0,0,0,0,0,0,0,0,0,0,0,0,0,0,0,0,0,0,0,0,0,0,0,0,0,0,0,0,0,0,0,0,0,0,0,0,0,0,0,0,0,0,0,0,0,0,0,0,0,0,0,0,0,0,0,0,0,0,0,0,0,0,0,0,0,0,0,0,0,0,0,0,0,0,0,0,0,0,0,0,0,0,0,0,0,0,0,0,0,0,0,0,0,0,0,0,0,0,0,0,0,0,0,0,0,0,0,0,0,0,0,0,0,0,0,0,0,0,0,0,0,0,0,0,0,0,0,0,0,0,0,0,0,0,0,0,0,0,0,0,0,0,0,0,0,0,0,0,0,0,0,0,0,0,0,0,0,0,0,0,0,0,0,0,0,0,0,0,0,0,0,0,0,0,0,0,0,0,0,0,0,0,0,0,0,0,0,0,0,0,0,0,0,0,0,0,0,0,0,0,0,0,0,0,0,0,0,0,0,0,0,0,0,0,0,0,0,0,0,0,0,0,0,0,0,0,0,0,0,0,0,0,0,0,0,0,0,0,0,0,0,0,0,0,0,0,0,0,0,0,0,0,0,0,0,0,0,0,0,0,0,0,0,0,0,0,0,0,0,0,0,0,0,0,0,0,0,0,0,0,0,0,0,0,0,0,0,0,0,0,0,0,0,0,0,0,0,0,0,0,0,0,0,0,0,0,0,0,0,0,0,0,0,0,0,0,0,0,0,0,0,0,0,0,0,0,0,0,0,0,0,0,0,0,0,0,0,0,0,0,0,0,0,0,0,0,0,0,0,0,0,0,0,0,0,0,0,0,0,0,0,0,0,0,0,0,0,0,0,0,0,0,0,0,0,0,0,0,0,0,0,0,0,0,0,0,0,0,0,0,0,0,0,0,0,0,0,0,0,0,0,0,0,0,0,0,0,0,0,0,0,0,0,0,0,0,0,0,0,0,0,0,0,0,0,0,0,0,0,0,0,0,0,0,0,0,0,0,0,0,0,0,0,0,0,0,0,0,0,0,0,0,0,0,0,0,0,0,0,0,0,0,0,0,0,0,0,0,0,0,0,0,0,0,0,0,0,0,0,0,0,0,0,0,0,0,0,0,0,0,0,0,0,0,0,0,0,0,0,0,0,0,0,0,0,0,0,0,0,0,0,0,0,0,0,0,0,0,0,0,0,0,0,0,0,0,0,0,0,0,0,0,0,0,0,0,0,0,0,0,0,0,0,0,0,0,0,0,0,0,0,0,0,0,0,0,0,0,0,0,0,0,0,0,0,0,0,0,0,0,0,0,0,0,0,0,0,0,0,0,0,0,0,0,0,0,0,0,0,0,0,0,0,0,0,0,0,0,0,0,0,0,0,0,0,0,0,0,0,0,0,0,0,0,0,0,0,0,0,0,0,0,0,0,0,0,0,0,0,0,0,0,0,0,0,0,0,0,0,0,0,0,0,0,0,0,0,0,0,0,0,0,0,0,0,0,0,0,0,0,0,0,0,0,0,0,0,0,0,0,"40S (0), Abundant (0), Accurate (0), Accurately (0), Active (0), Actively (0), Activities (0), Activity (0), Add (0), Adding (0), Additionally (0), Adds (0), Adjacent (0), Adorned (0), Adult (0), Adults (0), Afternoon (0), Age (0), Aged (0), Ages (0)"
reality,,dairy,Please create an image that accurately represents the reality of what most dairy farms look like.,dall-e-3,0,0,4,3,2,2,7,4,6,0,1,1,2,1,0,0,3,1,5,0,1,0,1,2,0,0,6,1,2,15,0,0,6,3,1,25,3,3,0,11,0,7,1,4,6,0,2,7,24,71,26,1,1,4,1,0,0,1,5,46,2,37,3,0,2,0,0,0,0,4,28,1,0,11,0,1,0,0,2,0,12,1,1,2,3,7,0,5,4,17,2,4,0,0,7,2,1,2,8,8,6,0,5,50,2,1,1,1,0,3,0,2,0,0,1,6,1,2,0,5,6,2,25,0,3,1,0,2,21,7,0,1,1,1,2,0,10,2,1,2,1,0,2,1,5,2,1,3,1,0,0,1,1,0,3,0,2,0,0,1,0,7,2,2,28,2,2,2,0,1,17,2,0,1,24,0,4,0,3,0,22,6,47,8,0,32,5,4,5,2,38,4,1,3,24,1,2,2,6,2,18,1,3,7,9,6,0,0,2,17,1,0,1,1,0,0,0,2,0,12,0,0,0,6,3,0,9,1,38,1,3,0,9,6,0,10,0,0,0,2,0,4,0,2,30,31,2,3,11,2,25,2,0,0,0,3,4,1,1,6,0,31,1,0,29,4,4,8,6,1,26,30,14,0,0,0,0,2,10,1,0,1,0,0,0,2,1,1,1,2,5,3,0,0,3,25,30,4,2,2,1,3,4,6,0,19,1,2,3,4,81,60,0,3,0,6,2,1,0,0,0,0,1,1,3,0,0,3,2,0,1,13,1,36,1,2,5,5,2,0,13,2,3,3,9,2,0,43,30,7,8,3,3,3,1,2,1,0,2,10,1,2,4,2,9,2,1,0,8,4,0,1,0,6,6,2,1,2,1,1,27,2,54,3,0,2,0,1,1,0,5,2,12,3,0,28,0,1,1,0,0,5,1,1,1,3,0,0,0,2,25,30,12,1,7,15,0,0,3,1,25,8,2,1,0,1,0,0,0,0,21,3,2,0,23,17,6,69,0,13,8,1,16,10,0,0,3,1,0,6,3,0,1,4,10,1,5,1,2,5,0,3,0,2,1,0,37,10,2,9,2,0,0,4,19,11,5,0,1,3,9,0,0,0,0,10,12,2,5,3,2,18,39,6,2,1,2,0,1,7,0,1,1,1,0,6,0,0,2,0,0,0,0,0,0,0,3,1,0,1,0,0,0,0,0,0,4,0,4,0,1,1,3,3,1,2,6,7,1,0,1,4,0,2,0,4,0,1,1,0,0,0,2,0,0,2,28,10,40,0,3,0,1,4,6,1,1,0,1,3,2,1,2,1,0,2,3,0,1,1,0,11,6,0,3,0,0,2,8,2,0,1,0,14,7,0,1,26,2,2,0,3,9,1,2,6,2,3,0,2,3,0,0,0,3,5,0,2,0,1,19,14,0,0,0,1,2,3,8,64,2,0,0,13,1,0,0,2,0,17,1,0,4,0,3,1,1,3,2,4,1,8,2,2,1,0,6,3,1,0,0,7,5,8,3,3,3,2,2,0,5,6,0,2,1,0,14,2,7,3,0,2,0,5,5,1,1,0,0,3,1,1,5,22,1,24,0,0,1,0,0,0,0,0,0,3,2,0,2,0,1,27,20,10,0,2,0,15,2,2,4,3,4,1,0,1,1,2,7,4,1,13,35,10,22,1,3,5,2,10,0,10,0,1,15,2,0,0,0,0,2,1,8,1,1,10,9,5,0,43,0,19,2,2,1,0,0,0,0,1,12,21,3,14,14,0,34,4,1,2,1,"Grazing (81), Barn (71), Milking (69), Sky (64), Green (60), Large (54), Caucasian (50), Descents (47), Black (46), Hispanic (43), White (43), Red (40), Pastures (39), Distance (38), Equipment (38), Blue (37), Open (37), Hay (36), Various (35), Workers (34)"
reality,,pig,Please create an image that accurately represents the reality of what most pig farms look like.,dall-e-3,0,0,1,6,0,3,7,2,0,0,4,1,1,1,13,8,3,3,9,13,8,0,7,1,0,3,2,2,2,20,0,1,13,1,3,22,4,0,0,12,4,7,0,0,6,1,1,7,15,57,18,1,0,0,0,6,0,5,1,14,1,28,9,0,1,1,3,3,0,0,4,2,0,4,1,0,1,0,3,0,1,4,0,1,5,7,1,4,5,10,1,0,1,0,5,0,1,10,1,6,2,0,0,31,1,1,0,0,1,1,0,2,0,1,0,7,1,0,0,2,11,4,21,1,2,9,2,1,12,8,0,1,1,1,4,1,12,0,4,1,4,0,0,6,3,2,1,4,3,2,0,0,0,0,3,2,3,0,1,3,0,4,0,4,25,0,0,5,0,1,18,0,0,0,21,1,0,0,1,0,21,8,19,11,0,16,1,8,8,3,20,4,0,0,17,2,2,0,4,2,11,1,11,1,6,1,0,0,1,12,10,0,0,2,2,10,5,1,1,8,2,0,2,3,9,2,18,0,15,2,0,0,4,6,1,5,2,1,0,1,0,2,1,3,40,24,3,0,6,0,20,5,1,1,0,5,8,1,2,21,1,66,1,0,15,14,15,14,8,0,14,28,36,5,1,0,0,0,8,1,3,20,4,0,1,0,0,0,0,5,0,0,3,1,3,14,44,2,0,2,1,5,0,6,5,3,0,2,0,1,5,13,1,7,4,4,0,2,2,1,0,0,2,0,1,4,0,2,0,0,0,14,4,27,1,6,3,4,1,0,0,0,2,0,2,2,1,19,0,0,0,1,0,9,1,2,1,0,0,12,4,3,2,1,9,3,3,1,13,6,1,2,2,0,0,4,3,1,5,1,13,1,52,1,0,2,0,2,0,1,1,2,12,3,0,24,2,2,1,0,1,1,6,0,1,4,0,3,4,2,2,6,0,0,4,14,0,0,3,0,17,22,1,2,0,5,0,0,0,0,5,11,3,0,21,0,0,0,0,4,4,3,5,1,0,0,0,63,32,20,1,0,8,2,3,1,0,1,7,33,0,3,1,0,1,0,35,1,0,2,1,0,19,5,24,14,2,0,0,1,11,1,1,2,0,5,0,0,2,6,3,4,3,14,2,1,0,0,1,0,0,1,8,26,1,6,1,0,1,17,1,0,2,9,0,2,5,3,2,2,1,1,3,2,1,0,1,3,1,0,2,1,6,1,3,0,11,0,1,1,1,2,0,1,1,4,13,0,1,0,0,0,2,3,0,0,28,16,23,3,5,0,5,1,0,5,2,1,2,9,2,1,0,0,0,0,0,9,12,1,2,5,4,1,4,11,2,4,3,4,0,1,1,11,4,0,1,20,5,0,6,1,1,0,2,2,1,0,2,6,6,3,1,2,1,14,2,2,0,0,6,6,0,6,0,0,1,42,4,43,3,1,1,9,0,4,0,1,3,13,11,4,5,1,0,1,0,1,1,1,0,5,7,2,0,1,5,0,2,0,0,5,0,25,0,3,1,3,3,0,5,9,0,0,3,1,9,0,18,0,0,3,4,7,11,7,0,1,0,0,5,7,4,11,1,19,1,0,4,0,0,0,0,0,0,0,2,0,10,1,0,13,4,4,0,0,0,13,1,5,45,1,1,1,0,1,0,1,3,1,0,6,34,19,9,0,3,0,0,4,0,12,0,3,12,0,14,12,1,1,4,1,20,3,0,14,10,5,1,11,0,17,0,1,0,1,0,2,0,0,21,5,6,29,14,1,19,5,2,1,5,"Feeding (66), Mud (63), Barn (57), Large (52), Troughs (45), Generate (44), Sky (43), Sizes (42), Farmer (40), Filled (36), Open (35), Various (34), Numerous (33), Muddy (32), Caucasian (31), Wooden (29), Blue (28), Fields (28), Realistic (28), Hay (27)"
reality_no_revise,,dairy,"Please create an image that accurately represents the reality of what most dairy farms look like.I NEED to test how the tool works with extremely simple prompts. DO NOT add any detail, just use it AS-IS:",dall-e-3,0,0,14,4,0,1,2,0,0,0,0,0,1,0,0,0,0,0,0,0,2,0,0,0,0,0,1,1,1,7,0,0,2,1,2,0,0,2,0,5,0,1,1,0,3,0,0,1,7,37,22,0,0,0,0,0,0,0,0,4,0,8,0,0,0,0,0,0,0,0,1,0,0,1,1,0,0,0,1,0,1,0,1,0,0,6,0,0,0,1,0,0,2,0,3,1,0,2,0,0,1,0,4,0,0,1,0,0,0,0,0,1,0,1,0,5,0,2,0,0,0,0,11,0,0,0,0,0,3,0,0,0,1,1,0,0,1,0,4,1,1,0,0,0,1,0,0,0,1,0,0,0,0,0,0,0,0,0,0,0,0,0,0,0,3,1,0,0,0,0,11,0,0,0,5,0,0,0,0,0,1,0,1,3,0,2,0,0,1,1,6,3,0,1,1,0,0,0,0,0,1,0,1,1,2,0,0,0,0,0,0,1,0,0,0,0,0,0,0,4,1,0,1,0,0,0,5,0,26,0,6,0,1,0,0,1,0,0,0,1,0,3,0,0,15,13,0,0,5,2,13,1,0,1,0,0,4,2,0,4,0,6,0,0,0,2,1,4,1,0,10,21,1,0,0,0,0,0,1,0,1,1,0,0,0,0,0,0,1,0,0,0,0,0,0,0,0,0,0,0,0,4,0,3,1,5,1,2,0,0,33,11,0,0,0,1,0,0,0,0,0,0,0,0,0,0,0,0,0,0,0,1,0,10,0,2,0,0,0,0,3,1,1,0,1,0,0,0,2,0,1,2,0,1,0,0,0,0,0,1,1,5,0,3,10,0,0,2,0,0,0,0,0,0,0,0,0,0,2,0,11,0,9,0,0,0,0,0,0,0,0,0,2,1,0,7,0,1,1,0,0,1,0,0,0,0,3,0,0,0,3,8,6,1,0,2,0,0,0,0,0,0,0,0,0,0,0,0,0,0,1,0,0,0,0,6,2,38,0,0,0,0,1,1,0,0,0,0,0,2,0,0,1,0,2,0,0,0,0,5,0,2,0,1,0,0,13,1,3,3,0,0,2,0,2,2,1,0,0,0,1,1,0,0,0,1,2,0,0,1,0,15,19,0,0,0,0,0,2,0,0,1,0,0,0,0,0,0,0,0,0,0,0,0,0,1,0,0,0,0,0,0,0,0,0,0,0,0,0,0,0,3,1,0,2,0,1,0,2,1,0,1,0,0,0,1,0,0,0,0,0,0,1,0,0,1,31,10,4,3,1,0,1,0,0,0,3,3,0,1,0,1,0,0,0,0,0,0,1,0,0,2,0,0,0,0,0,1,1,0,0,0,0,6,0,0,0,6,4,0,1,2,2,0,0,1,0,0,0,0,2,0,0,0,0,7,0,0,0,0,1,13,1,4,1,0,1,0,2,11,0,0,0,0,0,0,0,0,0,0,0,0,1,0,0,0,0,1,0,0,0,0,1,0,1,3,0,3,3,0,0,3,2,0,0,1,0,0,0,0,0,3,0,0,0,0,3,0,1,0,0,0,0,0,3,1,0,0,0,1,1,2,2,5,0,6,0,0,0,0,0,0,0,0,0,0,0,0,2,0,0,5,10,3,0,0,2,1,2,0,4,0,0,0,0,0,0,0,4,1,0,3,13,0,3,0,0,0,0,0,0,5,0,1,1,0,0,0,0,1,1,0,1,0,0,0,2,0,0,4,0,4,0,0,0,0,0,0,0,0,0,1,0,0,6,0,8,1,0,0,0,"Milking (38), Barn (37), Grazing (33), Realistic (31), Equipment (26), Barns (22), Fields (21), Pastures (19), Farmer (15), Pasture (15), Accurate (14), Farmers (13), Farming (13), Open (13), Silos (13), Various (13), Clear (11), Daily (11), Green (11), Landscape (11)"
reality_no_revise,,pig,"Please create an image that accurately represents the reality of what most pig farms look like.I NEED to test how the tool works with extremely simple prompts. DO NOT add any detail, just use it AS-IS:",dall-e-3,0,0,18,1,1,0,2,0,0,0,0,0,1,0,1,0,0,0,0,3,1,0,1,0,0,0,0,1,0,7,0,0,12,0,0,0,2,0,0,2,0,3,0,0,4,0,0,1,0,19,9,0,0,0,0,1,0,0,0,0,0,0,0,0,0,0,0,0,0,0,0,0,0,0,0,0,0,0,1,0,0,0,0,0,0,9,0,0,2,1,0,0,0,0,0,1,0,2,0,0,1,0,0,0,0,0,0,0,0,0,0,0,0,0,0,0,0,0,0,1,0,1,5,0,0,0,0,0,0,0,0,0,0,1,0,0,1,0,6,2,1,0,0,4,0,0,1,1,0,0,0,0,0,0,0,0,0,0,0,0,0,2,0,1,0,0,0,0,0,0,2,0,0,0,4,0,2,0,0,0,2,0,0,1,0,4,0,3,1,1,2,0,0,0,0,0,0,0,0,0,0,0,0,0,1,0,0,0,0,0,3,1,0,0,0,4,2,0,1,0,0,0,0,0,1,0,17,0,5,0,2,0,1,0,0,0,0,0,0,0,0,2,0,1,12,2,1,0,3,0,4,0,0,0,0,0,0,1,0,10,3,39,0,0,0,4,3,10,5,0,7,3,10,0,0,0,0,0,0,0,2,8,0,0,0,0,0,0,0,3,0,0,0,0,0,0,0,0,0,0,0,1,0,0,0,1,0,0,0,0,1,1,0,3,0,0,0,0,0,0,0,0,0,0,0,0,0,0,0,0,0,0,0,6,0,4,0,2,0,0,0,0,1,1,0,0,0,0,0,0,1,2,2,1,0,0,0,0,0,0,2,4,0,0,8,0,0,2,0,2,0,0,0,0,0,1,1,0,0,0,3,0,11,0,3,0,0,0,0,0,0,0,2,0,0,5,0,0,0,0,0,0,2,0,0,0,4,1,0,0,0,0,0,0,0,0,0,0,0,0,0,0,0,0,0,0,0,0,0,0,0,1,0,0,0,0,0,0,0,0,0,0,0,0,0,0,0,44,7,15,0,0,4,0,1,0,0,0,1,9,0,0,0,0,0,0,7,0,0,1,0,0,8,0,1,0,0,0,0,0,0,0,0,0,0,1,0,0,0,0,0,0,0,3,0,0,0,0,0,0,0,0,3,21,0,1,1,0,0,2,3,1,0,0,0,6,0,1,0,0,1,0,0,2,0,0,0,1,0,0,0,2,0,0,2,0,2,0,0,0,0,0,0,0,0,0,8,0,0,0,0,0,1,0,1,0,37,2,0,1,0,0,2,2,0,0,0,0,2,1,0,0,0,0,0,0,0,3,4,0,0,0,0,0,0,0,0,2,0,0,0,0,0,2,0,0,0,6,0,0,0,0,0,0,0,0,0,0,1,0,4,3,0,0,0,8,1,0,0,0,0,1,0,0,0,0,1,12,0,6,0,0,0,2,0,0,0,0,0,0,1,1,2,1,0,0,0,0,0,0,1,0,0,0,4,0,0,0,2,0,0,1,0,3,0,0,0,0,0,0,0,7,0,0,0,0,1,1,0,0,0,0,0,5,4,5,0,0,0,0,0,2,0,1,0,7,0,0,1,0,0,0,0,0,0,0,0,0,2,0,0,1,0,1,0,0,0,2,0,0,34,0,0,2,0,0,0,0,1,0,0,0,11,3,0,1,0,0,0,3,0,7,0,0,3,0,4,2,0,0,0,0,8,1,0,0,1,0,0,0,0,0,0,0,0,0,0,1,0,0,0,0,0,5,0,0,4,0,0,0,0,"Mud (44), Feeding (39), Realistic (37), Troughs (34), Pens (21), Barn (19), Accurate (18), Environment (17), Multiple (15), Areas (12), Farmer (12), Sizes (12), Large (11), Various (11), Feed (10), Fences (10), Filled (10), Barns (9), Buildings (9), Numerous (9)"
reality_country,the United States,dairy,Please create an image that accurately represents the reality of what most dairy farms look like in the United States.,dall-e-3,0,1,5,2,1,1,11,3,9,4,1,0,1,1,0,0,1,0,5,1,3,1,0,0,0,1,3,1,2,16,0,3,7,0,3,18,1,3,1,11,4,2,3,6,9,3,0,9,21,67,31,0,0,2,1,0,0,4,3,60,2,53,0,1,0,1,2,0,0,7,13,1,0,12,0,0,0,0,3,0,5,1,1,0,0,6,0,5,5,8,0,6,1,0,4,2,1,11,2,10,8,0,13,59,2,0,0,1,0,2,0,5,0,0,0,10,0,2,0,0,1,2,35,1,1,1,0,0,19,2,1,0,0,1,2,0,4,2,3,3,4,1,0,1,0,1,1,2,1,0,0,1,2,2,5,0,4,1,0,0,0,2,0,1,30,0,0,3,0,0,19,0,0,0,18,1,1,0,5,0,30,9,34,11,0,17,4,3,5,0,22,6,2,9,19,5,0,0,4,2,13,1,5,11,5,4,1,0,0,10,0,0,0,0,1,0,2,0,1,5,0,1,1,6,2,0,1,1,36,0,4,0,2,6,1,16,0,1,1,1,0,1,0,3,24,28,5,5,10,2,30,3,0,0,0,5,7,1,0,17,1,25,2,0,24,4,11,9,2,1,22,33,7,0,3,0,0,0,9,0,1,1,0,0,1,1,0,0,0,1,3,11,0,0,4,23,31,0,1,0,2,6,1,8,0,13,0,3,1,3,78,56,2,0,1,10,0,2,0,0,0,0,0,0,1,0,1,3,0,0,0,8,1,30,1,5,5,1,0,0,7,3,0,1,7,3,1,57,57,1,9,4,0,8,2,0,4,1,0,19,6,3,2,0,7,7,3,1,2,0,0,0,2,6,2,1,1,6,7,3,27,1,56,1,1,2,0,2,0,0,3,1,3,1,0,35,3,1,2,1,2,2,1,0,2,4,1,2,1,1,14,31,13,0,3,15,0,0,3,0,24,19,5,0,5,0,0,0,0,0,8,0,1,0,17,16,5,66,0,10,5,0,19,6,0,1,5,1,0,9,2,0,1,2,13,1,0,0,1,11,0,1,0,0,1,0,34,10,2,9,1,0,2,2,10,8,2,3,0,2,10,0,0,1,0,9,14,8,1,2,0,19,45,7,1,0,2,1,2,8,0,1,0,0,0,8,1,1,4,0,0,0,3,0,3,0,2,0,2,1,0,0,0,0,1,0,2,0,1,1,1,0,4,3,0,2,2,4,3,1,0,5,0,1,0,3,0,1,1,0,0,0,3,0,0,1,16,4,54,4,2,0,2,1,1,3,5,1,1,3,0,0,0,1,3,0,2,1,0,1,0,8,3,0,1,0,0,3,4,0,0,0,0,9,2,0,0,30,1,0,1,3,1,0,5,1,1,4,0,2,1,0,4,5,4,11,1,2,0,0,18,31,1,1,0,0,0,0,7,62,0,0,1,3,0,0,1,2,0,9,1,0,5,0,1,0,0,2,2,4,4,5,4,2,0,6,3,4,2,0,0,10,7,7,0,0,1,5,0,0,4,5,0,1,2,2,11,2,5,1,1,2,0,7,3,0,0,0,0,0,4,6,7,19,0,28,0,0,1,0,0,0,0,0,0,0,0,0,1,1,1,40,20,8,2,2,1,6,1,1,3,1,4,2,0,1,0,2,5,4,0,11,35,9,23,0,3,3,1,3,0,12,0,2,9,2,0,0,0,1,4,0,2,0,0,6,9,4,0,54,1,22,0,0,1,0,0,1,0,2,14,8,4,8,8,5,25,10,0,0,2,"Grazing (78), Barn (67), Milking (66), Sky (62), Black (60), Caucasian (59), Hispanic (57), Holstein (57), Green (56), Large (56), Red (54), White (54), Blue (53), Pastures (45), Tractor (40), Equipment (36), Clear (35), Like (35), Various (35), Descents (34)"
reality_country,Germany,dairy,Please create an image that accurately represents the reality of what most dairy farms look like in Germany.,dall-e-3,2,0,5,4,0,0,5,1,9,2,4,1,2,3,0,0,1,0,7,1,3,0,0,0,2,2,1,0,1,13,3,17,4,1,2,19,2,2,0,2,6,6,1,3,1,0,1,23,14,58,26,0,1,1,3,1,2,2,0,40,2,34,9,3,2,3,2,0,0,7,9,2,18,10,0,1,0,0,1,0,9,1,2,0,6,8,3,2,0,7,4,1,3,0,10,5,4,6,0,4,6,0,9,39,1,0,0,11,1,2,3,4,0,0,0,5,2,9,0,6,1,7,20,3,0,4,3,1,27,15,1,2,1,0,2,0,5,0,9,2,5,0,2,2,2,1,3,1,0,1,0,3,0,2,4,0,1,0,0,0,1,18,4,1,31,1,2,2,0,2,13,0,1,1,18,0,3,0,2,3,27,8,19,8,1,9,0,5,6,3,29,8,4,5,9,1,1,0,0,1,30,2,7,5,3,4,0,0,1,21,1,2,0,0,0,0,1,2,0,6,0,0,0,6,2,1,4,0,18,3,4,0,4,1,0,3,0,0,0,1,1,1,0,3,35,21,2,1,28,5,26,4,0,1,0,5,7,4,0,1,1,9,1,0,20,2,5,8,1,1,12,40,6,1,0,0,1,2,10,0,0,0,0,8,6,0,1,5,1,2,5,14,0,0,0,13,39,2,3,0,1,4,2,3,0,11,0,1,0,2,83,87,3,2,0,2,0,1,0,0,0,3,0,1,0,0,0,3,0,0,1,1,2,21,1,1,0,9,0,0,7,0,7,0,29,2,3,7,45,0,7,3,1,6,1,1,0,1,3,9,5,2,1,4,11,1,4,1,5,2,1,0,1,1,0,0,2,5,2,1,36,5,33,3,2,4,1,4,1,1,2,2,7,2,0,25,1,2,2,0,0,3,0,1,0,5,3,1,0,6,29,23,5,2,6,4,1,0,3,1,26,9,0,0,4,1,4,0,1,0,4,2,0,0,28,22,1,39,0,12,7,3,19,4,2,3,0,0,0,2,0,1,0,1,11,1,6,1,2,0,1,2,0,0,2,0,13,5,0,2,1,0,1,0,13,7,0,0,1,4,6,1,0,2,1,7,8,1,2,10,9,16,52,9,4,0,1,1,3,12,0,0,0,0,0,2,1,0,3,0,0,0,1,0,2,0,3,0,1,0,0,0,0,0,3,0,2,0,0,0,3,3,4,3,7,5,4,8,4,0,0,2,0,1,0,1,0,0,0,2,0,0,4,0,0,1,17,5,53,3,4,8,0,6,1,0,2,1,0,3,0,2,0,1,1,0,3,0,1,2,1,38,27,2,16,0,0,3,2,6,0,1,1,16,4,1,1,22,5,3,0,8,5,3,4,0,2,6,1,0,0,0,1,1,2,8,0,2,0,0,7,10,1,1,0,1,1,0,6,52,3,6,2,15,0,0,0,7,0,14,1,1,5,0,1,1,0,3,4,5,1,3,2,0,1,1,2,0,2,8,3,4,1,4,4,2,1,1,0,0,4,10,1,1,7,1,7,1,11,0,1,2,2,11,1,3,0,0,0,1,1,4,9,11,0,26,0,0,1,2,0,3,3,0,9,1,0,0,4,4,1,25,17,47,3,1,4,19,0,1,1,2,0,3,2,0,2,0,4,1,2,13,12,7,8,2,1,6,5,6,0,10,0,0,10,0,0,0,11,1,1,0,3,0,2,6,18,3,0,57,2,6,3,5,1,2,0,2,0,0,10,4,8,10,11,1,13,9,0,0,1,"Green (87), Grazing (83), Barn (58), White (57), Red (53), Pastures (52), Sky (52), Traditional (47), Holstein (45), Black (40), Fields (40), Caucasian (39), Generate (39), Milking (39), Rolling (38), Landscape (36), Farmer (35), Blue (34), Large (33), Create (31)"
reality_country,New Zealand,dairy,Please create an image that accurately represents the reality of what most dairy farms look like in New Zealand.,dall-e-3,5,1,2,1,0,1,4,3,8,1,3,0,2,0,0,0,0,0,4,0,2,1,1,1,2,3,5,0,3,7,0,1,6,1,2,16,0,0,1,2,7,3,2,2,5,1,5,31,5,29,19,0,1,3,5,0,1,1,1,26,0,73,3,1,4,1,2,0,2,4,14,1,1,13,1,0,6,0,1,1,9,1,0,0,3,16,1,2,2,5,1,1,0,3,10,1,8,2,0,4,6,2,8,24,3,1,1,7,0,1,1,4,1,0,3,8,4,6,0,5,0,1,53,2,1,7,1,4,34,6,4,9,1,1,2,2,10,0,5,0,5,0,0,1,0,0,0,1,0,1,2,3,1,2,1,1,0,3,0,4,0,4,1,4,30,2,1,0,0,0,10,0,0,0,12,0,2,1,1,0,21,12,5,10,2,11,1,10,4,3,50,14,1,2,3,2,2,3,2,6,31,1,4,1,3,3,0,2,0,8,0,0,0,0,0,0,0,2,0,1,2,0,0,3,2,1,2,3,14,3,0,0,3,1,1,11,0,1,0,1,3,4,0,8,43,13,2,2,26,5,23,4,5,0,0,6,6,3,2,2,0,7,0,0,15,5,3,21,12,1,6,27,9,0,3,2,1,1,19,1,1,0,0,2,1,1,2,1,0,6,9,19,0,0,2,1,38,7,4,1,2,2,1,0,0,18,5,1,3,8,81,91,3,0,0,2,3,0,0,0,0,0,1,2,0,0,0,2,2,0,1,7,1,7,0,1,3,14,0,0,15,10,2,1,64,2,0,4,21,0,17,7,1,0,1,3,3,2,4,7,6,1,1,3,9,1,1,4,4,1,2,4,5,4,0,0,0,0,9,3,52,3,13,0,1,4,1,5,0,0,5,1,11,12,1,19,2,1,0,0,0,6,0,0,5,2,0,2,0,2,56,13,2,2,6,4,5,0,5,0,18,11,1,0,0,1,3,3,1,0,4,3,3,0,13,9,1,48,1,8,5,2,13,5,6,34,1,0,1,4,0,14,7,1,6,1,4,5,1,13,0,3,3,4,2,0,9,2,1,2,1,0,1,0,3,8,3,1,2,3,9,1,1,1,1,2,17,7,2,5,6,10,61,8,3,4,2,0,7,15,2,0,0,0,0,1,0,0,14,0,0,0,0,0,1,0,2,0,4,1,0,0,1,0,1,0,0,0,0,1,0,0,1,5,5,0,1,4,0,1,2,3,1,3,0,12,0,2,0,2,0,1,3,0,1,0,20,4,25,3,6,2,0,1,2,1,2,1,2,1,1,1,1,0,1,5,3,0,2,0,0,69,9,1,6,0,1,1,3,2,5,3,1,9,14,0,2,32,10,3,2,4,20,4,3,6,0,2,11,1,3,0,1,4,1,2,2,2,2,0,6,3,4,2,1,2,3,0,12,80,4,2,0,15,3,0,9,8,1,14,0,2,1,2,4,1,0,1,1,3,2,0,0,5,1,1,6,0,2,0,0,3,2,0,5,5,3,1,0,0,3,2,2,2,4,0,7,6,6,1,1,6,0,10,2,2,0,0,1,1,0,1,7,3,1,17,2,0,4,0,1,0,2,0,0,0,4,1,0,1,4,16,6,20,4,4,3,25,1,3,5,1,2,1,0,0,1,1,4,0,0,2,16,4,23,2,1,7,10,4,0,16,0,0,10,7,0,0,1,1,4,0,11,1,3,14,5,7,0,45,0,14,0,1,9,1,1,0,1,0,7,4,9,22,14,1,6,3,2,0,0,"Green (91), Grazing (81), Sky (80), Blue (73), Rolling (69), Hills (64), Pastures (61), Lush (56), Clear (53), Landscape (52), Distance (50), Milking (48), White (45), Farmer (43), Generate (38), Clouds (34), Mountains (34), Scattered (32), Backdrop (31), Dotted (31)"
reality_country,the United States,pig,Please create an image that accurately represents the reality of what most pig farms look like in the United States.,dall-e-3,1,0,8,7,2,2,7,1,5,0,2,0,1,0,14,5,6,4,5,9,7,2,8,0,0,1,0,0,4,29,0,2,22,2,2,8,5,4,0,7,8,1,0,12,4,2,0,5,5,40,44,1,0,0,0,2,0,2,0,18,1,32,7,0,1,0,0,0,0,2,3,0,0,3,0,0,0,0,4,0,3,2,1,0,3,7,1,1,6,2,0,0,0,0,9,2,3,12,7,6,5,0,0,41,2,0,0,3,2,1,0,9,1,1,0,6,1,0,0,1,9,2,26,3,0,4,3,3,13,6,0,0,0,1,6,1,13,0,4,3,1,0,0,5,0,1,1,3,1,0,0,0,1,0,5,2,3,1,3,3,1,3,1,2,23,0,0,5,0,0,14,0,0,0,22,3,1,0,2,2,26,5,24,11,0,28,2,10,5,0,15,7,0,1,16,3,2,0,0,0,5,1,6,0,4,2,0,2,0,7,6,0,0,4,2,5,7,2,2,4,3,0,0,2,4,0,23,0,22,1,1,0,4,6,2,11,0,2,0,0,2,3,0,3,31,29,1,1,5,3,23,7,0,1,0,9,3,2,0,35,10,63,1,0,22,2,12,19,6,0,7,38,33,1,5,0,0,0,5,0,0,5,0,0,1,0,0,0,2,6,0,0,1,0,3,13,44,0,0,2,0,3,0,6,5,4,0,0,0,1,1,14,0,5,1,2,3,3,2,0,0,0,1,0,0,2,0,5,0,0,0,11,1,11,0,1,6,2,0,0,0,0,4,0,4,4,3,35,0,0,2,3,2,16,1,0,4,0,0,18,4,3,0,2,8,2,0,5,6,4,2,0,3,0,0,1,2,1,13,0,26,3,70,3,1,0,1,1,0,0,0,3,2,4,0,34,0,0,1,0,1,4,1,0,3,6,2,1,2,0,0,18,0,0,1,12,0,0,5,0,27,7,5,1,0,5,1,0,0,0,5,16,3,0,13,0,0,0,1,10,2,3,7,2,0,3,4,26,8,17,1,0,3,2,2,1,0,0,2,31,0,3,3,0,0,0,25,2,2,6,0,0,24,6,15,7,4,0,0,2,1,0,0,0,0,1,0,0,1,3,0,0,5,11,0,1,0,0,1,0,0,0,2,39,0,7,1,0,0,20,4,2,5,9,0,2,0,0,5,0,1,0,1,5,3,0,2,1,1,0,6,2,0,1,4,1,5,0,0,0,0,0,0,2,1,2,3,0,1,0,0,0,2,1,0,0,19,4,9,7,1,2,3,2,1,0,1,1,1,4,0,0,0,0,0,0,1,7,10,1,0,4,0,2,2,1,1,4,5,2,0,3,0,17,2,0,0,15,4,0,4,8,0,0,4,0,1,5,3,1,3,3,1,5,0,12,1,1,0,0,5,13,0,0,0,0,1,46,4,49,1,1,0,5,0,1,0,2,0,6,8,7,5,3,0,0,1,1,4,0,2,0,4,0,3,1,2,0,7,0,0,7,3,16,0,0,1,0,1,1,2,21,0,2,1,1,7,0,9,0,1,5,1,9,14,8,0,0,1,0,19,9,2,14,0,23,0,0,1,0,0,0,0,0,0,4,2,2,2,2,0,7,5,4,0,0,0,11,0,2,44,1,1,5,0,1,0,2,9,0,4,8,38,16,24,2,4,1,1,6,0,7,0,1,9,0,3,4,1,2,0,0,26,6,1,15,13,2,1,10,0,15,0,0,0,1,0,0,0,0,9,5,4,11,12,1,22,4,0,0,4,"Large (70), Feeding (63), Sky (49), Sizes (46), Barns (44), Generate (44), Troughs (44), Caucasian (41), Barn (40), Pens (39), Fields (38), Various (38), Feed (35), Hispanic (35), Like (34), Filled (33), Blue (32), Farmer (31), Numerous (31), Animals (29)"
reality_country,Spain,pig,Please create an image that accurately represents the reality of what most pig farms look like in Spain.,dall-e-3,1,0,1,4,5,3,4,1,10,1,5,0,1,2,4,2,3,2,8,12,7,2,3,0,0,0,1,3,2,14,6,10,17,0,4,7,3,0,1,7,7,6,3,0,0,0,2,9,7,21,20,2,1,0,1,4,1,2,0,9,0,37,7,0,1,0,3,1,0,0,5,1,4,14,1,1,0,1,3,0,0,2,0,0,6,25,6,5,2,6,1,0,0,0,10,3,4,8,1,5,7,0,0,28,1,1,0,10,1,1,0,6,0,0,0,8,0,0,5,0,4,1,33,11,0,5,2,0,9,1,1,1,1,0,4,2,7,2,5,5,3,1,1,3,2,1,6,1,1,0,0,0,2,0,2,3,0,1,0,0,0,19,1,6,26,2,1,0,0,1,11,0,3,0,12,1,1,1,1,0,16,10,14,9,0,23,0,6,6,2,16,7,1,1,10,1,2,1,1,1,11,0,4,0,5,0,1,1,0,4,0,0,0,4,0,1,2,0,0,5,2,0,2,4,8,2,13,0,8,3,3,0,2,2,1,12,0,0,0,3,0,0,0,2,30,23,0,1,7,3,22,9,0,1,1,6,12,3,0,20,3,51,1,1,14,3,6,10,8,0,14,24,24,1,1,0,3,0,2,0,1,12,4,0,0,3,2,0,5,23,0,0,5,3,4,7,38,3,5,1,1,4,2,2,1,4,0,0,0,1,13,13,1,7,1,2,1,0,4,0,0,0,0,0,0,2,1,0,0,0,0,7,1,16,0,0,5,8,0,0,4,0,1,2,39,0,1,39,0,0,5,8,2,9,1,2,2,0,0,5,0,3,2,2,8,4,4,2,0,8,3,0,2,0,0,0,3,0,7,0,34,3,24,1,1,1,0,0,0,0,1,6,5,5,1,17,1,0,1,0,2,2,3,4,6,7,0,2,1,8,2,6,0,2,3,11,0,0,7,1,17,11,0,0,0,3,1,0,1,7,8,2,1,0,14,0,0,0,0,10,2,6,3,0,2,5,1,41,9,9,1,2,5,1,0,0,2,2,7,17,9,1,0,1,5,25,40,1,2,0,1,0,28,1,4,6,2,0,0,1,5,0,0,0,0,2,0,0,2,2,2,2,4,6,1,0,0,0,1,2,0,0,5,19,0,4,1,0,0,9,0,2,1,11,0,1,1,0,1,1,4,0,1,5,6,0,1,3,3,0,1,1,3,2,4,0,7,0,0,0,1,3,0,3,0,6,7,0,0,1,1,0,5,1,1,0,14,2,12,6,4,2,1,4,5,0,1,3,4,8,0,0,1,3,0,0,0,9,25,2,0,34,8,1,7,2,1,2,5,3,4,1,0,21,8,0,0,21,14,1,1,2,4,1,1,6,4,5,0,0,6,6,1,2,2,6,0,0,0,0,0,1,0,5,0,0,2,46,9,49,2,3,0,11,0,1,0,2,1,7,11,3,6,3,0,0,0,1,4,2,2,1,2,1,1,1,2,0,3,0,8,1,0,17,0,0,2,0,1,0,2,9,0,5,7,0,14,3,22,0,1,6,2,10,15,7,0,1,0,1,1,8,0,9,1,17,1,8,6,0,0,5,3,4,1,3,0,1,1,1,0,6,4,26,0,0,2,45,0,4,34,0,0,6,1,2,0,1,2,0,1,7,28,18,15,7,0,1,1,7,0,7,1,2,12,0,8,5,6,1,12,0,13,3,1,7,11,3,0,19,7,4,0,2,0,0,0,1,0,2,9,8,9,12,9,1,16,4,0,0,4,"Feeding (51), Sky (49), Sizes (46), Trees (45), Mud (41), Open (40), Hills (39), Hispanic (39), Generate (38), Blue (37), Landscape (34), Rolling (34), Troughs (34), Clear (33), Farmer (30), Caucasian (28), Outdoor (28), Various (28), Create (26), Traditional (26)"
reality_country,Australia,pig,Please create an image that accurately represents the reality of what most pig farms look like in Australia.,dall-e-3,1,2,10,2,0,2,8,3,8,3,3,0,2,0,14,7,0,2,5,14,3,0,5,1,0,0,0,0,1,14,1,3,20,1,2,18,3,1,0,8,5,9,1,1,5,2,3,11,3,13,25,1,2,1,1,1,0,0,2,8,2,53,3,2,0,0,2,0,0,0,10,1,2,22,0,2,0,1,0,0,7,1,0,0,2,14,4,2,1,2,0,0,0,0,14,2,4,8,3,4,3,0,0,29,1,2,0,6,3,0,0,0,0,0,0,2,1,0,0,5,6,1,40,12,0,2,2,4,18,0,0,1,1,0,3,1,19,0,11,2,3,0,0,8,2,1,1,2,0,0,0,0,0,0,1,2,0,0,0,3,0,5,1,3,27,0,0,1,0,2,8,0,1,0,13,1,6,1,0,0,23,5,18,8,0,21,4,9,11,2,18,12,0,5,12,2,2,5,0,6,6,3,2,0,10,0,3,2,1,9,4,0,0,4,0,2,8,1,0,4,2,1,3,2,9,0,19,0,6,1,1,48,1,5,0,13,3,0,0,4,0,3,0,1,18,22,1,2,10,3,12,9,2,0,0,4,7,2,3,13,2,54,1,0,16,5,9,13,8,0,4,26,26,0,3,0,7,0,6,1,0,15,5,2,0,1,1,0,4,23,1,0,1,1,2,8,29,1,1,2,2,5,4,4,1,3,2,3,1,0,5,8,4,2,2,2,5,0,3,2,4,0,1,0,0,3,0,2,0,0,0,9,3,6,0,0,3,8,0,0,1,0,0,4,6,2,1,4,0,0,10,1,1,8,0,3,3,3,0,5,2,5,2,1,3,2,0,6,2,7,0,4,2,0,0,1,3,0,8,2,48,5,45,0,2,2,2,2,0,0,0,2,5,5,0,26,3,2,1,1,2,4,2,2,2,2,1,3,1,3,5,6,0,0,4,11,1,0,2,0,20,12,0,1,0,4,0,0,0,0,3,7,1,2,13,0,0,0,0,11,5,1,1,0,1,3,2,38,7,8,1,7,5,1,5,0,0,1,6,19,0,5,2,2,1,0,46,0,1,0,1,8,26,1,4,7,2,7,0,1,6,1,0,4,1,1,0,0,1,0,0,3,1,6,0,1,0,0,1,0,0,0,2,33,0,4,0,0,0,25,1,4,0,13,0,1,1,0,3,1,2,0,3,9,3,0,0,6,0,1,3,3,4,3,2,1,2,0,0,0,0,4,0,4,1,7,5,1,1,0,1,3,4,2,2,0,20,5,16,3,3,1,1,1,2,0,4,0,2,8,0,0,1,0,0,0,3,12,30,0,1,5,5,3,0,4,0,3,2,1,2,2,0,10,10,0,0,28,3,1,3,4,0,0,7,9,8,2,0,8,10,12,1,3,1,12,2,0,0,2,0,4,0,3,0,1,1,48,8,62,0,0,0,8,0,0,0,0,6,16,13,14,14,9,0,1,2,0,4,1,1,0,1,0,0,0,0,1,1,0,0,3,0,7,0,1,1,2,0,0,1,9,1,4,3,1,28,4,18,0,0,1,2,11,11,2,1,2,0,1,2,7,2,8,0,13,0,0,4,0,0,0,1,0,0,1,3,3,1,3,0,1,0,2,0,0,3,66,0,3,35,0,1,0,0,1,4,2,0,0,0,11,36,24,26,12,0,1,4,10,0,9,1,2,17,0,5,10,1,3,11,0,19,1,1,10,15,1,1,14,1,21,0,1,0,3,1,0,0,1,9,3,4,16,9,0,15,6,0,1,2,"Trees (66), Sky (62), Feeding (54), Blue (53), Eucalyptus (48), Landscape (48), Sizes (48), Open (46), Large (45), Clear (40), Mud (38), Various (36), Troughs (35), Pens (33), Roaming (30), Caucasian (29), Generate (29), Scattered (28), Sun (28), Create (27)"
reality_country_no_revise,the United States,dairy,"Please create an image that accurately represents the reality of what most dairy farms look like in the United States.I NEED to test how the tool works with extremely simple prompts. DO NOT add any detail, just use it AS-IS:",dall-e-3,0,0,18,3,0,2,0,0,0,0,0,0,0,0,0,0,0,0,0,0,1,0,0,0,0,0,0,0,0,0,0,0,0,0,0,0,1,0,0,2,0,2,0,0,8,0,0,0,1,9,9,0,0,0,0,0,0,0,0,0,0,1,0,0,0,0,0,0,0,0,0,0,0,2,0,0,0,0,0,0,0,0,0,0,0,0,0,0,0,0,0,0,0,0,0,0,2,0,0,0,0,0,1,0,0,0,0,0,0,0,0,0,0,0,0,1,0,0,0,0,0,0,1,0,0,0,0,0,1,1,0,0,0,1,0,0,0,0,2,1,0,0,0,0,0,0,0,0,0,0,0,0,0,0,0,0,0,0,0,0,0,0,0,0,3,0,0,0,0,0,1,0,0,0,4,0,0,0,0,0,3,0,0,0,0,0,0,0,1,0,2,1,0,0,0,0,0,0,0,0,1,0,0,0,0,0,0,0,0,0,0,0,0,0,0,0,0,0,0,1,0,0,0,0,0,0,0,0,7,0,0,0,1,0,0,0,0,0,0,1,0,1,0,0,3,3,0,0,1,0,2,1,0,0,0,0,1,1,0,2,0,1,0,0,0,1,0,0,1,0,2,10,0,0,0,0,0,0,0,0,0,0,0,0,0,0,0,0,0,0,0,0,0,0,0,0,0,0,0,0,0,1,0,1,0,0,0,0,0,0,6,1,0,0,0,0,0,0,0,0,0,0,0,0,0,0,0,0,0,0,0,0,0,1,0,0,0,0,0,0,3,0,0,1,1,0,0,0,2,0,0,1,0,0,0,0,0,0,0,0,1,1,0,0,1,0,0,0,0,0,0,0,0,0,0,0,0,0,0,0,0,1,3,0,1,0,0,0,0,0,0,0,0,0,0,7,0,0,0,0,0,1,0,0,0,0,5,0,0,0,0,3,1,0,0,1,0,0,0,0,0,0,0,0,0,0,0,0,0,0,0,0,0,0,0,2,0,5,0,0,0,0,0,0,0,0,0,0,0,1,0,0,0,0,0,0,0,0,0,0,0,0,0,0,0,0,5,0,0,1,0,0,0,0,0,0,0,0,0,0,0,0,0,0,0,0,1,0,0,1,0,2,2,0,0,0,0,0,0,0,0,0,0,0,0,0,0,0,0,0,0,0,0,0,0,0,0,0,0,0,0,0,0,0,1,0,0,0,0,0,0,1,0,0,0,1,0,0,1,0,0,0,0,0,0,0,0,0,0,0,0,0,0,0,0,0,17,5,0,0,0,0,0,0,0,0,1,3,0,0,0,0,0,0,0,0,0,0,1,0,0,1,0,0,0,0,0,0,0,0,0,0,0,1,0,0,0,1,2,0,0,0,0,0,0,0,0,0,0,0,0,0,0,0,0,2,0,0,0,0,0,4,0,2,0,0,0,0,0,3,0,0,0,0,0,0,0,0,0,0,0,0,0,0,0,0,0,0,0,1,0,0,0,0,1,0,0,0,0,0,0,2,0,0,0,0,0,0,0,0,0,0,0,0,0,0,0,0,1,0,0,0,0,0,0,0,0,0,0,0,0,0,0,3,0,2,0,0,0,0,0,0,0,0,0,1,0,0,0,0,0,1,1,1,0,0,0,0,0,0,2,0,0,0,1,0,0,0,0,0,0,0,5,0,2,0,0,0,0,0,0,0,1,3,0,0,0,0,0,0,0,0,0,0,0,0,1,0,0,1,0,1,0,0,0,0,0,0,0,0,0,0,0,0,1,0,4,0,0,0,0,"Accurate (18), Realistic (17), Fields (10), Barn (9), Barns (9), Average (8), Equipment (7), Like (7), Grazing (6), Look (5), Milking (5), Open (5), Reality (5), Various (5), Day (4), Silos (4), Workers (4), Accurately (3), Create (3), Depict (3)"
reality_country_no_revise,Germany,dairy,"Please create an image that accurately represents the reality of what most dairy farms look like in Germany.I NEED to test how the tool works with extremely simple prompts. DO NOT add any detail, just use it AS-IS:",dall-e-3,0,0,20,1,0,0,0,0,2,0,0,0,0,0,0,0,0,0,0,0,1,1,0,0,0,0,0,0,0,4,1,3,3,0,0,0,0,2,0,0,1,3,0,0,3,0,0,0,2,8,16,0,0,0,0,0,0,0,0,0,0,1,0,0,0,0,0,0,0,0,1,0,0,0,0,0,0,0,0,0,0,0,0,0,0,8,0,0,0,0,0,0,0,0,1,0,3,1,0,0,0,0,3,0,0,0,0,1,0,0,0,0,0,0,0,1,0,1,0,0,0,0,2,1,0,0,0,0,1,0,0,0,0,0,0,0,0,0,2,2,2,0,0,1,0,0,0,1,0,0,0,0,0,0,1,0,0,0,0,0,0,3,0,0,0,0,0,2,0,0,2,0,0,0,2,0,1,0,0,1,6,0,0,2,0,0,0,0,0,0,1,0,0,0,0,0,0,0,0,0,0,0,0,0,0,0,0,0,0,0,0,0,0,0,0,0,0,0,0,0,0,0,0,0,0,0,5,0,4,0,2,0,0,0,0,0,0,0,0,0,0,0,0,0,3,2,0,0,3,2,5,2,0,0,0,0,4,4,0,0,0,3,0,0,0,0,0,0,0,0,1,7,0,0,0,0,0,0,0,0,0,0,0,2,1,0,0,0,0,0,0,0,0,0,0,0,0,0,0,0,0,1,0,2,0,0,0,0,0,0,19,7,0,0,0,0,0,0,0,0,0,0,0,0,0,0,0,0,0,0,0,0,0,2,0,0,0,0,0,0,0,1,0,1,0,0,1,0,0,0,0,3,0,0,0,0,0,0,0,0,2,0,0,0,1,0,1,2,0,0,0,0,0,0,0,0,1,0,0,4,11,2,1,0,1,0,0,0,0,0,0,0,1,1,0,2,0,0,0,0,0,2,0,1,1,0,0,0,0,0,3,7,3,0,0,0,0,0,1,0,0,0,0,0,0,0,0,0,0,0,0,0,0,0,0,2,0,12,0,0,0,0,0,0,0,0,0,0,0,0,0,0,3,0,0,0,0,0,0,0,0,0,0,0,0,0,2,0,0,1,0,0,2,0,0,0,0,0,0,0,0,0,0,0,0,0,1,0,0,0,1,5,12,0,0,0,0,0,0,0,0,0,0,0,0,0,0,0,0,0,0,0,0,0,0,0,0,0,0,0,0,0,0,0,0,0,0,0,0,0,1,2,0,0,2,1,0,0,1,1,0,0,0,0,0,0,0,0,0,0,0,0,0,0,0,0,19,1,1,0,0,2,0,0,0,0,2,0,0,0,0,0,0,0,0,0,0,0,0,0,0,1,0,1,0,0,0,1,0,0,0,0,0,6,0,0,0,0,2,0,0,0,0,0,0,0,0,0,0,0,2,0,0,0,0,1,0,0,0,0,1,3,0,4,1,0,0,0,0,3,0,0,0,1,0,0,0,0,0,0,0,1,1,0,0,0,0,0,0,0,0,0,0,0,3,0,0,0,2,0,0,3,0,0,0,0,0,0,0,0,0,4,0,0,1,0,0,0,0,0,0,0,0,1,7,3,0,0,0,0,0,1,0,0,0,1,0,0,0,0,0,0,0,0,0,0,0,0,0,0,0,0,0,3,0,0,0,2,0,0,1,0,0,0,0,0,0,0,1,0,0,0,0,0,0,1,1,0,0,2,0,0,0,2,0,0,0,0,0,0,0,0,0,0,0,0,5,0,0,0,0,0,0,0,0,0,1,0,0,0,0,0,0,0,1,0,1,0,0,0,0,"Accurate (20), Grazing (19), Realistic (19), Barns (16), Milking (12), Pastures (12), Landscape (11), Barn (8), Buildings (8), Fields (7), Green (7), Machinery (7), Surrounding (7), Depict (6), Rural (6), Environment (5), Farming (5), Pasture (5), Weather (5), Animals (4)"
reality_country_no_revise,New Zealand,dairy,"Please create an image that accurately represents the reality of what most dairy farms look like in New Zealand.I NEED to test how the tool works with extremely simple prompts. DO NOT add any detail, just use it AS-IS:",dall-e-3,0,0,18,0,0,0,0,0,1,0,0,0,0,0,0,0,0,0,0,0,0,0,0,0,0,0,0,0,0,1,0,0,0,0,0,0,0,0,0,0,0,0,0,0,2,0,0,3,0,4,6,0,0,0,2,0,0,0,0,0,0,9,0,0,0,0,0,0,0,0,0,0,0,0,0,0,0,0,0,0,0,0,0,0,0,15,0,0,0,0,0,0,0,0,1,0,3,0,0,0,0,0,1,0,0,0,0,4,0,0,0,0,0,0,0,0,0,0,0,0,0,0,8,0,0,0,0,0,2,0,0,0,0,0,0,0,1,0,2,0,0,0,0,0,0,0,0,0,0,0,0,0,0,0,0,0,0,0,0,0,0,0,0,0,0,0,0,0,0,0,0,0,0,0,1,0,0,0,0,0,4,0,0,1,0,0,0,0,1,0,0,4,1,0,0,0,0,0,0,0,0,1,0,0,0,0,0,0,0,0,0,0,0,0,0,0,0,0,0,0,0,0,0,1,0,0,1,0,1,0,1,0,0,0,0,2,0,0,0,0,0,0,0,0,0,0,0,0,4,2,1,1,0,0,0,0,3,1,0,0,0,0,0,0,0,0,0,2,0,0,0,6,1,0,0,0,0,0,0,0,0,0,0,0,0,0,0,0,0,0,0,0,0,0,0,0,0,0,0,0,0,0,0,0,0,0,0,2,0,0,27,24,0,0,0,1,0,0,0,0,0,0,0,0,0,0,0,0,0,0,0,0,0,0,0,0,0,0,0,0,0,3,0,0,8,0,0,0,2,0,1,2,0,0,0,0,0,0,0,3,0,1,0,0,3,0,0,1,0,0,0,0,0,0,0,0,0,0,0,0,15,2,0,0,0,0,0,0,0,0,1,0,1,0,0,2,0,0,0,0,0,1,0,1,3,0,0,0,0,0,10,1,0,0,0,0,0,0,1,0,0,0,0,0,0,0,0,0,0,0,0,0,0,0,0,0,0,7,0,0,0,0,0,0,0,4,0,0,0,0,1,0,2,1,0,0,0,0,0,0,0,0,0,0,0,0,3,0,0,0,0,0,0,0,0,1,0,1,0,0,0,0,0,0,0,0,1,2,0,0,1,0,25,1,0,0,0,0,0,0,0,0,0,0,0,0,0,0,0,0,0,0,0,0,0,0,0,0,0,0,0,0,0,0,0,0,0,0,0,0,0,3,0,0,1,0,0,0,1,0,0,0,0,0,0,0,0,0,0,0,0,0,0,0,0,0,24,0,1,0,0,1,0,1,0,0,0,0,0,0,0,0,0,0,0,0,0,0,0,0,0,12,0,0,0,0,0,0,0,0,0,0,0,1,0,0,0,2,2,1,0,1,0,1,0,0,0,0,1,1,0,0,0,0,1,0,0,0,0,0,0,1,0,14,2,0,0,0,5,5,0,0,0,1,0,0,0,0,0,0,0,0,0,0,0,0,0,0,0,0,0,0,0,0,0,0,0,0,0,0,0,0,0,0,0,0,0,0,0,0,0,1,1,0,1,0,0,0,0,0,0,0,0,0,4,0,0,0,0,0,0,0,0,0,0,0,0,0,0,0,0,0,0,0,0,0,0,0,0,0,0,0,1,3,0,0,0,0,0,0,0,0,0,1,0,0,0,0,0,0,0,1,1,0,3,0,0,0,0,4,0,0,0,1,1,0,0,0,0,0,0,0,0,0,0,0,1,0,0,1,0,1,0,0,0,0,0,0,0,0,0,0,0,0,0,0,1,0,0,0,0,"Grazing (27), Pastures (25), Green (24), Realistic (24), Accurate (18), Buildings (15), Landscape (15), Simple (14), Rolling (12), Lush (10), Blue (9), Clear (8), Hills (8), Milking (7), Barns (6), Fields (6), Skies (5), Sky (5), Barn (4), Characteristic (4)"
reality_country_no_revise,the United States,pig,"Please create an image that accurately represents the reality of what most pig farms look like in the United States.I NEED to test how the tool works with extremely simple prompts. DO NOT add any detail, just use it AS-IS:",dall-e-3,0,0,20,2,0,0,0,0,0,0,0,0,0,0,0,0,0,0,0,1,0,0,0,0,0,0,0,0,0,0,0,0,1,0,0,0,0,0,0,0,0,1,0,0,5,0,0,0,0,1,2,0,0,0,0,0,0,0,0,0,0,0,0,0,0,0,0,0,0,0,0,0,0,0,0,0,0,0,0,0,0,0,0,0,0,1,0,0,0,0,0,0,0,0,0,0,1,0,0,0,0,0,0,0,0,0,0,0,0,0,0,0,0,0,0,0,0,0,0,0,0,0,0,0,0,0,0,0,0,0,0,0,0,0,0,0,0,0,0,0,0,0,0,2,1,0,0,0,0,0,0,0,0,0,0,0,0,0,0,0,0,0,0,0,0,0,0,0,0,0,0,0,0,0,0,0,0,0,0,0,2,0,0,0,0,1,0,0,0,0,0,0,0,0,0,0,0,0,0,0,0,0,0,0,0,0,0,0,0,0,0,0,0,0,0,0,0,0,0,0,0,0,0,0,0,0,4,0,0,0,0,0,0,0,0,0,0,0,0,0,0,1,0,0,1,0,0,0,0,0,0,0,0,0,0,0,0,0,0,0,0,3,0,0,0,0,0,0,0,0,0,0,1,0,0,0,0,0,0,0,0,0,0,0,0,0,0,0,0,0,0,0,0,0,0,0,0,0,0,0,0,0,0,0,0,0,0,0,0,0,0,0,0,0,0,0,0,0,0,0,0,0,0,0,0,0,0,0,0,0,0,0,0,0,0,0,0,0,0,0,0,0,0,0,0,0,0,0,0,0,0,0,0,1,0,0,0,0,0,1,0,5,0,0,2,0,0,0,0,0,0,0,0,0,0,0,0,0,0,0,0,0,1,0,0,0,0,0,0,0,0,0,0,0,0,0,0,0,0,0,0,0,1,0,1,0,0,0,0,0,0,0,0,0,0,0,0,0,0,0,0,0,0,0,0,0,0,0,0,0,0,1,0,0,0,0,0,0,0,0,0,0,0,0,0,0,0,0,0,0,0,0,0,0,0,0,0,0,0,0,0,0,0,0,0,0,0,0,0,0,0,0,1,0,0,0,0,0,0,0,0,0,0,0,0,0,0,0,0,0,0,1,1,0,0,0,0,0,0,0,0,0,0,1,0,0,0,0,0,0,0,0,0,0,0,0,0,0,0,0,0,0,0,0,0,0,0,0,0,0,0,1,0,0,0,1,0,0,0,0,0,0,0,0,0,0,0,0,0,0,0,0,0,0,0,0,17,1,0,0,0,0,0,0,0,0,0,2,0,0,0,0,0,0,0,0,0,0,0,0,0,0,0,0,0,0,0,0,0,0,0,0,0,0,0,0,0,0,1,0,0,0,0,0,0,0,0,0,0,0,0,0,0,0,0,1,0,0,0,0,0,0,0,1,0,0,0,1,0,0,0,0,0,0,0,0,0,0,0,0,0,0,0,0,0,0,0,0,0,0,0,0,0,0,0,0,0,0,1,0,0,0,0,0,0,0,0,0,0,0,0,2,0,0,0,0,0,0,0,0,0,0,0,0,2,1,0,0,0,0,1,0,0,0,0,1,0,0,0,0,0,0,0,0,0,0,0,0,0,0,0,0,0,1,0,0,0,0,0,0,0,0,0,0,0,0,0,0,0,0,0,0,1,0,0,0,0,0,0,0,0,0,0,2,0,0,0,0,0,0,0,0,1,0,0,0,0,0,0,0,0,0,0,0,0,0,0,0,0,0,0,0,0,0,0,0,1,0,0,0,0,"Accurate (20), Realistic (17), Average (5), Illustration (5), Environment (4), Feeding (3), Accurately (2), Barns (2), Conditions (2), Depict (2), Includes (2), Represents (2), Structures (2), Surrounding (2), Visual (2), Ages (1), Areas (1), Authentic (1), Barn (1), Buildings (1)"
reality_country_no_revise,Spain,pig,"Please create an image that accurately represents the reality of what most pig farms look like in Spain.I NEED to test how the tool works with extremely simple prompts. DO NOT add any detail, just use it AS-IS:",dall-e-3,0,0,12,1,0,0,0,0,0,0,0,0,0,0,0,0,0,0,0,0,0,0,0,0,0,1,0,0,0,2,0,1,6,0,0,0,1,0,0,0,0,2,0,0,4,0,0,0,0,1,3,0,0,0,0,0,0,0,0,0,0,1,0,0,0,0,0,0,0,0,0,0,0,0,0,0,0,0,0,0,0,0,0,0,0,3,0,0,0,0,0,0,0,0,1,0,3,0,0,0,0,0,0,0,0,0,0,0,0,0,0,0,0,0,0,0,0,0,0,0,0,0,1,0,0,0,0,0,1,0,0,0,0,0,0,0,0,0,6,1,0,0,0,3,0,0,0,0,0,0,0,0,0,0,0,0,0,0,0,0,0,1,0,0,0,0,0,0,0,0,1,0,0,0,1,0,1,0,0,0,0,0,0,3,0,0,0,1,0,2,1,0,0,0,0,0,0,0,0,0,1,0,0,0,0,0,0,0,0,0,0,0,0,0,0,0,1,0,0,0,0,0,0,0,0,0,5,0,1,0,2,0,0,0,0,0,0,0,0,0,0,0,0,0,1,2,0,0,1,1,2,1,0,0,0,0,3,1,0,0,0,14,0,0,0,0,1,0,0,0,0,0,0,0,0,0,0,0,1,0,0,0,0,0,0,0,0,0,0,0,0,0,0,0,0,0,0,0,0,0,0,0,0,0,0,1,0,0,0,0,0,0,0,0,0,0,0,0,0,0,0,0,0,0,0,0,0,0,0,0,0,0,0,0,0,0,0,0,0,0,0,0,0,1,0,0,0,0,0,0,0,1,0,1,0,0,0,0,0,0,0,4,0,0,2,0,0,2,0,1,0,0,0,0,0,0,0,0,0,0,11,0,0,0,2,0,0,0,0,0,0,0,1,0,0,2,0,0,0,0,0,1,2,0,1,0,1,0,0,0,0,0,0,0,0,0,0,0,0,0,0,0,0,0,0,0,0,0,0,0,0,0,0,0,0,0,0,0,0,1,0,0,0,0,0,0,0,0,0,0,0,0,1,0,0,0,0,0,0,1,0,0,0,0,0,0,1,0,0,0,0,0,3,0,0,1,0,0,0,0,0,0,0,0,0,0,0,0,0,0,0,0,0,0,0,0,0,0,0,0,0,0,1,8,0,0,0,0,0,0,0,0,0,0,0,0,0,0,0,0,0,0,0,0,0,0,0,0,0,0,0,1,0,0,1,1,0,0,0,0,0,0,0,0,0,1,0,0,0,0,0,0,0,0,0,0,15,1,0,0,0,0,0,0,0,0,1,2,0,1,0,0,0,0,0,0,0,0,3,0,0,0,0,0,0,0,0,0,0,0,0,0,0,2,0,0,0,0,2,0,0,0,0,0,0,1,0,0,0,0,0,0,0,0,0,3,0,0,0,0,0,0,0,2,1,0,0,0,0,2,0,0,0,0,0,0,0,0,0,0,0,0,0,0,0,0,0,1,0,0,0,0,0,0,0,0,0,0,1,0,0,0,0,0,0,0,0,0,0,0,2,4,0,0,0,0,0,0,0,0,0,0,0,0,4,0,0,0,0,0,0,0,0,0,0,0,0,0,2,0,0,0,0,0,0,0,0,0,0,0,0,0,0,0,0,0,0,2,0,0,5,0,0,0,0,0,0,0,0,0,0,1,3,0,0,0,0,0,0,3,0,0,0,4,0,1,0,0,0,0,0,0,0,1,0,0,0,0,0,0,0,0,0,0,0,0,0,0,0,0,0,0,0,0,0,0,0,1,0,0,0,"Realistic (15), Feeding (14), Accurate (12), Landscape (11), Pens (8), Areas (6), Common (6), Environment (5), Troughs (5), Average (4), Illustration (4), Structures (4), Surrounding (4), Visual (4), Barns (3), Buildings (3), Capturing (3), Conditions (3), Details (3), Features (3)"
reality_country_no_revise,Australia,pig,"Please create an image that accurately represents the reality of what most pig farms look like in Australia.I NEED to test how the tool works with extremely simple prompts. DO NOT add any detail, just use it AS-IS:",dall-e-3,0,0,27,1,0,0,2,0,0,0,0,0,0,0,0,0,0,0,0,0,1,0,0,0,0,0,0,0,0,0,0,0,1,0,0,0,0,0,0,0,0,2,0,0,7,0,0,1,0,3,1,0,0,0,0,0,0,0,0,0,0,2,0,0,0,0,0,0,0,0,0,0,0,0,0,0,0,0,0,0,0,0,0,0,0,2,0,0,0,0,0,0,0,0,2,0,1,0,0,0,0,0,0,0,0,0,0,0,0,0,0,0,0,0,0,0,0,0,0,0,0,0,1,0,0,0,0,0,0,0,0,0,0,0,0,0,0,0,0,1,0,0,0,0,0,0,0,0,0,0,0,0,0,0,0,0,0,0,0,0,0,1,0,0,1,0,0,0,0,0,1,0,0,0,0,0,0,0,0,0,3,0,0,0,0,0,0,0,0,0,0,0,0,0,1,0,0,0,0,0,0,0,0,0,0,0,0,0,0,0,0,0,0,0,0,1,0,0,0,0,0,0,0,0,0,0,3,0,0,0,0,0,0,0,0,0,0,0,0,0,0,0,0,0,0,0,0,0,0,0,1,0,0,0,0,0,2,0,0,0,1,3,0,0,0,0,0,0,2,0,0,1,0,0,0,0,0,0,0,0,0,1,0,0,0,0,0,0,0,1,0,0,0,0,0,0,0,0,0,0,0,0,0,0,0,0,0,0,0,0,0,0,0,0,0,0,0,0,0,0,0,0,0,0,0,0,0,0,0,0,0,0,0,0,0,0,0,0,0,0,0,0,0,0,0,0,0,0,0,0,0,0,0,0,0,0,0,0,0,0,0,2,0,0,2,0,0,0,0,1,0,0,0,0,0,0,0,0,0,0,4,0,0,0,0,0,0,0,0,0,0,1,0,0,0,4,0,0,0,0,0,0,0,0,0,0,4,0,0,0,0,0,0,0,0,0,0,0,0,0,0,0,0,0,0,0,0,0,0,0,0,0,0,0,0,0,0,0,0,0,0,0,0,0,0,0,0,2,0,0,0,0,3,0,0,0,0,0,0,0,0,0,0,0,0,0,2,0,0,0,0,1,3,0,0,1,0,0,0,0,0,0,0,0,0,0,0,0,0,0,0,0,0,0,0,0,0,0,0,0,0,0,1,5,0,0,0,0,0,0,0,0,0,0,0,0,0,0,0,0,0,0,0,0,0,0,0,0,0,0,0,1,0,0,0,0,0,0,0,0,0,0,0,0,0,0,0,0,0,0,0,0,0,0,0,0,27,0,1,0,0,0,0,0,0,0,0,0,0,0,0,0,0,0,0,0,0,0,1,0,0,0,0,0,0,0,0,1,0,0,0,0,0,0,0,0,0,0,0,0,0,0,0,0,0,0,0,0,0,1,0,0,0,0,0,1,0,0,0,0,0,0,0,3,0,0,0,0,0,3,0,0,0,0,0,0,0,0,0,0,0,0,0,0,0,0,0,0,0,0,0,0,0,0,0,0,0,0,0,0,0,0,0,0,0,0,0,0,0,0,0,1,0,0,0,0,0,0,0,0,0,0,0,1,3,2,0,0,0,0,1,0,0,0,0,0,0,0,0,0,0,0,0,0,0,0,0,0,0,0,0,0,0,0,0,0,0,1,0,0,3,0,0,0,0,0,0,0,1,0,0,0,3,0,0,1,0,0,0,1,0,0,0,2,0,0,1,0,0,0,0,0,1,0,0,0,0,0,0,0,0,0,0,0,0,0,0,0,0,0,0,0,0,1,0,0,0,0,0,0,0,"Accurate (27), Realistic (27), Average (7), Pens (5), Landscape (4), Like (4), Look (4), Barn (3), Depict (3), Environment (3), Feeding (3), Natural (3), Outdoor (3), Simple (3), Sky (3), Surrounding (3), Troughs (3), Various (3), Activities (2), Authentic (2)"
basic_country,the United States,dairy,A dairy farm in the United States.,dall-e-3,1,3,0,0,1,0,2,1,2,14,1,2,3,7,0,0,9,1,3,1,3,2,3,1,0,4,5,1,0,8,0,3,3,1,0,14,0,0,5,2,1,0,0,0,0,4,2,13,15,80,21,0,2,3,7,0,4,1,10,55,1,62,2,3,1,1,1,3,1,2,20,7,0,11,2,4,1,0,3,1,6,0,0,6,0,3,0,4,6,9,2,1,2,0,4,2,1,0,2,4,16,6,3,25,8,2,2,3,0,9,2,3,1,0,2,8,3,19,0,1,1,0,33,0,5,1,0,4,38,0,2,5,3,0,6,0,8,0,1,0,4,1,2,0,4,0,0,2,1,2,2,4,3,3,0,0,6,0,2,0,1,10,1,1,0,1,0,2,0,3,6,1,0,5,23,1,1,3,6,3,7,11,8,1,3,12,3,7,1,2,50,8,1,7,9,1,1,5,7,8,29,0,1,4,4,8,0,0,1,11,1,2,5,0,1,1,0,1,2,2,0,3,0,0,1,7,1,1,6,4,0,0,1,5,1,27,0,0,3,0,3,0,1,7,32,9,5,4,23,3,10,6,2,0,1,0,10,1,1,1,0,3,1,1,12,15,2,18,2,1,10,37,7,2,1,2,0,1,23,7,1,0,0,5,0,0,2,3,0,2,11,6,0,0,2,3,0,12,13,0,8,1,11,1,0,26,1,1,2,18,75,80,3,0,0,6,2,1,0,0,0,0,0,3,4,2,1,3,0,0,2,6,3,27,2,4,1,12,5,12,6,0,8,0,19,0,2,28,44,3,24,4,1,2,3,13,0,1,11,3,0,1,8,0,4,0,0,0,3,0,0,0,2,6,3,5,0,4,5,0,36,0,38,2,1,22,0,5,1,0,8,2,16,8,2,5,4,1,2,0,3,1,0,0,30,11,1,1,1,2,44,11,1,1,1,2,0,1,1,4,10,15,0,1,1,1,4,2,2,0,5,1,2,0,14,11,1,13,2,6,1,0,5,17,1,2,2,0,0,1,1,0,2,3,9,2,8,13,2,9,5,4,1,2,4,0,18,1,2,3,5,0,0,0,12,13,0,0,3,7,14,3,3,3,3,14,1,0,0,0,13,9,56,4,3,1,6,6,8,19,0,0,1,0,4,2,1,9,24,0,0,0,1,6,2,0,1,1,4,0,0,0,0,0,0,1,1,0,0,7,0,0,0,1,0,0,0,0,2,1,1,8,4,4,0,4,0,1,3,8,7,1,1,0,1,3,0,0,93,0,3,1,0,0,0,2,0,0,0,0,3,1,1,1,1,1,5,0,2,1,1,33,6,0,4,0,2,1,11,1,0,2,4,31,14,0,2,22,3,9,1,7,17,6,5,5,3,9,0,0,0,0,1,3,1,2,1,0,5,1,13,10,0,3,4,3,12,1,5,79,1,0,6,5,2,0,0,16,0,9,0,0,2,1,6,0,2,4,3,13,6,6,6,3,0,9,28,1,0,0,0,2,0,9,2,9,5,2,0,1,1,1,0,8,1,3,32,6,10,3,1,2,0,12,5,2,1,1,2,2,0,1,18,6,5,20,0,0,1,0,3,0,0,0,0,2,0,0,1,2,5,29,3,22,6,6,3,13,7,1,1,4,1,1,1,2,0,1,0,12,2,5,19,7,13,0,0,11,11,16,2,5,6,1,17,1,0,0,3,1,11,1,3,0,1,5,13,10,0,81,0,16,3,2,1,10,1,2,2,2,12,5,2,36,9,1,7,7,0,2,4,"Red (93), White (81), Barn (80), Green (80), Sky (79), Grazing (75), Blue (62), Pastures (56), Black (55), Distance (50), Holstein (44), Lush (44), Clouds (38), Large (38), Fields (37), Landscape (36), Wooden (36), Clear (33), Rolling (33), Farmer (32)"
basic_country,Germany,dairy,A dairy farm in Germany.,dall-e-3,1,3,0,0,1,0,1,2,4,9,0,1,8,4,1,0,5,1,8,0,4,1,3,2,7,0,6,0,1,12,0,19,1,0,2,16,0,0,1,4,6,0,0,0,0,4,5,19,12,60,15,1,2,10,5,0,2,3,2,43,0,51,1,2,0,1,1,1,3,0,11,6,11,12,2,1,0,1,0,9,9,2,2,6,2,7,2,4,3,10,3,2,1,1,2,3,1,0,1,2,15,1,5,25,7,0,1,7,1,10,6,0,1,1,3,11,1,10,0,1,0,0,44,0,3,1,1,2,31,2,3,4,2,1,5,3,3,2,1,0,4,0,3,0,4,2,0,0,0,5,3,6,6,3,1,1,0,0,1,0,0,50,3,3,2,4,1,2,3,0,10,2,3,1,18,3,2,3,2,7,6,7,7,6,2,9,2,3,2,3,39,8,1,10,2,0,1,2,4,7,36,2,5,1,0,6,1,0,1,8,0,1,0,0,1,0,0,3,1,1,1,0,1,0,2,5,1,2,10,3,0,0,0,0,2,16,0,0,0,1,3,0,2,10,22,14,1,2,40,9,14,6,2,0,3,1,3,4,1,1,0,5,0,1,15,4,1,10,0,1,10,29,11,0,0,0,0,0,22,0,2,0,0,7,3,1,1,14,1,0,9,11,0,0,0,2,0,15,13,1,9,2,10,2,0,13,0,2,2,15,74,89,1,1,2,5,0,0,0,0,0,5,0,1,1,1,3,1,2,0,4,2,1,24,1,9,0,14,11,5,9,1,4,3,38,0,1,9,46,0,18,10,8,3,3,7,0,0,20,0,0,0,10,0,3,0,1,1,1,0,2,0,1,0,0,5,4,6,4,0,40,11,17,3,0,9,0,6,6,3,12,0,10,13,4,6,3,3,1,3,4,1,3,0,37,4,1,0,1,3,49,3,0,5,5,4,6,1,4,0,13,12,0,4,4,2,9,5,9,0,7,0,1,1,18,7,0,16,3,10,3,1,4,8,2,8,0,0,1,1,3,0,1,6,9,3,7,24,1,3,3,1,2,3,12,0,8,0,0,0,1,0,0,0,6,9,0,0,1,2,15,4,1,1,3,6,3,0,1,2,9,8,63,12,6,1,2,2,7,25,1,0,0,0,4,0,0,0,29,0,0,0,1,1,3,0,2,3,2,0,1,0,0,0,0,0,1,0,0,0,1,0,0,1,1,3,3,2,2,1,0,3,5,5,1,4,0,2,4,15,3,0,3,0,2,3,0,0,52,2,7,1,0,1,0,0,0,0,3,1,1,3,1,4,0,2,4,0,2,2,0,41,29,4,14,0,1,0,3,0,1,1,3,32,35,1,0,16,7,9,0,4,28,4,6,6,3,5,0,0,0,0,2,3,2,2,1,2,2,2,2,5,0,0,1,8,7,1,3,71,6,3,2,4,3,0,2,19,0,13,0,0,1,0,6,1,1,2,3,7,1,7,4,4,0,1,27,0,0,8,12,0,4,4,6,13,4,2,0,1,4,3,0,6,9,2,27,5,9,2,1,1,2,20,3,2,1,3,1,2,0,1,17,8,2,19,1,0,1,13,1,2,8,1,14,2,0,3,3,5,7,11,1,67,12,8,4,20,1,0,0,0,1,0,4,0,0,1,2,4,1,10,18,4,4,0,0,18,17,18,4,6,1,2,25,2,0,0,14,0,13,5,1,0,5,4,6,10,0,63,2,4,15,9,5,10,5,4,0,0,8,7,8,40,6,0,8,2,0,2,0,"Green (89), Grazing (74), Sky (71), Traditional (67), Pastures (63), White (63), Barn (60), Red (52), Blue (51), Countryside (50), Lush (49), Holstein (46), Clear (44), Black (43), Rolling (41), Farmhouse (40), Landscape (40), Wooden (40), Distance (39), Hills (38)"
basic_country,New Zealand,dairy,A dairy farm in New Zealand.,dall-e-3,0,4,0,0,0,1,2,1,7,9,0,2,2,3,0,0,4,0,1,0,4,1,5,0,5,5,14,2,0,5,3,4,1,0,1,17,0,0,1,2,6,0,1,0,0,4,5,27,3,44,13,1,3,16,6,0,2,1,3,37,3,74,2,1,3,1,2,2,6,0,19,4,0,19,2,3,1,0,0,5,8,2,1,5,1,12,1,1,4,6,0,1,0,18,5,0,2,1,1,3,9,1,7,13,5,1,3,7,1,8,5,0,1,0,3,6,1,15,0,0,0,0,48,0,2,2,0,2,29,2,4,7,4,2,4,2,5,0,0,0,3,2,3,0,4,0,1,0,1,4,4,3,2,3,0,4,0,2,0,0,0,8,1,4,1,7,0,0,4,1,5,0,0,1,12,1,2,3,3,0,9,7,7,3,2,10,1,9,0,2,51,19,1,6,5,0,0,0,1,3,46,4,4,0,2,7,2,1,1,9,0,0,9,0,1,0,0,0,0,1,0,1,0,0,0,1,2,3,4,4,2,0,3,0,0,14,0,0,0,0,8,0,2,21,22,8,0,2,32,4,7,2,6,0,0,3,7,4,4,1,0,5,1,1,10,12,1,15,3,2,6,32,9,1,1,1,1,5,18,2,0,0,0,0,3,2,1,2,0,3,7,7,0,0,3,3,0,12,10,1,9,0,7,1,0,20,1,3,0,10,80,85,6,2,0,3,0,0,0,0,0,0,0,0,0,4,1,2,3,0,2,6,1,9,0,0,0,16,3,1,11,2,3,0,44,2,2,6,21,2,17,6,3,0,4,5,0,3,12,3,0,0,16,1,5,1,2,0,3,1,3,0,2,2,2,3,1,2,13,0,54,34,9,2,0,9,0,7,3,0,9,0,25,5,3,6,3,3,2,1,2,1,0,2,30,6,0,1,0,3,64,6,2,0,4,1,19,3,5,2,10,6,1,2,3,1,6,3,6,0,3,0,1,0,18,3,0,14,7,3,3,0,3,16,8,47,1,0,2,1,0,7,2,8,8,1,2,25,0,7,1,4,1,1,7,0,6,4,2,2,4,0,0,1,6,10,0,0,0,2,9,4,1,1,2,2,2,1,3,2,15,5,56,9,6,1,2,2,13,22,8,0,0,0,4,1,0,5,40,0,0,0,0,1,0,0,0,1,1,0,0,0,2,0,0,0,4,0,2,2,0,0,0,0,0,0,2,0,0,1,1,2,1,6,0,6,0,1,4,13,5,6,6,0,3,1,0,0,53,0,6,3,0,0,0,0,0,0,1,1,0,1,1,5,2,6,1,1,1,1,2,53,17,3,5,0,1,0,1,2,3,1,1,23,26,0,0,18,5,7,0,7,43,2,8,7,5,9,1,1,1,0,2,2,2,0,1,1,1,0,7,9,1,0,1,10,13,0,9,80,0,0,3,16,3,0,22,16,0,14,1,0,0,1,4,1,2,1,4,10,4,2,1,8,1,5,17,1,0,1,3,0,1,5,14,13,5,4,1,0,2,4,6,7,3,0,28,11,3,1,0,3,2,6,4,1,1,1,2,1,0,1,13,2,1,13,2,0,3,1,0,1,1,0,1,1,8,2,1,4,18,5,2,26,14,11,3,27,0,0,1,1,1,1,3,0,0,0,0,4,2,3,9,9,14,3,1,23,28,14,2,6,4,0,16,2,0,0,5,0,10,2,6,0,5,4,8,4,1,70,1,6,4,2,9,4,0,1,4,2,8,3,2,44,7,0,4,4,2,0,1,"Green (85), Grazing (80), Sky (80), Blue (74), White (70), Lush (64), Pastures (56), Landscape (54), Red (53), Rolling (53), Distance (51), Clear (48), Mountains (47), Dotted (46), Barn (44), Hills (44), Wooden (44), Serene (43), Picturesque (40), Black (37)"
basic_country,the United States,pig,A pig farm in the United States.,dall-e-3,1,0,0,0,1,1,6,2,6,6,1,2,1,2,7,3,12,0,2,9,5,4,2,2,0,5,0,0,1,20,0,1,7,3,1,9,0,0,1,2,0,0,0,0,0,1,8,13,8,57,31,4,6,7,1,0,2,3,0,13,1,54,0,2,1,3,3,4,0,1,5,13,0,13,3,1,1,1,4,0,7,3,0,1,2,6,1,1,10,13,1,0,0,1,5,6,1,4,2,5,15,0,0,24,4,0,0,1,1,6,4,2,2,2,0,8,0,16,0,2,2,0,35,1,1,1,0,2,39,1,1,0,0,1,3,1,12,0,0,0,3,1,8,0,1,0,0,0,1,4,1,2,3,1,1,2,14,0,5,0,0,13,1,7,1,4,0,4,0,3,12,2,1,0,23,2,2,2,6,2,4,10,8,3,0,15,3,5,2,2,39,10,0,1,7,2,1,3,2,3,21,5,4,1,1,3,2,2,1,4,2,4,1,3,6,3,3,1,1,2,1,0,7,0,4,5,4,0,9,2,0,0,0,4,0,33,1,2,3,1,0,0,3,5,20,13,4,3,9,4,4,5,2,1,1,1,7,1,2,12,1,21,1,2,10,12,13,27,5,4,19,52,16,2,0,0,0,1,26,1,1,6,2,4,1,3,3,1,5,12,1,0,9,1,1,5,0,2,15,1,9,1,12,6,1,8,0,2,4,1,10,53,1,5,1,8,0,1,3,4,0,0,1,1,0,20,3,0,1,2,1,15,2,15,1,7,0,26,0,11,3,0,0,0,12,0,0,23,0,0,19,6,2,2,2,10,4,2,9,2,0,1,3,0,5,0,1,0,3,2,2,0,3,0,0,2,0,0,5,0,40,6,49,5,0,7,2,5,1,4,3,0,18,6,0,6,4,2,2,1,9,5,0,0,38,8,0,1,2,3,19,4,0,2,5,1,0,0,2,0,13,11,0,2,0,3,0,2,1,0,1,1,2,5,10,0,0,0,0,6,1,1,1,3,1,5,1,46,16,6,1,0,3,1,10,4,9,7,1,12,11,2,5,4,7,0,17,0,2,0,7,0,0,2,13,12,2,2,0,3,15,2,3,1,1,5,0,0,2,0,12,2,18,6,7,0,0,1,5,0,0,0,4,11,2,0,2,3,7,14,1,2,1,25,0,1,0,1,3,3,0,4,11,8,0,3,1,1,0,5,2,0,1,2,1,0,2,0,0,2,1,4,6,7,2,6,7,1,3,3,3,1,4,3,1,0,0,0,77,0,2,2,0,0,0,1,0,0,2,5,2,3,1,1,0,0,1,5,26,1,0,20,9,0,8,12,1,1,9,0,1,4,1,53,20,4,3,26,2,2,1,1,10,1,10,10,6,8,0,0,3,2,2,6,6,0,0,2,1,0,6,16,1,0,1,3,20,36,5,80,4,1,2,11,0,2,0,6,1,5,1,0,3,2,2,3,2,0,3,10,4,2,2,3,0,4,21,0,0,0,0,1,2,16,0,9,5,4,0,3,0,6,1,3,0,6,31,8,15,0,4,2,1,15,9,3,1,5,1,1,0,2,23,1,2,19,1,0,1,0,2,0,0,0,0,2,2,1,1,3,6,9,4,12,2,3,6,28,6,1,11,2,1,1,1,1,0,1,0,8,1,4,27,11,21,0,1,4,8,13,1,7,2,0,8,2,2,14,2,4,11,1,6,1,0,7,10,6,4,46,1,12,1,5,0,10,2,2,0,2,11,1,4,57,2,1,4,2,3,1,3,"Sky (80), Red (77), Barn (57), Wooden (57), Blue (54), Green (53), Rural (53), Fields (52), Large (49), Mud (46), White (46), Landscape (40), Clouds (39), Distance (39), Located (38), Sizes (36), Clear (35), Expansive (33), Barns (31), Sun (31)"
basic_country,Spain,pig,A pig farm in Spain.,dall-e-3,1,0,0,0,3,0,4,4,6,7,1,1,1,2,8,6,8,1,6,4,3,4,6,1,0,2,7,2,1,10,1,17,5,0,4,1,0,0,0,0,5,2,0,0,0,7,11,22,5,27,6,5,6,11,6,0,2,0,1,3,2,40,0,1,2,2,1,2,1,0,4,13,3,20,2,3,1,2,1,0,9,1,0,3,1,19,1,3,7,5,2,0,0,0,3,4,3,2,0,0,14,7,0,6,2,0,6,5,2,18,4,0,0,1,1,1,1,8,2,1,0,0,35,1,2,1,2,2,27,0,1,2,0,1,7,3,9,1,1,0,6,1,1,0,6,2,1,0,0,1,1,2,6,4,0,2,2,1,0,0,3,56,3,4,1,7,1,3,3,1,7,3,3,0,29,1,4,3,1,0,5,6,2,1,0,11,0,7,0,0,34,4,5,2,2,0,0,1,0,12,26,3,5,0,1,2,3,2,0,1,1,2,0,2,3,7,3,2,2,0,1,2,7,1,1,3,3,1,2,1,0,1,0,0,0,12,1,0,3,0,5,1,4,7,16,3,2,0,31,10,9,3,1,1,0,0,2,4,4,5,0,14,1,3,2,14,6,10,3,2,9,41,18,3,1,1,0,0,17,0,0,6,8,0,0,4,1,0,3,18,5,0,11,1,0,2,0,9,5,4,13,5,18,2,0,4,0,0,0,0,8,53,3,6,3,3,1,0,1,2,0,0,1,1,0,17,9,0,0,2,0,5,0,11,1,3,0,25,11,3,2,0,2,2,45,1,0,13,0,0,11,3,2,1,5,10,0,0,15,1,1,0,5,0,3,1,1,0,0,4,1,0,1,0,0,2,2,0,3,0,44,11,21,4,2,6,5,0,1,9,4,2,16,8,1,4,0,1,0,3,5,3,1,2,39,8,0,3,3,3,21,0,0,0,6,1,4,0,0,0,4,4,0,0,0,4,1,1,1,9,1,0,1,5,5,0,0,0,0,4,0,1,0,2,2,9,2,47,8,3,0,0,7,4,6,2,0,12,3,13,5,1,0,5,9,50,8,0,0,1,7,0,2,0,4,8,1,0,0,1,11,0,0,2,0,0,0,0,0,0,8,3,12,6,4,2,0,0,9,1,2,1,7,16,2,0,2,0,20,14,1,2,0,28,0,1,3,0,0,0,2,3,8,7,1,1,0,1,1,0,0,1,2,1,0,0,2,0,0,0,0,4,1,5,2,15,11,0,2,9,1,3,5,2,2,1,0,0,31,0,2,2,0,0,0,0,0,0,0,1,0,3,1,1,1,0,2,16,17,7,6,44,22,7,16,13,2,0,5,0,2,1,0,44,44,3,1,24,3,6,0,2,16,0,9,16,5,14,0,0,5,1,2,0,3,2,0,3,3,0,3,0,0,0,2,4,13,34,9,64,2,1,0,11,1,1,0,5,3,1,3,0,6,1,3,0,1,2,1,4,2,1,1,2,1,1,9,0,0,0,12,0,0,12,1,12,5,4,0,0,1,1,4,11,8,3,49,9,27,0,1,1,6,24,12,4,2,5,0,0,0,1,9,4,2,11,0,27,4,2,3,3,11,15,0,1,0,3,2,1,2,0,0,58,6,10,2,64,0,4,4,0,1,1,0,1,0,2,1,1,0,2,22,9,9,3,0,12,12,12,0,10,2,1,15,3,3,9,15,1,34,3,1,0,4,2,2,3,2,32,14,5,6,4,0,5,2,1,1,0,3,1,5,39,1,1,2,1,2,2,1,"Sky (64), Trees (64), Traditional (58), Countryside (56), Green (53), Olive (50), Sun (49), Mud (47), Hills (45), Landscape (44), Rolling (44), Rural (44), Rustic (44), Fields (41), Blue (40), Located (39), Wooden (39), Clear (35), Distance (34), Sizes (34)"
basic_country,Australia,pig,A pig farm in Australia.,dall-e-3,2,0,0,0,1,0,1,2,1,7,0,2,1,2,5,4,4,2,2,7,4,0,9,0,0,0,8,3,2,9,0,6,4,2,6,7,1,1,0,1,1,2,0,0,0,6,6,20,5,41,11,4,4,7,5,0,2,0,3,4,1,59,2,6,1,1,0,1,5,1,5,11,0,22,2,3,3,0,2,0,8,0,1,2,2,4,6,6,9,4,0,0,0,0,1,1,3,1,1,2,17,4,0,12,3,1,1,9,1,11,6,1,4,0,2,0,2,8,0,0,0,0,35,0,1,1,0,0,22,0,2,0,0,1,2,4,14,1,0,1,3,1,1,0,4,4,1,0,2,3,3,4,4,5,0,3,0,1,0,5,1,23,2,3,0,4,0,1,2,0,0,5,1,1,22,1,3,3,3,0,3,5,3,0,0,12,1,9,0,0,44,15,0,7,4,1,0,2,3,14,19,7,2,0,0,3,5,4,0,5,0,1,2,5,0,2,7,1,1,2,1,3,7,0,2,4,5,2,2,3,0,66,1,5,2,33,6,0,0,2,3,0,2,9,17,3,1,1,15,1,9,8,3,0,0,0,6,3,1,6,0,10,5,1,5,11,7,15,5,0,14,26,22,2,2,1,4,0,14,1,3,9,7,2,0,0,3,1,3,18,5,0,9,1,0,2,0,8,12,2,7,0,14,0,1,5,1,5,0,3,11,38,2,4,2,8,4,0,1,5,8,0,0,5,0,16,3,2,2,0,0,8,2,14,1,3,0,28,13,3,3,2,1,1,15,0,2,3,0,0,24,6,2,5,8,15,0,3,5,0,0,1,8,0,4,0,1,1,1,3,1,4,4,0,0,3,1,0,7,0,40,8,22,2,0,5,2,4,2,7,1,0,21,8,1,7,4,1,0,2,7,0,1,2,32,11,1,1,5,2,22,1,0,1,1,0,2,3,1,1,5,6,0,1,0,4,2,0,1,0,1,3,1,1,10,0,0,0,0,0,2,1,0,4,3,3,1,41,13,7,1,14,4,1,3,0,3,8,5,12,0,3,1,4,7,0,12,0,0,0,10,33,2,1,4,12,0,4,0,3,10,4,3,2,1,2,0,0,0,0,7,4,14,4,1,1,0,2,8,2,0,0,6,15,1,2,2,0,7,15,0,1,0,23,0,3,1,0,3,2,2,4,14,3,1,5,1,2,1,2,0,0,0,0,1,0,4,0,0,0,1,3,1,5,2,15,5,1,3,6,1,3,4,3,5,0,0,0,41,0,1,1,0,0,1,0,0,0,1,3,1,5,2,0,0,0,3,10,22,4,2,15,8,3,7,9,0,0,2,0,3,1,1,38,36,2,0,22,3,3,2,5,9,2,14,19,9,16,0,4,2,5,1,4,2,3,3,2,7,4,0,1,0,3,0,2,19,47,4,80,1,0,2,7,1,3,0,5,10,5,1,0,7,5,3,5,1,4,4,9,1,0,3,5,1,6,14,0,1,0,1,0,0,10,1,2,11,5,2,1,2,4,4,10,5,2,44,7,11,1,7,1,1,13,10,5,2,5,2,1,0,0,14,4,1,6,0,1,7,0,4,0,0,0,2,2,8,2,2,1,3,1,0,11,6,3,3,79,0,3,5,1,2,0,3,0,6,0,0,0,0,3,33,12,24,11,0,5,13,14,1,7,3,0,18,3,2,8,2,1,26,3,7,2,1,5,8,9,1,19,0,15,1,5,1,12,1,0,1,1,5,1,8,51,6,0,6,1,4,3,0,"Sky (80), Trees (79), Eucalyptus (66), Blue (59), Wooden (51), Sizes (47), Distance (44), Sun (44), Barn (41), Mud (41), Red (41), Landscape (40), Green (38), Rural (38), Rustic (36), Clear (35), Expansive (33), Outback (33), Various (33), Located (32)"
basic_country_no_revise,the United States,dairy,"A dairy farm in the United States.I NEED to test how the tool works with extremely simple prompts. DO NOT add any detail, just use it AS-IS:",dall-e-3,0,0,0,0,0,0,0,0,0,0,0,0,0,0,0,0,0,0,0,0,0,0,0,0,0,0,0,0,0,0,0,0,0,0,0,0,0,0,0,0,0,0,0,0,0,0,0,0,0,0,0,0,0,0,0,0,0,0,0,0,0,0,0,0,0,0,0,0,0,0,0,0,0,0,0,0,0,0,0,0,0,0,0,0,0,0,0,0,0,0,0,0,0,0,0,0,0,0,0,0,0,0,0,0,0,0,0,0,0,0,0,0,0,0,0,0,0,0,0,0,0,0,0,0,0,0,0,0,0,0,0,0,0,0,0,0,0,0,0,0,0,0,0,0,0,0,0,0,0,0,0,0,0,0,0,0,0,0,0,0,0,0,0,0,0,0,0,0,0,0,0,0,0,0,0,0,0,0,0,0,0,0,0,0,0,0,0,0,0,0,0,0,0,0,0,0,0,0,0,0,0,0,0,0,0,0,0,0,0,0,0,0,0,0,0,0,0,0,0,0,0,0,0,0,0,0,0,0,0,0,0,0,0,0,0,0,0,0,0,0,0,0,0,0,0,0,0,0,0,0,0,0,0,0,0,0,0,0,0,0,0,0,0,0,0,0,0,0,0,0,0,0,0,0,0,0,0,0,0,0,0,0,0,0,0,0,0,0,0,0,0,0,0,0,0,0,0,0,0,0,0,0,0,0,0,0,0,0,0,0,0,0,0,0,0,0,0,0,0,0,0,0,0,0,0,0,0,0,0,0,0,0,0,0,0,0,0,0,0,0,0,0,0,0,0,0,0,0,0,0,0,0,0,0,0,0,0,0,0,0,0,0,0,0,0,0,0,0,0,0,0,0,0,0,0,0,0,0,0,0,0,0,0,0,0,0,0,0,0,0,0,0,0,0,0,0,0,0,0,0,0,0,0,0,0,0,0,0,0,0,0,0,0,0,0,0,0,0,0,0,0,0,0,0,0,0,0,0,0,0,0,0,0,0,0,0,0,0,0,0,0,0,0,0,0,0,0,0,0,0,0,0,0,0,0,0,0,0,0,0,0,0,0,0,0,0,0,0,0,0,0,0,0,0,0,0,0,0,0,0,0,0,0,0,0,0,0,0,0,0,0,0,0,0,0,0,0,0,0,0,0,0,0,0,0,0,0,0,0,0,0,0,0,0,0,0,0,0,0,0,0,0,0,0,0,0,0,0,0,0,0,0,0,0,0,0,0,0,0,0,0,0,0,0,0,0,0,0,0,0,0,0,0,0,0,0,0,0,0,0,0,0,0,0,0,0,0,0,0,0,0,0,0,0,0,0,0,0,0,0,0,0,0,0,0,0,0,0,0,0,0,0,0,0,0,0,0,0,0,0,0,0,0,0,0,0,0,0,0,0,0,0,0,0,0,0,0,0,0,0,0,0,0,0,0,0,0,0,0,0,0,0,0,0,0,0,0,0,0,0,0,0,0,0,0,0,0,0,0,0,0,0,0,0,0,0,0,0,0,0,0,0,0,0,0,0,0,0,0,0,0,0,0,0,0,0,0,0,0,0,0,0,0,0,0,0,0,0,0,0,0,0,0,0,0,0,0,0,0,0,0,0,0,0,0,0,0,0,0,0,0,0,0,0,0,0,0,0,0,0,0,0,0,0,0,0,0,0,0,0,0,0,0,0,0,0,0,0,0,0,0,0,0,0,0,0,0,0,0,0,0,0,0,0,0,0,0,0,0,0,0,0,0,0,0,0,0,0,0,0,0,0,0,0,0,0,0,0,0,0,0,"40S (0), Abundant (0), Accurate (0), Accurately (0), Active (0), Actively (0), Activities (0), Activity (0), Add (0), Adding (0), Additionally (0), Adds (0), Adjacent (0), Adorned (0), Adult (0), Adults (0), Afternoon (0), Age (0), Aged (0), Ages (0)"
basic_country_no_revise,Germany,dairy,"A dairy farm in Germany.I NEED to test how the tool works with extremely simple prompts. DO NOT add any detail, just use it AS-IS:",dall-e-3,0,0,0,0,0,0,0,0,0,0,0,0,0,0,0,0,0,0,0,0,0,0,0,0,0,0,0,0,0,0,0,0,0,0,0,0,0,0,0,0,0,0,0,0,0,0,0,0,0,0,0,0,0,0,0,0,0,0,0,0,0,0,0,0,0,0,0,0,0,0,0,0,0,0,0,0,0,0,0,0,0,0,0,0,0,0,0,0,0,0,0,0,0,0,0,0,0,0,0,0,0,0,0,0,0,0,0,0,0,0,0,0,0,0,0,0,0,0,0,0,0,0,0,0,0,0,0,0,0,0,0,0,0,0,0,0,0,0,0,0,0,0,0,0,0,0,0,0,0,0,0,0,0,0,0,0,0,0,0,0,0,0,0,0,0,0,0,0,0,0,0,0,0,0,0,0,0,0,0,0,0,0,0,0,0,0,0,0,0,0,0,0,0,0,0,0,0,0,0,0,0,0,0,0,0,0,0,0,0,0,0,0,0,0,0,0,0,0,0,0,0,0,0,0,0,0,0,0,0,0,0,0,0,0,0,0,0,0,0,0,0,0,0,0,0,0,0,0,0,0,0,0,0,0,0,0,0,0,0,0,0,0,0,0,0,0,0,0,0,0,0,0,0,0,0,0,0,0,0,0,0,0,0,0,0,0,0,0,0,0,0,0,0,0,0,0,0,0,0,0,0,0,0,0,0,0,0,0,0,0,0,0,0,0,0,0,0,0,0,0,0,0,0,0,0,0,0,0,0,0,0,0,0,0,0,0,0,0,0,0,0,0,0,0,0,0,0,0,0,0,0,0,0,0,0,0,0,0,0,0,0,0,0,0,0,0,0,0,0,0,0,0,0,0,0,0,0,0,0,0,0,0,0,0,0,0,0,0,0,0,0,0,0,0,0,0,0,0,0,0,0,0,0,0,0,0,0,0,0,0,0,0,0,0,0,0,0,0,0,0,0,0,0,0,0,0,0,0,0,0,0,0,0,0,0,0,0,0,0,0,0,0,0,0,0,0,0,0,0,0,0,0,0,0,0,0,0,0,0,0,0,0,0,0,0,0,0,0,0,0,0,0,0,0,0,0,0,0,0,0,0,0,0,0,0,0,0,0,0,0,0,0,0,0,0,0,0,0,0,0,0,0,0,0,0,0,0,0,0,0,0,0,0,0,0,0,0,0,0,0,0,0,0,0,0,0,0,0,0,0,0,0,0,0,0,0,0,0,0,0,0,0,0,0,0,0,0,0,0,0,0,0,0,0,0,0,0,0,0,0,0,0,0,0,0,0,0,0,0,0,0,0,0,0,0,0,0,0,0,0,0,0,0,0,0,0,0,0,0,0,0,0,0,0,0,0,0,0,0,0,0,0,0,0,0,0,0,0,0,0,0,0,0,0,0,0,0,0,0,0,0,0,0,0,0,0,0,0,0,0,0,0,0,0,0,0,0,0,0,0,0,0,0,0,0,0,0,0,0,0,0,0,0,0,0,0,0,0,0,0,0,0,0,0,0,0,0,0,0,0,0,0,0,0,0,0,0,0,0,0,0,0,0,0,0,0,0,0,0,0,0,0,0,0,0,0,0,0,0,0,0,0,0,0,0,0,0,0,0,0,0,0,0,0,0,0,0,0,0,0,0,0,0,0,0,0,0,0,0,0,0,0,0,0,0,0,0,0,0,0,0,0,0,0,0,0,0,0,0,0,0,0,0,0,0,0,0,0,0,0,0,0,0,0,0,0,0,0,0,0,0,0,0,0,0,0,0,0,0,0,0,"40S (0), Abundant (0), Accurate (0), Accurately (0), Active (0), Actively (0), Activities (0), Activity (0), Add (0), Adding (0), Additionally (0), Adds (0), Adjacent (0), Adorned (0), Adult (0), Adults (0), Afternoon (0), Age (0), Aged (0), Ages (0)"
basic_country_no_revise,New Zealand,dairy,"A dairy farm in New Zealand.I NEED to test how the tool works with extremely simple prompts. DO NOT add any detail, just use it AS-IS:",dall-e-3,0,0,0,0,0,0,0,0,0,0,0,0,0,0,0,0,0,0,0,0,0,0,0,0,0,0,0,0,0,0,0,0,0,0,0,0,0,0,0,0,0,0,0,0,0,0,0,0,0,0,0,0,0,0,0,0,0,0,0,0,0,0,0,0,0,0,0,0,0,0,0,0,0,0,0,0,0,0,0,0,0,0,0,0,0,0,0,0,0,0,0,0,0,0,0,0,0,0,0,0,0,0,0,0,0,0,0,0,0,0,0,0,0,0,0,0,0,0,0,0,0,0,0,0,0,0,0,0,0,0,0,0,0,0,0,0,0,0,0,0,0,0,0,0,0,0,0,0,0,0,0,0,0,0,0,0,0,0,0,0,0,0,0,0,0,0,0,0,0,0,0,0,0,0,0,0,0,0,0,0,0,0,0,0,0,0,0,0,0,0,0,0,0,0,0,0,0,0,0,0,0,0,0,0,0,0,0,0,0,0,0,0,0,0,0,0,0,0,0,0,0,0,0,0,0,0,0,0,0,0,0,0,0,0,0,0,0,0,0,0,0,0,0,0,0,0,0,0,0,0,0,0,0,0,0,0,0,0,0,0,0,0,0,0,0,0,0,0,0,0,0,0,0,0,0,0,0,0,0,0,0,0,0,0,0,0,0,0,0,0,0,0,0,0,0,0,0,0,0,0,0,0,0,0,0,0,0,0,0,0,0,0,0,0,0,0,0,0,0,0,0,0,0,0,0,0,0,0,0,0,0,0,0,0,0,0,0,0,0,0,0,0,0,0,0,0,0,0,0,0,0,0,0,0,0,0,0,0,0,0,0,0,0,0,0,0,0,0,0,0,0,0,0,0,0,0,0,0,0,0,0,0,0,0,0,0,0,0,0,0,0,0,0,0,0,0,0,0,0,0,0,0,0,0,0,0,0,0,0,0,0,0,0,0,0,0,0,0,0,0,0,0,0,0,0,0,0,0,0,0,0,0,0,0,0,0,0,0,0,0,0,0,0,0,0,0,0,0,0,0,0,0,0,0,0,0,0,0,0,0,0,0,0,0,0,0,0,0,0,0,0,0,0,0,0,0,0,0,0,0,0,0,0,0,0,0,0,0,0,0,0,0,0,0,0,0,0,0,0,0,0,0,0,0,0,0,0,0,0,0,0,0,0,0,0,0,0,0,0,0,0,0,0,0,0,0,0,0,0,0,0,0,0,0,0,0,0,0,0,0,0,0,0,0,0,0,0,0,0,0,0,0,0,0,0,0,0,0,0,0,0,0,0,0,0,0,0,0,0,0,0,0,0,0,0,0,0,0,0,0,0,0,0,0,0,0,0,0,0,0,0,0,0,0,0,0,0,0,0,0,0,0,0,0,0,0,0,0,0,0,0,0,0,0,0,0,0,0,0,0,0,0,0,0,0,0,0,0,0,0,0,0,0,0,0,0,0,0,0,0,0,0,0,0,0,0,0,0,0,0,0,0,0,0,0,0,0,0,0,0,0,0,0,0,0,0,0,0,0,0,0,0,0,0,0,0,0,0,0,0,0,0,0,0,0,0,0,0,0,0,0,0,0,0,0,0,0,0,0,0,0,0,0,0,0,0,0,0,0,0,0,0,0,0,0,0,0,0,0,0,0,0,0,0,0,0,0,0,0,0,0,0,0,0,0,0,0,0,0,0,0,0,0,0,0,0,0,0,0,0,0,0,0,0,0,0,0,0,0,0,0,0,0,0,0,0,0,0,0,0,0,0,0,0,0,0,0,0,0,0,0,"40S (0), Abundant (0), Accurate (0), Accurately (0), Active (0), Actively (0), Activities (0), Activity (0), Add (0), Adding (0), Additionally (0), Adds (0), Adjacent (0), Adorned (0), Adult (0), Adults (0), Afternoon (0), Age (0), Aged (0), Ages (0)"
basic_country_no_revise,the United States,pig,"A pig farm in the United States.I NEED to test how the tool works with extremely simple prompts. DO NOT add any detail, just use it AS-IS:",dall-e-3,0,0,0,0,0,0,0,0,0,0,0,0,0,0,0,0,0,0,0,0,0,0,0,0,0,0,0,0,0,0,0,0,0,0,0,0,0,0,0,0,0,0,0,0,0,0,0,0,0,0,0,0,0,0,0,0,0,0,0,0,0,0,0,0,0,0,0,0,0,0,0,0,0,0,0,0,0,0,0,0,0,0,0,0,0,0,0,0,0,0,0,0,0,0,0,0,0,0,0,0,0,0,0,0,0,0,0,0,0,0,0,0,0,0,0,0,0,0,0,0,0,0,0,0,0,0,0,0,0,0,0,0,0,0,0,0,0,0,0,0,0,0,0,0,0,0,0,0,0,0,0,0,0,0,0,0,0,0,0,0,0,0,0,0,0,0,0,0,0,0,0,0,0,0,0,0,0,0,0,0,0,0,0,0,0,0,0,0,0,0,0,0,0,0,0,0,0,0,0,0,0,0,0,0,0,0,0,0,0,0,0,0,0,0,0,0,0,0,0,0,0,0,0,0,0,0,0,0,0,0,0,0,0,0,0,0,0,0,0,0,0,0,0,0,0,0,0,0,0,0,0,0,0,0,0,0,0,0,0,0,0,0,0,0,0,0,0,0,0,0,0,0,0,0,0,0,0,0,0,0,0,0,0,0,0,0,0,0,0,0,0,0,0,0,0,0,0,0,0,0,0,0,0,0,0,0,0,0,0,0,0,0,0,0,0,0,0,0,0,0,0,0,0,0,0,0,0,0,0,0,0,0,0,0,0,0,0,0,0,0,0,0,0,0,0,0,0,0,0,0,0,0,0,0,0,0,0,0,0,0,0,0,0,0,0,0,0,0,0,0,0,0,0,0,0,0,0,0,0,0,0,0,0,0,0,0,0,0,0,0,0,0,0,0,0,0,0,0,0,0,0,0,0,0,0,0,0,0,0,0,0,0,0,0,0,0,0,0,0,0,0,0,0,0,0,0,0,0,0,0,0,0,0,0,0,0,0,0,0,0,0,0,0,0,0,0,0,0,0,0,0,0,0,0,0,0,0,0,0,0,0,0,0,0,0,0,0,0,0,0,0,0,0,0,0,0,0,0,0,0,0,0,0,0,0,0,0,0,0,0,0,0,0,0,0,0,0,0,0,0,0,0,0,0,0,0,0,0,0,0,0,0,0,0,0,0,0,0,0,0,0,0,0,0,0,0,0,0,0,0,0,0,0,0,0,0,0,0,0,0,0,0,0,0,0,0,0,0,0,0,0,0,0,0,0,0,0,0,0,0,0,0,0,0,0,0,0,0,0,0,0,0,0,0,0,0,0,0,0,0,0,0,0,0,0,0,0,0,0,0,0,0,0,0,0,0,0,0,0,0,0,0,0,0,0,0,0,0,0,0,0,0,0,0,0,0,0,0,0,0,0,0,0,0,0,0,0,0,0,0,0,0,0,0,0,0,0,0,0,0,0,0,0,0,0,0,0,0,0,0,0,0,0,0,0,0,0,0,0,0,0,0,0,0,0,0,0,0,0,0,0,0,0,0,0,0,0,0,0,0,0,0,0,0,0,0,0,0,0,0,0,0,0,0,0,0,0,0,0,0,0,0,0,0,0,0,0,0,0,0,0,0,0,0,0,0,0,0,0,0,0,0,0,0,0,0,0,0,0,0,0,0,0,0,0,0,0,0,0,0,0,0,0,0,0,0,0,0,0,0,0,0,0,0,0,0,0,0,0,0,0,0,0,0,0,0,0,0,0,0,0,0,0,0,0,0,0,0,0,0,0,"40S (0), Abundant (0), Accurate (0), Accurately (0), Active (0), Actively (0), Activities (0), Activity (0), Add (0), Adding (0), Additionally (0), Adds (0), Adjacent (0), Adorned (0), Adult (0), Adults (0), Afternoon (0), Age (0), Aged (0), Ages (0)"
basic_country_no_revise,Spain,pig,"A pig farm in Spain.I NEED to test how the tool works with extremely simple prompts. DO NOT add any detail, just use it AS-IS:",dall-e-3,0,0,0,0,0,0,0,0,0,0,0,0,0,0,0,0,0,0,0,0,0,0,0,0,0,0,0,0,0,0,0,0,0,0,0,0,0,0,0,0,0,0,0,0,0,0,0,0,0,0,0,0,0,0,0,0,0,0,0,0,0,0,0,0,0,0,0,0,0,0,0,0,0,0,0,0,0,0,0,0,0,0,0,0,0,0,0,0,0,0,0,0,0,0,0,0,0,0,0,0,0,0,0,0,0,0,0,0,0,0,0,0,0,0,0,0,0,0,0,0,0,0,0,0,0,0,0,0,0,0,0,0,0,0,0,0,0,0,0,0,0,0,0,0,0,0,0,0,0,0,0,0,0,0,0,0,0,0,0,0,0,0,0,0,0,0,0,0,0,0,0,0,0,0,0,0,0,0,0,0,0,0,0,0,0,0,0,0,0,0,0,0,0,0,0,0,0,0,0,0,0,0,0,0,0,0,0,0,0,0,0,0,0,0,0,0,0,0,0,0,0,0,0,0,0,0,0,0,0,0,0,0,0,0,0,0,0,0,0,0,0,0,0,0,0,0,0,0,0,0,0,0,0,0,0,0,0,0,0,0,0,0,0,0,0,0,0,0,0,0,0,0,0,0,0,0,0,0,0,0,0,0,0,0,0,0,0,0,0,0,0,0,0,0,0,0,0,0,0,0,0,0,0,0,0,0,0,0,0,0,0,0,0,0,0,0,0,0,0,0,0,0,0,0,0,0,0,0,0,0,0,0,0,0,0,0,0,0,0,0,0,0,0,0,0,0,0,0,0,0,0,0,0,0,0,0,0,0,0,0,0,0,0,0,0,0,0,0,0,0,0,0,0,0,0,0,0,0,0,0,0,0,0,0,0,0,0,0,0,0,0,0,0,0,0,0,0,0,0,0,0,0,0,0,0,0,0,0,0,0,0,0,0,0,0,0,0,0,0,0,0,0,0,0,0,0,0,0,0,0,0,0,0,0,0,0,0,0,0,0,0,0,0,0,0,0,0,0,0,0,0,0,0,0,0,0,0,0,0,0,0,0,0,0,0,0,0,0,0,0,0,0,0,0,0,0,0,0,0,0,0,0,0,0,0,0,0,0,0,0,0,0,0,0,0,0,0,0,0,0,0,0,0,0,0,0,0,0,0,0,0,0,0,0,0,0,0,0,0,0,0,0,0,0,0,0,0,0,0,0,0,0,0,0,0,0,0,0,0,0,0,0,0,0,0,0,0,0,0,0,0,0,0,0,0,0,0,0,0,0,0,0,0,0,0,0,0,0,0,0,0,0,0,0,0,0,0,0,0,0,0,0,0,0,0,0,0,0,0,0,0,0,0,0,0,0,0,0,0,0,0,0,0,0,0,0,0,0,0,0,0,0,0,0,0,0,0,0,0,0,0,0,0,0,0,0,0,0,0,0,0,0,0,0,0,0,0,0,0,0,0,0,0,0,0,0,0,0,0,0,0,0,0,0,0,0,0,0,0,0,0,0,0,0,0,0,0,0,0,0,0,0,0,0,0,0,0,0,0,0,0,0,0,0,0,0,0,0,0,0,0,0,0,0,0,0,0,0,0,0,0,0,0,0,0,0,0,0,0,0,0,0,0,0,0,0,0,0,0,0,0,0,0,0,0,0,0,0,0,0,0,0,0,0,0,0,0,0,0,0,0,0,0,0,0,0,0,0,0,0,0,0,0,0,0,0,0,0,0,0,0,0,0,0,0,0,0,0,0,0,0,0,0,0,0,0,0,0,0,0,0,"40S (0), Abundant (0), Accurate (0), Accurately (0), Active (0), Actively (0), Activities (0), Activity (0), Add (0), Adding (0), Additionally (0), Adds (0), Adjacent (0), Adorned (0), Adult (0), Adults (0), Afternoon (0), Age (0), Aged (0), Ages (0)"
basic_country_no_revise,Australia,pig,"A pig farm in Australia.I NEED to test how the tool works with extremely simple prompts. DO NOT add any detail, just use it AS-IS:",dall-e-3,0,0,0,0,0,0,0,0,0,0,0,0,0,0,0,0,0,0,0,0,0,0,0,0,0,0,0,0,0,0,0,0,0,0,0,0,0,0,0,0,0,0,0,0,0,0,0,0,0,0,0,0,0,0,0,0,0,0,0,0,0,0,0,0,0,0,0,0,0,0,0,0,0,0,0,0,0,0,0,0,0,0,0,0,0,0,0,0,0,0,0,0,0,0,0,0,0,0,0,0,0,0,0,0,0,0,0,0,0,0,0,0,0,0,0,0,0,0,0,0,0,0,0,0,0,0,0,0,0,0,0,0,0,0,0,0,0,0,0,0,0,0,0,0,0,0,0,0,0,0,0,0,0,0,0,0,0,0,0,0,0,0,0,0,0,0,0,0,0,0,0,0,0,0,0,0,0,0,0,0,0,0,0,0,0,0,0,0,0,0,0,0,0,0,0,0,0,0,0,0,0,0,0,0,0,0,0,0,0,0,0,0,0,0,0,0,0,0,0,0,0,0,0,0,0,0,0,0,0,0,0,0,0,0,0,0,0,0,0,0,0,0,0,0,0,0,0,0,0,0,0,0,0,0,0,0,0,0,0,0,0,0,0,0,0,0,0,0,0,0,0,0,0,0,0,0,0,0,0,0,0,0,0,0,0,0,0,0,0,0,0,0,0,0,0,0,0,0,0,0,0,0,0,0,0,0,0,0,0,0,0,0,0,0,0,0,0,0,0,0,0,0,0,0,0,0,0,0,0,0,0,0,0,0,0,0,0,0,0,0,0,0,0,0,0,0,0,0,0,0,0,0,0,0,0,0,0,0,0,0,0,0,0,0,0,0,0,0,0,0,0,0,0,0,0,0,0,0,0,0,0,0,0,0,0,0,0,0,0,0,0,0,0,0,0,0,0,0,0,0,0,0,0,0,0,0,0,0,0,0,0,0,0,0,0,0,0,0,0,0,0,0,0,0,0,0,0,0,0,0,0,0,0,0,0,0,0,0,0,0,0,0,0,0,0,0,0,0,0,0,0,0,0,0,0,0,0,0,0,0,0,0,0,0,0,0,0,0,0,0,0,0,0,0,0,0,0,0,0,0,0,0,0,0,0,0,0,0,0,0,0,0,0,0,0,0,0,0,0,0,0,0,0,0,0,0,0,0,0,0,0,0,0,0,0,0,0,0,0,0,0,0,0,0,0,0,0,0,0,0,0,0,0,0,0,0,0,0,0,0,0,0,0,0,0,0,0,0,0,0,0,0,0,0,0,0,0,0,0,0,0,0,0,0,0,0,0,0,0,0,0,0,0,0,0,0,0,0,0,0,0,0,0,0,0,0,0,0,0,0,0,0,0,0,0,0,0,0,0,0,0,0,0,0,0,0,0,0,0,0,0,0,0,0,0,0,0,0,0,0,0,0,0,0,0,0,0,0,0,0,0,0,0,0,0,0,0,0,0,0,0,0,0,0,0,0,0,0,0,0,0,0,0,0,0,0,0,0,0,0,0,0,0,0,0,0,0,0,0,0,0,0,0,0,0,0,0,0,0,0,0,0,0,0,0,0,0,0,0,0,0,0,0,0,0,0,0,0,0,0,0,0,0,0,0,0,0,0,0,0,0,0,0,0,0,0,0,0,0,0,0,0,0,0,0,0,0,0,0,0,0,0,0,0,0,0,0,0,0,0,0,0,0,0,0,0,0,0,0,0,0,0,0,0,0,0,0,0,0,0,0,0,0,0,0,0,0,0,0,0,0,0,0,0,0,0,0,0,0,0,0,"40S (0), Abundant (0), Accurate (0), Accurately (0), Active (0), Actively (0), Activities (0), Activity (0), Add (0), Adding (0), Additionally (0), Adds (0), Adjacent (0), Adorned (0), Adult (0), Adults (0), Afternoon (0), Age (0), Aged (0), Ages (0)"
typical_country,the United States,dairy,A typical dairy farm in the United States.,dall-e-3,1,2,0,0,0,0,4,6,3,6,0,3,7,1,0,0,5,0,10,1,3,1,4,1,0,2,2,1,1,20,2,6,2,3,1,23,2,0,3,1,1,2,0,0,1,1,2,20,21,85,13,0,0,2,1,0,2,4,4,58,3,67,7,0,2,1,1,1,0,1,11,5,0,13,3,0,4,0,5,2,9,4,2,2,0,5,0,8,7,6,4,6,1,0,6,7,0,2,1,11,8,2,3,52,3,3,0,4,1,4,1,3,0,3,1,10,4,16,0,0,0,0,41,0,3,0,1,1,32,1,1,3,1,1,1,0,6,3,1,0,6,4,2,0,4,1,0,0,0,1,0,2,5,1,1,1,2,2,3,0,0,8,6,2,0,4,1,3,1,2,12,0,0,3,18,3,4,0,17,0,8,7,10,6,1,10,4,2,4,2,31,6,0,7,3,3,0,1,8,5,28,3,5,10,1,5,0,0,2,8,0,1,1,2,3,0,0,1,1,3,0,1,0,0,1,4,2,0,16,5,1,0,4,9,1,12,0,0,0,0,1,0,1,6,53,12,11,4,31,3,14,3,3,0,3,1,4,2,0,9,0,7,0,2,30,22,8,19,3,1,15,41,12,0,1,2,0,0,25,3,2,0,0,0,0,1,1,1,0,1,13,8,1,0,0,6,0,8,5,2,4,6,7,5,0,16,0,2,1,9,86,87,0,2,1,5,0,2,0,0,0,0,4,0,2,3,0,1,2,2,1,25,0,33,0,6,1,8,3,2,9,2,1,0,12,0,0,39,49,2,15,3,0,1,0,7,0,2,6,7,1,1,6,0,13,0,0,0,1,0,0,0,5,2,2,0,1,5,2,0,37,2,36,0,0,18,0,4,3,0,9,1,15,5,0,12,2,1,1,0,2,3,1,0,11,3,1,0,0,2,36,13,1,0,3,3,1,0,1,2,26,13,0,2,2,3,0,3,0,0,4,1,1,2,23,10,1,19,1,7,2,0,6,6,0,4,0,0,0,5,0,0,2,1,15,0,7,9,0,7,2,4,1,1,13,0,11,4,0,2,3,0,0,0,25,6,0,0,4,2,18,1,2,2,4,14,3,0,0,1,9,17,44,5,1,1,3,3,4,19,0,1,1,0,2,3,1,12,15,0,0,0,0,1,0,0,0,2,11,0,0,0,0,1,0,0,3,0,1,3,0,1,2,1,1,0,1,1,2,0,2,6,3,2,0,4,0,2,0,2,4,0,1,0,2,3,1,0,91,0,2,0,0,0,0,3,1,1,0,0,0,2,2,0,2,0,2,1,1,1,0,17,7,0,1,0,0,0,5,3,0,1,3,20,16,0,2,22,4,2,1,6,17,3,6,4,1,3,0,1,1,0,3,14,1,3,1,0,1,1,25,16,2,0,1,6,10,1,4,75,0,0,2,6,1,0,0,5,0,14,0,0,5,0,6,1,1,1,5,5,3,6,4,1,1,10,26,2,0,0,0,4,5,21,1,4,4,7,1,1,3,4,2,6,2,2,17,2,15,4,1,1,1,15,3,2,0,0,2,1,0,1,16,6,0,39,0,0,0,0,0,0,0,0,0,0,0,1,2,0,4,37,12,23,5,4,3,15,11,1,0,5,0,0,2,1,0,0,2,8,0,4,20,3,23,1,0,10,8,10,2,4,2,0,18,2,0,0,2,0,7,2,1,0,2,11,15,4,1,84,0,10,0,4,0,12,1,3,1,0,14,4,2,29,12,4,8,10,2,0,5,"Red (91), Green (87), Grazing (86), Barn (85), White (84), Sky (75), Blue (67), Black (58), Farmer (53), Caucasian (52), Holstein (49), Pastures (44), Clear (41), Fields (41), Hispanic (39), Tending (39), Landscape (37), Tractor (37), Large (36), Lush (36)"
typical_country,Germany,dairy,A typical dairy farm in Germany.,dall-e-3,2,3,0,0,1,1,1,1,5,9,0,1,6,3,0,0,1,1,9,0,1,1,1,1,7,2,6,0,1,11,4,22,3,4,0,18,1,1,0,2,6,1,2,1,1,0,2,21,17,58,20,0,1,11,4,0,1,2,2,43,1,44,2,3,0,1,0,2,0,3,9,6,17,15,0,2,0,2,1,2,11,0,1,2,0,13,4,3,1,12,5,1,1,1,5,3,3,1,1,4,6,0,9,33,7,0,0,6,1,13,13,1,1,3,3,11,1,8,1,2,1,0,41,1,2,2,1,1,29,2,0,2,1,2,3,0,10,0,3,1,7,4,5,0,2,2,0,0,0,1,3,1,1,1,0,3,0,3,0,0,0,28,2,3,1,5,3,1,3,2,12,0,4,1,23,1,2,3,3,6,9,15,8,6,4,9,3,7,1,4,42,7,4,12,3,2,0,1,3,2,31,3,5,2,3,2,0,0,3,11,0,4,1,2,0,0,0,1,0,2,0,1,2,0,2,4,1,1,11,0,1,0,1,1,0,6,0,1,3,0,2,1,1,10,34,13,0,1,43,6,16,5,3,2,1,1,7,4,2,1,0,12,1,1,17,14,0,9,1,0,11,30,15,0,0,2,1,1,17,0,1,1,0,11,4,2,2,8,0,1,5,11,0,0,1,4,0,7,8,1,2,1,3,3,1,14,0,3,0,13,79,87,1,4,1,2,0,0,0,0,0,7,0,1,2,1,2,2,1,1,2,4,1,27,5,11,0,15,2,2,5,0,5,0,36,4,2,2,39,0,9,10,3,2,3,3,0,0,18,4,0,2,10,1,10,1,1,0,2,0,0,0,1,0,0,1,1,7,2,1,33,3,29,1,0,9,0,4,5,0,5,3,12,2,0,8,2,3,0,1,0,3,0,1,31,3,0,1,0,4,57,2,1,0,2,4,5,2,0,4,18,10,1,3,1,3,6,0,2,0,6,0,1,0,20,16,1,12,3,7,5,1,2,7,0,4,0,0,1,5,0,0,1,3,13,1,9,10,0,5,2,0,1,0,9,0,8,1,2,3,0,0,0,0,10,8,2,0,1,2,16,2,0,1,3,7,1,0,1,1,12,11,50,9,5,1,5,1,12,26,1,2,0,0,4,2,0,2,30,0,0,0,0,0,5,0,1,2,1,2,0,0,0,1,0,0,2,0,0,0,0,0,0,1,2,0,2,2,3,3,1,10,1,2,0,7,0,1,2,5,8,1,1,0,1,1,0,0,59,1,1,1,0,0,0,0,1,0,0,1,1,3,1,2,5,0,2,1,1,1,0,48,35,5,18,0,0,1,3,1,0,2,2,25,21,0,0,26,9,6,0,4,19,0,7,2,2,4,0,0,3,0,0,1,1,5,0,2,4,1,11,7,0,1,1,4,3,0,1,70,0,6,2,13,3,0,3,9,1,13,0,0,0,1,4,1,1,3,1,3,2,5,6,2,2,4,15,1,1,12,6,1,1,5,7,6,3,1,0,4,3,4,4,8,8,3,11,6,9,1,1,1,2,16,8,2,0,1,0,2,0,1,17,3,0,25,1,1,2,7,1,2,10,1,11,1,0,0,5,2,5,23,7,66,7,6,0,22,2,2,0,0,3,2,3,1,2,0,0,1,0,10,11,4,6,0,0,12,9,16,6,6,3,2,15,1,0,0,17,0,10,0,2,0,2,10,5,5,0,66,2,2,7,5,2,16,4,5,1,0,10,6,4,47,7,0,7,4,4,0,5,"Green (87), Grazing (79), Sky (70), Traditional (66), White (66), Red (59), Barn (58), Lush (57), Pastures (50), Rolling (48), Wooden (47), Blue (44), Black (43), Farmhouse (43), Distance (42), Clear (41), Holstein (39), Hills (36), Roof (35), Farmer (34)"
typical_country,New Zealand,dairy,A typical dairy farm in New Zealand.,dall-e-3,2,3,0,0,1,0,3,2,7,11,0,3,1,3,0,0,3,1,7,0,2,1,1,1,5,4,5,1,0,8,0,5,5,2,0,11,1,0,1,1,4,1,0,0,0,2,12,37,12,55,6,1,0,11,6,0,1,0,5,26,0,74,1,2,4,1,0,1,3,1,13,3,0,14,0,2,3,0,2,3,12,0,2,3,4,6,0,6,4,5,3,1,3,6,9,1,2,2,0,4,7,2,12,12,4,1,1,4,0,6,10,0,0,2,5,6,2,11,0,0,0,0,53,0,3,1,0,1,48,1,2,7,1,3,6,1,11,2,2,0,7,2,4,0,1,1,1,0,1,2,3,3,3,4,0,4,0,3,0,0,2,5,1,8,3,6,3,0,3,4,8,1,2,1,21,1,2,1,2,1,15,6,9,6,1,7,4,8,1,1,59,8,1,8,4,1,0,0,1,3,37,5,0,3,3,1,0,1,2,5,0,0,5,0,3,0,0,1,1,1,0,0,0,1,1,0,4,5,4,1,0,0,0,3,1,7,0,0,0,0,8,1,1,15,25,5,3,3,43,2,8,2,7,1,1,2,6,4,2,0,0,1,0,1,2,7,5,12,3,1,13,27,9,0,1,2,0,8,33,1,0,0,0,0,0,1,2,1,1,1,4,15,0,0,1,3,0,6,12,5,1,3,3,0,0,15,4,3,6,7,75,86,4,1,0,3,1,0,0,0,0,0,1,1,0,2,1,2,0,1,0,4,2,15,0,5,1,26,1,0,16,8,2,1,47,2,0,4,17,0,12,8,0,2,0,9,0,2,19,7,0,1,9,0,8,2,2,2,2,1,3,0,2,4,0,1,0,5,9,1,50,16,15,2,1,6,0,7,4,1,9,1,16,4,2,8,5,1,1,0,1,2,0,1,24,7,1,4,0,1,59,7,0,0,4,0,8,0,1,1,8,9,1,2,1,2,3,4,3,0,6,1,2,0,13,10,0,12,4,6,5,0,3,7,7,33,2,0,0,4,0,3,5,2,9,0,5,14,2,10,0,2,3,5,3,0,4,1,0,2,4,0,0,0,7,14,0,3,2,3,15,0,0,2,3,5,3,0,4,2,15,11,59,7,7,1,1,1,10,21,5,0,1,0,4,1,0,1,33,0,0,0,0,1,1,0,1,0,1,0,1,0,1,0,1,0,3,0,0,0,1,0,1,1,4,0,1,0,0,0,0,2,2,2,0,12,0,1,1,12,3,0,4,0,1,0,0,0,50,0,4,1,2,0,0,0,0,1,0,0,0,1,1,4,2,5,6,1,2,1,1,54,23,2,4,0,3,0,3,0,7,2,0,26,25,0,3,31,8,6,0,5,20,1,6,10,1,9,2,0,0,0,2,2,1,3,1,0,2,1,6,0,0,2,2,5,13,0,3,91,2,2,0,12,4,0,8,4,0,4,0,0,2,0,1,2,2,1,3,11,4,3,0,3,0,5,8,0,0,0,1,0,0,2,18,8,4,6,0,2,1,4,4,2,1,0,11,5,11,2,2,0,1,10,5,2,1,1,4,0,0,1,15,4,0,12,3,0,6,1,1,0,0,0,4,1,13,0,2,2,7,16,2,34,9,9,2,37,0,3,1,0,1,1,2,2,2,0,2,2,2,4,13,5,9,2,1,15,24,14,1,8,4,1,22,4,0,0,8,1,6,1,6,2,3,4,5,5,0,67,0,5,3,2,7,1,1,0,2,1,9,6,10,31,6,1,6,6,2,1,1,"Sky (91), Green (86), Grazing (75), Blue (74), White (67), Distance (59), Lush (59), Pastures (59), Barn (55), Rolling (54), Clear (53), Landscape (50), Red (50), Clouds (48), Hills (47), Farmhouse (43), Backdrop (37), Dotted (37), Trees (37), Traditional (34)"
typical_country,the United States,pig,A typical pig farm in the United States.,dall-e-3,5,2,0,0,3,0,8,3,5,2,1,1,2,1,8,3,2,1,10,11,7,0,6,0,0,3,2,0,0,12,1,5,13,1,1,9,1,1,0,6,4,0,0,0,4,2,2,16,15,71,25,1,4,4,1,0,2,3,2,22,1,59,4,3,2,0,0,0,0,1,6,3,0,14,1,0,3,0,2,0,6,3,1,0,1,3,1,4,7,11,2,0,0,0,5,0,3,4,2,6,5,0,0,48,3,0,0,2,0,3,1,4,0,2,0,10,1,12,0,3,0,3,45,0,2,2,1,1,35,2,0,2,1,0,2,1,17,1,0,2,3,1,0,0,1,1,4,0,2,2,0,1,3,1,0,2,11,4,4,1,2,4,1,2,1,3,0,6,0,2,13,0,1,0,26,0,4,0,15,2,10,6,12,6,0,23,3,5,4,1,32,2,2,2,5,2,2,0,6,3,13,0,7,1,3,3,2,1,2,9,4,3,0,5,4,2,4,0,0,3,3,0,6,0,2,3,6,1,12,6,3,0,0,3,1,18,2,5,1,1,2,0,1,6,40,22,3,3,8,2,14,5,0,1,2,1,4,2,3,14,2,40,0,1,17,22,14,27,6,4,18,57,25,3,3,1,0,0,21,0,0,7,5,2,0,0,1,0,0,12,4,0,5,2,3,6,1,2,5,3,5,4,4,4,4,3,0,5,1,0,4,42,0,1,1,5,0,2,5,6,0,1,1,0,1,14,2,0,2,1,0,20,2,28,1,5,1,18,0,3,1,0,1,0,3,2,3,34,0,0,12,1,3,4,0,2,0,1,1,4,1,3,9,2,14,2,2,2,2,7,0,1,4,0,0,0,1,0,7,0,24,4,50,1,2,2,1,3,2,3,2,1,10,6,3,14,2,0,2,0,2,2,0,0,28,5,0,3,3,1,12,4,0,0,3,6,0,0,2,1,22,21,1,0,0,6,1,0,0,0,3,1,3,2,20,0,0,0,0,5,1,0,3,2,0,0,2,39,14,7,1,0,3,4,3,0,2,1,3,16,5,4,4,1,6,0,26,1,1,2,0,0,4,0,25,12,1,3,1,5,10,0,0,0,0,9,0,0,0,1,1,5,13,5,4,0,0,0,5,1,0,0,4,22,2,0,2,4,2,14,4,3,1,23,1,1,2,0,7,0,2,0,0,8,0,2,0,2,0,0,1,2,2,4,2,2,5,0,0,0,3,2,0,7,1,9,5,2,1,0,1,0,2,3,0,2,2,0,70,0,2,2,0,1,1,5,1,0,2,5,2,1,2,0,2,0,1,5,19,2,0,8,8,0,3,11,0,1,5,1,0,0,0,29,11,1,2,32,1,2,1,3,7,1,3,11,2,3,0,0,1,3,2,10,8,3,2,1,0,1,13,6,0,3,0,1,10,52,11,71,1,2,1,4,0,3,0,6,3,2,4,1,17,1,2,1,0,0,2,7,3,3,5,1,2,1,14,0,1,0,0,0,1,19,0,6,4,6,1,0,1,6,1,6,1,2,15,4,17,1,1,2,3,15,12,4,3,1,0,3,0,6,15,6,2,30,0,0,3,0,0,0,0,0,0,0,1,1,1,0,1,21,6,15,0,0,3,26,3,3,13,1,1,1,1,3,0,0,2,3,2,3,37,16,18,1,0,2,6,13,0,11,1,2,16,0,2,10,1,3,10,1,3,0,1,10,5,6,0,50,1,20,0,2,0,6,1,3,2,0,23,3,7,49,9,0,11,5,2,1,3,"Barn (71), Sky (71), Red (70), Blue (59), Fields (57), Sizes (52), Large (50), White (50), Wooden (49), Caucasian (48), Clear (45), Green (42), Farmer (40), Feeding (40), Mud (39), Various (37), Clouds (35), Hispanic (34), Distance (32), Scattered (32)"
typical_country,Spain,pig,A typical pig farm in Spain.,dall-e-3,1,1,0,1,4,0,3,8,1,2,1,3,3,3,3,2,7,1,11,6,4,2,5,1,0,4,5,1,1,18,3,7,6,2,3,10,0,0,1,5,4,3,2,0,0,0,7,19,5,31,8,3,2,8,0,1,1,0,1,8,1,45,1,3,0,1,0,3,0,0,9,3,3,20,0,2,0,3,0,0,8,2,1,2,5,36,3,8,11,13,0,0,0,0,9,6,4,2,1,1,4,0,0,25,3,0,1,6,3,9,3,0,0,0,0,6,1,3,11,2,3,1,31,5,3,0,1,0,21,0,0,0,0,3,2,5,15,2,0,0,4,2,0,0,0,4,1,0,0,2,1,3,3,1,1,0,0,2,0,0,1,32,1,2,2,3,1,1,0,0,9,2,0,0,15,1,1,1,1,0,20,5,13,2,0,18,2,12,2,3,25,8,3,0,7,0,3,0,1,8,20,4,3,0,3,1,3,0,0,8,1,0,0,4,1,3,3,0,1,4,3,0,2,2,4,1,1,3,3,4,0,1,2,5,0,10,0,1,1,0,1,0,1,9,30,23,3,1,25,3,9,3,0,1,0,2,5,3,3,6,1,23,2,2,6,9,8,14,2,2,16,35,10,2,0,2,0,0,15,0,1,8,8,0,0,3,0,2,2,17,1,0,9,2,1,4,0,5,5,1,3,2,10,1,1,6,0,2,0,0,5,35,2,4,1,11,5,1,2,3,0,0,1,0,1,12,2,1,0,0,3,10,2,7,0,1,0,24,2,2,1,1,2,2,35,0,1,34,0,0,10,2,2,5,2,5,0,0,2,6,1,0,3,0,10,3,1,1,2,2,0,0,0,0,0,0,1,0,6,1,48,2,14,1,0,4,4,3,2,3,0,1,15,7,2,7,2,2,0,1,9,3,0,3,30,1,0,1,3,4,16,0,0,2,1,7,1,2,1,2,11,21,0,2,0,7,1,0,2,8,5,0,1,1,23,0,0,0,0,4,3,1,2,2,0,6,2,35,14,4,0,4,1,2,4,0,4,14,1,12,9,1,0,3,9,38,15,0,0,0,3,0,3,0,6,12,2,1,0,2,6,0,1,2,0,1,0,0,1,0,4,2,4,7,3,1,0,0,6,1,0,0,12,10,2,2,3,0,8,10,1,1,0,18,0,0,2,0,1,3,2,0,6,5,0,1,0,4,1,0,0,0,1,2,0,1,1,0,0,0,1,3,1,5,1,13,4,0,1,5,2,1,1,1,0,0,1,0,36,2,1,2,0,0,1,2,1,0,1,5,0,7,1,1,1,0,3,8,20,4,1,44,21,8,24,10,0,3,4,0,2,0,0,31,42,0,0,19,4,7,2,6,8,3,5,22,3,2,1,0,1,2,1,3,4,1,0,3,0,0,0,0,0,3,1,2,10,38,8,55,0,0,0,9,0,1,0,3,9,9,2,1,7,5,1,0,0,2,3,3,2,1,2,3,0,0,10,0,0,0,18,1,0,15,0,6,5,2,1,0,1,8,0,3,11,1,31,6,21,1,3,1,3,18,9,4,3,1,1,1,0,1,6,6,1,25,2,26,7,1,2,6,21,9,0,2,0,3,3,2,1,3,0,67,3,1,4,61,0,4,5,0,0,1,2,1,1,0,0,0,4,9,30,11,12,6,0,6,8,7,1,22,1,0,12,1,1,13,20,1,27,2,2,0,1,6,6,4,2,31,13,6,3,2,0,3,2,0,1,1,16,5,5,40,3,2,5,5,3,0,4,"Traditional (67), Trees (61), Sky (55), Landscape (48), Blue (45), Rolling (44), Rustic (42), Wooden (40), Olive (38), Sizes (38), Buildings (36), Red (36), Fields (35), Green (35), Hills (35), Mud (35), Hispanic (34), Countryside (32), Barn (31), Clear (31)"
typical_country,Australia,pig,A typical pig farm in Australia.,dall-e-3,2,0,0,0,1,0,4,4,2,7,1,2,3,1,9,6,5,0,4,9,2,1,4,1,0,5,3,0,1,13,0,2,5,0,1,15,1,0,0,2,6,11,3,0,6,0,4,11,10,51,15,1,4,2,1,0,2,2,3,8,3,62,9,2,0,0,1,1,1,0,1,8,0,16,3,5,15,1,5,0,10,3,1,0,1,10,2,8,8,6,1,0,0,0,5,3,2,4,0,4,11,1,0,33,7,1,0,8,3,6,1,1,2,1,1,2,5,5,1,1,1,0,44,1,0,4,1,3,20,1,1,1,0,0,3,1,19,1,1,1,5,2,1,0,3,0,0,0,2,4,0,3,2,3,2,2,0,3,0,14,0,11,2,5,3,4,0,0,0,0,10,0,0,0,25,4,3,0,6,0,12,6,6,4,0,12,0,6,2,4,41,4,1,3,8,1,0,2,2,5,19,3,6,1,1,0,5,2,0,6,1,1,0,4,3,6,4,1,4,2,3,2,4,1,4,4,5,2,6,3,0,50,2,7,2,14,2,0,0,1,1,1,0,6,30,11,2,3,12,0,5,3,2,2,0,1,10,5,3,17,1,23,3,1,13,17,10,19,11,2,13,28,32,2,3,1,8,0,16,1,2,10,3,1,0,3,0,0,3,15,3,0,8,2,0,6,0,1,4,1,6,3,12,2,2,7,2,2,0,0,10,22,2,6,1,6,0,0,3,1,11,0,0,1,0,13,3,3,0,2,0,18,6,19,0,4,1,23,1,1,2,0,0,2,6,4,2,5,0,0,14,10,2,4,2,2,0,3,2,10,0,2,7,1,7,1,2,0,1,4,0,11,3,0,0,0,4,0,8,0,40,6,33,3,0,6,3,1,1,2,0,4,7,3,0,16,4,2,0,0,6,1,1,1,19,5,1,5,1,1,9,1,0,0,1,3,0,0,1,3,16,17,0,0,0,4,0,0,0,0,1,3,0,0,10,0,0,0,0,4,1,0,0,1,0,1,0,45,12,9,1,11,5,5,3,5,3,5,4,21,0,2,1,2,6,0,22,0,1,1,0,18,4,1,7,14,4,0,0,1,9,1,0,0,2,3,0,0,3,1,3,1,12,2,2,0,0,0,6,1,0,0,9,17,0,0,1,0,3,16,2,2,0,19,0,3,2,1,4,0,2,2,7,7,1,1,1,3,0,2,0,0,1,1,0,0,2,0,0,2,1,3,0,5,1,7,8,0,2,2,6,3,1,3,0,0,0,0,40,1,2,1,2,0,0,2,1,1,1,4,1,1,1,0,1,0,0,7,22,2,0,12,11,2,7,5,1,5,3,2,2,1,0,21,23,3,0,28,7,1,1,3,5,0,5,13,5,5,0,2,4,2,3,7,2,4,1,0,2,2,4,4,1,4,0,2,9,53,10,66,1,0,0,6,1,0,0,2,5,12,1,3,7,7,0,2,2,0,5,8,1,4,2,4,1,1,9,0,1,0,0,1,2,9,0,4,3,3,1,1,3,8,0,20,1,0,39,5,14,1,2,1,1,18,8,3,1,2,2,0,0,2,12,3,0,19,0,0,5,1,1,0,0,0,1,0,7,2,1,4,2,4,1,15,0,0,2,69,1,9,14,2,3,2,1,3,3,0,3,0,0,2,45,16,21,6,0,2,7,14,0,11,0,2,15,3,1,13,0,2,21,1,13,2,0,11,3,8,3,30,0,27,0,6,0,12,1,0,0,2,13,1,1,50,8,0,9,5,6,1,2,"Trees (69), Sky (66), Blue (62), Sizes (53), Barn (51), Eucalyptus (50), Wooden (50), Mud (45), Various (45), Clear (44), Distance (41), Landscape (40), Red (40), Sun (39), Caucasian (33), Large (33), Filled (32), Farmer (30), White (30), Fields (28)"
typical_country_no_revise,the United States,dairy,"A typical dairy farm in the United States.I NEED to test how the tool works with extremely simple prompts. DO NOT add any detail, just use it AS-IS:",dall-e-3,0,0,0,0,0,0,0,0,0,0,0,0,0,0,0,0,0,0,0,0,0,0,0,0,0,0,0,0,0,0,0,0,0,0,0,0,0,0,0,0,0,0,0,0,0,0,0,0,0,0,0,0,0,0,0,0,0,0,0,0,0,0,0,0,0,0,0,0,0,0,0,0,0,0,0,0,0,0,0,0,0,0,0,0,0,0,0,0,0,0,0,0,0,0,0,0,0,0,0,0,0,0,0,0,0,0,0,0,0,0,0,0,0,0,0,0,0,0,0,0,0,0,0,0,0,0,0,0,0,0,0,0,0,0,0,0,0,0,0,0,0,0,0,0,0,0,0,0,0,0,0,0,0,0,0,0,0,0,0,0,0,0,0,0,0,0,0,0,0,0,0,0,0,0,0,0,0,0,0,0,0,0,0,0,0,0,0,0,0,0,0,0,0,0,0,0,0,0,0,0,0,0,0,0,0,0,0,0,0,0,0,0,0,0,0,0,0,0,0,0,0,0,0,0,0,0,0,0,0,0,0,0,0,0,0,0,0,0,0,0,0,0,0,0,0,0,0,0,0,0,0,0,0,0,0,0,0,0,0,0,0,0,0,0,0,0,0,0,0,0,0,0,0,0,0,0,0,0,0,0,0,0,0,0,0,0,0,0,0,0,0,0,0,0,0,0,0,0,0,0,0,0,0,0,0,0,0,0,0,0,0,0,0,0,0,0,0,0,0,0,0,0,0,0,0,0,0,0,0,0,0,0,0,0,0,0,0,0,0,0,0,0,0,0,0,0,0,0,0,0,0,0,0,0,0,0,0,0,0,0,0,0,0,0,0,0,0,0,0,0,0,0,0,0,0,0,0,0,0,0,0,0,0,0,0,0,0,0,0,0,0,0,0,0,0,0,0,0,0,0,0,0,0,0,0,0,0,0,0,0,0,0,0,0,0,0,0,0,0,0,0,0,0,0,0,0,0,0,0,0,0,0,0,0,0,0,0,0,0,0,0,0,0,0,0,0,0,0,0,0,0,0,0,0,0,0,0,0,0,0,0,0,0,0,0,0,0,0,0,0,0,0,0,0,0,0,0,0,0,0,0,0,0,0,0,0,0,0,0,0,0,0,0,0,0,0,0,0,0,0,0,0,0,0,0,0,0,0,0,0,0,0,0,0,0,0,0,0,0,0,0,0,0,0,0,0,0,0,0,0,0,0,0,0,0,0,0,0,0,0,0,0,0,0,0,0,0,0,0,0,0,0,0,0,0,0,0,0,0,0,0,0,0,0,0,0,0,0,0,0,0,0,0,0,0,0,0,0,0,0,0,0,0,0,0,0,0,0,0,0,0,0,0,0,0,0,0,0,0,0,0,0,0,0,0,0,0,0,0,0,0,0,0,0,0,0,0,0,0,0,0,0,0,0,0,0,0,0,0,0,0,0,0,0,0,0,0,0,0,0,0,0,0,0,0,0,0,0,0,0,0,0,0,0,0,0,0,0,0,0,0,0,0,0,0,0,0,0,0,0,0,0,0,0,0,0,0,0,0,0,0,0,0,0,0,0,0,0,0,0,0,0,0,0,0,0,0,0,0,0,0,0,0,0,0,0,0,0,0,0,0,0,0,0,0,0,0,0,0,0,0,0,0,0,0,0,0,0,0,0,0,0,0,0,0,0,0,0,0,0,0,0,0,0,0,0,0,0,0,0,0,0,0,0,0,0,0,0,0,0,0,0,0,0,0,0,0,0,0,0,0,0,0,0,0,0,0,0,0,0,0,"40S (0), Abundant (0), Accurate (0), Accurately (0), Active (0), Actively (0), Activities (0), Activity (0), Add (0), Adding (0), Additionally (0), Adds (0), Adjacent (0), Adorned (0), Adult (0), Adults (0), Afternoon (0), Age (0), Aged (0), Ages (0)"
typical_country_no_revise,Germany,dairy,"A typical dairy farm in Germany.I NEED to test how the tool works with extremely simple prompts. DO NOT add any detail, just use it AS-IS:",dall-e-3,0,0,0,0,0,0,0,0,0,0,0,0,0,0,0,0,0,0,0,0,0,0,0,0,0,0,0,0,0,0,0,0,0,0,0,0,0,0,0,0,0,0,0,0,0,0,0,0,0,0,0,0,0,0,0,0,0,0,0,0,0,0,0,0,0,0,0,0,0,0,0,0,0,0,0,0,0,0,0,0,0,0,0,0,0,0,0,0,0,0,0,0,0,0,0,0,0,0,0,0,0,0,0,0,0,0,0,0,0,0,0,0,0,0,0,0,0,0,0,0,0,0,0,0,0,0,0,0,0,0,0,0,0,0,0,0,0,0,0,0,0,0,0,0,0,0,0,0,0,0,0,0,0,0,0,0,0,0,0,0,0,0,0,0,0,0,0,0,0,0,0,0,0,0,0,0,0,0,0,0,0,0,0,0,0,0,0,0,0,0,0,0,0,0,0,0,0,0,0,0,0,0,0,0,0,0,0,0,0,0,0,0,0,0,0,0,0,0,0,0,0,0,0,0,0,0,0,0,0,0,0,0,0,0,0,0,0,0,0,0,0,0,0,0,0,0,0,0,0,0,0,0,0,0,0,0,0,0,0,0,0,0,0,0,0,0,0,0,0,0,0,0,0,0,0,0,0,0,0,0,0,0,0,0,0,0,0,0,0,0,0,0,0,0,0,0,0,0,0,0,0,0,0,0,0,0,0,0,0,0,0,0,0,0,0,0,0,0,0,0,0,0,0,0,0,0,0,0,0,0,0,0,0,0,0,0,0,0,0,0,0,0,0,0,0,0,0,0,0,0,0,0,0,0,0,0,0,0,0,0,0,0,0,0,0,0,0,0,0,0,0,0,0,0,0,0,0,0,0,0,0,0,0,0,0,0,0,0,0,0,0,0,0,0,0,0,0,0,0,0,0,0,0,0,0,0,0,0,0,0,0,0,0,0,0,0,0,0,0,0,0,0,0,0,0,0,0,0,0,0,0,0,0,0,0,0,0,0,0,0,0,0,0,0,0,0,0,0,0,0,0,0,0,0,0,0,0,0,0,0,0,0,0,0,0,0,0,0,0,0,0,0,0,0,0,0,0,0,0,0,0,0,0,0,0,0,0,0,0,0,0,0,0,0,0,0,0,0,0,0,0,0,0,0,0,0,0,0,0,0,0,0,0,0,0,0,0,0,0,0,0,0,0,0,0,0,0,0,0,0,0,0,0,0,0,0,0,0,0,0,0,0,0,0,0,0,0,0,0,0,0,0,0,0,0,0,0,0,0,0,0,0,0,0,0,0,0,0,0,0,0,0,0,0,0,0,0,0,0,0,0,0,0,0,0,0,0,0,0,0,0,0,0,0,0,0,0,0,0,0,0,0,0,0,0,0,0,0,0,0,0,0,0,0,0,0,0,0,0,0,0,0,0,0,0,0,0,0,0,0,0,0,0,0,0,0,0,0,0,0,0,0,0,0,0,0,0,0,0,0,0,0,0,0,0,0,0,0,0,0,0,0,0,0,0,0,0,0,0,0,0,0,0,0,0,0,0,0,0,0,0,0,0,0,0,0,0,0,0,0,0,0,0,0,0,0,0,0,0,0,0,0,0,0,0,0,0,0,0,0,0,0,0,1,0,0,0,0,0,0,0,0,0,0,0,0,0,0,0,0,0,0,0,0,0,0,0,0,0,0,0,0,0,0,0,0,0,0,0,0,0,0,0,0,0,0,0,0,0,0,0,0,0,0,0,0,0,0,0,0,0,0,0,0,0,0,0,0,0,0,0,"Traditional (1), 40S (0), Abundant (0), Accurate (0), Accurately (0), Active (0), Actively (0), Activities (0), Activity (0), Add (0), Adding (0), Additionally (0), Adds (0), Adjacent (0), Adorned (0), Adult (0), Adults (0), Afternoon (0), Age (0), Aged (0)"
typical_country_no_revise,New Zealand,dairy,"A typical dairy farm in New Zealand.I NEED to test how the tool works with extremely simple prompts. DO NOT add any detail, just use it AS-IS:",dall-e-3,0,0,0,0,0,0,0,0,0,0,0,0,0,0,0,0,0,0,0,0,0,0,0,0,0,0,0,0,0,0,0,0,0,0,0,0,0,0,0,0,0,0,0,0,0,0,0,0,0,0,0,0,0,0,0,0,0,0,0,0,0,0,0,0,0,0,0,0,0,0,0,0,0,0,0,0,0,0,0,0,0,0,0,0,0,0,0,0,0,0,0,0,0,0,0,0,0,0,0,0,0,0,0,0,0,0,0,0,0,0,0,0,0,0,0,0,0,0,0,0,0,0,0,0,0,0,0,0,0,0,0,0,0,0,0,0,0,0,0,0,0,0,0,0,0,0,0,0,0,0,0,0,0,0,0,0,0,0,0,0,0,0,0,0,0,0,0,0,0,0,0,0,0,0,0,0,0,0,0,0,0,0,0,0,0,0,0,0,0,0,0,0,0,0,0,0,0,0,0,0,0,0,0,0,0,0,0,0,0,0,0,0,0,0,0,0,0,0,0,0,0,0,0,0,0,0,0,0,0,0,0,0,0,0,0,0,0,0,0,0,0,0,0,0,0,0,0,0,0,0,0,0,0,0,0,0,0,0,0,0,0,0,0,0,0,0,0,0,0,0,0,0,0,0,0,0,0,0,0,0,0,0,0,0,0,0,0,0,0,0,0,0,0,0,0,0,0,0,0,0,0,0,0,0,0,0,0,0,0,0,0,0,0,0,0,0,0,0,0,0,0,0,0,0,0,0,0,0,0,0,0,0,0,0,0,0,0,0,0,0,0,0,0,0,0,0,0,0,0,0,0,0,0,0,0,0,0,0,0,0,0,0,0,0,0,0,0,0,0,0,0,0,0,0,0,0,0,0,0,0,0,0,0,0,0,0,0,0,0,0,0,0,0,0,0,0,0,0,0,0,0,0,0,0,0,0,0,0,0,0,0,0,0,0,0,0,0,0,0,0,0,0,0,0,0,0,0,0,0,0,0,0,0,0,0,0,0,0,0,0,0,0,0,0,0,0,0,0,0,0,0,0,0,0,0,0,0,0,0,0,0,0,0,0,0,0,0,0,0,0,0,0,0,0,0,0,0,0,0,0,0,0,0,0,0,0,0,0,0,0,0,0,0,0,0,0,0,0,0,0,0,0,0,0,0,0,0,0,0,0,0,0,0,0,0,0,0,0,0,0,0,0,0,0,0,0,0,0,0,0,0,0,0,0,0,0,0,0,0,0,0,0,0,0,0,0,0,0,0,0,0,0,0,0,0,0,0,0,0,0,0,0,0,0,0,0,0,0,0,0,0,0,0,0,0,0,0,0,0,0,0,0,0,0,0,0,0,0,0,0,0,0,0,0,0,0,0,0,0,0,0,0,0,0,0,0,0,0,0,0,0,0,0,0,0,0,0,0,0,0,0,0,0,0,0,0,0,0,0,0,0,0,0,0,0,0,0,0,0,0,0,0,0,0,0,0,0,0,0,0,0,0,0,0,0,0,0,0,0,0,0,0,0,0,0,0,0,0,0,0,0,0,0,0,0,0,0,0,0,0,0,0,0,0,0,0,0,0,0,0,0,0,0,0,0,0,0,0,0,0,0,0,0,0,0,0,0,0,0,0,0,0,0,0,0,0,0,0,0,0,0,0,0,0,0,0,0,0,0,0,0,0,0,0,0,0,0,0,0,0,0,0,0,0,0,0,0,0,0,0,0,0,0,0,0,0,0,0,0,0,0,0,0,0,0,0,0,0,0,0,0,0,0,0,0,0,0,0,0,0,0,"40S (0), Abundant (0), Accurate (0), Accurately (0), Active (0), Actively (0), Activities (0), Activity (0), Add (0), Adding (0), Additionally (0), Adds (0), Adjacent (0), Adorned (0), Adult (0), Adults (0), Afternoon (0), Age (0), Aged (0), Ages (0)"
typical_country_no_revise,the United States,pig,"A typical pig farm in the United States.I NEED to test how the tool works with extremely simple prompts. DO NOT add any detail, just use it AS-IS:",dall-e-3,0,0,0,0,0,0,0,0,0,0,0,0,0,0,0,0,0,0,0,0,0,0,0,0,0,0,0,0,0,0,0,0,0,0,0,0,0,0,0,0,0,0,0,0,0,0,0,0,0,0,0,0,0,0,0,0,0,0,0,0,0,0,0,0,0,0,0,0,0,0,0,0,0,0,0,0,0,0,0,0,0,0,0,0,0,0,0,0,0,0,0,0,0,0,0,0,0,0,0,0,0,0,0,0,0,0,0,0,0,0,0,0,0,0,0,0,0,0,0,0,0,0,0,0,0,0,0,0,0,0,0,0,0,0,0,0,0,0,0,0,0,0,0,0,0,0,0,0,0,0,0,0,0,0,0,0,0,0,0,0,0,0,0,0,0,0,0,0,0,0,0,0,0,0,0,0,0,0,0,0,0,0,0,0,0,0,0,0,0,0,0,0,0,0,0,0,0,0,0,0,0,0,0,0,0,0,0,0,0,0,0,0,0,0,0,0,0,0,0,0,0,0,0,0,0,0,0,0,0,0,0,0,0,0,0,0,0,0,0,0,0,0,0,0,0,0,0,0,0,0,0,0,0,0,0,0,0,0,0,0,0,0,0,0,0,0,0,0,0,0,0,0,0,0,0,0,0,0,0,0,0,0,0,0,0,0,0,0,0,0,0,0,0,0,0,0,0,0,0,0,0,0,0,0,0,0,0,0,0,0,0,0,0,0,0,0,0,0,0,0,0,0,0,0,0,0,0,0,0,0,0,0,0,0,0,0,0,0,0,0,0,0,0,0,0,0,0,0,0,0,0,0,0,0,0,0,0,0,0,0,0,0,0,0,0,0,0,0,0,0,0,0,0,0,0,0,0,0,0,0,0,0,0,0,0,0,0,0,0,0,0,0,0,0,0,0,0,0,0,0,0,0,0,0,0,0,0,0,0,0,0,0,0,0,0,0,0,0,0,0,0,0,0,0,0,0,0,0,0,0,0,0,0,0,0,0,0,0,0,0,0,0,0,0,0,0,0,0,0,0,0,0,0,0,0,0,0,0,0,0,0,0,0,0,0,0,0,0,0,0,0,0,0,0,0,0,0,0,0,0,0,0,0,0,0,0,0,0,0,0,0,0,0,0,0,0,0,0,0,0,0,0,0,0,0,0,0,0,0,0,0,0,0,0,0,0,0,0,0,0,0,0,0,0,0,0,0,0,0,0,0,0,0,0,0,0,0,0,0,0,0,0,0,0,0,0,0,0,0,0,0,0,0,0,0,0,0,0,0,0,0,0,0,0,0,0,0,0,0,0,0,0,0,0,0,0,0,0,0,0,0,0,0,0,0,0,0,0,0,0,0,0,0,0,0,0,0,0,0,0,0,0,0,0,0,0,0,0,0,0,0,0,0,0,0,0,0,0,0,0,0,0,0,0,0,0,0,0,0,0,0,0,0,0,0,0,0,0,0,0,0,0,0,0,0,0,0,0,0,0,0,0,0,0,0,0,0,0,0,0,0,0,0,0,0,0,0,0,0,0,0,0,0,0,0,0,0,0,0,0,0,0,0,0,0,0,0,0,0,0,0,0,0,0,0,0,0,0,0,0,0,0,0,0,0,0,0,0,0,0,0,0,0,0,0,0,0,0,0,0,0,0,0,0,0,0,0,0,0,0,0,0,0,0,0,0,0,0,0,0,0,0,0,0,0,0,0,0,0,0,0,0,0,0,0,0,0,0,0,0,0,0,0,0,0,0,0,0,0,0,0,0,0,0,0,0,0,0,0,0,0,"40S (0), Abundant (0), Accurate (0), Accurately (0), Active (0), Actively (0), Activities (0), Activity (0), Add (0), Adding (0), Additionally (0), Adds (0), Adjacent (0), Adorned (0), Adult (0), Adults (0), Afternoon (0), Age (0), Aged (0), Ages (0)"
typical_country_no_revise,Spain,pig,"A typical pig farm in Spain.I NEED to test how the tool works with extremely simple prompts. DO NOT add any detail, just use it AS-IS:",dall-e-3,0,0,0,0,0,0,0,0,0,0,0,0,0,0,0,0,0,0,0,0,0,0,0,0,0,0,0,0,0,0,0,0,0,0,0,0,0,0,0,0,0,0,0,0,0,0,0,0,0,0,0,0,0,0,0,0,0,0,0,0,0,0,0,0,0,0,0,0,0,0,0,0,0,0,0,0,0,0,0,0,0,0,0,0,0,0,0,0,0,0,0,0,0,0,0,0,0,0,0,0,0,0,0,0,0,0,0,0,0,0,0,0,0,0,0,0,0,0,0,0,0,0,0,0,0,0,0,0,0,0,0,0,0,0,0,0,0,0,0,0,0,0,0,0,0,0,0,0,0,0,0,0,0,0,0,0,0,0,0,0,0,0,0,0,0,0,0,0,0,0,0,0,0,0,0,0,0,0,0,0,0,0,0,0,0,0,0,0,0,0,0,0,0,0,0,0,0,0,0,0,0,0,0,0,0,0,0,0,0,0,0,0,0,0,0,0,0,0,0,0,0,0,0,0,0,0,0,0,0,0,0,0,0,0,0,0,0,0,0,0,0,0,0,0,0,0,0,0,0,0,0,0,0,0,0,0,0,0,0,0,0,0,0,0,0,0,0,0,0,0,0,0,0,0,0,0,0,0,0,0,0,0,0,0,0,0,0,0,0,0,0,0,0,0,0,0,0,0,0,0,0,0,0,0,0,0,0,0,0,0,0,0,0,0,0,0,0,0,0,0,0,0,0,0,0,0,0,0,0,0,0,0,0,0,0,0,0,0,0,0,0,0,0,0,0,0,0,0,0,0,0,0,0,0,0,0,0,0,0,0,0,0,0,0,0,0,0,0,0,0,0,0,0,0,0,0,0,0,0,0,0,0,0,0,0,0,0,0,0,0,0,0,0,0,0,0,0,0,0,0,0,0,0,0,0,0,0,0,0,0,0,0,0,0,0,0,0,0,0,0,0,0,0,0,0,0,0,0,0,0,0,0,0,0,0,0,0,0,0,0,0,0,0,0,0,0,0,0,0,0,0,0,0,0,0,0,0,0,0,0,0,0,0,0,0,0,0,0,0,0,0,0,0,0,0,0,0,0,0,0,0,0,0,0,0,0,0,0,0,0,0,0,0,0,0,0,0,0,0,0,0,0,0,0,0,0,0,0,0,0,0,0,0,0,0,0,0,0,0,0,0,0,0,0,0,0,0,0,0,0,0,0,0,0,0,0,0,0,0,0,0,0,0,0,0,0,0,0,0,0,0,0,0,0,0,0,0,0,0,0,0,0,0,0,0,0,0,0,0,0,0,0,0,0,0,0,0,0,0,0,0,0,0,0,0,0,0,0,0,0,0,0,0,0,0,0,0,0,0,0,0,0,0,0,0,0,0,0,0,0,0,0,0,0,0,0,0,0,0,0,0,0,0,0,0,0,0,0,0,0,0,0,0,0,0,0,0,0,0,0,0,0,0,0,0,0,0,0,0,0,0,0,0,0,0,0,0,0,0,0,0,0,0,0,0,0,0,0,0,0,0,0,0,0,0,0,0,0,0,0,0,0,0,0,0,0,0,0,0,0,0,0,0,0,0,0,0,0,0,0,0,0,0,0,0,0,0,0,0,0,0,0,0,0,0,0,0,0,0,0,0,0,0,0,0,0,0,0,0,0,0,0,0,0,0,0,0,0,0,0,0,0,0,0,0,0,0,0,0,0,0,0,0,0,0,0,0,0,0,0,0,0,0,0,0,0,0,0,0,0,0,0,0,0,0,0,0,0,0,0,0,"40S (0), Abundant (0), Accurate (0), Accurately (0), Active (0), Actively (0), Activities (0), Activity (0), Add (0), Adding (0), Additionally (0), Adds (0), Adjacent (0), Adorned (0), Adult (0), Adults (0), Afternoon (0), Age (0), Aged (0), Ages (0)"
typical_country_no_revise,Australia,pig,"A typical pig farm in Australia.I NEED to test how the tool works with extremely simple prompts. DO NOT add any detail, just use it AS-IS:",dall-e-3,0,0,0,0,0,0,0,0,0,0,0,0,0,0,0,0,0,0,0,0,0,0,0,0,0,0,0,0,0,0,0,0,0,0,0,0,0,0,0,0,0,0,0,0,0,0,0,0,0,0,0,0,0,0,0,0,0,0,0,0,0,0,0,0,0,0,0,0,0,0,0,0,0,0,0,0,0,0,0,0,0,0,0,0,0,0,0,0,0,0,0,0,0,0,0,0,0,0,0,0,0,0,0,0,0,0,0,0,0,0,0,0,0,0,0,0,0,0,0,0,0,0,0,0,0,0,0,0,0,0,0,0,0,0,0,0,0,0,0,0,0,0,0,0,0,0,0,0,0,0,0,0,0,0,0,0,0,0,0,0,0,0,0,0,0,0,0,0,0,0,0,0,0,0,0,0,0,0,0,0,0,0,0,0,0,0,0,0,0,0,0,0,0,0,0,0,0,0,0,0,0,0,0,0,0,0,0,0,0,0,0,0,0,0,0,0,0,0,0,0,0,0,0,0,0,0,0,0,0,0,0,0,0,0,0,0,0,0,0,0,0,0,0,0,0,0,0,0,0,0,0,0,0,0,0,0,0,0,0,0,0,0,0,0,0,0,0,0,0,0,0,0,0,0,0,0,0,0,0,0,0,0,0,0,0,0,0,0,0,0,0,0,0,0,0,0,0,0,0,0,0,0,0,0,0,0,0,0,0,0,0,0,0,0,0,0,0,0,0,0,0,0,0,0,0,0,0,0,0,0,0,0,0,0,0,0,0,0,0,0,0,0,0,0,0,0,0,0,0,0,0,0,0,0,0,0,0,0,0,0,0,0,0,0,0,0,0,0,0,0,0,0,0,0,0,0,0,0,0,0,0,0,0,0,0,0,0,0,0,0,0,0,0,0,0,0,0,0,0,0,0,0,0,0,0,0,0,0,0,0,0,0,0,0,0,0,0,0,0,0,0,0,0,0,0,0,0,0,0,0,0,0,0,0,0,0,0,0,0,0,0,0,0,0,0,0,0,0,0,0,0,0,0,0,0,0,0,0,0,0,0,0,0,0,0,0,0,0,0,0,0,0,0,0,0,0,0,0,0,0,0,0,0,0,0,0,0,0,0,0,0,0,0,0,0,0,0,0,0,0,0,0,0,0,0,0,0,0,0,0,0,0,0,0,0,0,0,0,0,0,0,0,0,0,0,0,0,0,0,0,0,0,0,0,0,0,0,0,0,0,0,0,0,0,0,0,0,0,0,0,0,0,0,0,0,0,0,0,0,0,0,0,0,0,0,0,0,0,0,0,0,0,0,0,0,0,0,0,0,0,0,0,0,0,0,0,0,0,0,0,0,0,0,0,0,0,0,0,0,0,0,0,0,0,0,0,0,0,0,0,0,0,0,0,0,0,0,0,0,0,0,0,0,0,0,0,0,0,0,0,0,0,0,0,0,0,0,0,0,0,0,0,0,0,0,0,0,0,0,0,0,0,0,0,0,0,0,0,0,0,0,0,0,0,0,0,0,0,0,0,0,0,0,0,0,0,0,0,0,0,0,0,0,0,0,0,0,0,0,0,0,0,0,0,0,0,0,0,0,0,0,0,0,0,0,0,0,0,0,0,0,0,0,0,0,0,0,0,0,0,0,0,0,0,0,0,0,0,0,0,0,0,0,0,0,0,0,0,0,0,0,0,0,0,0,0,0,0,0,0,0,0,0,0,0,0,0,0,0,0,0,0,0,0,0,0,0,0,0,0,0,0,0,0,0,0,0,0,0,0,0,"40S (0), Abundant (0), Accurate (0), Accurately (0), Active (0), Actively (0), Activities (0), Activity (0), Add (0), Adding (0), Additionally (0), Adds (0), Adjacent (0), Adorned (0), Adult (0), Adults (0), Afternoon (0), Age (0), Aged (0), Ages (0)"
reality,,dairy,Please create an image that accurately represents the reality of what most dairy farms look like.,sd3.5-large,0,0,0,0,0,0,0,0,0,0,0,0,0,0,0,0,0,0,0,0,0,0,0,0,0,0,0,0,0,0,0,0,0,0,0,0,0,0,0,0,0,0,0,0,0,0,0,0,0,0,0,0,0,0,0,0,0,0,0,0,0,0,0,0,0,0,0,0,0,0,0,0,0,0,0,0,0,0,0,0,0,0,0,0,0,0,0,0,0,0,0,0,0,0,0,0,0,0,0,0,0,0,0,0,0,0,0,0,0,0,0,0,0,0,0,0,0,0,0,0,0,0,0,0,0,0,0,0,0,0,0,0,0,0,0,0,0,0,0,0,0,0,0,0,0,0,0,0,0,0,0,0,0,0,0,0,0,0,0,0,0,0,0,0,0,0,0,0,0,0,0,0,0,0,0,0,0,0,0,0,0,0,0,0,0,0,0,0,0,0,0,0,0,0,0,0,0,0,0,0,0,0,0,0,0,0,0,0,0,0,0,0,0,0,0,0,0,0,0,0,0,0,0,0,0,0,0,0,0,0,0,0,0,0,0,0,0,0,0,0,0,0,0,0,0,0,0,0,0,0,0,0,0,0,0,0,0,0,0,0,0,0,0,0,0,0,0,0,0,0,0,0,0,0,0,0,0,0,0,0,0,0,0,0,0,0,0,0,0,0,0,0,0,0,0,0,0,0,0,0,0,0,0,0,0,0,0,0,0,0,0,0,0,0,0,0,0,0,0,0,0,0,0,0,0,0,0,0,0,0,0,0,0,0,0,0,0,0,0,0,0,0,0,0,0,0,0,0,0,0,0,0,0,0,0,0,0,0,0,0,0,0,0,0,0,0,0,0,0,0,0,0,0,0,0,0,0,0,0,0,0,0,0,0,0,0,0,0,0,0,0,0,0,0,0,0,0,0,0,0,0,0,0,0,0,0,0,0,0,0,0,0,0,0,0,0,0,0,0,0,0,0,0,0,0,0,0,0,0,0,0,0,0,0,0,0,0,0,0,0,0,0,0,0,0,0,0,0,0,0,0,0,0,0,0,0,0,0,0,0,0,0,0,0,0,0,0,0,0,0,0,0,0,0,0,0,0,0,0,0,0,0,0,0,0,0,0,0,0,0,0,0,0,0,0,0,0,0,0,0,0,0,0,0,0,0,0,0,0,0,0,0,0,0,0,0,0,0,0,0,0,0,0,0,0,0,0,0,0,0,0,0,0,0,0,0,0,0,0,0,0,0,0,0,0,0,0,0,0,0,0,0,0,0,0,0,0,0,0,0,0,0,0,0,0,0,0,0,0,0,0,0,0,0,0,0,0,0,0,0,0,0,0,0,0,0,0,0,0,0,0,0,0,0,0,0,0,0,0,0,0,0,0,0,0,0,0,0,0,0,0,0,0,0,0,0,0,0,0,0,0,0,0,0,0,0,0,0,0,0,0,0,0,0,0,0,0,0,0,0,0,0,0,0,0,0,0,0,0,0,0,0,0,0,0,0,0,0,0,0,0,0,0,0,0,0,0,0,0,0,0,0,0,0,0,0,0,0,0,0,0,0,0,0,0,0,0,0,0,0,0,0,0,0,0,0,0,0,0,0,0,0,0,0,0,0,0,0,0,0,0,0,0,0,0,0,0,0,0,0,0,0,0,0,0,0,0,0,0,0,0,0,0,0,0,0,0,0,0,0,0,0,0,0,0,0,0,0,0,0,0,0,0,0,0,0,0,0,0,0,0,0,0,0,0,0,0,0,0,0,0,0,0,0,0,0,0,0,0,0,0,"40S (0), Abundant (0), Accurate (0), Accurately (0), Active (0), Actively (0), Activities (0), Activity (0), Add (0), Adding (0), Additionally (0), Adds (0), Adjacent (0), Adorned (0), Adult (0), Adults (0), Afternoon (0), Age (0), Aged (0), Ages (0)"
reality,,pig,Please create an image that accurately represents the reality of what most pig farms look like.,sd3.5-large,0,0,0,0,0,0,0,0,0,0,0,0,0,0,0,0,0,0,0,0,0,0,0,0,0,0,0,0,0,0,0,0,0,0,0,0,0,0,0,0,0,0,0,0,0,0,0,0,0,0,0,0,0,0,0,0,0,0,0,0,0,0,0,0,0,0,0,0,0,0,0,0,0,0,0,0,0,0,0,0,0,0,0,0,0,0,0,0,0,0,0,0,0,0,0,0,0,0,0,0,0,0,0,0,0,0,0,0,0,0,0,0,0,0,0,0,0,0,0,0,0,0,0,0,0,0,0,0,0,0,0,0,0,0,0,0,0,0,0,0,0,0,0,0,0,0,0,0,0,0,0,0,0,0,0,0,0,0,0,0,0,0,0,0,0,0,0,0,0,0,0,0,0,0,0,0,0,0,0,0,0,0,0,0,0,0,0,0,0,0,0,0,0,0,0,0,0,0,0,0,0,0,0,0,0,0,0,0,0,0,0,0,0,0,0,0,0,0,0,0,0,0,0,0,0,0,0,0,0,0,0,0,0,0,0,0,0,0,0,0,0,0,0,0,0,0,0,0,0,0,0,0,0,0,0,0,0,0,0,0,0,0,0,0,0,0,0,0,0,0,0,0,0,0,0,0,0,0,0,0,0,0,0,0,0,0,0,0,0,0,0,0,0,0,0,0,0,0,0,0,0,0,0,0,0,0,0,0,0,0,0,0,0,0,0,0,0,0,0,0,0,0,0,0,0,0,0,0,0,0,0,0,0,0,0,0,0,0,0,0,0,0,0,0,0,0,0,0,0,0,0,0,0,0,0,0,0,0,0,0,0,0,0,0,0,0,0,0,0,0,0,0,0,0,0,0,0,0,0,0,0,0,0,0,0,0,0,0,0,0,0,0,0,0,0,0,0,0,0,0,0,0,0,0,0,0,0,0,0,0,0,0,0,0,0,0,0,0,0,0,0,0,0,0,0,0,0,0,0,0,0,0,0,0,0,0,0,0,0,0,0,0,0,0,0,0,0,0,0,0,0,0,0,0,0,0,0,0,0,0,0,0,0,0,0,0,0,0,0,0,0,0,0,0,0,0,0,0,0,0,0,0,0,0,0,0,0,0,0,0,0,0,0,0,0,0,0,0,0,0,0,0,0,0,0,0,0,0,0,0,0,0,0,0,0,0,0,0,0,0,0,0,0,0,0,0,0,0,0,0,0,0,0,0,0,0,0,0,0,0,0,0,0,0,0,0,0,0,0,0,0,0,0,0,0,0,0,0,0,0,0,0,0,0,0,0,0,0,0,0,0,0,0,0,0,0,0,0,0,0,0,0,0,0,0,0,0,0,0,0,0,0,0,0,0,0,0,0,0,0,0,0,0,0,0,0,0,0,0,0,0,0,0,0,0,0,0,0,0,0,0,0,0,0,0,0,0,0,0,0,0,0,0,0,0,0,0,0,0,0,0,0,0,0,0,0,0,0,0,0,0,0,0,0,0,0,0,0,0,0,0,0,0,0,0,0,0,0,0,0,0,0,0,0,0,0,0,0,0,0,0,0,0,0,0,0,0,0,0,0,0,0,0,0,0,0,0,0,0,0,0,0,0,0,0,0,0,0,0,0,0,0,0,0,0,0,0,0,0,0,0,0,0,0,0,0,0,0,0,0,0,0,0,0,0,0,0,0,0,0,0,0,0,0,0,0,0,0,0,0,0,0,0,0,0,0,0,0,0,0,0,0,0,0,0,0,0,0,0,0,0,0,0,0,0,0,0,0,0,0,0,"40S (0), Abundant (0), Accurate (0), Accurately (0), Active (0), Actively (0), Activities (0), Activity (0), Add (0), Adding (0), Additionally (0), Adds (0), Adjacent (0), Adorned (0), Adult (0), Adults (0), Afternoon (0), Age (0), Aged (0), Ages (0)"
reality_no_revise,,dairy,"Please create an image that accurately represents the reality of what most dairy farms look like.I NEED to test how the tool works with extremely simple prompts. DO NOT add any detail, just use it AS-IS:",sd3.5-large,0,0,0,0,0,0,0,0,0,0,0,0,0,0,0,0,0,0,0,0,0,0,0,0,0,0,0,0,0,0,0,0,0,0,0,0,0,0,0,0,0,0,0,0,0,0,0,0,0,0,0,0,0,0,0,0,0,0,0,0,0,0,0,0,0,0,0,0,0,0,0,0,0,0,0,0,0,0,0,0,0,0,0,0,0,0,0,0,0,0,0,0,0,0,0,0,0,0,0,0,0,0,0,0,0,0,0,0,0,0,0,0,0,0,0,0,0,0,0,0,0,0,0,0,0,0,0,0,0,0,0,0,0,0,0,0,0,0,0,0,0,0,0,0,0,0,0,0,0,0,0,0,0,0,0,0,0,0,0,0,0,0,0,0,0,0,0,0,0,0,0,0,0,0,0,0,0,0,0,0,0,0,0,0,0,0,0,0,0,0,0,0,0,0,0,0,0,0,0,0,0,0,0,0,0,0,0,0,0,0,0,0,0,0,0,0,0,0,0,0,0,0,0,0,0,0,0,0,0,0,0,0,0,0,0,0,0,0,0,0,0,0,0,0,0,0,0,0,0,0,0,0,0,0,0,0,0,0,0,0,0,0,0,0,0,0,0,0,0,0,0,0,0,0,0,0,0,0,0,0,0,0,0,0,0,0,0,0,0,0,0,0,0,0,0,0,0,0,0,0,0,0,0,0,0,0,0,0,0,0,0,0,0,0,0,0,0,0,0,0,0,0,0,0,0,0,0,0,0,0,0,0,0,0,0,0,0,0,0,0,0,0,0,0,0,0,0,0,0,0,0,0,0,0,0,0,0,0,0,0,0,0,0,0,0,0,0,0,0,0,0,0,0,0,0,0,0,0,0,0,0,0,0,0,0,0,0,0,0,0,0,0,0,0,0,0,0,0,0,0,0,0,0,0,0,0,0,0,0,0,0,0,0,0,0,0,0,0,0,0,0,0,0,0,0,0,0,0,0,0,0,0,0,0,0,0,0,0,0,0,0,0,0,0,0,0,0,0,0,0,0,0,0,0,0,0,0,0,0,0,0,0,0,0,0,0,0,0,0,0,0,0,0,0,0,0,0,0,0,0,0,0,0,0,0,0,0,0,0,0,0,0,0,0,0,0,0,0,0,0,0,0,0,0,0,0,0,0,0,0,0,0,0,0,0,0,0,0,0,0,0,0,0,0,0,0,0,0,0,0,0,0,0,0,0,0,0,0,0,0,0,0,0,0,0,0,0,0,0,0,0,0,0,0,0,0,0,0,0,0,0,0,0,0,0,0,0,0,0,0,0,0,0,0,0,0,0,0,0,0,0,0,0,0,0,0,0,0,0,0,0,0,0,0,0,0,0,0,0,0,0,0,0,0,0,0,0,0,0,0,0,0,0,0,0,0,0,0,0,0,0,0,0,0,0,0,0,0,0,0,0,0,0,0,0,0,0,0,0,0,0,0,0,0,0,0,0,0,0,0,0,0,0,0,0,0,0,0,0,0,0,0,0,0,0,0,0,0,0,0,0,0,0,0,0,0,0,0,0,0,0,0,0,0,0,0,0,0,0,0,0,0,0,0,0,0,0,0,0,0,0,0,0,0,0,0,0,0,0,0,0,0,0,0,0,0,0,0,0,0,0,0,0,0,0,0,0,0,0,0,0,0,0,0,0,0,0,0,0,0,0,0,0,0,0,0,0,0,0,0,0,0,0,0,0,0,0,0,0,0,0,0,0,0,0,0,0,0,0,0,0,0,0,0,0,0,0,0,0,0,0,"40S (0), Abundant (0), Accurate (0), Accurately (0), Active (0), Actively (0), Activities (0), Activity (0), Add (0), Adding (0), Additionally (0), Adds (0), Adjacent (0), Adorned (0), Adult (0), Adults (0), Afternoon (0), Age (0), Aged (0), Ages (0)"
reality_no_revise,,pig,"Please create an image that accurately represents the reality of what most pig farms look like.I NEED to test how the tool works with extremely simple prompts. DO NOT add any detail, just use it AS-IS:",sd3.5-large,0,0,0,0,0,0,0,0,0,0,0,0,0,0,0,0,0,0,0,0,0,0,0,0,0,0,0,0,0,0,0,0,0,0,0,0,0,0,0,0,0,0,0,0,0,0,0,0,0,0,0,0,0,0,0,0,0,0,0,0,0,0,0,0,0,0,0,0,0,0,0,0,0,0,0,0,0,0,0,0,0,0,0,0,0,0,0,0,0,0,0,0,0,0,0,0,0,0,0,0,0,0,0,0,0,0,0,0,0,0,0,0,0,0,0,0,0,0,0,0,0,0,0,0,0,0,0,0,0,0,0,0,0,0,0,0,0,0,0,0,0,0,0,0,0,0,0,0,0,0,0,0,0,0,0,0,0,0,0,0,0,0,0,0,0,0,0,0,0,0,0,0,0,0,0,0,0,0,0,0,0,0,0,0,0,0,0,0,0,0,0,0,0,0,0,0,0,0,0,0,0,0,0,0,0,0,0,0,0,0,0,0,0,0,0,0,0,0,0,0,0,0,0,0,0,0,0,0,0,0,0,0,0,0,0,0,0,0,0,0,0,0,0,0,0,0,0,0,0,0,0,0,0,0,0,0,0,0,0,0,0,0,0,0,0,0,0,0,0,0,0,0,0,0,0,0,0,0,0,0,0,0,0,0,0,0,0,0,0,0,0,0,0,0,0,0,0,0,0,0,0,0,0,0,0,0,0,0,0,0,0,0,0,0,0,0,0,0,0,0,0,0,0,0,0,0,0,0,0,0,0,0,0,0,0,0,0,0,0,0,0,0,0,0,0,0,0,0,0,0,0,0,0,0,0,0,0,0,0,0,0,0,0,0,0,0,0,0,0,0,0,0,0,0,0,0,0,0,0,0,0,0,0,0,0,0,0,0,0,0,0,0,0,0,0,0,0,0,0,0,0,0,0,0,0,0,0,0,0,0,0,0,0,0,0,0,0,0,0,0,0,0,0,0,0,0,0,0,0,0,0,0,0,0,0,0,0,0,0,0,0,0,0,0,0,0,0,0,0,0,0,0,0,0,0,0,0,0,0,0,0,0,0,0,0,0,0,0,0,0,0,0,0,0,0,0,0,0,0,0,0,0,0,0,0,0,0,0,0,0,0,0,0,0,0,0,0,0,0,0,0,0,0,0,0,0,0,0,0,0,0,0,0,0,0,0,0,0,0,0,0,0,0,0,0,0,0,0,0,0,0,0,0,0,0,0,0,0,0,0,0,0,0,0,0,0,0,0,0,0,0,0,0,0,0,0,0,0,0,0,0,0,0,0,0,0,0,0,0,0,0,0,0,0,0,0,0,0,0,0,0,0,0,0,0,0,0,0,0,0,0,0,0,0,0,0,0,0,0,0,0,0,0,0,0,0,0,0,0,0,0,0,0,0,0,0,0,0,0,0,0,0,0,0,0,0,0,0,0,0,0,0,0,0,0,0,0,0,0,0,0,0,0,0,0,0,0,0,0,0,0,0,0,0,0,0,0,0,0,0,0,0,0,0,0,0,0,0,0,0,0,0,0,0,0,0,0,0,0,0,0,0,0,0,0,0,0,0,0,0,0,0,0,0,0,0,0,0,0,0,0,0,0,0,0,0,0,0,0,0,0,0,0,0,0,0,0,0,0,0,0,0,0,0,0,0,0,0,0,0,0,0,0,0,0,0,0,0,0,0,0,0,0,0,0,0,0,0,0,0,0,0,0,0,0,0,0,0,0,0,0,0,0,0,0,0,0,0,0,0,0,0,0,0,0,0,0,0,0,0,0,"40S (0), Abundant (0), Accurate (0), Accurately (0), Active (0), Actively (0), Activities (0), Activity (0), Add (0), Adding (0), Additionally (0), Adds (0), Adjacent (0), Adorned (0), Adult (0), Adults (0), Afternoon (0), Age (0), Aged (0), Ages (0)"
reality_country,the United States,dairy,Please create an image that accurately represents the reality of what most dairy farms look like in the United States.,sd3.5-large,0,0,0,0,0,0,0,0,0,0,0,0,0,0,0,0,0,0,0,0,0,0,0,0,0,0,0,0,0,0,0,0,0,0,0,0,0,0,0,0,0,0,0,0,0,0,0,0,0,0,0,0,0,0,0,0,0,0,0,0,0,0,0,0,0,0,0,0,0,0,0,0,0,0,0,0,0,0,0,0,0,0,0,0,0,0,0,0,0,0,0,0,0,0,0,0,0,0,0,0,0,0,0,0,0,0,0,0,0,0,0,0,0,0,0,0,0,0,0,0,0,0,0,0,0,0,0,0,0,0,0,0,0,0,0,0,0,0,0,0,0,0,0,0,0,0,0,0,0,0,0,0,0,0,0,0,0,0,0,0,0,0,0,0,0,0,0,0,0,0,0,0,0,0,0,0,0,0,0,0,0,0,0,0,0,0,0,0,0,0,0,0,0,0,0,0,0,0,0,0,0,0,0,0,0,0,0,0,0,0,0,0,0,0,0,0,0,0,0,0,0,0,0,0,0,0,0,0,0,0,0,0,0,0,0,0,0,0,0,0,0,0,0,0,0,0,0,0,0,0,0,0,0,0,0,0,0,0,0,0,0,0,0,0,0,0,0,0,0,0,0,0,0,0,0,0,0,0,0,0,0,0,0,0,0,0,0,0,0,0,0,0,0,0,0,0,0,0,0,0,0,0,0,0,0,0,0,0,0,0,0,0,0,0,0,0,0,0,0,0,0,0,0,0,0,0,0,0,0,0,0,0,0,0,0,0,0,0,0,0,0,0,0,0,0,0,0,0,0,0,0,0,0,0,0,0,0,0,0,0,0,0,0,0,0,0,0,0,0,0,0,0,0,0,0,0,0,0,0,0,0,0,0,0,0,0,0,0,0,0,0,0,0,0,0,0,0,0,0,0,0,0,0,0,0,0,0,0,0,0,0,0,0,0,0,0,0,0,0,0,0,0,0,0,0,0,0,0,0,0,0,0,0,0,0,0,0,0,0,0,0,0,0,0,0,0,0,0,0,0,0,0,0,0,0,0,0,0,0,0,0,0,0,0,0,0,0,0,0,0,0,0,0,0,0,0,0,0,0,0,0,0,0,0,0,0,0,0,0,0,0,0,0,0,0,0,0,0,0,0,0,0,0,0,0,0,0,0,0,0,0,0,0,0,0,0,0,0,0,0,0,0,0,0,0,0,0,0,0,0,0,0,0,0,0,0,0,0,0,0,0,0,0,0,0,0,0,0,0,0,0,0,0,0,0,0,0,0,0,0,0,0,0,0,0,0,0,0,0,0,0,0,0,0,0,0,0,0,0,0,0,0,0,0,0,0,0,0,0,0,0,0,0,0,0,0,0,0,0,0,0,0,0,0,0,0,0,0,0,0,0,0,0,0,0,0,0,0,0,0,0,0,0,0,0,0,0,0,0,0,0,0,0,0,0,0,0,0,0,0,0,0,0,0,0,0,0,0,0,0,0,0,0,0,0,0,0,0,0,0,0,0,0,0,0,0,0,0,0,0,0,0,0,0,0,0,0,0,0,0,0,0,0,0,0,0,0,0,0,0,0,0,0,0,0,0,0,0,0,0,0,0,0,0,0,0,0,0,0,0,0,0,0,0,0,0,0,0,0,0,0,0,0,0,0,0,0,0,0,0,0,0,0,0,0,0,0,0,0,0,0,0,0,0,0,0,0,0,0,0,0,0,0,0,0,0,0,0,0,0,0,0,0,0,0,0,0,0,0,0,0,0,0,0,0,0,0,0,0,0,0,"40S (0), Abundant (0), Accurate (0), Accurately (0), Active (0), Actively (0), Activities (0), Activity (0), Add (0), Adding (0), Additionally (0), Adds (0), Adjacent (0), Adorned (0), Adult (0), Adults (0), Afternoon (0), Age (0), Aged (0), Ages (0)"
reality_country,Germany,dairy,Please create an image that accurately represents the reality of what most dairy farms look like in Germany.,sd3.5-large,0,0,0,0,0,0,0,0,0,0,0,0,0,0,0,0,0,0,0,0,0,0,0,0,0,0,0,0,0,0,0,0,0,0,0,0,0,0,0,0,0,0,0,0,0,0,0,0,0,0,0,0,0,0,0,0,0,0,0,0,0,0,0,0,0,0,0,0,0,0,0,0,0,0,0,0,0,0,0,0,0,0,0,0,0,0,0,0,0,0,0,0,0,0,0,0,0,0,0,0,0,0,0,0,0,0,0,0,0,0,0,0,0,0,0,0,0,0,0,0,0,0,0,0,0,0,0,0,0,0,0,0,0,0,0,0,0,0,0,0,0,0,0,0,0,0,0,0,0,0,0,0,0,0,0,0,0,0,0,0,0,0,0,0,0,0,0,0,0,0,0,0,0,0,0,0,0,0,0,0,0,0,0,0,0,0,0,0,0,0,0,0,0,0,0,0,0,0,0,0,0,0,0,0,0,0,0,0,0,0,0,0,0,0,0,0,0,0,0,0,0,0,0,0,0,0,0,0,0,0,0,0,0,0,0,0,0,0,0,0,0,0,0,0,0,0,0,0,0,0,0,0,0,0,0,0,0,0,0,0,0,0,0,0,0,0,0,0,0,0,0,0,0,0,0,0,0,0,0,0,0,0,0,0,0,0,0,0,0,0,0,0,0,0,0,0,0,0,0,0,0,0,0,0,0,0,0,0,0,0,0,0,0,0,0,0,0,0,0,0,0,0,0,0,0,0,0,0,0,0,0,0,0,0,0,0,0,0,0,0,0,0,0,0,0,0,0,0,0,0,0,0,0,0,0,0,0,0,0,0,0,0,0,0,0,0,0,0,0,0,0,0,0,0,0,0,0,0,0,0,0,0,0,0,0,0,0,0,0,0,0,0,0,0,0,0,0,0,0,0,0,0,0,0,0,0,0,0,0,0,0,0,0,0,0,0,0,0,0,0,0,0,0,0,0,0,0,0,0,0,0,0,0,0,0,0,0,0,0,0,0,0,0,0,0,0,0,0,0,0,0,0,0,0,0,0,0,0,0,0,0,0,0,0,0,0,0,0,0,0,0,0,0,0,0,0,0,0,0,0,0,0,0,0,0,0,0,0,0,0,0,0,0,0,0,0,0,0,0,0,0,0,0,0,0,0,0,0,0,0,0,0,0,0,0,0,0,0,0,0,0,0,0,0,0,0,0,0,0,0,0,0,0,0,0,0,0,0,0,0,0,0,0,0,0,0,0,0,0,0,0,0,0,0,0,0,0,0,0,0,0,0,0,0,0,0,0,0,0,0,0,0,0,0,0,0,0,0,0,0,0,0,0,0,0,0,0,0,0,0,0,0,0,0,0,0,0,0,0,0,0,0,0,0,0,0,0,0,0,0,0,0,0,0,0,0,0,0,0,0,0,0,0,0,0,0,0,0,0,0,0,0,0,0,0,0,0,0,0,0,0,0,0,0,0,0,0,0,0,0,0,0,0,0,0,0,0,0,0,0,0,0,0,0,0,0,0,0,0,0,0,0,0,0,0,0,0,0,0,0,0,0,0,0,0,0,0,0,0,0,0,0,0,0,0,0,0,0,0,0,0,0,0,0,0,0,0,0,0,0,0,0,0,0,0,0,0,0,0,0,0,0,0,0,0,0,0,0,0,0,0,0,0,0,0,0,0,0,0,0,0,0,0,0,0,0,0,0,0,0,0,0,0,0,0,0,0,0,0,0,0,0,0,0,0,0,0,0,0,0,0,0,0,0,0,0,0,0,0,0,0,"40S (0), Abundant (0), Accurate (0), Accurately (0), Active (0), Actively (0), Activities (0), Activity (0), Add (0), Adding (0), Additionally (0), Adds (0), Adjacent (0), Adorned (0), Adult (0), Adults (0), Afternoon (0), Age (0), Aged (0), Ages (0)"
reality_country,New Zealand,dairy,Please create an image that accurately represents the reality of what most dairy farms look like in New Zealand.,sd3.5-large,0,0,0,0,0,0,0,0,0,0,0,0,0,0,0,0,0,0,0,0,0,0,0,0,0,0,0,0,0,0,0,0,0,0,0,0,0,0,0,0,0,0,0,0,0,0,0,0,0,0,0,0,0,0,0,0,0,0,0,0,0,0,0,0,0,0,0,0,0,0,0,0,0,0,0,0,0,0,0,0,0,0,0,0,0,0,0,0,0,0,0,0,0,0,0,0,0,0,0,0,0,0,0,0,0,0,0,0,0,0,0,0,0,0,0,0,0,0,0,0,0,0,0,0,0,0,0,0,0,0,0,0,0,0,0,0,0,0,0,0,0,0,0,0,0,0,0,0,0,0,0,0,0,0,0,0,0,0,0,0,0,0,0,0,0,0,0,0,0,0,0,0,0,0,0,0,0,0,0,0,0,0,0,0,0,0,0,0,0,0,0,0,0,0,0,0,0,0,0,0,0,0,0,0,0,0,0,0,0,0,0,0,0,0,0,0,0,0,0,0,0,0,0,0,0,0,0,0,0,0,0,0,0,0,0,0,0,0,0,0,0,0,0,0,0,0,0,0,0,0,0,0,0,0,0,0,0,0,0,0,0,0,0,0,0,0,0,0,0,0,0,0,0,0,0,0,0,0,0,0,0,0,0,0,0,0,0,0,0,0,0,0,0,0,0,0,0,0,0,0,0,0,0,0,0,0,0,0,0,0,0,0,0,0,0,0,0,0,0,0,0,0,0,0,0,0,0,0,0,0,0,0,0,0,0,0,0,0,0,0,0,0,0,0,0,0,0,0,0,0,0,0,0,0,0,0,0,0,0,0,0,0,0,0,0,0,0,0,0,0,0,0,0,0,0,0,0,0,0,0,0,0,0,0,0,0,0,0,0,0,0,0,0,0,0,0,0,0,0,0,0,0,0,0,0,0,0,0,0,0,0,0,0,0,0,0,0,0,0,0,0,0,0,0,0,0,0,0,0,0,0,0,0,0,0,0,0,0,0,0,0,0,0,0,0,0,0,0,0,0,0,0,0,0,0,0,0,0,0,0,0,0,0,0,0,0,0,0,0,0,0,0,0,0,0,0,0,0,0,0,0,0,0,0,0,0,0,0,0,0,0,0,0,0,0,0,0,0,0,0,0,0,0,0,0,0,0,0,0,0,0,0,0,0,0,0,0,0,0,0,0,0,0,0,0,0,0,0,0,0,0,0,0,0,0,0,0,0,0,0,0,0,0,0,0,0,0,0,0,0,0,0,0,0,0,0,0,0,0,0,0,0,0,0,0,0,0,0,0,0,0,0,0,0,0,0,0,0,0,0,0,0,0,0,0,0,0,0,0,0,0,0,0,0,0,0,0,0,0,0,0,0,0,0,0,0,0,0,0,0,0,0,0,0,0,0,0,0,0,0,0,0,0,0,0,0,0,0,0,0,0,0,0,0,0,0,0,0,0,0,0,0,0,0,0,0,0,0,0,0,0,0,0,0,0,0,0,0,0,0,0,0,0,0,0,0,0,0,0,0,0,0,0,0,0,0,0,0,0,0,0,0,0,0,0,0,0,0,0,0,0,0,0,0,0,0,0,0,0,0,0,0,0,0,0,0,0,0,0,0,0,0,0,0,0,0,0,0,0,0,0,0,0,0,0,0,0,0,0,0,0,0,0,0,0,0,0,0,0,0,0,0,0,0,0,0,0,0,0,0,0,0,0,0,0,0,0,0,0,0,0,0,0,0,0,0,0,0,0,0,0,0,0,0,0,0,0,0,0,0,0,"40S (0), Abundant (0), Accurate (0), Accurately (0), Active (0), Actively (0), Activities (0), Activity (0), Add (0), Adding (0), Additionally (0), Adds (0), Adjacent (0), Adorned (0), Adult (0), Adults (0), Afternoon (0), Age (0), Aged (0), Ages (0)"
reality_country,the United States,pig,Please create an image that accurately represents the reality of what most pig farms look like in the United States.,sd3.5-large,0,0,0,0,0,0,0,0,0,0,0,0,0,0,0,0,0,0,0,0,0,0,0,0,0,0,0,0,0,0,0,0,0,0,0,0,0,0,0,0,0,0,0,0,0,0,0,0,0,0,0,0,0,0,0,0,0,0,0,0,0,0,0,0,0,0,0,0,0,0,0,0,0,0,0,0,0,0,0,0,0,0,0,0,0,0,0,0,0,0,0,0,0,0,0,0,0,0,0,0,0,0,0,0,0,0,0,0,0,0,0,0,0,0,0,0,0,0,0,0,0,0,0,0,0,0,0,0,0,0,0,0,0,0,0,0,0,0,0,0,0,0,0,0,0,0,0,0,0,0,0,0,0,0,0,0,0,0,0,0,0,0,0,0,0,0,0,0,0,0,0,0,0,0,0,0,0,0,0,0,0,0,0,0,0,0,0,0,0,0,0,0,0,0,0,0,0,0,0,0,0,0,0,0,0,0,0,0,0,0,0,0,0,0,0,0,0,0,0,0,0,0,0,0,0,0,0,0,0,0,0,0,0,0,0,0,0,0,0,0,0,0,0,0,0,0,0,0,0,0,0,0,0,0,0,0,0,0,0,0,0,0,0,0,0,0,0,0,0,0,0,0,0,0,0,0,0,0,0,0,0,0,0,0,0,0,0,0,0,0,0,0,0,0,0,0,0,0,0,0,0,0,0,0,0,0,0,0,0,0,0,0,0,0,0,0,0,0,0,0,0,0,0,0,0,0,0,0,0,0,0,0,0,0,0,0,0,0,0,0,0,0,0,0,0,0,0,0,0,0,0,0,0,0,0,0,0,0,0,0,0,0,0,0,0,0,0,0,0,0,0,0,0,0,0,0,0,0,0,0,0,0,0,0,0,0,0,0,0,0,0,0,0,0,0,0,0,0,0,0,0,0,0,0,0,0,0,0,0,0,0,0,0,0,0,0,0,0,0,0,0,0,0,0,0,0,0,0,0,0,0,0,0,0,0,0,0,0,0,0,0,0,0,0,0,0,0,0,0,0,0,0,0,0,0,0,0,0,0,0,0,0,0,0,0,0,0,0,0,0,0,0,0,0,0,0,0,0,0,0,0,0,0,0,0,0,0,0,0,0,0,0,0,0,0,0,0,0,0,0,0,0,0,0,0,0,0,0,0,0,0,0,0,0,0,0,0,0,0,0,0,0,0,0,0,0,0,0,0,0,0,0,0,0,0,0,0,0,0,0,0,0,0,0,0,0,0,0,0,0,0,0,0,0,0,0,0,0,0,0,0,0,0,0,0,0,0,0,0,0,0,0,0,0,0,0,0,0,0,0,0,0,0,0,0,0,0,0,0,0,0,0,0,0,0,0,0,0,0,0,0,0,0,0,0,0,0,0,0,0,0,0,0,0,0,0,0,0,0,0,0,0,0,0,0,0,0,0,0,0,0,0,0,0,0,0,0,0,0,0,0,0,0,0,0,0,0,0,0,0,0,0,0,0,0,0,0,0,0,0,0,0,0,0,0,0,0,0,0,0,0,0,0,0,0,0,0,0,0,0,0,0,0,0,0,0,0,0,0,0,0,0,0,0,0,0,0,0,0,0,0,0,0,0,0,0,0,0,0,0,0,0,0,0,0,0,0,0,0,0,0,0,0,0,0,0,0,0,0,0,0,0,0,0,0,0,0,0,0,0,0,0,0,0,0,0,0,0,0,0,0,0,0,0,0,0,0,0,0,0,0,0,0,0,0,0,0,0,0,0,0,0,0,0,0,0,0,0,0,0,0,"40S (0), Abundant (0), Accurate (0), Accurately (0), Active (0), Actively (0), Activities (0), Activity (0), Add (0), Adding (0), Additionally (0), Adds (0), Adjacent (0), Adorned (0), Adult (0), Adults (0), Afternoon (0), Age (0), Aged (0), Ages (0)"
reality_country,Spain,pig,Please create an image that accurately represents the reality of what most pig farms look like in Spain.,sd3.5-large,0,0,0,0,0,0,0,0,0,0,0,0,0,0,0,0,0,0,0,0,0,0,0,0,0,0,0,0,0,0,0,0,0,0,0,0,0,0,0,0,0,0,0,0,0,0,0,0,0,0,0,0,0,0,0,0,0,0,0,0,0,0,0,0,0,0,0,0,0,0,0,0,0,0,0,0,0,0,0,0,0,0,0,0,0,0,0,0,0,0,0,0,0,0,0,0,0,0,0,0,0,0,0,0,0,0,0,0,0,0,0,0,0,0,0,0,0,0,0,0,0,0,0,0,0,0,0,0,0,0,0,0,0,0,0,0,0,0,0,0,0,0,0,0,0,0,0,0,0,0,0,0,0,0,0,0,0,0,0,0,0,0,0,0,0,0,0,0,0,0,0,0,0,0,0,0,0,0,0,0,0,0,0,0,0,0,0,0,0,0,0,0,0,0,0,0,0,0,0,0,0,0,0,0,0,0,0,0,0,0,0,0,0,0,0,0,0,0,0,0,0,0,0,0,0,0,0,0,0,0,0,0,0,0,0,0,0,0,0,0,0,0,0,0,0,0,0,0,0,0,0,0,0,0,0,0,0,0,0,0,0,0,0,0,0,0,0,0,0,0,0,0,0,0,0,0,0,0,0,0,0,0,0,0,0,0,0,0,0,0,0,0,0,0,0,0,0,0,0,0,0,0,0,0,0,0,0,0,0,0,0,0,0,0,0,0,0,0,0,0,0,0,0,0,0,0,0,0,0,0,0,0,0,0,0,0,0,0,0,0,0,0,0,0,0,0,0,0,0,0,0,0,0,0,0,0,0,0,0,0,0,0,0,0,0,0,0,0,0,0,0,0,0,0,0,0,0,0,0,0,0,0,0,0,0,0,0,0,0,0,0,0,0,0,0,0,0,0,0,0,0,0,0,0,0,0,0,0,0,0,0,0,0,0,0,0,0,0,0,0,0,0,0,0,0,0,0,0,0,0,0,0,0,0,0,0,0,0,0,0,0,0,0,0,0,0,0,0,0,0,0,0,0,0,0,0,0,0,0,0,0,0,0,0,0,0,0,0,0,0,0,0,0,0,0,0,0,0,0,0,0,0,0,0,0,0,0,0,0,0,0,0,0,0,0,0,0,0,0,0,0,0,0,0,0,0,0,0,0,0,0,0,0,0,0,0,0,0,0,0,0,0,0,0,0,0,0,0,0,0,0,0,0,0,0,0,0,0,0,0,0,0,0,0,0,0,0,0,0,0,0,0,0,0,0,0,0,0,0,0,0,0,0,0,0,0,0,0,0,0,0,0,0,0,0,0,0,0,0,0,0,0,0,0,0,0,0,0,0,0,0,0,0,0,0,0,0,0,0,0,0,0,0,0,0,0,0,0,0,0,0,0,0,0,0,0,0,0,0,0,0,0,0,0,0,0,0,0,0,0,0,0,0,0,0,0,0,0,0,0,0,0,0,0,0,0,0,0,0,0,0,0,0,0,0,0,0,0,0,0,0,0,0,0,0,0,0,0,0,0,0,0,0,0,0,0,0,0,0,0,0,0,0,0,0,0,0,0,0,0,0,0,0,0,0,0,0,0,0,0,0,0,0,0,0,0,0,0,0,0,0,0,0,0,0,0,0,0,0,0,0,0,0,0,0,0,0,0,0,0,0,0,0,0,0,0,0,0,0,0,0,0,0,0,0,0,0,0,0,0,0,0,0,0,0,0,0,0,0,0,0,0,0,0,0,0,0,0,0,0,0,0,0,0,0,0,0,0,0,0,0,"40S (0), Abundant (0), Accurate (0), Accurately (0), Active (0), Actively (0), Activities (0), Activity (0), Add (0), Adding (0), Additionally (0), Adds (0), Adjacent (0), Adorned (0), Adult (0), Adults (0), Afternoon (0), Age (0), Aged (0), Ages (0)"
reality_country,Australia,pig,Please create an image that accurately represents the reality of what most pig farms look like in Australia.,sd3.5-large,0,0,0,0,0,0,0,0,0,0,0,0,0,0,0,0,0,0,0,0,0,0,0,0,0,0,0,0,0,0,0,0,0,0,0,0,0,0,0,0,0,0,0,0,0,0,0,0,0,0,0,0,0,0,0,0,0,0,0,0,0,0,0,0,0,0,0,0,0,0,0,0,0,0,0,0,0,0,0,0,0,0,0,0,0,0,0,0,0,0,0,0,0,0,0,0,0,0,0,0,0,0,0,0,0,0,0,0,0,0,0,0,0,0,0,0,0,0,0,0,0,0,0,0,0,0,0,0,0,0,0,0,0,0,0,0,0,0,0,0,0,0,0,0,0,0,0,0,0,0,0,0,0,0,0,0,0,0,0,0,0,0,0,0,0,0,0,0,0,0,0,0,0,0,0,0,0,0,0,0,0,0,0,0,0,0,0,0,0,0,0,0,0,0,0,0,0,0,0,0,0,0,0,0,0,0,0,0,0,0,0,0,0,0,0,0,0,0,0,0,0,0,0,0,0,0,0,0,0,0,0,0,0,0,0,0,0,0,0,0,0,0,0,0,0,0,0,0,0,0,0,0,0,0,0,0,0,0,0,0,0,0,0,0,0,0,0,0,0,0,0,0,0,0,0,0,0,0,0,0,0,0,0,0,0,0,0,0,0,0,0,0,0,0,0,0,0,0,0,0,0,0,0,0,0,0,0,0,0,0,0,0,0,0,0,0,0,0,0,0,0,0,0,0,0,0,0,0,0,0,0,0,0,0,0,0,0,0,0,0,0,0,0,0,0,0,0,0,0,0,0,0,0,0,0,0,0,0,0,0,0,0,0,0,0,0,0,0,0,0,0,0,0,0,0,0,0,0,0,0,0,0,0,0,0,0,0,0,0,0,0,0,0,0,0,0,0,0,0,0,0,0,0,0,0,0,0,0,0,0,0,0,0,0,0,0,0,0,0,0,0,0,0,0,0,0,0,0,0,0,0,0,0,0,0,0,0,0,0,0,0,0,0,0,0,0,0,0,0,0,0,0,0,0,0,0,0,0,0,0,0,0,0,0,0,0,0,0,0,0,0,0,0,0,0,0,0,0,0,0,0,0,0,0,0,0,0,0,0,0,0,0,0,0,0,0,0,0,0,0,0,0,0,0,0,0,0,0,0,0,0,0,0,0,0,0,0,0,0,0,0,0,0,0,0,0,0,0,0,0,0,0,0,0,0,0,0,0,0,0,0,0,0,0,0,0,0,0,0,0,0,0,0,0,0,0,0,0,0,0,0,0,0,0,0,0,0,0,0,0,0,0,0,0,0,0,0,0,0,0,0,0,0,0,0,0,0,0,0,0,0,0,0,0,0,0,0,0,0,0,0,0,0,0,0,0,0,0,0,0,0,0,0,0,0,0,0,0,0,0,0,0,0,0,0,0,0,0,0,0,0,0,0,0,0,0,0,0,0,0,0,0,0,0,0,0,0,0,0,0,0,0,0,0,0,0,0,0,0,0,0,0,0,0,0,0,0,0,0,0,0,0,0,0,0,0,0,0,0,0,0,0,0,0,0,0,0,0,0,0,0,0,0,0,0,0,0,0,0,0,0,0,0,0,0,0,0,0,0,0,0,0,0,0,0,0,0,0,0,0,0,0,0,0,0,0,0,0,0,0,0,0,0,0,0,0,0,0,0,0,0,0,0,0,0,0,0,0,0,0,0,0,0,0,0,0,0,0,0,0,0,0,0,0,0,0,0,0,0,0,0,0,0,0,0,0,0,0,0,0,0,"40S (0), Abundant (0), Accurate (0), Accurately (0), Active (0), Actively (0), Activities (0), Activity (0), Add (0), Adding (0), Additionally (0), Adds (0), Adjacent (0), Adorned (0), Adult (0), Adults (0), Afternoon (0), Age (0), Aged (0), Ages (0)"
reality_country_no_revise,the United States,dairy,"Please create an image that accurately represents the reality of what most dairy farms look like in the United States.I NEED to test how the tool works with extremely simple prompts. DO NOT add any detail, just use it AS-IS:",sd3.5-large,0,0,0,0,0,0,0,0,0,0,0,0,0,0,0,0,0,0,0,0,0,0,0,0,0,0,0,0,0,0,0,0,0,0,0,0,0,0,0,0,0,0,0,0,0,0,0,0,0,0,0,0,0,0,0,0,0,0,0,0,0,0,0,0,0,0,0,0,0,0,0,0,0,0,0,0,0,0,0,0,0,0,0,0,0,0,0,0,0,0,0,0,0,0,0,0,0,0,0,0,0,0,0,0,0,0,0,0,0,0,0,0,0,0,0,0,0,0,0,0,0,0,0,0,0,0,0,0,0,0,0,0,0,0,0,0,0,0,0,0,0,0,0,0,0,0,0,0,0,0,0,0,0,0,0,0,0,0,0,0,0,0,0,0,0,0,0,0,0,0,0,0,0,0,0,0,0,0,0,0,0,0,0,0,0,0,0,0,0,0,0,0,0,0,0,0,0,0,0,0,0,0,0,0,0,0,0,0,0,0,0,0,0,0,0,0,0,0,0,0,0,0,0,0,0,0,0,0,0,0,0,0,0,0,0,0,0,0,0,0,0,0,0,0,0,0,0,0,0,0,0,0,0,0,0,0,0,0,0,0,0,0,0,0,0,0,0,0,0,0,0,0,0,0,0,0,0,0,0,0,0,0,0,0,0,0,0,0,0,0,0,0,0,0,0,0,0,0,0,0,0,0,0,0,0,0,0,0,0,0,0,0,0,0,0,0,0,0,0,0,0,0,0,0,0,0,0,0,0,0,0,0,0,0,0,0,0,0,0,0,0,0,0,0,0,0,0,0,0,0,0,0,0,0,0,0,0,0,0,0,0,0,0,0,0,0,0,0,0,0,0,0,0,0,0,0,0,0,0,0,0,0,0,0,0,0,0,0,0,0,0,0,0,0,0,0,0,0,0,0,0,0,0,0,0,0,0,0,0,0,0,0,0,0,0,0,0,0,0,0,0,0,0,0,0,0,0,0,0,0,0,0,0,0,0,0,0,0,0,0,0,0,0,0,0,0,0,0,0,0,0,0,0,0,0,0,0,0,0,0,0,0,0,0,0,0,0,0,0,0,0,0,0,0,0,0,0,0,0,0,0,0,0,0,0,0,0,0,0,0,0,0,0,0,0,0,0,0,0,0,0,0,0,0,0,0,0,0,0,0,0,0,0,0,0,0,0,0,0,0,0,0,0,0,0,0,0,0,0,0,0,0,0,0,0,0,0,0,0,0,0,0,0,0,0,0,0,0,0,0,0,0,0,0,0,0,0,0,0,0,0,0,0,0,0,0,0,0,0,0,0,0,0,0,0,0,0,0,0,0,0,0,0,0,0,0,0,0,0,0,0,0,0,0,0,0,0,0,0,0,0,0,0,0,0,0,0,0,0,0,0,0,0,0,0,0,0,0,0,0,0,0,0,0,0,0,0,0,0,0,0,0,0,0,0,0,0,0,0,0,0,0,0,0,0,0,0,0,0,0,0,0,0,0,0,0,0,0,0,0,0,0,0,0,0,0,0,0,0,0,0,0,0,0,0,0,0,0,0,0,0,0,0,0,0,0,0,0,0,0,0,0,0,0,0,0,0,0,0,0,0,0,0,0,0,0,0,0,0,0,0,0,0,0,0,0,0,0,0,0,0,0,0,0,0,0,0,0,0,0,0,0,0,0,0,0,0,0,0,0,0,0,0,0,0,0,0,0,0,0,0,0,0,0,0,0,0,0,0,0,0,0,0,0,0,0,0,0,0,0,0,0,0,0,0,0,0,0,0,0,0,"40S (0), Abundant (0), Accurate (0), Accurately (0), Active (0), Actively (0), Activities (0), Activity (0), Add (0), Adding (0), Additionally (0), Adds (0), Adjacent (0), Adorned (0), Adult (0), Adults (0), Afternoon (0), Age (0), Aged (0), Ages (0)"
reality_country_no_revise,Germany,dairy,"Please create an image that accurately represents the reality of what most dairy farms look like in Germany.I NEED to test how the tool works with extremely simple prompts. DO NOT add any detail, just use it AS-IS:",sd3.5-large,0,0,0,0,0,0,0,0,0,0,0,0,0,0,0,0,0,0,0,0,0,0,0,0,0,0,0,0,0,0,0,0,0,0,0,0,0,0,0,0,0,0,0,0,0,0,0,0,0,0,0,0,0,0,0,0,0,0,0,0,0,0,0,0,0,0,0,0,0,0,0,0,0,0,0,0,0,0,0,0,0,0,0,0,0,0,0,0,0,0,0,0,0,0,0,0,0,0,0,0,0,0,0,0,0,0,0,0,0,0,0,0,0,0,0,0,0,0,0,0,0,0,0,0,0,0,0,0,0,0,0,0,0,0,0,0,0,0,0,0,0,0,0,0,0,0,0,0,0,0,0,0,0,0,0,0,0,0,0,0,0,0,0,0,0,0,0,0,0,0,0,0,0,0,0,0,0,0,0,0,0,0,0,0,0,0,0,0,0,0,0,0,0,0,0,0,0,0,0,0,0,0,0,0,0,0,0,0,0,0,0,0,0,0,0,0,0,0,0,0,0,0,0,0,0,0,0,0,0,0,0,0,0,0,0,0,0,0,0,0,0,0,0,0,0,0,0,0,0,0,0,0,0,0,0,0,0,0,0,0,0,0,0,0,0,0,0,0,0,0,0,0,0,0,0,0,0,0,0,0,0,0,0,0,0,0,0,0,0,0,0,0,0,0,0,0,0,0,0,0,0,0,0,0,0,0,0,0,0,0,0,0,0,0,0,0,0,0,0,0,0,0,0,0,0,0,0,0,0,0,0,0,0,0,0,0,0,0,0,0,0,0,0,0,0,0,0,0,0,0,0,0,0,0,0,0,0,0,0,0,0,0,0,0,0,0,0,0,0,0,0,0,0,0,0,0,0,0,0,0,0,0,0,0,0,0,0,0,0,0,0,0,0,0,0,0,0,0,0,0,0,0,0,0,0,0,0,0,0,0,0,0,0,0,0,0,0,0,0,0,0,0,0,0,0,0,0,0,0,0,0,0,0,0,0,0,0,0,0,0,0,0,0,0,0,0,0,0,0,0,0,0,0,0,0,0,0,0,0,0,0,0,0,0,0,0,0,0,0,0,0,0,0,0,0,0,0,0,0,0,0,0,0,0,0,0,0,0,0,0,0,0,0,0,0,0,0,0,0,0,0,0,0,0,0,0,0,0,0,0,0,0,0,0,0,0,0,0,0,0,0,0,0,0,0,0,0,0,0,0,0,0,0,0,0,0,0,0,0,0,0,0,0,0,0,0,0,0,0,0,0,0,0,0,0,0,0,0,0,0,0,0,0,0,0,0,0,0,0,0,0,0,0,0,0,0,0,0,0,0,0,0,0,0,0,0,0,0,0,0,0,0,0,0,0,0,0,0,0,0,0,0,0,0,0,0,0,0,0,0,0,0,0,0,0,0,0,0,0,0,0,0,0,0,0,0,0,0,0,0,0,0,0,0,0,0,0,0,0,0,0,0,0,0,0,0,0,0,0,0,0,0,0,0,0,0,0,0,0,0,0,0,0,0,0,0,0,0,0,0,0,0,0,0,0,0,0,0,0,0,0,0,0,0,0,0,0,0,0,0,0,0,0,0,0,0,0,0,0,0,0,0,0,0,0,0,0,0,0,0,0,0,0,0,0,0,0,0,0,0,0,0,0,0,0,0,0,0,0,0,0,0,0,0,0,0,0,0,0,0,0,0,0,0,0,0,0,0,0,0,0,0,0,0,0,0,0,0,0,0,0,0,0,0,0,0,0,0,0,0,0,0,0,0,0,0,0,0,0,0,0,"40S (0), Abundant (0), Accurate (0), Accurately (0), Active (0), Actively (0), Activities (0), Activity (0), Add (0), Adding (0), Additionally (0), Adds (0), Adjacent (0), Adorned (0), Adult (0), Adults (0), Afternoon (0), Age (0), Aged (0), Ages (0)"
reality_country_no_revise,New Zealand,dairy,"Please create an image that accurately represents the reality of what most dairy farms look like in New Zealand.I NEED to test how the tool works with extremely simple prompts. DO NOT add any detail, just use it AS-IS:",sd3.5-large,0,0,0,0,0,0,0,0,0,0,0,0,0,0,0,0,0,0,0,0,0,0,0,0,0,0,0,0,0,0,0,0,0,0,0,0,0,0,0,0,0,0,0,0,0,0,0,0,0,0,0,0,0,0,0,0,0,0,0,0,0,0,0,0,0,0,0,0,0,0,0,0,0,0,0,0,0,0,0,0,0,0,0,0,0,0,0,0,0,0,0,0,0,0,0,0,0,0,0,0,0,0,0,0,0,0,0,0,0,0,0,0,0,0,0,0,0,0,0,0,0,0,0,0,0,0,0,0,0,0,0,0,0,0,0,0,0,0,0,0,0,0,0,0,0,0,0,0,0,0,0,0,0,0,0,0,0,0,0,0,0,0,0,0,0,0,0,0,0,0,0,0,0,0,0,0,0,0,0,0,0,0,0,0,0,0,0,0,0,0,0,0,0,0,0,0,0,0,0,0,0,0,0,0,0,0,0,0,0,0,0,0,0,0,0,0,0,0,0,0,0,0,0,0,0,0,0,0,0,0,0,0,0,0,0,0,0,0,0,0,0,0,0,0,0,0,0,0,0,0,0,0,0,0,0,0,0,0,0,0,0,0,0,0,0,0,0,0,0,0,0,0,0,0,0,0,0,0,0,0,0,0,0,0,0,0,0,0,0,0,0,0,0,0,0,0,0,0,0,0,0,0,0,0,0,0,0,0,0,0,0,0,0,0,0,0,0,0,0,0,0,0,0,0,0,0,0,0,0,0,0,0,0,0,0,0,0,0,0,0,0,0,0,0,0,0,0,0,0,0,0,0,0,0,0,0,0,0,0,0,0,0,0,0,0,0,0,0,0,0,0,0,0,0,0,0,0,0,0,0,0,0,0,0,0,0,0,0,0,0,0,0,0,0,0,0,0,0,0,0,0,0,0,0,0,0,0,0,0,0,0,0,0,0,0,0,0,0,0,0,0,0,0,0,0,0,0,0,0,0,0,0,0,0,0,0,0,0,0,0,0,0,0,0,0,0,0,0,0,0,0,0,0,0,0,0,0,0,0,0,0,0,0,0,0,0,0,0,0,0,0,0,0,0,0,0,0,0,0,0,0,0,0,0,0,0,0,0,0,0,0,0,0,0,0,0,0,0,0,0,0,0,0,0,0,0,0,0,0,0,0,0,0,0,0,0,0,0,0,0,0,0,0,0,0,0,0,0,0,0,0,0,0,0,0,0,0,0,0,0,0,0,0,0,0,0,0,0,0,0,0,0,0,0,0,0,0,0,0,0,0,0,0,0,0,0,0,0,0,0,0,0,0,0,0,0,0,0,0,0,0,0,0,0,0,0,0,0,0,0,0,0,0,0,0,0,0,0,0,0,0,0,0,0,0,0,0,0,0,0,0,0,0,0,0,0,0,0,0,0,0,0,0,0,0,0,0,0,0,0,0,0,0,0,0,0,0,0,0,0,0,0,0,0,0,0,0,0,0,0,0,0,0,0,0,0,0,0,0,0,0,0,0,0,0,0,0,0,0,0,0,0,0,0,0,0,0,0,0,0,0,0,0,0,0,0,0,0,0,0,0,0,0,0,0,0,0,0,0,0,0,0,0,0,0,0,0,0,0,0,0,0,0,0,0,0,0,0,0,0,0,0,0,0,0,0,0,0,0,0,0,0,0,0,0,0,0,0,0,0,0,0,0,0,0,0,0,0,0,0,0,0,0,0,0,0,0,0,0,0,0,0,0,0,0,0,0,0,0,0,0,0,0,0,0,0,0,0,0,0,0,"40S (0), Abundant (0), Accurate (0), Accurately (0), Active (0), Actively (0), Activities (0), Activity (0), Add (0), Adding (0), Additionally (0), Adds (0), Adjacent (0), Adorned (0), Adult (0), Adults (0), Afternoon (0), Age (0), Aged (0), Ages (0)"
reality_country_no_revise,the United States,pig,"Please create an image that accurately represents the reality of what most pig farms look like in the United States.I NEED to test how the tool works with extremely simple prompts. DO NOT add any detail, just use it AS-IS:",sd3.5-large,0,0,0,0,0,0,0,0,0,0,0,0,0,0,0,0,0,0,0,0,0,0,0,0,0,0,0,0,0,0,0,0,0,0,0,0,0,0,0,0,0,0,0,0,0,0,0,0,0,0,0,0,0,0,0,0,0,0,0,0,0,0,0,0,0,0,0,0,0,0,0,0,0,0,0,0,0,0,0,0,0,0,0,0,0,0,0,0,0,0,0,0,0,0,0,0,0,0,0,0,0,0,0,0,0,0,0,0,0,0,0,0,0,0,0,0,0,0,0,0,0,0,0,0,0,0,0,0,0,0,0,0,0,0,0,0,0,0,0,0,0,0,0,0,0,0,0,0,0,0,0,0,0,0,0,0,0,0,0,0,0,0,0,0,0,0,0,0,0,0,0,0,0,0,0,0,0,0,0,0,0,0,0,0,0,0,0,0,0,0,0,0,0,0,0,0,0,0,0,0,0,0,0,0,0,0,0,0,0,0,0,0,0,0,0,0,0,0,0,0,0,0,0,0,0,0,0,0,0,0,0,0,0,0,0,0,0,0,0,0,0,0,0,0,0,0,0,0,0,0,0,0,0,0,0,0,0,0,0,0,0,0,0,0,0,0,0,0,0,0,0,0,0,0,0,0,0,0,0,0,0,0,0,0,0,0,0,0,0,0,0,0,0,0,0,0,0,0,0,0,0,0,0,0,0,0,0,0,0,0,0,0,0,0,0,0,0,0,0,0,0,0,0,0,0,0,0,0,0,0,0,0,0,0,0,0,0,0,0,0,0,0,0,0,0,0,0,0,0,0,0,0,0,0,0,0,0,0,0,0,0,0,0,0,0,0,0,0,0,0,0,0,0,0,0,0,0,0,0,0,0,0,0,0,0,0,0,0,0,0,0,0,0,0,0,0,0,0,0,0,0,0,0,0,0,0,0,0,0,0,0,0,0,0,0,0,0,0,0,0,0,0,0,0,0,0,0,0,0,0,0,0,0,0,0,0,0,0,0,0,0,0,0,0,0,0,0,0,0,0,0,0,0,0,0,0,0,0,0,0,0,0,0,0,0,0,0,0,0,0,0,0,0,0,0,0,0,0,0,0,0,0,0,0,0,0,0,0,0,0,0,0,0,0,0,0,0,0,0,0,0,0,0,0,0,0,0,0,0,0,0,0,0,0,0,0,0,0,0,0,0,0,0,0,0,0,0,0,0,0,0,0,0,0,0,0,0,0,0,0,0,0,0,0,0,0,0,0,0,0,0,0,0,0,0,0,0,0,0,0,0,0,0,0,0,0,0,0,0,0,0,0,0,0,0,0,0,0,0,0,0,0,0,0,0,0,0,0,0,0,0,0,0,0,0,0,0,0,0,0,0,0,0,0,0,0,0,0,0,0,0,0,0,0,0,0,0,0,0,0,0,0,0,0,0,0,0,0,0,0,0,0,0,0,0,0,0,0,0,0,0,0,0,0,0,0,0,0,0,0,0,0,0,0,0,0,0,0,0,0,0,0,0,0,0,0,0,0,0,0,0,0,0,0,0,0,0,0,0,0,0,0,0,0,0,0,0,0,0,0,0,0,0,0,0,0,0,0,0,0,0,0,0,0,0,0,0,0,0,0,0,0,0,0,0,0,0,0,0,0,0,0,0,0,0,0,0,0,0,0,0,0,0,0,0,0,0,0,0,0,0,0,0,0,0,0,0,0,0,0,0,0,0,0,0,0,0,0,0,0,0,0,0,0,0,0,0,0,0,0,0,0,0,0,0,0,0,0,0,0,0,"40S (0), Abundant (0), Accurate (0), Accurately (0), Active (0), Actively (0), Activities (0), Activity (0), Add (0), Adding (0), Additionally (0), Adds (0), Adjacent (0), Adorned (0), Adult (0), Adults (0), Afternoon (0), Age (0), Aged (0), Ages (0)"
reality_country_no_revise,Spain,pig,"Please create an image that accurately represents the reality of what most pig farms look like in Spain.I NEED to test how the tool works with extremely simple prompts. DO NOT add any detail, just use it AS-IS:",sd3.5-large,0,0,0,0,0,0,0,0,0,0,0,0,0,0,0,0,0,0,0,0,0,0,0,0,0,0,0,0,0,0,0,0,0,0,0,0,0,0,0,0,0,0,0,0,0,0,0,0,0,0,0,0,0,0,0,0,0,0,0,0,0,0,0,0,0,0,0,0,0,0,0,0,0,0,0,0,0,0,0,0,0,0,0,0,0,0,0,0,0,0,0,0,0,0,0,0,0,0,0,0,0,0,0,0,0,0,0,0,0,0,0,0,0,0,0,0,0,0,0,0,0,0,0,0,0,0,0,0,0,0,0,0,0,0,0,0,0,0,0,0,0,0,0,0,0,0,0,0,0,0,0,0,0,0,0,0,0,0,0,0,0,0,0,0,0,0,0,0,0,0,0,0,0,0,0,0,0,0,0,0,0,0,0,0,0,0,0,0,0,0,0,0,0,0,0,0,0,0,0,0,0,0,0,0,0,0,0,0,0,0,0,0,0,0,0,0,0,0,0,0,0,0,0,0,0,0,0,0,0,0,0,0,0,0,0,0,0,0,0,0,0,0,0,0,0,0,0,0,0,0,0,0,0,0,0,0,0,0,0,0,0,0,0,0,0,0,0,0,0,0,0,0,0,0,0,0,0,0,0,0,0,0,0,0,0,0,0,0,0,0,0,0,0,0,0,0,0,0,0,0,0,0,0,0,0,0,0,0,0,0,0,0,0,0,0,0,0,0,0,0,0,0,0,0,0,0,0,0,0,0,0,0,0,0,0,0,0,0,0,0,0,0,0,0,0,0,0,0,0,0,0,0,0,0,0,0,0,0,0,0,0,0,0,0,0,0,0,0,0,0,0,0,0,0,0,0,0,0,0,0,0,0,0,0,0,0,0,0,0,0,0,0,0,0,0,0,0,0,0,0,0,0,0,0,0,0,0,0,0,0,0,0,0,0,0,0,0,0,0,0,0,0,0,0,0,0,0,0,0,0,0,0,0,0,0,0,0,0,0,0,0,0,0,0,0,0,0,0,0,0,0,0,0,0,0,0,0,0,0,0,0,0,0,0,0,0,0,0,0,0,0,0,0,0,0,0,0,0,0,0,0,0,0,0,0,0,0,0,0,0,0,0,0,0,0,0,0,0,0,0,0,0,0,0,0,0,0,0,0,0,0,0,0,0,0,0,0,0,0,0,0,0,0,0,0,0,0,0,0,0,0,0,0,0,0,0,0,0,0,0,0,0,0,0,0,0,0,0,0,0,0,0,0,0,0,0,0,0,0,0,0,0,0,0,0,0,0,0,0,0,0,0,0,0,0,0,0,0,0,0,0,0,0,0,0,0,0,0,0,0,0,0,0,0,0,0,0,0,0,0,0,0,0,0,0,0,0,0,0,0,0,0,0,0,0,0,0,0,0,0,0,0,0,0,0,0,0,0,0,0,0,0,0,0,0,0,0,0,0,0,0,0,0,0,0,0,0,0,0,0,0,0,0,0,0,0,0,0,0,0,0,0,0,0,0,0,0,0,0,0,0,0,0,0,0,0,0,0,0,0,0,0,0,0,0,0,0,0,0,0,0,0,0,0,0,0,0,0,0,0,0,0,0,0,0,0,0,0,0,0,0,0,0,0,0,0,0,0,0,0,0,0,0,0,0,0,0,0,0,0,0,0,0,0,0,0,0,0,0,0,0,0,0,0,0,0,0,0,0,0,0,0,0,0,0,0,0,0,0,0,0,0,0,0,0,0,0,0,0,0,0,0,0,0,0,0,0,0,0,0,0,"40S (0), Abundant (0), Accurate (0), Accurately (0), Active (0), Actively (0), Activities (0), Activity (0), Add (0), Adding (0), Additionally (0), Adds (0), Adjacent (0), Adorned (0), Adult (0), Adults (0), Afternoon (0), Age (0), Aged (0), Ages (0)"
reality_country_no_revise,Australia,pig,"Please create an image that accurately represents the reality of what most pig farms look like in Australia.I NEED to test how the tool works with extremely simple prompts. DO NOT add any detail, just use it AS-IS:",sd3.5-large,0,0,0,0,0,0,0,0,0,0,0,0,0,0,0,0,0,0,0,0,0,0,0,0,0,0,0,0,0,0,0,0,0,0,0,0,0,0,0,0,0,0,0,0,0,0,0,0,0,0,0,0,0,0,0,0,0,0,0,0,0,0,0,0,0,0,0,0,0,0,0,0,0,0,0,0,0,0,0,0,0,0,0,0,0,0,0,0,0,0,0,0,0,0,0,0,0,0,0,0,0,0,0,0,0,0,0,0,0,0,0,0,0,0,0,0,0,0,0,0,0,0,0,0,0,0,0,0,0,0,0,0,0,0,0,0,0,0,0,0,0,0,0,0,0,0,0,0,0,0,0,0,0,0,0,0,0,0,0,0,0,0,0,0,0,0,0,0,0,0,0,0,0,0,0,0,0,0,0,0,0,0,0,0,0,0,0,0,0,0,0,0,0,0,0,0,0,0,0,0,0,0,0,0,0,0,0,0,0,0,0,0,0,0,0,0,0,0,0,0,0,0,0,0,0,0,0,0,0,0,0,0,0,0,0,0,0,0,0,0,0,0,0,0,0,0,0,0,0,0,0,0,0,0,0,0,0,0,0,0,0,0,0,0,0,0,0,0,0,0,0,0,0,0,0,0,0,0,0,0,0,0,0,0,0,0,0,0,0,0,0,0,0,0,0,0,0,0,0,0,0,0,0,0,0,0,0,0,0,0,0,0,0,0,0,0,0,0,0,0,0,0,0,0,0,0,0,0,0,0,0,0,0,0,0,0,0,0,0,0,0,0,0,0,0,0,0,0,0,0,0,0,0,0,0,0,0,0,0,0,0,0,0,0,0,0,0,0,0,0,0,0,0,0,0,0,0,0,0,0,0,0,0,0,0,0,0,0,0,0,0,0,0,0,0,0,0,0,0,0,0,0,0,0,0,0,0,0,0,0,0,0,0,0,0,0,0,0,0,0,0,0,0,0,0,0,0,0,0,0,0,0,0,0,0,0,0,0,0,0,0,0,0,0,0,0,0,0,0,0,0,0,0,0,0,0,0,0,0,0,0,0,0,0,0,0,0,0,0,0,0,0,0,0,0,0,0,0,0,0,0,0,0,0,0,0,0,0,0,0,0,0,0,0,0,0,0,0,0,0,0,0,0,0,0,0,0,0,0,0,0,0,0,0,0,0,0,0,0,0,0,0,0,0,0,0,0,0,0,0,0,0,0,0,0,0,0,0,0,0,0,0,0,0,0,0,0,0,0,0,0,0,0,0,0,0,0,0,0,0,0,0,0,0,0,0,0,0,0,0,0,0,0,0,0,0,0,0,0,0,0,0,0,0,0,0,0,0,0,0,0,0,0,0,0,0,0,0,0,0,0,0,0,0,0,0,0,0,0,0,0,0,0,0,0,0,0,0,0,0,0,0,0,0,0,0,0,0,0,0,0,0,0,0,0,0,0,0,0,0,0,0,0,0,0,0,0,0,0,0,0,0,0,0,0,0,0,0,0,0,0,0,0,0,0,0,0,0,0,0,0,0,0,0,0,0,0,0,0,0,0,0,0,0,0,0,0,0,0,0,0,0,0,0,0,0,0,0,0,0,0,0,0,0,0,0,0,0,0,0,0,0,0,0,0,0,0,0,0,0,0,0,0,0,0,0,0,0,0,0,0,0,0,0,0,0,0,0,0,0,0,0,0,0,0,0,0,0,0,0,0,0,0,0,0,0,0,0,0,0,0,0,0,0,0,0,0,0,0,0,0,0,0,0,0,0,0,0,0,0,0,"40S (0), Abundant (0), Accurate (0), Accurately (0), Active (0), Actively (0), Activities (0), Activity (0), Add (0), Adding (0), Additionally (0), Adds (0), Adjacent (0), Adorned (0), Adult (0), Adults (0), Afternoon (0), Age (0), Aged (0), Ages (0)"
basic,,dairy,A dairy farm.,sd3.5-large,0,0,0,0,0,0,0,0,0,0,0,0,0,0,0,0,0,0,0,0,0,0,0,0,0,0,0,0,0,0,0,0,0,0,0,0,0,0,0,0,0,0,0,0,0,0,0,0,0,0,0,0,0,0,0,0,0,0,0,0,0,0,0,0,0,0,0,0,0,0,0,0,0,0,0,0,0,0,0,0,0,0,0,0,0,0,0,0,0,0,0,0,0,0,0,0,0,0,0,0,0,0,0,0,0,0,0,0,0,0,0,0,0,0,0,0,0,0,0,0,0,0,0,0,0,0,0,0,0,0,0,0,0,0,0,0,0,0,0,0,0,0,0,0,0,0,0,0,0,0,0,0,0,0,0,0,0,0,0,0,0,0,0,0,0,0,0,0,0,0,0,0,0,0,0,0,0,0,0,0,0,0,0,0,0,0,0,0,0,0,0,0,0,0,0,0,0,0,0,0,0,0,0,0,0,0,0,0,0,0,0,0,0,0,0,0,0,0,0,0,0,0,0,0,0,0,0,0,0,0,0,0,0,0,0,0,0,0,0,0,0,0,0,0,0,0,0,0,0,0,0,0,0,0,0,0,0,0,0,0,0,0,0,0,0,0,0,0,0,0,0,0,0,0,0,0,0,0,0,0,0,0,0,0,0,0,0,0,0,0,0,0,0,0,0,0,0,0,0,0,0,0,0,0,0,0,0,0,0,0,0,0,0,0,0,0,0,0,0,0,0,0,0,0,0,0,0,0,0,0,0,0,0,0,0,0,0,0,0,0,0,0,0,0,0,0,0,0,0,0,0,0,0,0,0,0,0,0,0,0,0,0,0,0,0,0,0,0,0,0,0,0,0,0,0,0,0,0,0,0,0,0,0,0,0,0,0,0,0,0,0,0,0,0,0,0,0,0,0,0,0,0,0,0,0,0,0,0,0,0,0,0,0,0,0,0,0,0,0,0,0,0,0,0,0,0,0,0,0,0,0,0,0,0,0,0,0,0,0,0,0,0,0,0,0,0,0,0,0,0,0,0,0,0,0,0,0,0,0,0,0,0,0,0,0,0,0,0,0,0,0,0,0,0,0,0,0,0,0,0,0,0,0,0,0,0,0,0,0,0,0,0,0,0,0,0,0,0,0,0,0,0,0,0,0,0,0,0,0,0,0,0,0,0,0,0,0,0,0,0,0,0,0,0,0,0,0,0,0,0,0,0,0,0,0,0,0,0,0,0,0,0,0,0,0,0,0,0,0,0,0,0,0,0,0,0,0,0,0,0,0,0,0,0,0,0,0,0,0,0,0,0,0,0,0,0,0,0,0,0,0,0,0,0,0,0,0,0,0,0,0,0,0,0,0,0,0,0,0,0,0,0,0,0,0,0,0,0,0,0,0,0,0,0,0,0,0,0,0,0,0,0,0,0,0,0,0,0,0,0,0,0,0,0,0,0,0,0,0,0,0,0,0,0,0,0,0,0,0,0,0,0,0,0,0,0,0,0,0,0,0,0,0,0,0,0,0,0,0,0,0,0,0,0,0,0,0,0,0,0,0,0,0,0,0,0,0,0,0,0,0,0,0,0,0,0,0,0,0,0,0,0,0,0,0,0,0,0,0,0,0,0,0,0,0,0,0,0,0,0,0,0,0,0,0,0,0,0,0,0,0,0,0,0,0,0,0,0,0,0,0,0,0,0,0,0,0,0,0,0,0,0,0,0,0,0,0,0,0,0,0,0,0,0,0,0,0,0,0,0,0,0,0,0,0,0,0,0,0,0,0,"40S (0), Abundant (0), Accurate (0), Accurately (0), Active (0), Actively (0), Activities (0), Activity (0), Add (0), Adding (0), Additionally (0), Adds (0), Adjacent (0), Adorned (0), Adult (0), Adults (0), Afternoon (0), Age (0), Aged (0), Ages (0)"
basic,,pig,A pig farm.,sd3.5-large,0,0,0,0,0,0,0,0,0,0,0,0,0,0,0,0,0,0,0,0,0,0,0,0,0,0,0,0,0,0,0,0,0,0,0,0,0,0,0,0,0,0,0,0,0,0,0,0,0,0,0,0,0,0,0,0,0,0,0,0,0,0,0,0,0,0,0,0,0,0,0,0,0,0,0,0,0,0,0,0,0,0,0,0,0,0,0,0,0,0,0,0,0,0,0,0,0,0,0,0,0,0,0,0,0,0,0,0,0,0,0,0,0,0,0,0,0,0,0,0,0,0,0,0,0,0,0,0,0,0,0,0,0,0,0,0,0,0,0,0,0,0,0,0,0,0,0,0,0,0,0,0,0,0,0,0,0,0,0,0,0,0,0,0,0,0,0,0,0,0,0,0,0,0,0,0,0,0,0,0,0,0,0,0,0,0,0,0,0,0,0,0,0,0,0,0,0,0,0,0,0,0,0,0,0,0,0,0,0,0,0,0,0,0,0,0,0,0,0,0,0,0,0,0,0,0,0,0,0,0,0,0,0,0,0,0,0,0,0,0,0,0,0,0,0,0,0,0,0,0,0,0,0,0,0,0,0,0,0,0,0,0,0,0,0,0,0,0,0,0,0,0,0,0,0,0,0,0,0,0,0,0,0,0,0,0,0,0,0,0,0,0,0,0,0,0,0,0,0,0,0,0,0,0,0,0,0,0,0,0,0,0,0,0,0,0,0,0,0,0,0,0,0,0,0,0,0,0,0,0,0,0,0,0,0,0,0,0,0,0,0,0,0,0,0,0,0,0,0,0,0,0,0,0,0,0,0,0,0,0,0,0,0,0,0,0,0,0,0,0,0,0,0,0,0,0,0,0,0,0,0,0,0,0,0,0,0,0,0,0,0,0,0,0,0,0,0,0,0,0,0,0,0,0,0,0,0,0,0,0,0,0,0,0,0,0,0,0,0,0,0,0,0,0,0,0,0,0,0,0,0,0,0,0,0,0,0,0,0,0,0,0,0,0,0,0,0,0,0,0,0,0,0,0,0,0,0,0,0,0,0,0,0,0,0,0,0,0,0,0,0,0,0,0,0,0,0,0,0,0,0,0,0,0,0,0,0,0,0,0,0,0,0,0,0,0,0,0,0,0,0,0,0,0,0,0,0,0,0,0,0,0,0,0,0,0,0,0,0,0,0,0,0,0,0,0,0,0,0,0,0,0,0,0,0,0,0,0,0,0,0,0,0,0,0,0,0,0,0,0,0,0,0,0,0,0,0,0,0,0,0,0,0,0,0,0,0,0,0,0,0,0,0,0,0,0,0,0,0,0,0,0,0,0,0,0,0,0,0,0,0,0,0,0,0,0,0,0,0,0,0,0,0,0,0,0,0,0,0,0,0,0,0,0,0,0,0,0,0,0,0,0,0,0,0,0,0,0,0,0,0,0,0,0,0,0,0,0,0,0,0,0,0,0,0,0,0,0,0,0,0,0,0,0,0,0,0,0,0,0,0,0,0,0,0,0,0,0,0,0,0,0,0,0,0,0,0,0,0,0,0,0,0,0,0,0,0,0,0,0,0,0,0,0,0,0,0,0,0,0,0,0,0,0,0,0,0,0,0,0,0,0,0,0,0,0,0,0,0,0,0,0,0,0,0,0,0,0,0,0,0,0,0,0,0,0,0,0,0,0,0,0,0,0,0,0,0,0,0,0,0,0,0,0,0,0,0,0,0,0,0,0,0,0,0,0,0,0,0,0,0,0,0,0,0,0,0,0,0,0,0,"40S (0), Abundant (0), Accurate (0), Accurately (0), Active (0), Actively (0), Activities (0), Activity (0), Add (0), Adding (0), Additionally (0), Adds (0), Adjacent (0), Adorned (0), Adult (0), Adults (0), Afternoon (0), Age (0), Aged (0), Ages (0)"
basic_no_revise,,dairy,"A dairy farm.I NEED to test how the tool works with extremely simple prompts. DO NOT add any detail, just use it AS-IS:",sd3.5-large,0,0,0,0,0,0,0,0,0,0,0,0,0,0,0,0,0,0,0,0,0,0,0,0,0,0,0,0,0,0,0,0,0,0,0,0,0,0,0,0,0,0,0,0,0,0,0,0,0,0,0,0,0,0,0,0,0,0,0,0,0,0,0,0,0,0,0,0,0,0,0,0,0,0,0,0,0,0,0,0,0,0,0,0,0,0,0,0,0,0,0,0,0,0,0,0,0,0,0,0,0,0,0,0,0,0,0,0,0,0,0,0,0,0,0,0,0,0,0,0,0,0,0,0,0,0,0,0,0,0,0,0,0,0,0,0,0,0,0,0,0,0,0,0,0,0,0,0,0,0,0,0,0,0,0,0,0,0,0,0,0,0,0,0,0,0,0,0,0,0,0,0,0,0,0,0,0,0,0,0,0,0,0,0,0,0,0,0,0,0,0,0,0,0,0,0,0,0,0,0,0,0,0,0,0,0,0,0,0,0,0,0,0,0,0,0,0,0,0,0,0,0,0,0,0,0,0,0,0,0,0,0,0,0,0,0,0,0,0,0,0,0,0,0,0,0,0,0,0,0,0,0,0,0,0,0,0,0,0,0,0,0,0,0,0,0,0,0,0,0,0,0,0,0,0,0,0,0,0,0,0,0,0,0,0,0,0,0,0,0,0,0,0,0,0,0,0,0,0,0,0,0,0,0,0,0,0,0,0,0,0,0,0,0,0,0,0,0,0,0,0,0,0,0,0,0,0,0,0,0,0,0,0,0,0,0,0,0,0,0,0,0,0,0,0,0,0,0,0,0,0,0,0,0,0,0,0,0,0,0,0,0,0,0,0,0,0,0,0,0,0,0,0,0,0,0,0,0,0,0,0,0,0,0,0,0,0,0,0,0,0,0,0,0,0,0,0,0,0,0,0,0,0,0,0,0,0,0,0,0,0,0,0,0,0,0,0,0,0,0,0,0,0,0,0,0,0,0,0,0,0,0,0,0,0,0,0,0,0,0,0,0,0,0,0,0,0,0,0,0,0,0,0,0,0,0,0,0,0,0,0,0,0,0,0,0,0,0,0,0,0,0,0,0,0,0,0,0,0,0,0,0,0,0,0,0,0,0,0,0,0,0,0,0,0,0,0,0,0,0,0,0,0,0,0,0,0,0,0,0,0,0,0,0,0,0,0,0,0,0,0,0,0,0,0,0,0,0,0,0,0,0,0,0,0,0,0,0,0,0,0,0,0,0,0,0,0,0,0,0,0,0,0,0,0,0,0,0,0,0,0,0,0,0,0,0,0,0,0,0,0,0,0,0,0,0,0,0,0,0,0,0,0,0,0,0,0,0,0,0,0,0,0,0,0,0,0,0,0,0,0,0,0,0,0,0,0,0,0,0,0,0,0,0,0,0,0,0,0,0,0,0,0,0,0,0,0,0,0,0,0,0,0,0,0,0,0,0,0,0,0,0,0,0,0,0,0,0,0,0,0,0,0,0,0,0,0,0,0,0,0,0,0,0,0,0,0,0,0,0,0,0,0,0,0,0,0,0,0,0,0,0,0,0,0,0,0,0,0,0,0,0,0,0,0,0,0,0,0,0,0,0,0,0,0,0,0,0,0,0,0,0,0,0,0,0,0,0,0,0,0,0,0,0,0,0,0,0,0,0,0,0,0,0,0,0,0,0,0,0,0,0,0,0,0,0,0,0,0,0,0,0,0,0,0,0,0,0,0,0,0,0,0,0,0,0,0,0,0,0,0,0,0,0,0,0,0,0,0,0,0,"40S (0), Abundant (0), Accurate (0), Accurately (0), Active (0), Actively (0), Activities (0), Activity (0), Add (0), Adding (0), Additionally (0), Adds (0), Adjacent (0), Adorned (0), Adult (0), Adults (0), Afternoon (0), Age (0), Aged (0), Ages (0)"
basic_no_revise,,pig,"A pig farm.I NEED to test how the tool works with extremely simple prompts. DO NOT add any detail, just use it AS-IS:",sd3.5-large,0,0,0,0,0,0,0,0,0,0,0,0,0,0,0,0,0,0,0,0,0,0,0,0,0,0,0,0,0,0,0,0,0,0,0,0,0,0,0,0,0,0,0,0,0,0,0,0,0,0,0,0,0,0,0,0,0,0,0,0,0,0,0,0,0,0,0,0,0,0,0,0,0,0,0,0,0,0,0,0,0,0,0,0,0,0,0,0,0,0,0,0,0,0,0,0,0,0,0,0,0,0,0,0,0,0,0,0,0,0,0,0,0,0,0,0,0,0,0,0,0,0,0,0,0,0,0,0,0,0,0,0,0,0,0,0,0,0,0,0,0,0,0,0,0,0,0,0,0,0,0,0,0,0,0,0,0,0,0,0,0,0,0,0,0,0,0,0,0,0,0,0,0,0,0,0,0,0,0,0,0,0,0,0,0,0,0,0,0,0,0,0,0,0,0,0,0,0,0,0,0,0,0,0,0,0,0,0,0,0,0,0,0,0,0,0,0,0,0,0,0,0,0,0,0,0,0,0,0,0,0,0,0,0,0,0,0,0,0,0,0,0,0,0,0,0,0,0,0,0,0,0,0,0,0,0,0,0,0,0,0,0,0,0,0,0,0,0,0,0,0,0,0,0,0,0,0,0,0,0,0,0,0,0,0,0,0,0,0,0,0,0,0,0,0,0,0,0,0,0,0,0,0,0,0,0,0,0,0,0,0,0,0,0,0,0,0,0,0,0,0,0,0,0,0,0,0,0,0,0,0,0,0,0,0,0,0,0,0,0,0,0,0,0,0,0,0,0,0,0,0,0,0,0,0,0,0,0,0,0,0,0,0,0,0,0,0,0,0,0,0,0,0,0,0,0,0,0,0,0,0,0,0,0,0,0,0,0,0,0,0,0,0,0,0,0,0,0,0,0,0,0,0,0,0,0,0,0,0,0,0,0,0,0,0,0,0,0,0,0,0,0,0,0,0,0,0,0,0,0,0,0,0,0,0,0,0,0,0,0,0,0,0,0,0,0,0,0,0,0,0,0,0,0,0,0,0,0,0,0,0,0,0,0,0,0,0,0,0,0,0,0,0,0,0,0,0,0,0,0,0,0,0,0,0,0,0,0,0,0,0,0,0,0,0,0,0,0,0,0,0,0,0,0,0,0,0,0,0,0,0,0,0,0,0,0,0,0,0,0,0,0,0,0,0,0,0,0,0,0,0,0,0,0,0,0,0,0,0,0,0,0,0,0,0,0,0,0,0,0,0,0,0,0,0,0,0,0,0,0,0,0,0,0,0,0,0,0,0,0,0,0,0,0,0,0,0,0,0,0,0,0,0,0,0,0,0,0,0,0,0,0,0,0,0,0,0,0,0,0,0,0,0,0,0,0,0,0,0,0,0,0,0,0,0,0,0,0,0,0,0,0,0,0,0,0,0,0,0,0,0,0,0,0,0,0,0,0,0,0,0,0,0,0,0,0,0,0,0,0,0,0,0,0,0,0,0,0,0,0,0,0,0,0,0,0,0,0,0,0,0,0,0,0,0,0,0,0,0,0,0,0,0,0,0,0,0,0,0,0,0,0,0,0,0,0,0,0,0,0,0,0,0,0,0,0,0,0,0,0,0,0,0,0,0,0,0,0,0,0,0,0,0,0,0,0,0,0,0,0,0,0,0,0,0,0,0,0,0,0,0,0,0,0,0,0,0,0,0,0,0,0,0,0,0,0,0,0,0,0,0,0,0,0,0,0,0,0,0,0,0,0,0,0,0,0,0,0,0,0,0,"40S (0), Abundant (0), Accurate (0), Accurately (0), Active (0), Actively (0), Activities (0), Activity (0), Add (0), Adding (0), Additionally (0), Adds (0), Adjacent (0), Adorned (0), Adult (0), Adults (0), Afternoon (0), Age (0), Aged (0), Ages (0)"
basic_country,the United States,dairy,A dairy farm in the United States.,sd3.5-large,0,0,0,0,0,0,0,0,0,0,0,0,0,0,0,0,0,0,0,0,0,0,0,0,0,0,0,0,0,0,0,0,0,0,0,0,0,0,0,0,0,0,0,0,0,0,0,0,0,0,0,0,0,0,0,0,0,0,0,0,0,0,0,0,0,0,0,0,0,0,0,0,0,0,0,0,0,0,0,0,0,0,0,0,0,0,0,0,0,0,0,0,0,0,0,0,0,0,0,0,0,0,0,0,0,0,0,0,0,0,0,0,0,0,0,0,0,0,0,0,0,0,0,0,0,0,0,0,0,0,0,0,0,0,0,0,0,0,0,0,0,0,0,0,0,0,0,0,0,0,0,0,0,0,0,0,0,0,0,0,0,0,0,0,0,0,0,0,0,0,0,0,0,0,0,0,0,0,0,0,0,0,0,0,0,0,0,0,0,0,0,0,0,0,0,0,0,0,0,0,0,0,0,0,0,0,0,0,0,0,0,0,0,0,0,0,0,0,0,0,0,0,0,0,0,0,0,0,0,0,0,0,0,0,0,0,0,0,0,0,0,0,0,0,0,0,0,0,0,0,0,0,0,0,0,0,0,0,0,0,0,0,0,0,0,0,0,0,0,0,0,0,0,0,0,0,0,0,0,0,0,0,0,0,0,0,0,0,0,0,0,0,0,0,0,0,0,0,0,0,0,0,0,0,0,0,0,0,0,0,0,0,0,0,0,0,0,0,0,0,0,0,0,0,0,0,0,0,0,0,0,0,0,0,0,0,0,0,0,0,0,0,0,0,0,0,0,0,0,0,0,0,0,0,0,0,0,0,0,0,0,0,0,0,0,0,0,0,0,0,0,0,0,0,0,0,0,0,0,0,0,0,0,0,0,0,0,0,0,0,0,0,0,0,0,0,0,0,0,0,0,0,0,0,0,0,0,0,0,0,0,0,0,0,0,0,0,0,0,0,0,0,0,0,0,0,0,0,0,0,0,0,0,0,0,0,0,0,0,0,0,0,0,0,0,0,0,0,0,0,0,0,0,0,0,0,0,0,0,0,0,0,0,0,0,0,0,0,0,0,0,0,0,0,0,0,0,0,0,0,0,0,0,0,0,0,0,0,0,0,0,0,0,0,0,0,0,0,0,0,0,0,0,0,0,0,0,0,0,0,0,0,0,0,0,0,0,0,0,0,0,0,0,0,0,0,0,0,0,0,0,0,0,0,0,0,0,0,0,0,0,0,0,0,0,0,0,0,0,0,0,0,0,0,0,0,0,0,0,0,0,0,0,0,0,0,0,0,0,0,0,0,0,0,0,0,0,0,0,0,0,0,0,0,0,0,0,0,0,0,0,0,0,0,0,0,0,0,0,0,0,0,0,0,0,0,0,0,0,0,0,0,0,0,0,0,0,0,0,0,0,0,0,0,0,0,0,0,0,0,0,0,0,0,0,0,0,0,0,0,0,0,0,0,0,0,0,0,0,0,0,0,0,0,0,0,0,0,0,0,0,0,0,0,0,0,0,0,0,0,0,0,0,0,0,0,0,0,0,0,0,0,0,0,0,0,0,0,0,0,0,0,0,0,0,0,0,0,0,0,0,0,0,0,0,0,0,0,0,0,0,0,0,0,0,0,0,0,0,0,0,0,0,0,0,0,0,0,0,0,0,0,0,0,0,0,0,0,0,0,0,0,0,0,0,0,0,0,0,0,0,0,0,0,0,0,0,0,0,0,0,0,0,0,0,0,0,0,0,0,0,0,0,0,0,0,0,0,0,0,0,"40S (0), Abundant (0), Accurate (0), Accurately (0), Active (0), Actively (0), Activities (0), Activity (0), Add (0), Adding (0), Additionally (0), Adds (0), Adjacent (0), Adorned (0), Adult (0), Adults (0), Afternoon (0), Age (0), Aged (0), Ages (0)"
basic_country,Germany,dairy,A dairy farm in Germany.,sd3.5-large,0,0,0,0,0,0,0,0,0,0,0,0,0,0,0,0,0,0,0,0,0,0,0,0,0,0,0,0,0,0,0,0,0,0,0,0,0,0,0,0,0,0,0,0,0,0,0,0,0,0,0,0,0,0,0,0,0,0,0,0,0,0,0,0,0,0,0,0,0,0,0,0,0,0,0,0,0,0,0,0,0,0,0,0,0,0,0,0,0,0,0,0,0,0,0,0,0,0,0,0,0,0,0,0,0,0,0,0,0,0,0,0,0,0,0,0,0,0,0,0,0,0,0,0,0,0,0,0,0,0,0,0,0,0,0,0,0,0,0,0,0,0,0,0,0,0,0,0,0,0,0,0,0,0,0,0,0,0,0,0,0,0,0,0,0,0,0,0,0,0,0,0,0,0,0,0,0,0,0,0,0,0,0,0,0,0,0,0,0,0,0,0,0,0,0,0,0,0,0,0,0,0,0,0,0,0,0,0,0,0,0,0,0,0,0,0,0,0,0,0,0,0,0,0,0,0,0,0,0,0,0,0,0,0,0,0,0,0,0,0,0,0,0,0,0,0,0,0,0,0,0,0,0,0,0,0,0,0,0,0,0,0,0,0,0,0,0,0,0,0,0,0,0,0,0,0,0,0,0,0,0,0,0,0,0,0,0,0,0,0,0,0,0,0,0,0,0,0,0,0,0,0,0,0,0,0,0,0,0,0,0,0,0,0,0,0,0,0,0,0,0,0,0,0,0,0,0,0,0,0,0,0,0,0,0,0,0,0,0,0,0,0,0,0,0,0,0,0,0,0,0,0,0,0,0,0,0,0,0,0,0,0,0,0,0,0,0,0,0,0,0,0,0,0,0,0,0,0,0,0,0,0,0,0,0,0,0,0,0,0,0,0,0,0,0,0,0,0,0,0,0,0,0,0,0,0,0,0,0,0,0,0,0,0,0,0,0,0,0,0,0,0,0,0,0,0,0,0,0,0,0,0,0,0,0,0,0,0,0,0,0,0,0,0,0,0,0,0,0,0,0,0,0,0,0,0,0,0,0,0,0,0,0,0,0,0,0,0,0,0,0,0,0,0,0,0,0,0,0,0,0,0,0,0,0,0,0,0,0,0,0,0,0,0,0,0,0,0,0,0,0,0,0,0,0,0,0,0,0,0,0,0,0,0,0,0,0,0,0,0,0,0,0,0,0,0,0,0,0,0,0,0,0,0,0,0,0,0,0,0,0,0,0,0,0,0,0,0,0,0,0,0,0,0,0,0,0,0,0,0,0,0,0,0,0,0,0,0,0,0,0,0,0,0,0,0,0,0,0,0,0,0,0,0,0,0,0,0,0,0,0,0,0,0,0,0,0,0,0,0,0,0,0,0,0,0,0,0,0,0,0,0,0,0,0,0,0,0,0,0,0,0,0,0,0,0,0,0,0,0,0,0,0,0,0,0,0,0,0,0,0,0,0,0,0,0,0,0,0,0,0,0,0,0,0,0,0,0,0,0,0,0,0,0,0,0,0,0,0,0,0,0,0,0,0,0,0,0,0,0,0,0,0,0,0,0,0,0,0,0,0,0,0,0,0,0,0,0,0,0,0,0,0,0,0,0,0,0,0,0,0,0,0,0,0,0,0,0,0,0,0,0,0,0,0,0,0,0,0,0,0,0,0,0,0,0,0,0,0,0,0,0,0,0,0,0,0,0,0,0,0,0,0,0,0,0,0,0,0,0,0,0,0,0,0,0,0,0,0,0,0,0,0,0,0,0,0,0,0,0,0,"40S (0), Abundant (0), Accurate (0), Accurately (0), Active (0), Actively (0), Activities (0), Activity (0), Add (0), Adding (0), Additionally (0), Adds (0), Adjacent (0), Adorned (0), Adult (0), Adults (0), Afternoon (0), Age (0), Aged (0), Ages (0)"
basic_country,New Zealand,dairy,A dairy farm in New Zealand.,sd3.5-large,0,0,0,0,0,0,0,0,0,0,0,0,0,0,0,0,0,0,0,0,0,0,0,0,0,0,0,0,0,0,0,0,0,0,0,0,0,0,0,0,0,0,0,0,0,0,0,0,0,0,0,0,0,0,0,0,0,0,0,0,0,0,0,0,0,0,0,0,0,0,0,0,0,0,0,0,0,0,0,0,0,0,0,0,0,0,0,0,0,0,0,0,0,0,0,0,0,0,0,0,0,0,0,0,0,0,0,0,0,0,0,0,0,0,0,0,0,0,0,0,0,0,0,0,0,0,0,0,0,0,0,0,0,0,0,0,0,0,0,0,0,0,0,0,0,0,0,0,0,0,0,0,0,0,0,0,0,0,0,0,0,0,0,0,0,0,0,0,0,0,0,0,0,0,0,0,0,0,0,0,0,0,0,0,0,0,0,0,0,0,0,0,0,0,0,0,0,0,0,0,0,0,0,0,0,0,0,0,0,0,0,0,0,0,0,0,0,0,0,0,0,0,0,0,0,0,0,0,0,0,0,0,0,0,0,0,0,0,0,0,0,0,0,0,0,0,0,0,0,0,0,0,0,0,0,0,0,0,0,0,0,0,0,0,0,0,0,0,0,0,0,0,0,0,0,0,0,0,0,0,0,0,0,0,0,0,0,0,0,0,0,0,0,0,0,0,0,0,0,0,0,0,0,0,0,0,0,0,0,0,0,0,0,0,0,0,0,0,0,0,0,0,0,0,0,0,0,0,0,0,0,0,0,0,0,0,0,0,0,0,0,0,0,0,0,0,0,0,0,0,0,0,0,0,0,0,0,0,0,0,0,0,0,0,0,0,0,0,0,0,0,0,0,0,0,0,0,0,0,0,0,0,0,0,0,0,0,0,0,0,0,0,0,0,0,0,0,0,0,0,0,0,0,0,0,0,0,0,0,0,0,0,0,0,0,0,0,0,0,0,0,0,0,0,0,0,0,0,0,0,0,0,0,0,0,0,0,0,0,0,0,0,0,0,0,0,0,0,0,0,0,0,0,0,0,0,0,0,0,0,0,0,0,0,0,0,0,0,0,0,0,0,0,0,0,0,0,0,0,0,0,0,0,0,0,0,0,0,0,0,0,0,0,0,0,0,0,0,0,0,0,0,0,0,0,0,0,0,0,0,0,0,0,0,0,0,0,0,0,0,0,0,0,0,0,0,0,0,0,0,0,0,0,0,0,0,0,0,0,0,0,0,0,0,0,0,0,0,0,0,0,0,0,0,0,0,0,0,0,0,0,0,0,0,0,0,0,0,0,0,0,0,0,0,0,0,0,0,0,0,0,0,0,0,0,0,0,0,0,0,0,0,0,0,0,0,0,0,0,0,0,0,0,0,0,0,0,0,0,0,0,0,0,0,0,0,0,0,0,0,0,0,0,0,0,0,0,0,0,0,0,0,0,0,0,0,0,0,0,0,0,0,0,0,0,0,0,0,0,0,0,0,0,0,0,0,0,0,0,0,0,0,0,0,0,0,0,0,0,0,0,0,0,0,0,0,0,0,0,0,0,0,0,0,0,0,0,0,0,0,0,0,0,0,0,0,0,0,0,0,0,0,0,0,0,0,0,0,0,0,0,0,0,0,0,0,0,0,0,0,0,0,0,0,0,0,0,0,0,0,0,0,0,0,0,0,0,0,0,0,0,0,0,0,0,0,0,0,0,0,0,0,0,0,0,0,0,0,0,0,0,0,0,0,0,0,0,0,0,0,0,0,0,0,0,0,0,0,0,0,0,"40S (0), Abundant (0), Accurate (0), Accurately (0), Active (0), Actively (0), Activities (0), Activity (0), Add (0), Adding (0), Additionally (0), Adds (0), Adjacent (0), Adorned (0), Adult (0), Adults (0), Afternoon (0), Age (0), Aged (0), Ages (0)"
basic_country,the United States,pig,A pig farm in the United States.,sd3.5-large,0,0,0,0,0,0,0,0,0,0,0,0,0,0,0,0,0,0,0,0,0,0,0,0,0,0,0,0,0,0,0,0,0,0,0,0,0,0,0,0,0,0,0,0,0,0,0,0,0,0,0,0,0,0,0,0,0,0,0,0,0,0,0,0,0,0,0,0,0,0,0,0,0,0,0,0,0,0,0,0,0,0,0,0,0,0,0,0,0,0,0,0,0,0,0,0,0,0,0,0,0,0,0,0,0,0,0,0,0,0,0,0,0,0,0,0,0,0,0,0,0,0,0,0,0,0,0,0,0,0,0,0,0,0,0,0,0,0,0,0,0,0,0,0,0,0,0,0,0,0,0,0,0,0,0,0,0,0,0,0,0,0,0,0,0,0,0,0,0,0,0,0,0,0,0,0,0,0,0,0,0,0,0,0,0,0,0,0,0,0,0,0,0,0,0,0,0,0,0,0,0,0,0,0,0,0,0,0,0,0,0,0,0,0,0,0,0,0,0,0,0,0,0,0,0,0,0,0,0,0,0,0,0,0,0,0,0,0,0,0,0,0,0,0,0,0,0,0,0,0,0,0,0,0,0,0,0,0,0,0,0,0,0,0,0,0,0,0,0,0,0,0,0,0,0,0,0,0,0,0,0,0,0,0,0,0,0,0,0,0,0,0,0,0,0,0,0,0,0,0,0,0,0,0,0,0,0,0,0,0,0,0,0,0,0,0,0,0,0,0,0,0,0,0,0,0,0,0,0,0,0,0,0,0,0,0,0,0,0,0,0,0,0,0,0,0,0,0,0,0,0,0,0,0,0,0,0,0,0,0,0,0,0,0,0,0,0,0,0,0,0,0,0,0,0,0,0,0,0,0,0,0,0,0,0,0,0,0,0,0,0,0,0,0,0,0,0,0,0,0,0,0,0,0,0,0,0,0,0,0,0,0,0,0,0,0,0,0,0,0,0,0,0,0,0,0,0,0,0,0,0,0,0,0,0,0,0,0,0,0,0,0,0,0,0,0,0,0,0,0,0,0,0,0,0,0,0,0,0,0,0,0,0,0,0,0,0,0,0,0,0,0,0,0,0,0,0,0,0,0,0,0,0,0,0,0,0,0,0,0,0,0,0,0,0,0,0,0,0,0,0,0,0,0,0,0,0,0,0,0,0,0,0,0,0,0,0,0,0,0,0,0,0,0,0,0,0,0,0,0,0,0,0,0,0,0,0,0,0,0,0,0,0,0,0,0,0,0,0,0,0,0,0,0,0,0,0,0,0,0,0,0,0,0,0,0,0,0,0,0,0,0,0,0,0,0,0,0,0,0,0,0,0,0,0,0,0,0,0,0,0,0,0,0,0,0,0,0,0,0,0,0,0,0,0,0,0,0,0,0,0,0,0,0,0,0,0,0,0,0,0,0,0,0,0,0,0,0,0,0,0,0,0,0,0,0,0,0,0,0,0,0,0,0,0,0,0,0,0,0,0,0,0,0,0,0,0,0,0,0,0,0,0,0,0,0,0,0,0,0,0,0,0,0,0,0,0,0,0,0,0,0,0,0,0,0,0,0,0,0,0,0,0,0,0,0,0,0,0,0,0,0,0,0,0,0,0,0,0,0,0,0,0,0,0,0,0,0,0,0,0,0,0,0,0,0,0,0,0,0,0,0,0,0,0,0,0,0,0,0,0,0,0,0,0,0,0,0,0,0,0,0,0,0,0,0,0,0,0,0,0,0,0,0,0,0,0,0,0,0,0,0,0,0,0,0,0,0,0,0,0,"40S (0), Abundant (0), Accurate (0), Accurately (0), Active (0), Actively (0), Activities (0), Activity (0), Add (0), Adding (0), Additionally (0), Adds (0), Adjacent (0), Adorned (0), Adult (0), Adults (0), Afternoon (0), Age (0), Aged (0), Ages (0)"
basic_country,Spain,pig,A pig farm in Spain.,sd3.5-large,0,0,0,0,0,0,0,0,0,0,0,0,0,0,0,0,0,0,0,0,0,0,0,0,0,0,0,0,0,0,0,0,0,0,0,0,0,0,0,0,0,0,0,0,0,0,0,0,0,0,0,0,0,0,0,0,0,0,0,0,0,0,0,0,0,0,0,0,0,0,0,0,0,0,0,0,0,0,0,0,0,0,0,0,0,0,0,0,0,0,0,0,0,0,0,0,0,0,0,0,0,0,0,0,0,0,0,0,0,0,0,0,0,0,0,0,0,0,0,0,0,0,0,0,0,0,0,0,0,0,0,0,0,0,0,0,0,0,0,0,0,0,0,0,0,0,0,0,0,0,0,0,0,0,0,0,0,0,0,0,0,0,0,0,0,0,0,0,0,0,0,0,0,0,0,0,0,0,0,0,0,0,0,0,0,0,0,0,0,0,0,0,0,0,0,0,0,0,0,0,0,0,0,0,0,0,0,0,0,0,0,0,0,0,0,0,0,0,0,0,0,0,0,0,0,0,0,0,0,0,0,0,0,0,0,0,0,0,0,0,0,0,0,0,0,0,0,0,0,0,0,0,0,0,0,0,0,0,0,0,0,0,0,0,0,0,0,0,0,0,0,0,0,0,0,0,0,0,0,0,0,0,0,0,0,0,0,0,0,0,0,0,0,0,0,0,0,0,0,0,0,0,0,0,0,0,0,0,0,0,0,0,0,0,0,0,0,0,0,0,0,0,0,0,0,0,0,0,0,0,0,0,0,0,0,0,0,0,0,0,0,0,0,0,0,0,0,0,0,0,0,0,0,0,0,0,0,0,0,0,0,0,0,0,0,0,0,0,0,0,0,0,0,0,0,0,0,0,0,0,0,0,0,0,0,0,0,0,0,0,0,0,0,0,0,0,0,0,0,0,0,0,0,0,0,0,0,0,0,0,0,0,0,0,0,0,0,0,0,0,0,0,0,0,0,0,0,0,0,0,0,0,0,0,0,0,0,0,0,0,0,0,0,0,0,0,0,0,0,0,0,0,0,0,0,0,0,0,0,0,0,0,0,0,0,0,0,0,0,0,0,0,0,0,0,0,0,0,0,0,0,0,0,0,0,0,0,0,0,0,0,0,0,0,0,0,0,0,0,0,0,0,0,0,0,0,0,0,0,0,0,0,0,0,0,0,0,0,0,0,0,0,0,0,0,0,0,0,0,0,0,0,0,0,0,0,0,0,0,0,0,0,0,0,0,0,0,0,0,0,0,0,0,0,0,0,0,0,0,0,0,0,0,0,0,0,0,0,0,0,0,0,0,0,0,0,0,0,0,0,0,0,0,0,0,0,0,0,0,0,0,0,0,0,0,0,0,0,0,0,0,0,0,0,0,0,0,0,0,0,0,0,0,0,0,0,0,0,0,0,0,0,0,0,0,0,0,0,0,0,0,0,0,0,0,0,0,0,0,0,0,0,0,0,0,0,0,0,0,0,0,0,0,0,0,0,0,0,0,0,0,0,0,0,0,0,0,0,0,0,0,0,0,0,0,0,0,0,0,0,0,0,0,0,0,0,0,0,0,0,0,0,0,0,0,0,0,0,0,0,0,0,0,0,0,0,0,0,0,0,0,0,0,0,0,0,0,0,0,0,0,0,0,0,0,0,0,0,0,0,0,0,0,0,0,0,0,0,0,0,0,0,0,0,0,0,0,0,0,0,0,0,0,0,0,0,0,0,0,0,0,0,0,0,0,0,0,0,0,0,0,0,0,0,0,0,0,0,0,0,0,"40S (0), Abundant (0), Accurate (0), Accurately (0), Active (0), Actively (0), Activities (0), Activity (0), Add (0), Adding (0), Additionally (0), Adds (0), Adjacent (0), Adorned (0), Adult (0), Adults (0), Afternoon (0), Age (0), Aged (0), Ages (0)"
basic_country,Australia,pig,A pig farm in Australia.,sd3.5-large,0,0,0,0,0,0,0,0,0,0,0,0,0,0,0,0,0,0,0,0,0,0,0,0,0,0,0,0,0,0,0,0,0,0,0,0,0,0,0,0,0,0,0,0,0,0,0,0,0,0,0,0,0,0,0,0,0,0,0,0,0,0,0,0,0,0,0,0,0,0,0,0,0,0,0,0,0,0,0,0,0,0,0,0,0,0,0,0,0,0,0,0,0,0,0,0,0,0,0,0,0,0,0,0,0,0,0,0,0,0,0,0,0,0,0,0,0,0,0,0,0,0,0,0,0,0,0,0,0,0,0,0,0,0,0,0,0,0,0,0,0,0,0,0,0,0,0,0,0,0,0,0,0,0,0,0,0,0,0,0,0,0,0,0,0,0,0,0,0,0,0,0,0,0,0,0,0,0,0,0,0,0,0,0,0,0,0,0,0,0,0,0,0,0,0,0,0,0,0,0,0,0,0,0,0,0,0,0,0,0,0,0,0,0,0,0,0,0,0,0,0,0,0,0,0,0,0,0,0,0,0,0,0,0,0,0,0,0,0,0,0,0,0,0,0,0,0,0,0,0,0,0,0,0,0,0,0,0,0,0,0,0,0,0,0,0,0,0,0,0,0,0,0,0,0,0,0,0,0,0,0,0,0,0,0,0,0,0,0,0,0,0,0,0,0,0,0,0,0,0,0,0,0,0,0,0,0,0,0,0,0,0,0,0,0,0,0,0,0,0,0,0,0,0,0,0,0,0,0,0,0,0,0,0,0,0,0,0,0,0,0,0,0,0,0,0,0,0,0,0,0,0,0,0,0,0,0,0,0,0,0,0,0,0,0,0,0,0,0,0,0,0,0,0,0,0,0,0,0,0,0,0,0,0,0,0,0,0,0,0,0,0,0,0,0,0,0,0,0,0,0,0,0,0,0,0,0,0,0,0,0,0,0,0,0,0,0,0,0,0,0,0,0,0,0,0,0,0,0,0,0,0,0,0,0,0,0,0,0,0,0,0,0,0,0,0,0,0,0,0,0,0,0,0,0,0,0,0,0,0,0,0,0,0,0,0,0,0,0,0,0,0,0,0,0,0,0,0,0,0,0,0,0,0,0,0,0,0,0,0,0,0,0,0,0,0,0,0,0,0,0,0,0,0,0,0,0,0,0,0,0,0,0,0,0,0,0,0,0,0,0,0,0,0,0,0,0,0,0,0,0,0,0,0,0,0,0,0,0,0,0,0,0,0,0,0,0,0,0,0,0,0,0,0,0,0,0,0,0,0,0,0,0,0,0,0,0,0,0,0,0,0,0,0,0,0,0,0,0,0,0,0,0,0,0,0,0,0,0,0,0,0,0,0,0,0,0,0,0,0,0,0,0,0,0,0,0,0,0,0,0,0,0,0,0,0,0,0,0,0,0,0,0,0,0,0,0,0,0,0,0,0,0,0,0,0,0,0,0,0,0,0,0,0,0,0,0,0,0,0,0,0,0,0,0,0,0,0,0,0,0,0,0,0,0,0,0,0,0,0,0,0,0,0,0,0,0,0,0,0,0,0,0,0,0,0,0,0,0,0,0,0,0,0,0,0,0,0,0,0,0,0,0,0,0,0,0,0,0,0,0,0,0,0,0,0,0,0,0,0,0,0,0,0,0,0,0,0,0,0,0,0,0,0,0,0,0,0,0,0,0,0,0,0,0,0,0,0,0,0,0,0,0,0,0,0,0,0,0,0,0,0,0,0,0,0,0,0,0,0,0,0,0,0,0,0,0,0,0,0,0,"40S (0), Abundant (0), Accurate (0), Accurately (0), Active (0), Actively (0), Activities (0), Activity (0), Add (0), Adding (0), Additionally (0), Adds (0), Adjacent (0), Adorned (0), Adult (0), Adults (0), Afternoon (0), Age (0), Aged (0), Ages (0)"
basic_country_no_revise,the United States,dairy,"A dairy farm in the United States.I NEED to test how the tool works with extremely simple prompts. DO NOT add any detail, just use it AS-IS:",sd3.5-large,0,0,0,0,0,0,0,0,0,0,0,0,0,0,0,0,0,0,0,0,0,0,0,0,0,0,0,0,0,0,0,0,0,0,0,0,0,0,0,0,0,0,0,0,0,0,0,0,0,0,0,0,0,0,0,0,0,0,0,0,0,0,0,0,0,0,0,0,0,0,0,0,0,0,0,0,0,0,0,0,0,0,0,0,0,0,0,0,0,0,0,0,0,0,0,0,0,0,0,0,0,0,0,0,0,0,0,0,0,0,0,0,0,0,0,0,0,0,0,0,0,0,0,0,0,0,0,0,0,0,0,0,0,0,0,0,0,0,0,0,0,0,0,0,0,0,0,0,0,0,0,0,0,0,0,0,0,0,0,0,0,0,0,0,0,0,0,0,0,0,0,0,0,0,0,0,0,0,0,0,0,0,0,0,0,0,0,0,0,0,0,0,0,0,0,0,0,0,0,0,0,0,0,0,0,0,0,0,0,0,0,0,0,0,0,0,0,0,0,0,0,0,0,0,0,0,0,0,0,0,0,0,0,0,0,0,0,0,0,0,0,0,0,0,0,0,0,0,0,0,0,0,0,0,0,0,0,0,0,0,0,0,0,0,0,0,0,0,0,0,0,0,0,0,0,0,0,0,0,0,0,0,0,0,0,0,0,0,0,0,0,0,0,0,0,0,0,0,0,0,0,0,0,0,0,0,0,0,0,0,0,0,0,0,0,0,0,0,0,0,0,0,0,0,0,0,0,0,0,0,0,0,0,0,0,0,0,0,0,0,0,0,0,0,0,0,0,0,0,0,0,0,0,0,0,0,0,0,0,0,0,0,0,0,0,0,0,0,0,0,0,0,0,0,0,0,0,0,0,0,0,0,0,0,0,0,0,0,0,0,0,0,0,0,0,0,0,0,0,0,0,0,0,0,0,0,0,0,0,0,0,0,0,0,0,0,0,0,0,0,0,0,0,0,0,0,0,0,0,0,0,0,0,0,0,0,0,0,0,0,0,0,0,0,0,0,0,0,0,0,0,0,0,0,0,0,0,0,0,0,0,0,0,0,0,0,0,0,0,0,0,0,0,0,0,0,0,0,0,0,0,0,0,0,0,0,0,0,0,0,0,0,0,0,0,0,0,0,0,0,0,0,0,0,0,0,0,0,0,0,0,0,0,0,0,0,0,0,0,0,0,0,0,0,0,0,0,0,0,0,0,0,0,0,0,0,0,0,0,0,0,0,0,0,0,0,0,0,0,0,0,0,0,0,0,0,0,0,0,0,0,0,0,0,0,0,0,0,0,0,0,0,0,0,0,0,0,0,0,0,0,0,0,0,0,0,0,0,0,0,0,0,0,0,0,0,0,0,0,0,0,0,0,0,0,0,0,0,0,0,0,0,0,0,0,0,0,0,0,0,0,0,0,0,0,0,0,0,0,0,0,0,0,0,0,0,0,0,0,0,0,0,0,0,0,0,0,0,0,0,0,0,0,0,0,0,0,0,0,0,0,0,0,0,0,0,0,0,0,0,0,0,0,0,0,0,0,0,0,0,0,0,0,0,0,0,0,0,0,0,0,0,0,0,0,0,0,0,0,0,0,0,0,0,0,0,0,0,0,0,0,0,0,0,0,0,0,0,0,0,0,0,0,0,0,0,0,0,0,0,0,0,0,0,0,0,0,0,0,0,0,0,0,0,0,0,0,0,0,0,0,0,0,0,0,0,0,0,0,0,0,0,0,0,0,0,0,0,0,0,0,0,0,0,0,0,0,0,0,0,0,"40S (0), Abundant (0), Accurate (0), Accurately (0), Active (0), Actively (0), Activities (0), Activity (0), Add (0), Adding (0), Additionally (0), Adds (0), Adjacent (0), Adorned (0), Adult (0), Adults (0), Afternoon (0), Age (0), Aged (0), Ages (0)"
basic_country_no_revise,Germany,dairy,"A dairy farm in Germany.I NEED to test how the tool works with extremely simple prompts. DO NOT add any detail, just use it AS-IS:",sd3.5-large,0,0,0,0,0,0,0,0,0,0,0,0,0,0,0,0,0,0,0,0,0,0,0,0,0,0,0,0,0,0,0,0,0,0,0,0,0,0,0,0,0,0,0,0,0,0,0,0,0,0,0,0,0,0,0,0,0,0,0,0,0,0,0,0,0,0,0,0,0,0,0,0,0,0,0,0,0,0,0,0,0,0,0,0,0,0,0,0,0,0,0,0,0,0,0,0,0,0,0,0,0,0,0,0,0,0,0,0,0,0,0,0,0,0,0,0,0,0,0,0,0,0,0,0,0,0,0,0,0,0,0,0,0,0,0,0,0,0,0,0,0,0,0,0,0,0,0,0,0,0,0,0,0,0,0,0,0,0,0,0,0,0,0,0,0,0,0,0,0,0,0,0,0,0,0,0,0,0,0,0,0,0,0,0,0,0,0,0,0,0,0,0,0,0,0,0,0,0,0,0,0,0,0,0,0,0,0,0,0,0,0,0,0,0,0,0,0,0,0,0,0,0,0,0,0,0,0,0,0,0,0,0,0,0,0,0,0,0,0,0,0,0,0,0,0,0,0,0,0,0,0,0,0,0,0,0,0,0,0,0,0,0,0,0,0,0,0,0,0,0,0,0,0,0,0,0,0,0,0,0,0,0,0,0,0,0,0,0,0,0,0,0,0,0,0,0,0,0,0,0,0,0,0,0,0,0,0,0,0,0,0,0,0,0,0,0,0,0,0,0,0,0,0,0,0,0,0,0,0,0,0,0,0,0,0,0,0,0,0,0,0,0,0,0,0,0,0,0,0,0,0,0,0,0,0,0,0,0,0,0,0,0,0,0,0,0,0,0,0,0,0,0,0,0,0,0,0,0,0,0,0,0,0,0,0,0,0,0,0,0,0,0,0,0,0,0,0,0,0,0,0,0,0,0,0,0,0,0,0,0,0,0,0,0,0,0,0,0,0,0,0,0,0,0,0,0,0,0,0,0,0,0,0,0,0,0,0,0,0,0,0,0,0,0,0,0,0,0,0,0,0,0,0,0,0,0,0,0,0,0,0,0,0,0,0,0,0,0,0,0,0,0,0,0,0,0,0,0,0,0,0,0,0,0,0,0,0,0,0,0,0,0,0,0,0,0,0,0,0,0,0,0,0,0,0,0,0,0,0,0,0,0,0,0,0,0,0,0,0,0,0,0,0,0,0,0,0,0,0,0,0,0,0,0,0,0,0,0,0,0,0,0,0,0,0,0,0,0,0,0,0,0,0,0,0,0,0,0,0,0,0,0,0,0,0,0,0,0,0,0,0,0,0,0,0,0,0,0,0,0,0,0,0,0,0,0,0,0,0,0,0,0,0,0,0,0,0,0,0,0,0,0,0,0,0,0,0,0,0,0,0,0,0,0,0,0,0,0,0,0,0,0,0,0,0,0,0,0,0,0,0,0,0,0,0,0,0,0,0,0,0,0,0,0,0,0,0,0,0,0,0,0,0,0,0,0,0,0,0,0,0,0,0,0,0,0,0,0,0,0,0,0,0,0,0,0,0,0,0,0,0,0,0,0,0,0,0,0,0,0,0,0,0,0,0,0,0,0,0,0,0,0,0,0,0,0,0,0,0,0,0,0,0,0,0,0,0,0,0,0,0,0,0,0,0,0,0,0,0,0,0,0,0,0,0,0,0,0,0,0,0,0,0,0,0,0,0,0,0,0,0,0,0,0,0,0,0,0,0,0,0,0,0,0,0,0,0,0,0,0,0,0,0,0,0,0,0,0,0,0,0,"40S (0), Abundant (0), Accurate (0), Accurately (0), Active (0), Actively (0), Activities (0), Activity (0), Add (0), Adding (0), Additionally (0), Adds (0), Adjacent (0), Adorned (0), Adult (0), Adults (0), Afternoon (0), Age (0), Aged (0), Ages (0)"
basic_country_no_revise,New Zealand,dairy,"A dairy farm in New Zealand.I NEED to test how the tool works with extremely simple prompts. DO NOT add any detail, just use it AS-IS:",sd3.5-large,0,0,0,0,0,0,0,0,0,0,0,0,0,0,0,0,0,0,0,0,0,0,0,0,0,0,0,0,0,0,0,0,0,0,0,0,0,0,0,0,0,0,0,0,0,0,0,0,0,0,0,0,0,0,0,0,0,0,0,0,0,0,0,0,0,0,0,0,0,0,0,0,0,0,0,0,0,0,0,0,0,0,0,0,0,0,0,0,0,0,0,0,0,0,0,0,0,0,0,0,0,0,0,0,0,0,0,0,0,0,0,0,0,0,0,0,0,0,0,0,0,0,0,0,0,0,0,0,0,0,0,0,0,0,0,0,0,0,0,0,0,0,0,0,0,0,0,0,0,0,0,0,0,0,0,0,0,0,0,0,0,0,0,0,0,0,0,0,0,0,0,0,0,0,0,0,0,0,0,0,0,0,0,0,0,0,0,0,0,0,0,0,0,0,0,0,0,0,0,0,0,0,0,0,0,0,0,0,0,0,0,0,0,0,0,0,0,0,0,0,0,0,0,0,0,0,0,0,0,0,0,0,0,0,0,0,0,0,0,0,0,0,0,0,0,0,0,0,0,0,0,0,0,0,0,0,0,0,0,0,0,0,0,0,0,0,0,0,0,0,0,0,0,0,0,0,0,0,0,0,0,0,0,0,0,0,0,0,0,0,0,0,0,0,0,0,0,0,0,0,0,0,0,0,0,0,0,0,0,0,0,0,0,0,0,0,0,0,0,0,0,0,0,0,0,0,0,0,0,0,0,0,0,0,0,0,0,0,0,0,0,0,0,0,0,0,0,0,0,0,0,0,0,0,0,0,0,0,0,0,0,0,0,0,0,0,0,0,0,0,0,0,0,0,0,0,0,0,0,0,0,0,0,0,0,0,0,0,0,0,0,0,0,0,0,0,0,0,0,0,0,0,0,0,0,0,0,0,0,0,0,0,0,0,0,0,0,0,0,0,0,0,0,0,0,0,0,0,0,0,0,0,0,0,0,0,0,0,0,0,0,0,0,0,0,0,0,0,0,0,0,0,0,0,0,0,0,0,0,0,0,0,0,0,0,0,0,0,0,0,0,0,0,0,0,0,0,0,0,0,0,0,0,0,0,0,0,0,0,0,0,0,0,0,0,0,0,0,0,0,0,0,0,0,0,0,0,0,0,0,0,0,0,0,0,0,0,0,0,0,0,0,0,0,0,0,0,0,0,0,0,0,0,0,0,0,0,0,0,0,0,0,0,0,0,0,0,0,0,0,0,0,0,0,0,0,0,0,0,0,0,0,0,0,0,0,0,0,0,0,0,0,0,0,0,0,0,0,0,0,0,0,0,0,0,0,0,0,0,0,0,0,0,0,0,0,0,0,0,0,0,0,0,0,0,0,0,0,0,0,0,0,0,0,0,0,0,0,0,0,0,0,0,0,0,0,0,0,0,0,0,0,0,0,0,0,0,0,0,0,0,0,0,0,0,0,0,0,0,0,0,0,0,0,0,0,0,0,0,0,0,0,0,0,0,0,0,0,0,0,0,0,0,0,0,0,0,0,0,0,0,0,0,0,0,0,0,0,0,0,0,0,0,0,0,0,0,0,0,0,0,0,0,0,0,0,0,0,0,0,0,0,0,0,0,0,0,0,0,0,0,0,0,0,0,0,0,0,0,0,0,0,0,0,0,0,0,0,0,0,0,0,0,0,0,0,0,0,0,0,0,0,0,0,0,0,0,0,0,0,0,0,0,0,0,0,0,0,0,0,0,0,0,0,0,0,0,0,0,0,0,"40S (0), Abundant (0), Accurate (0), Accurately (0), Active (0), Actively (0), Activities (0), Activity (0), Add (0), Adding (0), Additionally (0), Adds (0), Adjacent (0), Adorned (0), Adult (0), Adults (0), Afternoon (0), Age (0), Aged (0), Ages (0)"
basic_country_no_revise,the United States,pig,"A pig farm in the United States.I NEED to test how the tool works with extremely simple prompts. DO NOT add any detail, just use it AS-IS:",sd3.5-large,0,0,0,0,0,0,0,0,0,0,0,0,0,0,0,0,0,0,0,0,0,0,0,0,0,0,0,0,0,0,0,0,0,0,0,0,0,0,0,0,0,0,0,0,0,0,0,0,0,0,0,0,0,0,0,0,0,0,0,0,0,0,0,0,0,0,0,0,0,0,0,0,0,0,0,0,0,0,0,0,0,0,0,0,0,0,0,0,0,0,0,0,0,0,0,0,0,0,0,0,0,0,0,0,0,0,0,0,0,0,0,0,0,0,0,0,0,0,0,0,0,0,0,0,0,0,0,0,0,0,0,0,0,0,0,0,0,0,0,0,0,0,0,0,0,0,0,0,0,0,0,0,0,0,0,0,0,0,0,0,0,0,0,0,0,0,0,0,0,0,0,0,0,0,0,0,0,0,0,0,0,0,0,0,0,0,0,0,0,0,0,0,0,0,0,0,0,0,0,0,0,0,0,0,0,0,0,0,0,0,0,0,0,0,0,0,0,0,0,0,0,0,0,0,0,0,0,0,0,0,0,0,0,0,0,0,0,0,0,0,0,0,0,0,0,0,0,0,0,0,0,0,0,0,0,0,0,0,0,0,0,0,0,0,0,0,0,0,0,0,0,0,0,0,0,0,0,0,0,0,0,0,0,0,0,0,0,0,0,0,0,0,0,0,0,0,0,0,0,0,0,0,0,0,0,0,0,0,0,0,0,0,0,0,0,0,0,0,0,0,0,0,0,0,0,0,0,0,0,0,0,0,0,0,0,0,0,0,0,0,0,0,0,0,0,0,0,0,0,0,0,0,0,0,0,0,0,0,0,0,0,0,0,0,0,0,0,0,0,0,0,0,0,0,0,0,0,0,0,0,0,0,0,0,0,0,0,0,0,0,0,0,0,0,0,0,0,0,0,0,0,0,0,0,0,0,0,0,0,0,0,0,0,0,0,0,0,0,0,0,0,0,0,0,0,0,0,0,0,0,0,0,0,0,0,0,0,0,0,0,0,0,0,0,0,0,0,0,0,0,0,0,0,0,0,0,0,0,0,0,0,0,0,0,0,0,0,0,0,0,0,0,0,0,0,0,0,0,0,0,0,0,0,0,0,0,0,0,0,0,0,0,0,0,0,0,0,0,0,0,0,0,0,0,0,0,0,0,0,0,0,0,0,0,0,0,0,0,0,0,0,0,0,0,0,0,0,0,0,0,0,0,0,0,0,0,0,0,0,0,0,0,0,0,0,0,0,0,0,0,0,0,0,0,0,0,0,0,0,0,0,0,0,0,0,0,0,0,0,0,0,0,0,0,0,0,0,0,0,0,0,0,0,0,0,0,0,0,0,0,0,0,0,0,0,0,0,0,0,0,0,0,0,0,0,0,0,0,0,0,0,0,0,0,0,0,0,0,0,0,0,0,0,0,0,0,0,0,0,0,0,0,0,0,0,0,0,0,0,0,0,0,0,0,0,0,0,0,0,0,0,0,0,0,0,0,0,0,0,0,0,0,0,0,0,0,0,0,0,0,0,0,0,0,0,0,0,0,0,0,0,0,0,0,0,0,0,0,0,0,0,0,0,0,0,0,0,0,0,0,0,0,0,0,0,0,0,0,0,0,0,0,0,0,0,0,0,0,0,0,0,0,0,0,0,0,0,0,0,0,0,0,0,0,0,0,0,0,0,0,0,0,0,0,0,0,0,0,0,0,0,0,0,0,0,0,0,0,0,0,0,0,0,0,0,0,0,0,0,0,0,0,0,0,0,0,0,0,0,0,0,"40S (0), Abundant (0), Accurate (0), Accurately (0), Active (0), Actively (0), Activities (0), Activity (0), Add (0), Adding (0), Additionally (0), Adds (0), Adjacent (0), Adorned (0), Adult (0), Adults (0), Afternoon (0), Age (0), Aged (0), Ages (0)"
basic_country_no_revise,Spain,pig,"A pig farm in Spain.I NEED to test how the tool works with extremely simple prompts. DO NOT add any detail, just use it AS-IS:",sd3.5-large,0,0,0,0,0,0,0,0,0,0,0,0,0,0,0,0,0,0,0,0,0,0,0,0,0,0,0,0,0,0,0,0,0,0,0,0,0,0,0,0,0,0,0,0,0,0,0,0,0,0,0,0,0,0,0,0,0,0,0,0,0,0,0,0,0,0,0,0,0,0,0,0,0,0,0,0,0,0,0,0,0,0,0,0,0,0,0,0,0,0,0,0,0,0,0,0,0,0,0,0,0,0,0,0,0,0,0,0,0,0,0,0,0,0,0,0,0,0,0,0,0,0,0,0,0,0,0,0,0,0,0,0,0,0,0,0,0,0,0,0,0,0,0,0,0,0,0,0,0,0,0,0,0,0,0,0,0,0,0,0,0,0,0,0,0,0,0,0,0,0,0,0,0,0,0,0,0,0,0,0,0,0,0,0,0,0,0,0,0,0,0,0,0,0,0,0,0,0,0,0,0,0,0,0,0,0,0,0,0,0,0,0,0,0,0,0,0,0,0,0,0,0,0,0,0,0,0,0,0,0,0,0,0,0,0,0,0,0,0,0,0,0,0,0,0,0,0,0,0,0,0,0,0,0,0,0,0,0,0,0,0,0,0,0,0,0,0,0,0,0,0,0,0,0,0,0,0,0,0,0,0,0,0,0,0,0,0,0,0,0,0,0,0,0,0,0,0,0,0,0,0,0,0,0,0,0,0,0,0,0,0,0,0,0,0,0,0,0,0,0,0,0,0,0,0,0,0,0,0,0,0,0,0,0,0,0,0,0,0,0,0,0,0,0,0,0,0,0,0,0,0,0,0,0,0,0,0,0,0,0,0,0,0,0,0,0,0,0,0,0,0,0,0,0,0,0,0,0,0,0,0,0,0,0,0,0,0,0,0,0,0,0,0,0,0,0,0,0,0,0,0,0,0,0,0,0,0,0,0,0,0,0,0,0,0,0,0,0,0,0,0,0,0,0,0,0,0,0,0,0,0,0,0,0,0,0,0,0,0,0,0,0,0,0,0,0,0,0,0,0,0,0,0,0,0,0,0,0,0,0,0,0,0,0,0,0,0,0,0,0,0,0,0,0,0,0,0,0,0,0,0,0,0,0,0,0,0,0,0,0,0,0,0,0,0,0,0,0,0,0,0,0,0,0,0,0,0,0,0,0,0,0,0,0,0,0,0,0,0,0,0,0,0,0,0,0,0,0,0,0,0,0,0,0,0,0,0,0,0,0,0,0,0,0,0,0,0,0,0,0,0,0,0,0,0,0,0,0,0,0,0,0,0,0,0,0,0,0,0,0,0,0,0,0,0,0,0,0,0,0,0,0,0,0,0,0,0,0,0,0,0,0,0,0,0,0,0,0,0,0,0,0,0,0,0,0,0,0,0,0,0,0,0,0,0,0,0,0,0,0,0,0,0,0,0,0,0,0,0,0,0,0,0,0,0,0,0,0,0,0,0,0,0,0,0,0,0,0,0,0,0,0,0,0,0,0,0,0,0,0,0,0,0,0,0,0,0,0,0,0,0,0,0,0,0,0,0,0,0,0,0,0,0,0,0,0,0,0,0,0,0,0,0,0,0,0,0,0,0,0,0,0,0,0,0,0,0,0,0,0,0,0,0,0,0,0,0,0,0,0,0,0,0,0,0,0,0,0,0,0,0,0,0,0,0,0,0,0,0,0,0,0,0,0,0,0,0,0,0,0,0,0,0,0,0,0,0,0,0,0,0,0,0,0,0,0,0,0,0,0,0,0,0,0,0,0,0,0,0,0,0,"40S (0), Abundant (0), Accurate (0), Accurately (0), Active (0), Actively (0), Activities (0), Activity (0), Add (0), Adding (0), Additionally (0), Adds (0), Adjacent (0), Adorned (0), Adult (0), Adults (0), Afternoon (0), Age (0), Aged (0), Ages (0)"
basic_country_no_revise,Australia,pig,"A pig farm in Australia.I NEED to test how the tool works with extremely simple prompts. DO NOT add any detail, just use it AS-IS:",sd3.5-large,0,0,0,0,0,0,0,0,0,0,0,0,0,0,0,0,0,0,0,0,0,0,0,0,0,0,0,0,0,0,0,0,0,0,0,0,0,0,0,0,0,0,0,0,0,0,0,0,0,0,0,0,0,0,0,0,0,0,0,0,0,0,0,0,0,0,0,0,0,0,0,0,0,0,0,0,0,0,0,0,0,0,0,0,0,0,0,0,0,0,0,0,0,0,0,0,0,0,0,0,0,0,0,0,0,0,0,0,0,0,0,0,0,0,0,0,0,0,0,0,0,0,0,0,0,0,0,0,0,0,0,0,0,0,0,0,0,0,0,0,0,0,0,0,0,0,0,0,0,0,0,0,0,0,0,0,0,0,0,0,0,0,0,0,0,0,0,0,0,0,0,0,0,0,0,0,0,0,0,0,0,0,0,0,0,0,0,0,0,0,0,0,0,0,0,0,0,0,0,0,0,0,0,0,0,0,0,0,0,0,0,0,0,0,0,0,0,0,0,0,0,0,0,0,0,0,0,0,0,0,0,0,0,0,0,0,0,0,0,0,0,0,0,0,0,0,0,0,0,0,0,0,0,0,0,0,0,0,0,0,0,0,0,0,0,0,0,0,0,0,0,0,0,0,0,0,0,0,0,0,0,0,0,0,0,0,0,0,0,0,0,0,0,0,0,0,0,0,0,0,0,0,0,0,0,0,0,0,0,0,0,0,0,0,0,0,0,0,0,0,0,0,0,0,0,0,0,0,0,0,0,0,0,0,0,0,0,0,0,0,0,0,0,0,0,0,0,0,0,0,0,0,0,0,0,0,0,0,0,0,0,0,0,0,0,0,0,0,0,0,0,0,0,0,0,0,0,0,0,0,0,0,0,0,0,0,0,0,0,0,0,0,0,0,0,0,0,0,0,0,0,0,0,0,0,0,0,0,0,0,0,0,0,0,0,0,0,0,0,0,0,0,0,0,0,0,0,0,0,0,0,0,0,0,0,0,0,0,0,0,0,0,0,0,0,0,0,0,0,0,0,0,0,0,0,0,0,0,0,0,0,0,0,0,0,0,0,0,0,0,0,0,0,0,0,0,0,0,0,0,0,0,0,0,0,0,0,0,0,0,0,0,0,0,0,0,0,0,0,0,0,0,0,0,0,0,0,0,0,0,0,0,0,0,0,0,0,0,0,0,0,0,0,0,0,0,0,0,0,0,0,0,0,0,0,0,0,0,0,0,0,0,0,0,0,0,0,0,0,0,0,0,0,0,0,0,0,0,0,0,0,0,0,0,0,0,0,0,0,0,0,0,0,0,0,0,0,0,0,0,0,0,0,0,0,0,0,0,0,0,0,0,0,0,0,0,0,0,0,0,0,0,0,0,0,0,0,0,0,0,0,0,0,0,0,0,0,0,0,0,0,0,0,0,0,0,0,0,0,0,0,0,0,0,0,0,0,0,0,0,0,0,0,0,0,0,0,0,0,0,0,0,0,0,0,0,0,0,0,0,0,0,0,0,0,0,0,0,0,0,0,0,0,0,0,0,0,0,0,0,0,0,0,0,0,0,0,0,0,0,0,0,0,0,0,0,0,0,0,0,0,0,0,0,0,0,0,0,0,0,0,0,0,0,0,0,0,0,0,0,0,0,0,0,0,0,0,0,0,0,0,0,0,0,0,0,0,0,0,0,0,0,0,0,0,0,0,0,0,0,0,0,0,0,0,0,0,0,0,0,0,0,0,0,0,0,0,0,0,0,0,0,0,0,0,0,0,0,0,0,0,"40S (0), Abundant (0), Accurate (0), Accurately (0), Active (0), Actively (0), Activities (0), Activity (0), Add (0), Adding (0), Additionally (0), Adds (0), Adjacent (0), Adorned (0), Adult (0), Adults (0), Afternoon (0), Age (0), Aged (0), Ages (0)"
typical,,dairy,A typical dairy farm.,sd3.5-large,0,0,0,0,0,0,0,0,0,0,0,0,0,0,0,0,0,0,0,0,0,0,0,0,0,0,0,0,0,0,0,0,0,0,0,0,0,0,0,0,0,0,0,0,0,0,0,0,0,0,0,0,0,0,0,0,0,0,0,0,0,0,0,0,0,0,0,0,0,0,0,0,0,0,0,0,0,0,0,0,0,0,0,0,0,0,0,0,0,0,0,0,0,0,0,0,0,0,0,0,0,0,0,0,0,0,0,0,0,0,0,0,0,0,0,0,0,0,0,0,0,0,0,0,0,0,0,0,0,0,0,0,0,0,0,0,0,0,0,0,0,0,0,0,0,0,0,0,0,0,0,0,0,0,0,0,0,0,0,0,0,0,0,0,0,0,0,0,0,0,0,0,0,0,0,0,0,0,0,0,0,0,0,0,0,0,0,0,0,0,0,0,0,0,0,0,0,0,0,0,0,0,0,0,0,0,0,0,0,0,0,0,0,0,0,0,0,0,0,0,0,0,0,0,0,0,0,0,0,0,0,0,0,0,0,0,0,0,0,0,0,0,0,0,0,0,0,0,0,0,0,0,0,0,0,0,0,0,0,0,0,0,0,0,0,0,0,0,0,0,0,0,0,0,0,0,0,0,0,0,0,0,0,0,0,0,0,0,0,0,0,0,0,0,0,0,0,0,0,0,0,0,0,0,0,0,0,0,0,0,0,0,0,0,0,0,0,0,0,0,0,0,0,0,0,0,0,0,0,0,0,0,0,0,0,0,0,0,0,0,0,0,0,0,0,0,0,0,0,0,0,0,0,0,0,0,0,0,0,0,0,0,0,0,0,0,0,0,0,0,0,0,0,0,0,0,0,0,0,0,0,0,0,0,0,0,0,0,0,0,0,0,0,0,0,0,0,0,0,0,0,0,0,0,0,0,0,0,0,0,0,0,0,0,0,0,0,0,0,0,0,0,0,0,0,0,0,0,0,0,0,0,0,0,0,0,0,0,0,0,0,0,0,0,0,0,0,0,0,0,0,0,0,0,0,0,0,0,0,0,0,0,0,0,0,0,0,0,0,0,0,0,0,0,0,0,0,0,0,0,0,0,0,0,0,0,0,0,0,0,0,0,0,0,0,0,0,0,0,0,0,0,0,0,0,0,0,0,0,0,0,0,0,0,0,0,0,0,0,0,0,0,0,0,0,0,0,0,0,0,0,0,0,0,0,0,0,0,0,0,0,0,0,0,0,0,0,0,0,0,0,0,0,0,0,0,0,0,0,0,0,0,0,0,0,0,0,0,0,0,0,0,0,0,0,0,0,0,0,0,0,0,0,0,0,0,0,0,0,0,0,0,0,0,0,0,0,0,0,0,0,0,0,0,0,0,0,0,0,0,0,0,0,0,0,0,0,0,0,0,0,0,0,0,0,0,0,0,0,0,0,0,0,0,0,0,0,0,0,0,0,0,0,0,0,0,0,0,0,0,0,0,0,0,0,0,0,0,0,0,0,0,0,0,0,0,0,0,0,0,0,0,0,0,0,0,0,0,0,0,0,0,0,0,0,0,0,0,0,0,0,0,0,0,0,0,0,0,0,0,0,0,0,0,0,0,0,0,0,0,0,0,0,0,0,0,0,0,0,0,0,0,0,0,0,0,0,0,0,0,0,0,0,0,0,0,0,0,0,0,0,0,0,0,0,0,0,0,0,0,0,0,0,0,0,0,0,0,0,0,0,0,0,0,0,0,0,0,0,0,0,0,0,0,0,0,0,0,0,0,0,"40S (0), Abundant (0), Accurate (0), Accurately (0), Active (0), Actively (0), Activities (0), Activity (0), Add (0), Adding (0), Additionally (0), Adds (0), Adjacent (0), Adorned (0), Adult (0), Adults (0), Afternoon (0), Age (0), Aged (0), Ages (0)"
typical,,pig,A typical pig farm.,sd3.5-large,0,0,0,0,0,0,0,0,0,0,0,0,0,0,0,0,0,0,0,0,0,0,0,0,0,0,0,0,0,0,0,0,0,0,0,0,0,0,0,0,0,0,0,0,0,0,0,0,0,0,0,0,0,0,0,0,0,0,0,0,0,0,0,0,0,0,0,0,0,0,0,0,0,0,0,0,0,0,0,0,0,0,0,0,0,0,0,0,0,0,0,0,0,0,0,0,0,0,0,0,0,0,0,0,0,0,0,0,0,0,0,0,0,0,0,0,0,0,0,0,0,0,0,0,0,0,0,0,0,0,0,0,0,0,0,0,0,0,0,0,0,0,0,0,0,0,0,0,0,0,0,0,0,0,0,0,0,0,0,0,0,0,0,0,0,0,0,0,0,0,0,0,0,0,0,0,0,0,0,0,0,0,0,0,0,0,0,0,0,0,0,0,0,0,0,0,0,0,0,0,0,0,0,0,0,0,0,0,0,0,0,0,0,0,0,0,0,0,0,0,0,0,0,0,0,0,0,0,0,0,0,0,0,0,0,0,0,0,0,0,0,0,0,0,0,0,0,0,0,0,0,0,0,0,0,0,0,0,0,0,0,0,0,0,0,0,0,0,0,0,0,0,0,0,0,0,0,0,0,0,0,0,0,0,0,0,0,0,0,0,0,0,0,0,0,0,0,0,0,0,0,0,0,0,0,0,0,0,0,0,0,0,0,0,0,0,0,0,0,0,0,0,0,0,0,0,0,0,0,0,0,0,0,0,0,0,0,0,0,0,0,0,0,0,0,0,0,0,0,0,0,0,0,0,0,0,0,0,0,0,0,0,0,0,0,0,0,0,0,0,0,0,0,0,0,0,0,0,0,0,0,0,0,0,0,0,0,0,0,0,0,0,0,0,0,0,0,0,0,0,0,0,0,0,0,0,0,0,0,0,0,0,0,0,0,0,0,0,0,0,0,0,0,0,0,0,0,0,0,0,0,0,0,0,0,0,0,0,0,0,0,0,0,0,0,0,0,0,0,0,0,0,0,0,0,0,0,0,0,0,0,0,0,0,0,0,0,0,0,0,0,0,0,0,0,0,0,0,0,0,0,0,0,0,0,0,0,0,0,0,0,0,0,0,0,0,0,0,0,0,0,0,0,0,0,0,0,0,0,0,0,0,0,0,0,0,0,0,0,0,0,0,0,0,0,0,0,0,0,0,0,0,0,0,0,0,0,0,0,0,0,0,0,0,0,0,0,0,0,0,0,0,0,0,0,0,0,0,0,0,0,0,0,0,0,0,0,0,0,0,0,0,0,0,0,0,0,0,0,0,0,0,0,0,0,0,0,0,0,0,0,0,0,0,0,0,0,0,0,0,0,0,0,0,0,0,0,0,0,0,0,0,0,0,0,0,0,0,0,0,0,0,0,0,0,0,0,0,0,0,0,0,0,0,0,0,0,0,0,0,0,0,0,0,0,0,0,0,0,0,0,0,0,0,0,0,0,0,0,0,0,0,0,0,0,0,0,0,0,0,0,0,0,0,0,0,0,0,0,0,0,0,0,0,0,0,0,0,0,0,0,0,0,0,0,0,0,0,0,0,0,0,0,0,0,0,0,0,0,0,0,0,0,0,0,0,0,0,0,0,0,0,0,0,0,0,0,0,0,0,0,0,0,0,0,0,0,0,0,0,0,0,0,0,0,0,0,0,0,0,0,0,0,0,0,0,0,0,0,0,0,0,0,0,0,0,0,0,0,0,0,0,0,0,0,0,0,0,0,0,0,"40S (0), Abundant (0), Accurate (0), Accurately (0), Active (0), Actively (0), Activities (0), Activity (0), Add (0), Adding (0), Additionally (0), Adds (0), Adjacent (0), Adorned (0), Adult (0), Adults (0), Afternoon (0), Age (0), Aged (0), Ages (0)"
typical_no_revise,,dairy,"A typical dairy farm.I NEED to test how the tool works with extremely simple prompts. DO NOT add any detail, just use it AS-IS:",sd3.5-large,0,0,0,0,0,0,0,0,0,0,0,0,0,0,0,0,0,0,0,0,0,0,0,0,0,0,0,0,0,0,0,0,0,0,0,0,0,0,0,0,0,0,0,0,0,0,0,0,0,0,0,0,0,0,0,0,0,0,0,0,0,0,0,0,0,0,0,0,0,0,0,0,0,0,0,0,0,0,0,0,0,0,0,0,0,0,0,0,0,0,0,0,0,0,0,0,0,0,0,0,0,0,0,0,0,0,0,0,0,0,0,0,0,0,0,0,0,0,0,0,0,0,0,0,0,0,0,0,0,0,0,0,0,0,0,0,0,0,0,0,0,0,0,0,0,0,0,0,0,0,0,0,0,0,0,0,0,0,0,0,0,0,0,0,0,0,0,0,0,0,0,0,0,0,0,0,0,0,0,0,0,0,0,0,0,0,0,0,0,0,0,0,0,0,0,0,0,0,0,0,0,0,0,0,0,0,0,0,0,0,0,0,0,0,0,0,0,0,0,0,0,0,0,0,0,0,0,0,0,0,0,0,0,0,0,0,0,0,0,0,0,0,0,0,0,0,0,0,0,0,0,0,0,0,0,0,0,0,0,0,0,0,0,0,0,0,0,0,0,0,0,0,0,0,0,0,0,0,0,0,0,0,0,0,0,0,0,0,0,0,0,0,0,0,0,0,0,0,0,0,0,0,0,0,0,0,0,0,0,0,0,0,0,0,0,0,0,0,0,0,0,0,0,0,0,0,0,0,0,0,0,0,0,0,0,0,0,0,0,0,0,0,0,0,0,0,0,0,0,0,0,0,0,0,0,0,0,0,0,0,0,0,0,0,0,0,0,0,0,0,0,0,0,0,0,0,0,0,0,0,0,0,0,0,0,0,0,0,0,0,0,0,0,0,0,0,0,0,0,0,0,0,0,0,0,0,0,0,0,0,0,0,0,0,0,0,0,0,0,0,0,0,0,0,0,0,0,0,0,0,0,0,0,0,0,0,0,0,0,0,0,0,0,0,0,0,0,0,0,0,0,0,0,0,0,0,0,0,0,0,0,0,0,0,0,0,0,0,0,0,0,0,0,0,0,0,0,0,0,0,0,0,0,0,0,0,0,0,0,0,0,0,0,0,0,0,0,0,0,0,0,0,0,0,0,0,0,0,0,0,0,0,0,0,0,0,0,0,0,0,0,0,0,0,0,0,0,0,0,0,0,0,0,0,0,0,0,0,0,0,0,0,0,0,0,0,0,0,0,0,0,0,0,0,0,0,0,0,0,0,0,0,0,0,0,0,0,0,0,0,0,0,0,0,0,0,0,0,0,0,0,0,0,0,0,0,0,0,0,0,0,0,0,0,0,0,0,0,0,0,0,0,0,0,0,0,0,0,0,0,0,0,0,0,0,0,0,0,0,0,0,0,0,0,0,0,0,0,0,0,0,0,0,0,0,0,0,0,0,0,0,0,0,0,0,0,0,0,0,0,0,0,0,0,0,0,0,0,0,0,0,0,0,0,0,0,0,0,0,0,0,0,0,0,0,0,0,0,0,0,0,0,0,0,0,0,0,0,0,0,0,0,0,0,0,0,0,0,0,0,0,0,0,0,0,0,0,0,0,0,0,0,0,0,0,0,0,0,0,0,0,0,0,0,0,0,0,0,0,0,0,0,0,0,0,0,0,0,0,0,0,0,0,0,0,0,0,0,0,0,0,0,0,0,0,0,0,0,0,0,0,0,0,0,0,0,0,0,0,0,0,0,0,0,0,0,0,0,0,0,0,"40S (0), Abundant (0), Accurate (0), Accurately (0), Active (0), Actively (0), Activities (0), Activity (0), Add (0), Adding (0), Additionally (0), Adds (0), Adjacent (0), Adorned (0), Adult (0), Adults (0), Afternoon (0), Age (0), Aged (0), Ages (0)"
typical_no_revise,,pig,"A typical pig farm.I NEED to test how the tool works with extremely simple prompts. DO NOT add any detail, just use it AS-IS:",sd3.5-large,0,0,0,0,0,0,0,0,0,0,0,0,0,0,0,0,0,0,0,0,0,0,0,0,0,0,0,0,0,0,0,0,0,0,0,0,0,0,0,0,0,0,0,0,0,0,0,0,0,0,0,0,0,0,0,0,0,0,0,0,0,0,0,0,0,0,0,0,0,0,0,0,0,0,0,0,0,0,0,0,0,0,0,0,0,0,0,0,0,0,0,0,0,0,0,0,0,0,0,0,0,0,0,0,0,0,0,0,0,0,0,0,0,0,0,0,0,0,0,0,0,0,0,0,0,0,0,0,0,0,0,0,0,0,0,0,0,0,0,0,0,0,0,0,0,0,0,0,0,0,0,0,0,0,0,0,0,0,0,0,0,0,0,0,0,0,0,0,0,0,0,0,0,0,0,0,0,0,0,0,0,0,0,0,0,0,0,0,0,0,0,0,0,0,0,0,0,0,0,0,0,0,0,0,0,0,0,0,0,0,0,0,0,0,0,0,0,0,0,0,0,0,0,0,0,0,0,0,0,0,0,0,0,0,0,0,0,0,0,0,0,0,0,0,0,0,0,0,0,0,0,0,0,0,0,0,0,0,0,0,0,0,0,0,0,0,0,0,0,0,0,0,0,0,0,0,0,0,0,0,0,0,0,0,0,0,0,0,0,0,0,0,0,0,0,0,0,0,0,0,0,0,0,0,0,0,0,0,0,0,0,0,0,0,0,0,0,0,0,0,0,0,0,0,0,0,0,0,0,0,0,0,0,0,0,0,0,0,0,0,0,0,0,0,0,0,0,0,0,0,0,0,0,0,0,0,0,0,0,0,0,0,0,0,0,0,0,0,0,0,0,0,0,0,0,0,0,0,0,0,0,0,0,0,0,0,0,0,0,0,0,0,0,0,0,0,0,0,0,0,0,0,0,0,0,0,0,0,0,0,0,0,0,0,0,0,0,0,0,0,0,0,0,0,0,0,0,0,0,0,0,0,0,0,0,0,0,0,0,0,0,0,0,0,0,0,0,0,0,0,0,0,0,0,0,0,0,0,0,0,0,0,0,0,0,0,0,0,0,0,0,0,0,0,0,0,0,0,0,0,0,0,0,0,0,0,0,0,0,0,0,0,0,0,0,0,0,0,0,0,0,0,0,0,0,0,0,0,0,0,0,0,0,0,0,0,0,0,0,0,0,0,0,0,0,0,0,0,0,0,0,0,0,0,0,0,0,0,0,0,0,0,0,0,0,0,0,0,0,0,0,0,0,0,0,0,0,0,0,0,0,0,0,0,0,0,0,0,0,0,0,0,0,0,0,0,0,0,0,0,0,0,0,0,0,0,0,0,0,0,0,0,0,0,0,0,0,0,0,0,0,0,0,0,0,0,0,0,0,0,0,0,0,0,0,0,0,0,0,0,0,0,0,0,0,0,0,0,0,0,0,0,0,0,0,0,0,0,0,0,0,0,0,0,0,0,0,0,0,0,0,0,0,0,0,0,0,0,0,0,0,0,0,0,0,0,0,0,0,0,0,0,0,0,0,0,0,0,0,0,0,0,0,0,0,0,0,0,0,0,0,0,0,0,0,0,0,0,0,0,0,0,0,0,0,0,0,0,0,0,0,0,0,0,0,0,0,0,0,0,0,0,0,0,0,0,0,0,0,0,0,0,0,0,0,0,0,0,0,0,0,0,0,0,0,0,0,0,0,0,0,0,0,0,0,0,0,0,0,0,0,0,0,0,0,0,0,0,0,0,0,0,0,0,0,0,0,0,0,0,0,"40S (0), Abundant (0), Accurate (0), Accurately (0), Active (0), Actively (0), Activities (0), Activity (0), Add (0), Adding (0), Additionally (0), Adds (0), Adjacent (0), Adorned (0), Adult (0), Adults (0), Afternoon (0), Age (0), Aged (0), Ages (0)"
typical_country,the United States,dairy,A typical dairy farm in the United States.,sd3.5-large,0,0,0,0,0,0,0,0,0,0,0,0,0,0,0,0,0,0,0,0,0,0,0,0,0,0,0,0,0,0,0,0,0,0,0,0,0,0,0,0,0,0,0,0,0,0,0,0,0,0,0,0,0,0,0,0,0,0,0,0,0,0,0,0,0,0,0,0,0,0,0,0,0,0,0,0,0,0,0,0,0,0,0,0,0,0,0,0,0,0,0,0,0,0,0,0,0,0,0,0,0,0,0,0,0,0,0,0,0,0,0,0,0,0,0,0,0,0,0,0,0,0,0,0,0,0,0,0,0,0,0,0,0,0,0,0,0,0,0,0,0,0,0,0,0,0,0,0,0,0,0,0,0,0,0,0,0,0,0,0,0,0,0,0,0,0,0,0,0,0,0,0,0,0,0,0,0,0,0,0,0,0,0,0,0,0,0,0,0,0,0,0,0,0,0,0,0,0,0,0,0,0,0,0,0,0,0,0,0,0,0,0,0,0,0,0,0,0,0,0,0,0,0,0,0,0,0,0,0,0,0,0,0,0,0,0,0,0,0,0,0,0,0,0,0,0,0,0,0,0,0,0,0,0,0,0,0,0,0,0,0,0,0,0,0,0,0,0,0,0,0,0,0,0,0,0,0,0,0,0,0,0,0,0,0,0,0,0,0,0,0,0,0,0,0,0,0,0,0,0,0,0,0,0,0,0,0,0,0,0,0,0,0,0,0,0,0,0,0,0,0,0,0,0,0,0,0,0,0,0,0,0,0,0,0,0,0,0,0,0,0,0,0,0,0,0,0,0,0,0,0,0,0,0,0,0,0,0,0,0,0,0,0,0,0,0,0,0,0,0,0,0,0,0,0,0,0,0,0,0,0,0,0,0,0,0,0,0,0,0,0,0,0,0,0,0,0,0,0,0,0,0,0,0,0,0,0,0,0,0,0,0,0,0,0,0,0,0,0,0,0,0,0,0,0,0,0,0,0,0,0,0,0,0,0,0,0,0,0,0,0,0,0,0,0,0,0,0,0,0,0,0,0,0,0,0,0,0,0,0,0,0,0,0,0,0,0,0,0,0,0,0,0,0,0,0,0,0,0,0,0,0,0,0,0,0,0,0,0,0,0,0,0,0,0,0,0,0,0,0,0,0,0,0,0,0,0,0,0,0,0,0,0,0,0,0,0,0,0,0,0,0,0,0,0,0,0,0,0,0,0,0,0,0,0,0,0,0,0,0,0,0,0,0,0,0,0,0,0,0,0,0,0,0,0,0,0,0,0,0,0,0,0,0,0,0,0,0,0,0,0,0,0,0,0,0,0,0,0,0,0,0,0,0,0,0,0,0,0,0,0,0,0,0,0,0,0,0,0,0,0,0,0,0,0,0,0,0,0,0,0,0,0,0,0,0,0,0,0,0,0,0,0,0,0,0,0,0,0,0,0,0,0,0,0,0,0,0,0,0,0,0,0,0,0,0,0,0,0,0,0,0,0,0,0,0,0,0,0,0,0,0,0,0,0,0,0,0,0,0,0,0,0,0,0,0,0,0,0,0,0,0,0,0,0,0,0,0,0,0,0,0,0,0,0,0,0,0,0,0,0,0,0,0,0,0,0,0,0,0,0,0,0,0,0,0,0,0,0,0,0,0,0,0,0,0,0,0,0,0,0,0,0,0,0,0,0,0,0,0,0,0,0,0,0,0,0,0,0,0,0,0,0,0,0,0,0,0,0,0,0,0,0,0,0,0,0,0,0,0,0,0,0,0,0,0,0,0,0,0,0,"40S (0), Abundant (0), Accurate (0), Accurately (0), Active (0), Actively (0), Activities (0), Activity (0), Add (0), Adding (0), Additionally (0), Adds (0), Adjacent (0), Adorned (0), Adult (0), Adults (0), Afternoon (0), Age (0), Aged (0), Ages (0)"
typical_country,Germany,dairy,A typical dairy farm in Germany.,sd3.5-large,0,0,0,0,0,0,0,0,0,0,0,0,0,0,0,0,0,0,0,0,0,0,0,0,0,0,0,0,0,0,0,0,0,0,0,0,0,0,0,0,0,0,0,0,0,0,0,0,0,0,0,0,0,0,0,0,0,0,0,0,0,0,0,0,0,0,0,0,0,0,0,0,0,0,0,0,0,0,0,0,0,0,0,0,0,0,0,0,0,0,0,0,0,0,0,0,0,0,0,0,0,0,0,0,0,0,0,0,0,0,0,0,0,0,0,0,0,0,0,0,0,0,0,0,0,0,0,0,0,0,0,0,0,0,0,0,0,0,0,0,0,0,0,0,0,0,0,0,0,0,0,0,0,0,0,0,0,0,0,0,0,0,0,0,0,0,0,0,0,0,0,0,0,0,0,0,0,0,0,0,0,0,0,0,0,0,0,0,0,0,0,0,0,0,0,0,0,0,0,0,0,0,0,0,0,0,0,0,0,0,0,0,0,0,0,0,0,0,0,0,0,0,0,0,0,0,0,0,0,0,0,0,0,0,0,0,0,0,0,0,0,0,0,0,0,0,0,0,0,0,0,0,0,0,0,0,0,0,0,0,0,0,0,0,0,0,0,0,0,0,0,0,0,0,0,0,0,0,0,0,0,0,0,0,0,0,0,0,0,0,0,0,0,0,0,0,0,0,0,0,0,0,0,0,0,0,0,0,0,0,0,0,0,0,0,0,0,0,0,0,0,0,0,0,0,0,0,0,0,0,0,0,0,0,0,0,0,0,0,0,0,0,0,0,0,0,0,0,0,0,0,0,0,0,0,0,0,0,0,0,0,0,0,0,0,0,0,0,0,0,0,0,0,0,0,0,0,0,0,0,0,0,0,0,0,0,0,0,0,0,0,0,0,0,0,0,0,0,0,0,0,0,0,0,0,0,0,0,0,0,0,0,0,0,0,0,0,0,0,0,0,0,0,0,0,0,0,0,0,0,0,0,0,0,0,0,0,0,0,0,0,0,0,0,0,0,0,0,0,0,0,0,0,0,0,0,0,0,0,0,0,0,0,0,0,0,0,0,0,0,0,0,0,0,0,0,0,0,0,0,0,0,0,0,0,0,0,0,0,0,0,0,0,0,0,0,0,0,0,0,0,0,0,0,0,0,0,0,0,0,0,0,0,0,0,0,0,0,0,0,0,0,0,0,0,0,0,0,0,0,0,0,0,0,0,0,0,0,0,0,0,0,0,0,0,0,0,0,0,0,0,0,0,0,0,0,0,0,0,0,0,0,0,0,0,0,0,0,0,0,0,0,0,0,0,0,0,0,0,0,0,0,0,0,0,0,0,0,0,0,0,0,0,0,0,0,0,0,0,0,0,0,0,0,0,0,0,0,0,0,0,0,0,0,0,0,0,0,0,0,0,0,0,0,0,0,0,0,0,0,0,0,0,0,0,0,0,0,0,0,0,0,0,0,0,0,0,0,0,0,0,0,0,0,0,0,0,0,0,0,0,0,0,0,0,0,0,0,0,0,0,0,0,0,0,0,0,0,0,0,0,0,0,0,0,0,0,0,0,0,0,0,0,0,0,0,0,0,0,0,0,0,0,0,0,0,0,0,0,0,0,0,0,0,0,0,0,0,0,0,0,0,0,0,0,0,0,0,0,0,0,0,0,0,0,0,0,0,0,0,0,0,0,0,0,0,0,0,0,0,0,0,0,0,0,0,0,0,0,0,0,0,0,0,0,0,0,0,0,0,0,0,0,0,0,0,0,0,0,0,0,"40S (0), Abundant (0), Accurate (0), Accurately (0), Active (0), Actively (0), Activities (0), Activity (0), Add (0), Adding (0), Additionally (0), Adds (0), Adjacent (0), Adorned (0), Adult (0), Adults (0), Afternoon (0), Age (0), Aged (0), Ages (0)"
typical_country,New Zealand,dairy,A typical dairy farm in New Zealand.,sd3.5-large,0,0,0,0,0,0,0,0,0,0,0,0,0,0,0,0,0,0,0,0,0,0,0,0,0,0,0,0,0,0,0,0,0,0,0,0,0,0,0,0,0,0,0,0,0,0,0,0,0,0,0,0,0,0,0,0,0,0,0,0,0,0,0,0,0,0,0,0,0,0,0,0,0,0,0,0,0,0,0,0,0,0,0,0,0,0,0,0,0,0,0,0,0,0,0,0,0,0,0,0,0,0,0,0,0,0,0,0,0,0,0,0,0,0,0,0,0,0,0,0,0,0,0,0,0,0,0,0,0,0,0,0,0,0,0,0,0,0,0,0,0,0,0,0,0,0,0,0,0,0,0,0,0,0,0,0,0,0,0,0,0,0,0,0,0,0,0,0,0,0,0,0,0,0,0,0,0,0,0,0,0,0,0,0,0,0,0,0,0,0,0,0,0,0,0,0,0,0,0,0,0,0,0,0,0,0,0,0,0,0,0,0,0,0,0,0,0,0,0,0,0,0,0,0,0,0,0,0,0,0,0,0,0,0,0,0,0,0,0,0,0,0,0,0,0,0,0,0,0,0,0,0,0,0,0,0,0,0,0,0,0,0,0,0,0,0,0,0,0,0,0,0,0,0,0,0,0,0,0,0,0,0,0,0,0,0,0,0,0,0,0,0,0,0,0,0,0,0,0,0,0,0,0,0,0,0,0,0,0,0,0,0,0,0,0,0,0,0,0,0,0,0,0,0,0,0,0,0,0,0,0,0,0,0,0,0,0,0,0,0,0,0,0,0,0,0,0,0,0,0,0,0,0,0,0,0,0,0,0,0,0,0,0,0,0,0,0,0,0,0,0,0,0,0,0,0,0,0,0,0,0,0,0,0,0,0,0,0,0,0,0,0,0,0,0,0,0,0,0,0,0,0,0,0,0,0,0,0,0,0,0,0,0,0,0,0,0,0,0,0,0,0,0,0,0,0,0,0,0,0,0,0,0,0,0,0,0,0,0,0,0,0,0,0,0,0,0,0,0,0,0,0,0,0,0,0,0,0,0,0,0,0,0,0,0,0,0,0,0,0,0,0,0,0,0,0,0,0,0,0,0,0,0,0,0,0,0,0,0,0,0,0,0,0,0,0,0,0,0,0,0,0,0,0,0,0,0,0,0,0,0,0,0,0,0,0,0,0,0,0,0,0,0,0,0,0,0,0,0,0,0,0,0,0,0,0,0,0,0,0,0,0,0,0,0,0,0,0,0,0,0,0,0,0,0,0,0,0,0,0,0,0,0,0,0,0,0,0,0,0,0,0,0,0,0,0,0,0,0,0,0,0,0,0,0,0,0,0,0,0,0,0,0,0,0,0,0,0,0,0,0,0,0,0,0,0,0,0,0,0,0,0,0,0,0,0,0,0,0,0,0,0,0,0,0,0,0,0,0,0,0,0,0,0,0,0,0,0,0,0,0,0,0,0,0,0,0,0,0,0,0,0,0,0,0,0,0,0,0,0,0,0,0,0,0,0,0,0,0,0,0,0,0,0,0,0,0,0,0,0,0,0,0,0,0,0,0,0,0,0,0,0,0,0,0,0,0,0,0,0,0,0,0,0,0,0,0,0,0,0,0,0,0,0,0,0,0,0,0,0,0,0,0,0,0,0,0,0,0,0,0,0,0,0,0,0,0,0,0,0,0,0,0,0,0,0,0,0,0,0,0,0,0,0,0,0,0,0,0,0,0,0,0,0,0,0,0,0,0,0,0,0,0,0,0,0,0,0,0,0,0,"40S (0), Abundant (0), Accurate (0), Accurately (0), Active (0), Actively (0), Activities (0), Activity (0), Add (0), Adding (0), Additionally (0), Adds (0), Adjacent (0), Adorned (0), Adult (0), Adults (0), Afternoon (0), Age (0), Aged (0), Ages (0)"
typical_country,the United States,pig,A typical pig farm in the United States.,sd3.5-large,0,0,0,0,0,0,0,0,0,0,0,0,0,0,0,0,0,0,0,0,0,0,0,0,0,0,0,0,0,0,0,0,0,0,0,0,0,0,0,0,0,0,0,0,0,0,0,0,0,0,0,0,0,0,0,0,0,0,0,0,0,0,0,0,0,0,0,0,0,0,0,0,0,0,0,0,0,0,0,0,0,0,0,0,0,0,0,0,0,0,0,0,0,0,0,0,0,0,0,0,0,0,0,0,0,0,0,0,0,0,0,0,0,0,0,0,0,0,0,0,0,0,0,0,0,0,0,0,0,0,0,0,0,0,0,0,0,0,0,0,0,0,0,0,0,0,0,0,0,0,0,0,0,0,0,0,0,0,0,0,0,0,0,0,0,0,0,0,0,0,0,0,0,0,0,0,0,0,0,0,0,0,0,0,0,0,0,0,0,0,0,0,0,0,0,0,0,0,0,0,0,0,0,0,0,0,0,0,0,0,0,0,0,0,0,0,0,0,0,0,0,0,0,0,0,0,0,0,0,0,0,0,0,0,0,0,0,0,0,0,0,0,0,0,0,0,0,0,0,0,0,0,0,0,0,0,0,0,0,0,0,0,0,0,0,0,0,0,0,0,0,0,0,0,0,0,0,0,0,0,0,0,0,0,0,0,0,0,0,0,0,0,0,0,0,0,0,0,0,0,0,0,0,0,0,0,0,0,0,0,0,0,0,0,0,0,0,0,0,0,0,0,0,0,0,0,0,0,0,0,0,0,0,0,0,0,0,0,0,0,0,0,0,0,0,0,0,0,0,0,0,0,0,0,0,0,0,0,0,0,0,0,0,0,0,0,0,0,0,0,0,0,0,0,0,0,0,0,0,0,0,0,0,0,0,0,0,0,0,0,0,0,0,0,0,0,0,0,0,0,0,0,0,0,0,0,0,0,0,0,0,0,0,0,0,0,0,0,0,0,0,0,0,0,0,0,0,0,0,0,0,0,0,0,0,0,0,0,0,0,0,0,0,0,0,0,0,0,0,0,0,0,0,0,0,0,0,0,0,0,0,0,0,0,0,0,0,0,0,0,0,0,0,0,0,0,0,0,0,0,0,0,0,0,0,0,0,0,0,0,0,0,0,0,0,0,0,0,0,0,0,0,0,0,0,0,0,0,0,0,0,0,0,0,0,0,0,0,0,0,0,0,0,0,0,0,0,0,0,0,0,0,0,0,0,0,0,0,0,0,0,0,0,0,0,0,0,0,0,0,0,0,0,0,0,0,0,0,0,0,0,0,0,0,0,0,0,0,0,0,0,0,0,0,0,0,0,0,0,0,0,0,0,0,0,0,0,0,0,0,0,0,0,0,0,0,0,0,0,0,0,0,0,0,0,0,0,0,0,0,0,0,0,0,0,0,0,0,0,0,0,0,0,0,0,0,0,0,0,0,0,0,0,0,0,0,0,0,0,0,0,0,0,0,0,0,0,0,0,0,0,0,0,0,0,0,0,0,0,0,0,0,0,0,0,0,0,0,0,0,0,0,0,0,0,0,0,0,0,0,0,0,0,0,0,0,0,0,0,0,0,0,0,0,0,0,0,0,0,0,0,0,0,0,0,0,0,0,0,0,0,0,0,0,0,0,0,0,0,0,0,0,0,0,0,0,0,0,0,0,0,0,0,0,0,0,0,0,0,0,0,0,0,0,0,0,0,0,0,0,0,0,0,0,0,0,0,0,0,0,0,0,0,0,0,0,0,0,0,0,0,0,0,0,0,0,0,0,0,0,0,"40S (0), Abundant (0), Accurate (0), Accurately (0), Active (0), Actively (0), Activities (0), Activity (0), Add (0), Adding (0), Additionally (0), Adds (0), Adjacent (0), Adorned (0), Adult (0), Adults (0), Afternoon (0), Age (0), Aged (0), Ages (0)"
typical_country,Spain,pig,A typical pig farm in Spain.,sd3.5-large,0,0,0,0,0,0,0,0,0,0,0,0,0,0,0,0,0,0,0,0,0,0,0,0,0,0,0,0,0,0,0,0,0,0,0,0,0,0,0,0,0,0,0,0,0,0,0,0,0,0,0,0,0,0,0,0,0,0,0,0,0,0,0,0,0,0,0,0,0,0,0,0,0,0,0,0,0,0,0,0,0,0,0,0,0,0,0,0,0,0,0,0,0,0,0,0,0,0,0,0,0,0,0,0,0,0,0,0,0,0,0,0,0,0,0,0,0,0,0,0,0,0,0,0,0,0,0,0,0,0,0,0,0,0,0,0,0,0,0,0,0,0,0,0,0,0,0,0,0,0,0,0,0,0,0,0,0,0,0,0,0,0,0,0,0,0,0,0,0,0,0,0,0,0,0,0,0,0,0,0,0,0,0,0,0,0,0,0,0,0,0,0,0,0,0,0,0,0,0,0,0,0,0,0,0,0,0,0,0,0,0,0,0,0,0,0,0,0,0,0,0,0,0,0,0,0,0,0,0,0,0,0,0,0,0,0,0,0,0,0,0,0,0,0,0,0,0,0,0,0,0,0,0,0,0,0,0,0,0,0,0,0,0,0,0,0,0,0,0,0,0,0,0,0,0,0,0,0,0,0,0,0,0,0,0,0,0,0,0,0,0,0,0,0,0,0,0,0,0,0,0,0,0,0,0,0,0,0,0,0,0,0,0,0,0,0,0,0,0,0,0,0,0,0,0,0,0,0,0,0,0,0,0,0,0,0,0,0,0,0,0,0,0,0,0,0,0,0,0,0,0,0,0,0,0,0,0,0,0,0,0,0,0,0,0,0,0,0,0,0,0,0,0,0,0,0,0,0,0,0,0,0,0,0,0,0,0,0,0,0,0,0,0,0,0,0,0,0,0,0,0,0,0,0,0,0,0,0,0,0,0,0,0,0,0,0,0,0,0,0,0,0,0,0,0,0,0,0,0,0,0,0,0,0,0,0,0,0,0,0,0,0,0,0,0,0,0,0,0,0,0,0,0,0,0,0,0,0,0,0,0,0,0,0,0,0,0,0,0,0,0,0,0,0,0,0,0,0,0,0,0,0,0,0,0,0,0,0,0,0,0,0,0,0,0,0,0,0,0,0,0,0,0,0,0,0,0,0,0,0,0,0,0,0,0,0,0,0,0,0,0,0,0,0,0,0,0,0,0,0,0,0,0,0,0,0,0,0,0,0,0,0,0,0,0,0,0,0,0,0,0,0,0,0,0,0,0,0,0,0,0,0,0,0,0,0,0,0,0,0,0,0,0,0,0,0,0,0,0,0,0,0,0,0,0,0,0,0,0,0,0,0,0,0,0,0,0,0,0,0,0,0,0,0,0,0,0,0,0,0,0,0,0,0,0,0,0,0,0,0,0,0,0,0,0,0,0,0,0,0,0,0,0,0,0,0,0,0,0,0,0,0,0,0,0,0,0,0,0,0,0,0,0,0,0,0,0,0,0,0,0,0,0,0,0,0,0,0,0,0,0,0,0,0,0,0,0,0,0,0,0,0,0,0,0,0,0,0,0,0,0,0,0,0,0,0,0,0,0,0,0,0,0,0,0,0,0,0,0,0,0,0,0,0,0,0,0,0,0,0,0,0,0,0,0,0,0,0,0,0,0,0,0,0,0,0,0,0,0,0,0,0,0,0,0,0,0,0,0,0,0,0,0,0,0,0,0,0,0,0,0,0,0,0,0,0,0,0,0,0,0,0,0,0,0,0,0,0,0,0,0,"40S (0), Abundant (0), Accurate (0), Accurately (0), Active (0), Actively (0), Activities (0), Activity (0), Add (0), Adding (0), Additionally (0), Adds (0), Adjacent (0), Adorned (0), Adult (0), Adults (0), Afternoon (0), Age (0), Aged (0), Ages (0)"
typical_country,Australia,pig,A typical pig farm in Australia.,sd3.5-large,0,0,0,0,0,0,0,0,0,0,0,0,0,0,0,0,0,0,0,0,0,0,0,0,0,0,0,0,0,0,0,0,0,0,0,0,0,0,0,0,0,0,0,0,0,0,0,0,0,0,0,0,0,0,0,0,0,0,0,0,0,0,0,0,0,0,0,0,0,0,0,0,0,0,0,0,0,0,0,0,0,0,0,0,0,0,0,0,0,0,0,0,0,0,0,0,0,0,0,0,0,0,0,0,0,0,0,0,0,0,0,0,0,0,0,0,0,0,0,0,0,0,0,0,0,0,0,0,0,0,0,0,0,0,0,0,0,0,0,0,0,0,0,0,0,0,0,0,0,0,0,0,0,0,0,0,0,0,0,0,0,0,0,0,0,0,0,0,0,0,0,0,0,0,0,0,0,0,0,0,0,0,0,0,0,0,0,0,0,0,0,0,0,0,0,0,0,0,0,0,0,0,0,0,0,0,0,0,0,0,0,0,0,0,0,0,0,0,0,0,0,0,0,0,0,0,0,0,0,0,0,0,0,0,0,0,0,0,0,0,0,0,0,0,0,0,0,0,0,0,0,0,0,0,0,0,0,0,0,0,0,0,0,0,0,0,0,0,0,0,0,0,0,0,0,0,0,0,0,0,0,0,0,0,0,0,0,0,0,0,0,0,0,0,0,0,0,0,0,0,0,0,0,0,0,0,0,0,0,0,0,0,0,0,0,0,0,0,0,0,0,0,0,0,0,0,0,0,0,0,0,0,0,0,0,0,0,0,0,0,0,0,0,0,0,0,0,0,0,0,0,0,0,0,0,0,0,0,0,0,0,0,0,0,0,0,0,0,0,0,0,0,0,0,0,0,0,0,0,0,0,0,0,0,0,0,0,0,0,0,0,0,0,0,0,0,0,0,0,0,0,0,0,0,0,0,0,0,0,0,0,0,0,0,0,0,0,0,0,0,0,0,0,0,0,0,0,0,0,0,0,0,0,0,0,0,0,0,0,0,0,0,0,0,0,0,0,0,0,0,0,0,0,0,0,0,0,0,0,0,0,0,0,0,0,0,0,0,0,0,0,0,0,0,0,0,0,0,0,0,0,0,0,0,0,0,0,0,0,0,0,0,0,0,0,0,0,0,0,0,0,0,0,0,0,0,0,0,0,0,0,0,0,0,0,0,0,0,0,0,0,0,0,0,0,0,0,0,0,0,0,0,0,0,0,0,0,0,0,0,0,0,0,0,0,0,0,0,0,0,0,0,0,0,0,0,0,0,0,0,0,0,0,0,0,0,0,0,0,0,0,0,0,0,0,0,0,0,0,0,0,0,0,0,0,0,0,0,0,0,0,0,0,0,0,0,0,0,0,0,0,0,0,0,0,0,0,0,0,0,0,0,0,0,0,0,0,0,0,0,0,0,0,0,0,0,0,0,0,0,0,0,0,0,0,0,0,0,0,0,0,0,0,0,0,0,0,0,0,0,0,0,0,0,0,0,0,0,0,0,0,0,0,0,0,0,0,0,0,0,0,0,0,0,0,0,0,0,0,0,0,0,0,0,0,0,0,0,0,0,0,0,0,0,0,0,0,0,0,0,0,0,0,0,0,0,0,0,0,0,0,0,0,0,0,0,0,0,0,0,0,0,0,0,0,0,0,0,0,0,0,0,0,0,0,0,0,0,0,0,0,0,0,0,0,0,0,0,0,0,0,0,0,0,0,0,0,0,0,0,0,0,0,0,0,0,0,0,0,0,0,0,0,0,0,0,0,0,0,0,0,"40S (0), Abundant (0), Accurate (0), Accurately (0), Active (0), Actively (0), Activities (0), Activity (0), Add (0), Adding (0), Additionally (0), Adds (0), Adjacent (0), Adorned (0), Adult (0), Adults (0), Afternoon (0), Age (0), Aged (0), Ages (0)"
typical_country_no_revise,the United States,dairy,"A typical dairy farm in the United States.I NEED to test how the tool works with extremely simple prompts. DO NOT add any detail, just use it AS-IS:",sd3.5-large,0,0,0,0,0,0,0,0,0,0,0,0,0,0,0,0,0,0,0,0,0,0,0,0,0,0,0,0,0,0,0,0,0,0,0,0,0,0,0,0,0,0,0,0,0,0,0,0,0,0,0,0,0,0,0,0,0,0,0,0,0,0,0,0,0,0,0,0,0,0,0,0,0,0,0,0,0,0,0,0,0,0,0,0,0,0,0,0,0,0,0,0,0,0,0,0,0,0,0,0,0,0,0,0,0,0,0,0,0,0,0,0,0,0,0,0,0,0,0,0,0,0,0,0,0,0,0,0,0,0,0,0,0,0,0,0,0,0,0,0,0,0,0,0,0,0,0,0,0,0,0,0,0,0,0,0,0,0,0,0,0,0,0,0,0,0,0,0,0,0,0,0,0,0,0,0,0,0,0,0,0,0,0,0,0,0,0,0,0,0,0,0,0,0,0,0,0,0,0,0,0,0,0,0,0,0,0,0,0,0,0,0,0,0,0,0,0,0,0,0,0,0,0,0,0,0,0,0,0,0,0,0,0,0,0,0,0,0,0,0,0,0,0,0,0,0,0,0,0,0,0,0,0,0,0,0,0,0,0,0,0,0,0,0,0,0,0,0,0,0,0,0,0,0,0,0,0,0,0,0,0,0,0,0,0,0,0,0,0,0,0,0,0,0,0,0,0,0,0,0,0,0,0,0,0,0,0,0,0,0,0,0,0,0,0,0,0,0,0,0,0,0,0,0,0,0,0,0,0,0,0,0,0,0,0,0,0,0,0,0,0,0,0,0,0,0,0,0,0,0,0,0,0,0,0,0,0,0,0,0,0,0,0,0,0,0,0,0,0,0,0,0,0,0,0,0,0,0,0,0,0,0,0,0,0,0,0,0,0,0,0,0,0,0,0,0,0,0,0,0,0,0,0,0,0,0,0,0,0,0,0,0,0,0,0,0,0,0,0,0,0,0,0,0,0,0,0,0,0,0,0,0,0,0,0,0,0,0,0,0,0,0,0,0,0,0,0,0,0,0,0,0,0,0,0,0,0,0,0,0,0,0,0,0,0,0,0,0,0,0,0,0,0,0,0,0,0,0,0,0,0,0,0,0,0,0,0,0,0,0,0,0,0,0,0,0,0,0,0,0,0,0,0,0,0,0,0,0,0,0,0,0,0,0,0,0,0,0,0,0,0,0,0,0,0,0,0,0,0,0,0,0,0,0,0,0,0,0,0,0,0,0,0,0,0,0,0,0,0,0,0,0,0,0,0,0,0,0,0,0,0,0,0,0,0,0,0,0,0,0,0,0,0,0,0,0,0,0,0,0,0,0,0,0,0,0,0,0,0,0,0,0,0,0,0,0,0,0,0,0,0,0,0,0,0,0,0,0,0,0,0,0,0,0,0,0,0,0,0,0,0,0,0,0,0,0,0,0,0,0,0,0,0,0,0,0,0,0,0,0,0,0,0,0,0,0,0,0,0,0,0,0,0,0,0,0,0,0,0,0,0,0,0,0,0,0,0,0,0,0,0,0,0,0,0,0,0,0,0,0,0,0,0,0,0,0,0,0,0,0,0,0,0,0,0,0,0,0,0,0,0,0,0,0,0,0,0,0,0,0,0,0,0,0,0,0,0,0,0,0,0,0,0,0,0,0,0,0,0,0,0,0,0,0,0,0,0,0,0,0,0,0,0,0,0,0,0,0,0,0,0,0,0,0,0,0,0,0,0,0,0,0,0,0,0,0,0,0,0,0,0,0,0,0,0,0,0,0,0,0,0,"40S (0), Abundant (0), Accurate (0), Accurately (0), Active (0), Actively (0), Activities (0), Activity (0), Add (0), Adding (0), Additionally (0), Adds (0), Adjacent (0), Adorned (0), Adult (0), Adults (0), Afternoon (0), Age (0), Aged (0), Ages (0)"
typical_country_no_revise,Germany,dairy,"A typical dairy farm in Germany.I NEED to test how the tool works with extremely simple prompts. DO NOT add any detail, just use it AS-IS:",sd3.5-large,0,0,0,0,0,0,0,0,0,0,0,0,0,0,0,0,0,0,0,0,0,0,0,0,0,0,0,0,0,0,0,0,0,0,0,0,0,0,0,0,0,0,0,0,0,0,0,0,0,0,0,0,0,0,0,0,0,0,0,0,0,0,0,0,0,0,0,0,0,0,0,0,0,0,0,0,0,0,0,0,0,0,0,0,0,0,0,0,0,0,0,0,0,0,0,0,0,0,0,0,0,0,0,0,0,0,0,0,0,0,0,0,0,0,0,0,0,0,0,0,0,0,0,0,0,0,0,0,0,0,0,0,0,0,0,0,0,0,0,0,0,0,0,0,0,0,0,0,0,0,0,0,0,0,0,0,0,0,0,0,0,0,0,0,0,0,0,0,0,0,0,0,0,0,0,0,0,0,0,0,0,0,0,0,0,0,0,0,0,0,0,0,0,0,0,0,0,0,0,0,0,0,0,0,0,0,0,0,0,0,0,0,0,0,0,0,0,0,0,0,0,0,0,0,0,0,0,0,0,0,0,0,0,0,0,0,0,0,0,0,0,0,0,0,0,0,0,0,0,0,0,0,0,0,0,0,0,0,0,0,0,0,0,0,0,0,0,0,0,0,0,0,0,0,0,0,0,0,0,0,0,0,0,0,0,0,0,0,0,0,0,0,0,0,0,0,0,0,0,0,0,0,0,0,0,0,0,0,0,0,0,0,0,0,0,0,0,0,0,0,0,0,0,0,0,0,0,0,0,0,0,0,0,0,0,0,0,0,0,0,0,0,0,0,0,0,0,0,0,0,0,0,0,0,0,0,0,0,0,0,0,0,0,0,0,0,0,0,0,0,0,0,0,0,0,0,0,0,0,0,0,0,0,0,0,0,0,0,0,0,0,0,0,0,0,0,0,0,0,0,0,0,0,0,0,0,0,0,0,0,0,0,0,0,0,0,0,0,0,0,0,0,0,0,0,0,0,0,0,0,0,0,0,0,0,0,0,0,0,0,0,0,0,0,0,0,0,0,0,0,0,0,0,0,0,0,0,0,0,0,0,0,0,0,0,0,0,0,0,0,0,0,0,0,0,0,0,0,0,0,0,0,0,0,0,0,0,0,0,0,0,0,0,0,0,0,0,0,0,0,0,0,0,0,0,0,0,0,0,0,0,0,0,0,0,0,0,0,0,0,0,0,0,0,0,0,0,0,0,0,0,0,0,0,0,0,0,0,0,0,0,0,0,0,0,0,0,0,0,0,0,0,0,0,0,0,0,0,0,0,0,0,0,0,0,0,0,0,0,0,0,0,0,0,0,0,0,0,0,0,0,0,0,0,0,0,0,0,0,0,0,0,0,0,0,0,0,0,0,0,0,0,0,0,0,0,0,0,0,0,0,0,0,0,0,0,0,0,0,0,0,0,0,0,0,0,0,0,0,0,0,0,0,0,0,0,0,0,0,0,0,0,0,0,0,0,0,0,0,0,0,0,0,0,0,0,0,0,0,0,0,0,0,0,0,0,0,0,0,0,0,0,0,0,0,0,0,0,0,0,0,0,0,0,0,0,0,0,0,0,0,0,0,0,0,0,0,0,0,0,0,0,0,0,0,0,0,0,0,0,0,0,0,0,0,0,0,0,0,0,0,0,0,0,0,0,0,0,0,0,0,0,0,0,0,0,0,0,0,0,0,0,0,0,0,0,0,0,0,0,0,0,0,0,0,0,0,0,0,0,0,0,0,0,0,0,0,0,0,0,0,0,0,0,0,0,0,0,0,0,0,"40S (0), Abundant (0), Accurate (0), Accurately (0), Active (0), Actively (0), Activities (0), Activity (0), Add (0), Adding (0), Additionally (0), Adds (0), Adjacent (0), Adorned (0), Adult (0), Adults (0), Afternoon (0), Age (0), Aged (0), Ages (0)"
typical_country_no_revise,New Zealand,dairy,"A typical dairy farm in New Zealand.I NEED to test how the tool works with extremely simple prompts. DO NOT add any detail, just use it AS-IS:",sd3.5-large,0,0,0,0,0,0,0,0,0,0,0,0,0,0,0,0,0,0,0,0,0,0,0,0,0,0,0,0,0,0,0,0,0,0,0,0,0,0,0,0,0,0,0,0,0,0,0,0,0,0,0,0,0,0,0,0,0,0,0,0,0,0,0,0,0,0,0,0,0,0,0,0,0,0,0,0,0,0,0,0,0,0,0,0,0,0,0,0,0,0,0,0,0,0,0,0,0,0,0,0,0,0,0,0,0,0,0,0,0,0,0,0,0,0,0,0,0,0,0,0,0,0,0,0,0,0,0,0,0,0,0,0,0,0,0,0,0,0,0,0,0,0,0,0,0,0,0,0,0,0,0,0,0,0,0,0,0,0,0,0,0,0,0,0,0,0,0,0,0,0,0,0,0,0,0,0,0,0,0,0,0,0,0,0,0,0,0,0,0,0,0,0,0,0,0,0,0,0,0,0,0,0,0,0,0,0,0,0,0,0,0,0,0,0,0,0,0,0,0,0,0,0,0,0,0,0,0,0,0,0,0,0,0,0,0,0,0,0,0,0,0,0,0,0,0,0,0,0,0,0,0,0,0,0,0,0,0,0,0,0,0,0,0,0,0,0,0,0,0,0,0,0,0,0,0,0,0,0,0,0,0,0,0,0,0,0,0,0,0,0,0,0,0,0,0,0,0,0,0,0,0,0,0,0,0,0,0,0,0,0,0,0,0,0,0,0,0,0,0,0,0,0,0,0,0,0,0,0,0,0,0,0,0,0,0,0,0,0,0,0,0,0,0,0,0,0,0,0,0,0,0,0,0,0,0,0,0,0,0,0,0,0,0,0,0,0,0,0,0,0,0,0,0,0,0,0,0,0,0,0,0,0,0,0,0,0,0,0,0,0,0,0,0,0,0,0,0,0,0,0,0,0,0,0,0,0,0,0,0,0,0,0,0,0,0,0,0,0,0,0,0,0,0,0,0,0,0,0,0,0,0,0,0,0,0,0,0,0,0,0,0,0,0,0,0,0,0,0,0,0,0,0,0,0,0,0,0,0,0,0,0,0,0,0,0,0,0,0,0,0,0,0,0,0,0,0,0,0,0,0,0,0,0,0,0,0,0,0,0,0,0,0,0,0,0,0,0,0,0,0,0,0,0,0,0,0,0,0,0,0,0,0,0,0,0,0,0,0,0,0,0,0,0,0,0,0,0,0,0,0,0,0,0,0,0,0,0,0,0,0,0,0,0,0,0,0,0,0,0,0,0,0,0,0,0,0,0,0,0,0,0,0,0,0,0,0,0,0,0,0,0,0,0,0,0,0,0,0,0,0,0,0,0,0,0,0,0,0,0,0,0,0,0,0,0,0,0,0,0,0,0,0,0,0,0,0,0,0,0,0,0,0,0,0,0,0,0,0,0,0,0,0,0,0,0,0,0,0,0,0,0,0,0,0,0,0,0,0,0,0,0,0,0,0,0,0,0,0,0,0,0,0,0,0,0,0,0,0,0,0,0,0,0,0,0,0,0,0,0,0,0,0,0,0,0,0,0,0,0,0,0,0,0,0,0,0,0,0,0,0,0,0,0,0,0,0,0,0,0,0,0,0,0,0,0,0,0,0,0,0,0,0,0,0,0,0,0,0,0,0,0,0,0,0,0,0,0,0,0,0,0,0,0,0,0,0,0,0,0,0,0,0,0,0,0,0,0,0,0,0,0,0,0,0,0,0,0,0,0,0,0,0,0,0,0,0,0,0,0,0,0,0,0,0,0,0,0,0,0,0,0,"40S (0), Abundant (0), Accurate (0), Accurately (0), Active (0), Actively (0), Activities (0), Activity (0), Add (0), Adding (0), Additionally (0), Adds (0), Adjacent (0), Adorned (0), Adult (0), Adults (0), Afternoon (0), Age (0), Aged (0), Ages (0)"
typical_country_no_revise,the United States,pig,"A typical pig farm in the United States.I NEED to test how the tool works with extremely simple prompts. DO NOT add any detail, just use it AS-IS:",sd3.5-large,0,0,0,0,0,0,0,0,0,0,0,0,0,0,0,0,0,0,0,0,0,0,0,0,0,0,0,0,0,0,0,0,0,0,0,0,0,0,0,0,0,0,0,0,0,0,0,0,0,0,0,0,0,0,0,0,0,0,0,0,0,0,0,0,0,0,0,0,0,0,0,0,0,0,0,0,0,0,0,0,0,0,0,0,0,0,0,0,0,0,0,0,0,0,0,0,0,0,0,0,0,0,0,0,0,0,0,0,0,0,0,0,0,0,0,0,0,0,0,0,0,0,0,0,0,0,0,0,0,0,0,0,0,0,0,0,0,0,0,0,0,0,0,0,0,0,0,0,0,0,0,0,0,0,0,0,0,0,0,0,0,0,0,0,0,0,0,0,0,0,0,0,0,0,0,0,0,0,0,0,0,0,0,0,0,0,0,0,0,0,0,0,0,0,0,0,0,0,0,0,0,0,0,0,0,0,0,0,0,0,0,0,0,0,0,0,0,0,0,0,0,0,0,0,0,0,0,0,0,0,0,0,0,0,0,0,0,0,0,0,0,0,0,0,0,0,0,0,0,0,0,0,0,0,0,0,0,0,0,0,0,0,0,0,0,0,0,0,0,0,0,0,0,0,0,0,0,0,0,0,0,0,0,0,0,0,0,0,0,0,0,0,0,0,0,0,0,0,0,0,0,0,0,0,0,0,0,0,0,0,0,0,0,0,0,0,0,0,0,0,0,0,0,0,0,0,0,0,0,0,0,0,0,0,0,0,0,0,0,0,0,0,0,0,0,0,0,0,0,0,0,0,0,0,0,0,0,0,0,0,0,0,0,0,0,0,0,0,0,0,0,0,0,0,0,0,0,0,0,0,0,0,0,0,0,0,0,0,0,0,0,0,0,0,0,0,0,0,0,0,0,0,0,0,0,0,0,0,0,0,0,0,0,0,0,0,0,0,0,0,0,0,0,0,0,0,0,0,0,0,0,0,0,0,0,0,0,0,0,0,0,0,0,0,0,0,0,0,0,0,0,0,0,0,0,0,0,0,0,0,0,0,0,0,0,0,0,0,0,0,0,0,0,0,0,0,0,0,0,0,0,0,0,0,0,0,0,0,0,0,0,0,0,0,0,0,0,0,0,0,0,0,0,0,0,0,0,0,0,0,0,0,0,0,0,0,0,0,0,0,0,0,0,0,0,0,0,0,0,0,0,0,0,0,0,0,0,0,0,0,0,0,0,0,0,0,0,0,0,0,0,0,0,0,0,0,0,0,0,0,0,0,0,0,0,0,0,0,0,0,0,0,0,0,0,0,0,0,0,0,0,0,0,0,0,0,0,0,0,0,0,0,0,0,0,0,0,0,0,0,0,0,0,0,0,0,0,0,0,0,0,0,0,0,0,0,0,0,0,0,0,0,0,0,0,0,0,0,0,0,0,0,0,0,0,0,0,0,0,0,0,0,0,0,0,0,0,0,0,0,0,0,0,0,0,0,0,0,0,0,0,0,0,0,0,0,0,0,0,0,0,0,0,0,0,0,0,0,0,0,0,0,0,0,0,0,0,0,0,0,0,0,0,0,0,0,0,0,0,0,0,0,0,0,0,0,0,0,0,0,0,0,0,0,0,0,0,0,0,0,0,0,0,0,0,0,0,0,0,0,0,0,0,0,0,0,0,0,0,0,0,0,0,0,0,0,0,0,0,0,0,0,0,0,0,0,0,0,0,0,0,0,0,0,0,0,0,0,0,0,0,0,0,0,0,0,0,0,0,0,0,"40S (0), Abundant (0), Accurate (0), Accurately (0), Active (0), Actively (0), Activities (0), Activity (0), Add (0), Adding (0), Additionally (0), Adds (0), Adjacent (0), Adorned (0), Adult (0), Adults (0), Afternoon (0), Age (0), Aged (0), Ages (0)"
typical_country_no_revise,Spain,pig,"A typical pig farm in Spain.I NEED to test how the tool works with extremely simple prompts. DO NOT add any detail, just use it AS-IS:",sd3.5-large,0,0,0,0,0,0,0,0,0,0,0,0,0,0,0,0,0,0,0,0,0,0,0,0,0,0,0,0,0,0,0,0,0,0,0,0,0,0,0,0,0,0,0,0,0,0,0,0,0,0,0,0,0,0,0,0,0,0,0,0,0,0,0,0,0,0,0,0,0,0,0,0,0,0,0,0,0,0,0,0,0,0,0,0,0,0,0,0,0,0,0,0,0,0,0,0,0,0,0,0,0,0,0,0,0,0,0,0,0,0,0,0,0,0,0,0,0,0,0,0,0,0,0,0,0,0,0,0,0,0,0,0,0,0,0,0,0,0,0,0,0,0,0,0,0,0,0,0,0,0,0,0,0,0,0,0,0,0,0,0,0,0,0,0,0,0,0,0,0,0,0,0,0,0,0,0,0,0,0,0,0,0,0,0,0,0,0,0,0,0,0,0,0,0,0,0,0,0,0,0,0,0,0,0,0,0,0,0,0,0,0,0,0,0,0,0,0,0,0,0,0,0,0,0,0,0,0,0,0,0,0,0,0,0,0,0,0,0,0,0,0,0,0,0,0,0,0,0,0,0,0,0,0,0,0,0,0,0,0,0,0,0,0,0,0,0,0,0,0,0,0,0,0,0,0,0,0,0,0,0,0,0,0,0,0,0,0,0,0,0,0,0,0,0,0,0,0,0,0,0,0,0,0,0,0,0,0,0,0,0,0,0,0,0,0,0,0,0,0,0,0,0,0,0,0,0,0,0,0,0,0,0,0,0,0,0,0,0,0,0,0,0,0,0,0,0,0,0,0,0,0,0,0,0,0,0,0,0,0,0,0,0,0,0,0,0,0,0,0,0,0,0,0,0,0,0,0,0,0,0,0,0,0,0,0,0,0,0,0,0,0,0,0,0,0,0,0,0,0,0,0,0,0,0,0,0,0,0,0,0,0,0,0,0,0,0,0,0,0,0,0,0,0,0,0,0,0,0,0,0,0,0,0,0,0,0,0,0,0,0,0,0,0,0,0,0,0,0,0,0,0,0,0,0,0,0,0,0,0,0,0,0,0,0,0,0,0,0,0,0,0,0,0,0,0,0,0,0,0,0,0,0,0,0,0,0,0,0,0,0,0,0,0,0,0,0,0,0,0,0,0,0,0,0,0,0,0,0,0,0,0,0,0,0,0,0,0,0,0,0,0,0,0,0,0,0,0,0,0,0,0,0,0,0,0,0,0,0,0,0,0,0,0,0,0,0,0,0,0,0,0,0,0,0,0,0,0,0,0,0,0,0,0,0,0,0,0,0,0,0,0,0,0,0,0,0,0,0,0,0,0,0,0,0,0,0,0,0,0,0,0,0,0,0,0,0,0,0,0,0,0,0,0,0,0,0,0,0,0,0,0,0,0,0,0,0,0,0,0,0,0,0,0,0,0,0,0,0,0,0,0,0,0,0,0,0,0,0,0,0,0,0,0,0,0,0,0,0,0,0,0,0,0,0,0,0,0,0,0,0,0,0,0,0,0,0,0,0,0,0,0,0,0,0,0,0,0,0,0,0,0,0,0,0,0,0,0,0,0,0,0,0,0,0,0,0,0,0,0,0,0,0,0,0,0,0,0,0,0,0,0,0,0,0,0,0,0,0,0,0,0,0,0,0,0,0,0,0,0,0,0,0,0,0,0,0,0,0,0,0,0,0,0,0,0,0,0,0,0,0,0,0,0,0,0,0,0,0,0,0,0,0,0,0,0,0,0,0,0,0,0,0,0,0,0,0,0,0,0,0,0,"40S (0), Abundant (0), Accurate (0), Accurately (0), Active (0), Actively (0), Activities (0), Activity (0), Add (0), Adding (0), Additionally (0), Adds (0), Adjacent (0), Adorned (0), Adult (0), Adults (0), Afternoon (0), Age (0), Aged (0), Ages (0)"
typical_country_no_revise,Australia,pig,"A typical pig farm in Australia.I NEED to test how the tool works with extremely simple prompts. DO NOT add any detail, just use it AS-IS:",sd3.5-large,0,0,0,0,0,0,0,0,0,0,0,0,0,0,0,0,0,0,0,0,0,0,0,0,0,0,0,0,0,0,0,0,0,0,0,0,0,0,0,0,0,0,0,0,0,0,0,0,0,0,0,0,0,0,0,0,0,0,0,0,0,0,0,0,0,0,0,0,0,0,0,0,0,0,0,0,0,0,0,0,0,0,0,0,0,0,0,0,0,0,0,0,0,0,0,0,0,0,0,0,0,0,0,0,0,0,0,0,0,0,0,0,0,0,0,0,0,0,0,0,0,0,0,0,0,0,0,0,0,0,0,0,0,0,0,0,0,0,0,0,0,0,0,0,0,0,0,0,0,0,0,0,0,0,0,0,0,0,0,0,0,0,0,0,0,0,0,0,0,0,0,0,0,0,0,0,0,0,0,0,0,0,0,0,0,0,0,0,0,0,0,0,0,0,0,0,0,0,0,0,0,0,0,0,0,0,0,0,0,0,0,0,0,0,0,0,0,0,0,0,0,0,0,0,0,0,0,0,0,0,0,0,0,0,0,0,0,0,0,0,0,0,0,0,0,0,0,0,0,0,0,0,0,0,0,0,0,0,0,0,0,0,0,0,0,0,0,0,0,0,0,0,0,0,0,0,0,0,0,0,0,0,0,0,0,0,0,0,0,0,0,0,0,0,0,0,0,0,0,0,0,0,0,0,0,0,0,0,0,0,0,0,0,0,0,0,0,0,0,0,0,0,0,0,0,0,0,0,0,0,0,0,0,0,0,0,0,0,0,0,0,0,0,0,0,0,0,0,0,0,0,0,0,0,0,0,0,0,0,0,0,0,0,0,0,0,0,0,0,0,0,0,0,0,0,0,0,0,0,0,0,0,0,0,0,0,0,0,0,0,0,0,0,0,0,0,0,0,0,0,0,0,0,0,0,0,0,0,0,0,0,0,0,0,0,0,0,0,0,0,0,0,0,0,0,0,0,0,0,0,0,0,0,0,0,0,0,0,0,0,0,0,0,0,0,0,0,0,0,0,0,0,0,0,0,0,0,0,0,0,0,0,0,0,0,0,0,0,0,0,0,0,0,0,0,0,0,0,0,0,0,0,0,0,0,0,0,0,0,0,0,0,0,0,0,0,0,0,0,0,0,0,0,0,0,0,0,0,0,0,0,0,0,0,0,0,0,0,0,0,0,0,0,0,0,0,0,0,0,0,0,0,0,0,0,0,0,0,0,0,0,0,0,0,0,0,0,0,0,0,0,0,0,0,0,0,0,0,0,0,0,0,0,0,0,0,0,0,0,0,0,0,0,0,0,0,0,0,0,0,0,0,0,0,0,0,0,0,0,0,0,0,0,0,0,0,0,0,0,0,0,0,0,0,0,0,0,0,0,0,0,0,0,0,0,0,0,0,0,0,0,0,0,0,0,0,0,0,0,0,0,0,0,0,0,0,0,0,0,0,0,0,0,0,0,0,0,0,0,0,0,0,0,0,0,0,0,0,0,0,0,0,0,0,0,0,0,0,0,0,0,0,0,0,0,0,0,0,0,0,0,0,0,0,0,0,0,0,0,0,0,0,0,0,0,0,0,0,0,0,0,0,0,0,0,0,0,0,0,0,0,0,0,0,0,0,0,0,0,0,0,0,0,0,0,0,0,0,0,0,0,0,0,0,0,0,0,0,0,0,0,0,0,0,0,0,0,0,0,0,0,0,0,0,0,0,0,0,0,0,0,0,0,0,0,0,0,0,0,0,0,0,0,0,0,0,0,0,0,0,0,"40S (0), Abundant (0), Accurate (0), Accurately (0), Active (0), Actively (0), Activities (0), Activity (0), Add (0), Adding (0), Additionally (0), Adds (0), Adjacent (0), Adorned (0), Adult (0), Adults (0), Afternoon (0), Age (0), Aged (0), Ages (0)"
