generation_type,country,farm_type,prompt,model,accurate depiction typical,adult pigs,adult pigs piglets,afternoon sun,aged caucasian,aged caucasian man,aged hispanic,aged south,aged south asian,ages sizes,air filled,american dairy,american dairy farm,american pig,american pig farm,area pigs,areas pigs,asian descent,asian farmer,asian female,asian female farmer,asian male,asian male farmer,asian man,asian woman,attending animals,attending pigs,australian landscape,australian outback,australian pig,australian pig farm,australian sun,authentic representation,average dairy,average dairy farm,average pig,average pig farm,azure sky,backdrop clear,backdrop rolling,backdrop rolling hills,bales hay,bales scattered,bales stacked,barn background,barn center,barn distance,barn hay,barn milking,barn nearby,barn painted,barn painted red,barn red,barn rustic,barn silo,barn stands,barn stands tall,barn weather,barn weather vane,barn weathered,barn white,barn white trim,barns milking,barns painted,barns scattered,barns silos,barns white,big red,big red barn,black female,black male,black man,black white,black white brown,black white cows,black white holstein,black white markings,black white patches,black white patterns,black woman,blue fluffy,blue fluffy white,blue overalls,blue skies,blue sky,blue sky dotted,blue sky farm,blue sky fluffy,blue sky overhead,blue sky scattered,breeds cows,breeds grazing,breeds grazing peacefully,bright blue,bright blue sky,bright clear,bright sunny,bright sunny day,brilliant blue,brimmed hat,bucket feed,buildings background,busily tending,bustling activity,bustling dairy,bustling dairy farm,bustling pig,bustling pig farm,busy daily,busy tending,care animals,care pigs,carrying bucket,casting long,casting long shadows,casting soft,casting warm,caucasian black,caucasian descent,caucasian farmer,caucasian female,caucasian hispanic,caucasian hispanic black,caucasian male,caucasian male farmer,caucasian man,caucasian middle,caucasian middle eastern,caucasian south,caucasian south asian,caucasian woman,classic red,classic red barn,clear azure,clear blue,clear blue skies,clear blue sky,clear sky,clear sunny,clouds farm,clouds scattered,cloudy sky,corrugated iron,countryside germany,countryside scene,countryside spain,cows black,cows black white,cows different,cows different breeds,cows farm,cows feeding,cows graze,cows grazing,cows grazing green,cows grazing lush,cows grazing peacefully,cows known,cows known distinctive,cows lazily,cows lazily grazing,cows leisurely,cows leisurely grazing,cows milking,cows peacefully,cows peacefully grazing,cows various,cows various breeds,cows varying,create detailed,create detailed image,create image depicting,create realistic,create realistic image,cumulus clouds,daily activities,daily chores,daily tasks,dairy cows grazing,dairy farm landscape,dairy farm located,dairy farm nestled,dairy farm scene,dairy farm set,dairy farm situated,dairy farming,day clear,day day,day farm,day sky,day work,denim overalls,denim overalls straw,depict typical,depict typical dairy,depict typical pig,depicting typical dairy,depicting typical pig,depicts typical,descent wearing,descents caucasian,descents caucasian hispanic,descents genders,descents including,descents like,descents like caucasian,detailed depiction,detailed image,details like,different ages,different ages sizes,different breeds,different breeds grazing,different descents,different genders,different genders descents,different sizes,different sizes colors,dirt path,dirt road,distance red,distance rolling,distance rolling hills,distant mountains,distant rolling,distant rolling hills,distinctive black,distinctive black white,diverse descents,diverse genders,doors wide,doors wide open,dot landscape,dotted black,dotted black white,dotted fluffy,dotted fluffy white,dotted grazing,dotted healthy,dotted holstein,dotted numerous,dotting landscape,driving tractor,early morning,early morning sun,east asian,eastern descent,eastern female,eastern male,eastern male farmer,eastern man,eastern woman,elements like,enclosed wooden,engaged daily,entire scene,equipment like,equipment scattered,essence rural,eucalyptus trees,expansive dairy,expansive dairy farm,expansive fields,expansive green,expansive pig,expansive pig farm,expansive view,far distance,far eye,farm building,farm buildings,farm consists,farm day,farm environment,farm equipment,farm equipment scattered,farm farm,farm features,farm filled,farm foreground,farm house,farm image,farm include,farm includes,farm landscape,farm large,farm life,farm located,farm located australia,farm located countryside,farm located germany,farm located new,farm located rural,farm located spain,farm located united,farm machinery,farm nestled,farm numerous,farm picture,farm pigs,farm rural,farm set,farm situated,farm situated rural,farm structures,farm sunny,farm sunny day,farm surrounded,farm workers,farmer asian,farmer caucasian,farmer caucasian male,farmer caucasian man,farmer dressed,farmer hispanic,farmer hispanic descent,farmer house,farmer middle,farmer middle aged,farmer middle eastern,farmer overalls,farmer seen,farmer south,farmer south asian,farmer tending,farmer tending cows,farmer wearing,farmers caucasian,farmers different,farmers diverse,farmers male,farmers male female,farmers men,farmers men women,farmers middle,farmhouse painted,farmhouse red,farming attire,farming equipment,farming machinery,farming tools,farms new,farms new zealand,feed troughs,feeding areas,feeding cows,feeding pigs,feeding pigs maintaining,feeding troughs,feeding troughs filled,female farmer,female farmhand,fence enclosing,fenced area,fenced areas,field dotted,fields clear,fields clear blue,fields dotted,fields grazing,fields green,fields stretch,filled food,filled healthy,filled numerous,filled pigs,fluffy clouds,fluffy white clouds,food water,freely roaming,fresh green,fresh milk,friesian cows,friesian cows grazing,frolicking mud,fully grown,genders descents,genders descents caucasian,generate image depicting,generate image showcasing,generate image showing,generate image typical,generate realistic,generate realistic image,gentle breeze,gently rolling,german architecture,german countryside,german dairy,germany farm,glow setting,glow setting sun,going daily,golden glow,golden hue,graze peacefully,grazing contentedly,grazing cows,grazing fields,grazing fresh,grazing green,grazing green pastures,grazing holstein,grazing holstein cows,grazing leisurely,grazing lush,grazing lush green,grazing peacefully,grazing traditional,grazing verdant,green field,green fields,green fields clear,green fields dotted,green grass,green hills,green landscapes,green meadows,green pasture,green pastures,green pastures clear,green pastures cows,green pastures dotted,green pastures holstein,green pastures stretch,green rolling,green trees,gum trees,happily roaming,happily wallowing,hard work,hat overalls,hat seen,hat tending,hay bales,hay bales scattered,hay bales stacked,hay scattered,haystacks scattered,healthy cows,healthy grazing,healthy pigs,heartland united,heartland united states,herd healthy,herd holstein,hills background,hills clear,hills clear blue,hills dotted,hispanic black,hispanic caucasian,hispanic descent,hispanic female,hispanic female farmer,hispanic male,hispanic man,hispanic middle,hispanic middle eastern,hispanic woman,holstein cows,holstein cows grazing,holstein cows known,holstein friesian,holstein friesian cows,holstein jersey,housing pigs,idyllic rural,idyllic scene,illustrate typical,illustrate typical dairy,illustrate typical pig,illustrating typical,illustration typical,illustration typical pig,image accurately,image capture,image depicting,image depicting typical,image illustrating,image illustrating typical,image include,image portraying,image representing,image representing typical,image showcasing,image showcasing typical,image showing,image showing typical,imagine typical,include details,include elements,include farm,include farmer,include farmers,include large,include vast,includes large,including caucasian,jersey cows,known distinctive,known distinctive black,landscape dairy,landscape dotted,landscape new,landscape new zealand,landscapes new,landscapes new zealand,large barn,large barns,large open,large outdoor,large red,large red barn,late afternoon,lazily grazing,leisurely grazing,like caucasian,like feeding,like tractors,located australia,located countryside,located germany,located new,located new zealand,located rural,located spain,located united,located united states,long shadows,lush grass,lush green,lush green fields,lush green grass,lush green pasture,lush green pastures,lush pastures,lush rolling,maintaining farm,make sure,male farmer,male female,man wearing,mature pigs,mature trees,men women,men women different,men women diverse,middle aged,middle aged caucasian,middle aged hispanic,middle aged south,middle eastern,middle eastern descent,middle eastern female,middle eastern male,middle eastern man,middle eastern woman,milking cow,milking cows,milking equipment,milking machines,milking parlor,milking parlors,mix men,mix men women,modern farming,modern milking,morning sun,mud patches,mud pits,mud pools,mud puddles,muddy field,multiple pigs,near barn,nearby farm,nearby farmer,nearby large,nearby red,neatly stacked,nestled amidst,new zealand landscape,number pigs,numerous healthy,numerous holstein,numerous holstein cows,numerous pigs,numerous pigs various,numerous pigs varying,oak trees,old fashioned,olive trees,open air,open field,open fields,open green,open pastures,open sky,open space,outdoor area,overalls rubber,overalls seen,overalls straw,overalls straw hat,overalls tending,painted red,painted red white,painted rustic,painted traditional,painted traditional red,painted white,panoramic view,parked near,parked nearby,partly cloudy,partly cloudy sky,pastoral scene,pastures clear,pastures clear blue,pastures cows,pastures cows grazing,pastures dotted,pastures dotted black,pastures filled,pastures grazing,pastures holstein,pastures holstein cows,pastures stretch,peaceful rural,peacefully grazing,pens filled,pens pigs,picket fence,picture typical,picturesque dairy,picturesque dairy farm,picturesque scene,picturesque view,pig farm located,pig farm nestled,pig farm situated,pig farming,pig pens,piglets mature,pigs different,pigs different ages,pigs different sizes,pigs feeding,pigs happily,pigs maintaining,pigs piglets,pigs roam,pigs roam freely,pigs roaming,pigs roaming freely,pigs seen,pigs various,pigs various ages,pigs various sizes,pigs varying,pigs varying sizes,pigs wallow,pink black,pink brown,pink pigs,plaid shirt,playing mud,portrayal typical,provide shade,providing shade,quaint farmhouse,realistic image typical,red barn,red barn background,red barn distance,red barn silo,red barn stands,red barn weather,red barn white,red barns,red barns white,red brick,red paint,red roof,red roofed,red roofs,red tiled,red tiled roof,red white,red wooden,representation average,representing typical,roam freely,roaming freely,rolling green,rolling green fields,rolling green hills,rolling green pastures,rolling hills,rolling hills background,rolling hills clear,rolling mud,rolling pastures,roof stands,rooting mud,rubber boots,rural charm,rural landscape,rural landscapes,rural life,rural scene,rural setting,rural united,rural united states,rustic barn,rustic charm,rustic farmhouse,rustic red,rustic red barn,rustic wooden,rustic wooden barn,scattered area,scattered clouds,scattered farm,scattered field,scattered fields,scattered fluffy,scattered landscape,scene captures,scene dairy,scene dairy farm,scene depict,scene include large,scene includes,scene includes large,scene pig,scene pig farm,scene set,scene showcases,scene typical,scene typical dairy,scenic view,seen background,seen distance,seen feeding,seen grazing,seen roaming,seen tending,seen tending animals,seen tending cows,seen tending pigs,serene dairy,serene dairy farm,serene rural,setting sun,shades pink,shirt jeans,showcasing typical,showcasing typical dairy,showcasing typical pig,showing typical,situated rural,sizes ages,sizes colors,sizes happily,sizes piglets,sizes roaming,sizes seen,skies overhead,sky bright,sky clear,sky clear blue,sky dotted,sky dotted fluffy,sky farm,sky fluffy,sky fluffy white,sky nearby,sky overhead,sky scattered,small pond,snow capped,south asian,south asian descent,south asian female,south asian male,south asian man,south asian woman,spanish architecture,spanish countryside,spanish farm,spanish pig,spanish pig farm,sprawling dairy,sprawling dairy farm,sprawling green,sprawling green pastures,stacked neatly,stacks hay,standing tall,stands distance,stands proudly,stands tall,states farm,states image,states picture,states scene include,states scene includes,straw hat,straw hat overalls,straw hat tending,straw hats,stretch far,stretch far eye,stretch horizon,stretching horizon,sturdy wooden,sun casting,sun casting long,sun casts,sun setting,sun shining,sunny day,sunny sky,surrounded lush,surrounded wooden,surrounded wooden fence,surrounded wooden fences,surrounding farm,taking care,taking care pigs,tall silo,tall trees,tasks feeding,tending animals,tending cows,tending farm,tending pigs,terracotta roofs,thatched roof,tiled roof,tiled roofs,timber framed,tin roof,tractor parked,tractor parked near,tractor parked nearby,tractor seen,tractors hay,traditional barn,traditional dairy,traditional dairy farm,traditional farm,traditional german,traditional german architecture,traditional pig,traditional pig farm,traditional red,traditional red barn,traditional spanish,traditional wooden,trees clear,trees dot,trees dotting,trees provide,trees providing,trees providing shade,trees scattered,troughs filled,troughs filled food,troughs scattered,typical american,typical day,typical farm,typical german,typical rural,typical scene,typical spanish,united states farm,united states picture,variety cows,variety pigs,various ages,various breeds,various breeds grazing,various descents,various elements,various farm,various farming,various sizes,various sizes ages,various sizes colors,various tasks,varying colors,varying descents,varying sizes,varying sizes colors,vast expanse,vast fields,vast green,vast green fields,vast green pastures,vast open,verdant fields,verdant pastures,vibrant blue,vibrant green,view pig,view pig farm,view typical,view typical dairy,visible background,visible distance,visual representation,visualize typical,visualize typical dairy,visualize typical pig,wallowing mud,warm glow,warm golden,warm sun,water trough,water troughs,wearing overalls,wearing straw,wearing straw hat,wearing typical,weather vane,weathered wood,weathered wooden,white barn,white black,white brown,white clouds,white cows,white cows grazing,white farmhouse,white fluffy,white fluffy clouds,white holstein,white holstein cows,white markings,white patches,white patterns,white picket,white picket fence,white trim,white walls,white wooden,whitewashed walls,wide brimmed,wide brimmed hat,wide open,wide open fields,winding dirt,woman farmer,woman seen,women different,women different descents,women diverse,wooden barn,wooden barns,wooden farmhouse,wooden fence,wooden fences,wooden fencing,wooden planks,work clothes,workers diverse,zealand landscape,top_20_words
basic,,dairy,A dairy farm.,dall-e-3,0,0,0,3,0,0,1,0,0,0,2,0,0,0,0,0,0,4,6,9,7,6,5,5,5,1,0,0,0,0,0,0,0,0,0,0,0,5,1,1,1,9,2,3,2,0,3,0,0,1,7,4,5,4,2,14,5,8,8,4,8,3,0,4,0,0,3,3,3,0,1,2,45,6,9,13,1,3,4,1,1,1,3,6,36,6,0,4,2,1,1,3,1,6,3,0,5,5,0,0,0,0,3,0,10,10,0,0,1,0,0,0,3,1,1,2,1,0,0,2,2,4,2,3,3,4,3,3,1,1,8,8,6,1,15,1,13,1,1,2,2,0,0,0,0,0,7,5,7,5,2,2,2,16,1,5,3,4,3,7,6,2,2,0,3,2,7,7,4,0,0,0,0,0,3,1,4,3,2,5,1,1,8,2,1,1,0,1,2,2,4,10,3,0,0,0,0,0,0,4,2,1,1,1,3,3,0,1,1,0,0,5,1,0,1,1,0,0,5,1,5,1,1,0,1,1,6,6,1,0,4,4,2,6,6,8,6,0,1,2,0,0,1,4,3,2,1,0,2,2,3,3,1,0,1,1,1,1,1,0,8,8,0,1,0,0,1,1,10,1,4,2,1,0,2,0,3,0,1,0,2,0,0,0,6,1,4,1,0,0,0,0,0,0,0,1,1,0,2,0,1,2,1,0,0,6,6,1,4,2,3,0,2,0,5,2,0,2,0,2,3,4,2,2,2,1,5,3,0,1,2,2,0,0,1,0,1,0,5,1,2,0,0,0,0,4,0,0,1,0,11,3,1,1,1,2,1,1,4,0,1,5,0,0,0,0,9,15,0,0,4,9,4,0,0,0,2,1,0,0,0,0,0,0,1,1,0,0,0,0,1,1,1,1,2,1,3,3,0,2,2,1,3,3,3,13,9,10,0,2,4,18,1,4,12,1,0,2,3,37,2,0,3,0,6,1,0,0,0,0,2,2,0,2,18,2,3,2,3,4,1,0,0,0,1,2,0,1,1,1,2,2,2,4,2,2,7,0,0,6,31,8,2,4,4,2,0,0,1,0,0,0,0,0,0,0,0,1,0,0,0,0,0,0,0,1,0,0,0,2,1,0,0,0,1,0,0,0,1,3,3,3,1,4,0,0,0,0,4,3,1,0,13,11,4,9,2,3,0,2,0,0,0,0,0,0,0,0,0,1,4,45,11,7,3,15,4,0,1,0,11,3,3,0,1,2,0,0,2,0,1,0,13,1,0,2,3,3,7,9,4,0,1,0,0,0,1,1,3,0,0,0,0,0,0,1,2,3,1,2,1,0,0,0,0,1,1,0,0,0,1,2,0,0,0,2,0,2,0,0,0,2,2,9,6,3,7,5,2,2,2,0,1,0,3,0,0,2,2,1,1,0,5,3,0,1,1,0,7,2,7,0,0,3,1,3,3,2,2,0,0,0,0,0,0,0,0,0,0,0,0,0,0,0,0,0,0,0,0,0,0,0,0,0,0,0,4,0,0,0,1,0,0,45,1,3,2,6,4,7,3,2,0,3,4,1,2,0,0,13,3,0,0,0,0,3,0,1,2,7,0,1,0,1,3,0,4,5,5,0,5,5,0,0,0,6,6,3,4,1,7,2,0,0,1,2,2,2,1,2,10,10,0,0,0,0,0,0,0,0,0,0,0,1,5,0,2,0,5,1,2,0,5,5,3,6,0,1,0,0,0,0,0,0,0,0,0,0,0,0,3,3,1,7,5,2,5,3,1,3,1,6,0,34,3,7,6,5,2,0,0,0,0,0,12,12,1,1,4,2,3,2,2,9,0,0,0,0,0,16,2,2,4,6,4,3,1,1,0,0,1,0,1,15,0,1,0,0,0,0,0,0,3,1,0,8,7,1,0,0,1,0,0,0,0,8,0,2,1,1,2,6,6,1,0,0,0,0,6,4,0,3,0,0,0,0,2,1,0,0,0,0,0,1,2,0,0,1,0,0,0,6,0,0,8,1,3,0,2,0,0,0,0,0,1,2,0,0,1,0,2,0,1,1,0,2,1,2,0,0,0,0,0,1,1,2,1,0,0,1,1,2,1,1,3,5,5,1,14,2,2,4,2,9,16,11,1,2,4,4,13,11,1,3,4,4,3,5,2,2,0,0,0,5,0,1,2,2,0,0,0,5,2,1,11,3,0,1,1,1,0,"black white (45), lush green (45), red barn (45), green pastures (37), blue sky (36), south asian (34), holstein cows (31), green fields (18), hay bales (18), cows grazing (16), straw hat (16), white clouds (16), clear blue (15), fluffy white clouds (15), lush green pastures (15), sunny day (15), barn stands (14), weather vane (14), black white holstein (13), clear blue sky (13)"
basic,,pig,A pig farm.,dall-e-3,0,7,3,5,0,0,1,3,3,2,3,0,0,0,0,2,3,1,0,2,2,2,1,3,7,0,2,0,0,0,0,0,0,0,0,0,0,2,1,0,0,3,3,0,7,0,2,4,0,1,2,2,2,0,2,10,3,5,4,2,1,0,0,1,0,0,1,2,2,1,0,4,3,0,0,0,0,0,0,1,1,0,0,0,24,1,3,1,3,1,0,0,0,5,5,2,1,1,2,1,2,0,2,1,0,0,17,17,0,0,0,0,3,5,3,1,4,0,1,3,1,1,0,5,2,2,0,0,0,0,2,6,3,2,16,0,11,3,1,0,1,0,0,0,3,0,0,0,0,0,0,0,0,0,0,0,0,0,0,0,0,0,0,0,0,0,0,0,0,0,0,0,0,0,0,0,0,1,0,0,0,0,0,0,0,0,2,0,4,0,4,6,0,0,0,0,0,0,0,2,1,1,0,0,0,0,0,0,0,2,2,1,0,0,1,1,7,3,0,2,1,0,0,0,0,0,0,0,0,0,3,3,4,0,0,2,2,0,1,0,0,0,0,3,2,3,1,2,3,3,3,1,0,2,1,0,0,1,1,0,0,0,0,1,8,8,3,1,2,2,4,5,10,0,2,0,8,0,3,4,2,0,0,2,0,1,4,3,0,1,0,0,0,0,0,0,3,1,2,4,0,2,1,0,3,5,3,11,2,1,6,3,1,2,4,2,0,7,4,3,1,1,2,2,2,0,3,1,1,0,0,0,0,0,0,2,1,0,3,0,1,0,0,1,1,0,9,1,4,1,6,0,1,4,1,1,1,1,0,0,2,3,2,1,2,0,8,11,1,2,0,0,0,0,1,5,1,0,0,0,0,0,0,0,3,1,0,0,0,0,4,4,0,1,1,0,0,0,0,0,0,0,0,0,1,0,0,1,1,0,3,13,1,0,7,3,0,0,2,8,0,0,0,0,0,0,3,0,1,3,4,2,0,2,15,3,0,2,1,0,0,1,0,0,0,0,1,0,0,1,0,0,3,1,0,1,1,0,0,4,0,0,0,0,0,0,0,5,2,0,0,0,0,0,0,0,1,2,0,0,0,1,0,0,0,0,0,0,0,0,0,0,0,0,0,0,0,1,0,0,0,0,0,1,0,0,0,0,6,0,0,0,6,6,5,0,0,0,0,0,0,1,0,0,0,0,0,0,0,3,1,11,5,0,1,2,0,0,0,0,6,1,0,2,2,0,0,0,5,0,1,3,13,1,2,3,3,1,0,0,0,0,0,0,0,0,0,0,4,2,1,0,6,1,1,5,0,2,2,3,1,1,0,3,2,0,0,2,2,0,1,2,0,0,3,4,0,0,2,0,0,3,3,1,1,2,5,4,3,1,1,2,0,3,1,0,0,5,0,0,0,0,0,0,0,0,0,0,0,0,2,0,1,1,0,0,0,0,0,3,2,1,1,4,2,9,2,7,0,6,1,3,3,2,3,2,3,24,1,16,17,14,2,5,0,13,3,4,0,2,3,3,0,35,4,2,2,6,4,1,3,1,0,6,3,0,2,0,0,8,2,0,0,4,6,6,4,2,0,3,0,0,8,0,4,3,3,0,10,0,3,17,8,0,0,3,7,0,6,3,5,1,3,0,1,2,1,1,0,2,0,0,0,0,0,0,5,5,3,0,0,0,1,1,2,1,0,3,3,0,0,1,0,0,1,10,4,0,0,0,0,0,0,2,8,3,5,2,0,0,1,9,3,2,1,3,1,0,2,6,1,2,0,11,0,1,2,2,5,0,0,0,0,0,0,0,1,1,2,1,1,2,1,9,0,0,0,0,0,13,2,1,1,1,1,1,1,8,2,2,0,2,0,11,0,2,5,2,2,2,0,0,1,3,0,6,0,2,6,0,0,0,0,0,1,4,2,0,2,0,1,0,0,0,0,0,1,1,5,3,0,6,0,4,0,1,2,2,1,3,2,0,0,1,3,0,1,0,0,0,0,0,2,1,1,0,1,0,0,0,17,1,3,0,0,0,14,2,1,1,0,0,0,1,4,0,1,2,2,2,0,0,2,2,1,1,0,1,9,6,1,1,0,0,2,6,5,1,9,2,2,0,0,0,12,0,0,0,1,1,0,0,0,0,0,1,1,4,1,4,1,1,1,7,0,0,2,0,0,0,0,8,5,1,17,24,1,1,2,0,0,"red barn (35), blue sky (24), pigs various (24), wooden fences (24), bustling pig (17), bustling pig farm (17), pigs varying (17), rural scene (17), various sizes (17), wooden fence (17), clear blue (16), pigs various sizes (16), hay bales (15), pigs varying sizes (14), varying sizes (14), green fields (13), middle eastern (13), pink pigs (13), straw hat (13), white clouds (12)"
basic_no_revise,,dairy,"A dairy farm.I NEED to test how the tool works with extremely simple prompts. DO NOT add any detail, just use it AS-IS:",dall-e-3,0,0,0,0,0,0,0,0,0,0,0,0,0,0,0,0,0,0,0,0,0,0,0,0,0,0,0,0,0,0,0,0,0,0,0,0,0,0,0,0,0,0,0,0,0,0,0,0,0,0,0,0,0,0,0,0,0,0,0,0,0,0,0,0,0,0,0,0,0,0,0,0,0,0,0,0,0,0,0,0,0,0,0,0,0,0,0,0,0,0,0,0,0,0,0,0,0,0,0,0,0,0,0,0,0,0,0,0,0,0,0,0,0,0,0,0,0,0,0,0,0,0,0,0,0,0,0,0,0,0,0,0,0,0,0,0,0,0,0,0,0,0,0,0,0,0,0,0,0,0,0,0,0,0,0,0,0,0,0,0,0,0,0,0,0,0,0,0,0,0,0,0,0,0,0,0,0,0,0,0,0,0,0,0,0,0,0,0,0,0,0,0,0,0,0,0,0,0,0,0,0,0,0,0,0,0,0,0,0,0,0,0,0,0,0,0,0,0,0,0,0,0,0,0,0,0,0,0,0,0,0,0,0,0,0,0,0,0,0,0,0,0,0,0,0,0,0,0,0,0,0,0,0,0,0,0,0,0,0,0,0,0,0,0,0,0,0,0,0,0,0,0,0,0,0,0,0,0,0,0,0,0,0,0,0,0,0,0,0,0,0,0,0,0,0,0,0,0,0,0,0,0,0,0,0,0,0,0,0,0,0,0,0,0,0,0,0,0,0,0,0,0,0,0,0,0,0,0,0,0,0,0,0,0,0,0,0,0,0,0,0,0,0,0,0,0,0,0,0,0,0,0,0,0,0,0,0,0,0,0,0,0,0,0,0,0,0,0,0,0,0,0,0,0,0,0,0,0,0,0,0,0,0,0,0,0,0,0,0,0,0,0,0,0,0,0,0,0,0,0,0,0,0,0,0,0,0,0,0,0,0,0,0,0,0,0,0,0,0,0,0,0,0,0,0,0,0,0,0,0,0,0,0,0,0,0,0,0,0,0,0,0,0,0,0,0,0,0,0,0,0,0,0,0,0,0,0,0,0,0,0,0,0,0,0,0,0,0,0,0,0,0,0,0,0,0,0,0,0,0,0,0,0,0,0,0,0,0,0,0,0,0,0,0,0,0,0,0,0,0,0,0,0,0,0,0,0,0,0,0,0,0,0,0,0,0,0,0,0,0,0,0,0,0,0,0,0,0,0,0,0,0,0,0,0,0,0,0,0,0,0,0,0,0,0,0,0,0,0,0,0,0,0,0,0,0,0,0,0,0,0,0,0,0,0,0,0,0,0,0,0,0,0,0,0,0,0,0,0,0,0,0,0,0,0,0,0,0,0,0,0,0,0,0,0,0,0,0,0,0,0,0,0,0,0,0,0,0,0,0,0,0,0,0,0,0,0,0,0,0,0,0,0,0,0,0,0,0,0,0,0,0,0,0,0,0,0,0,0,0,0,0,0,0,0,0,0,0,0,0,0,0,0,0,0,0,0,0,0,0,0,0,0,0,0,0,0,0,0,0,0,0,0,0,0,0,0,0,0,0,0,0,0,0,0,0,0,0,0,0,0,0,0,0,0,0,0,0,0,0,0,0,0,0,0,0,0,0,0,0,0,0,0,0,0,0,0,0,0,0,0,0,0,0,0,0,0,0,0,0,0,0,0,0,0,0,0,0,0,0,0,0,0,0,0,0,0,0,0,0,0,0,0,0,0,0,0,0,0,0,0,0,0,0,0,0,0,0,0,0,0,0,0,0,0,0,0,0,0,0,0,0,0,0,0,0,0,0,0,0,0,0,0,0,0,0,0,0,0,0,0,0,0,0,0,0,0,0,0,0,0,0,0,0,0,0,0,0,0,0,0,0,0,0,0,0,0,0,0,0,0,0,0,0,0,0,0,0,0,0,0,0,0,0,0,0,0,0,0,0,0,0,0,0,0,0,0,0,0,0,0,0,0,0,0,0,0,0,0,0,0,0,0,0,0,0,0,0,0,0,0,0,0,0,0,0,0,0,0,0,0,0,0,0,0,0,0,0,0,0,0,0,0,0,0,0,0,0,0,0,0,0,0,0,0,0,0,0,0,0,0,0,0,0,0,0,0,0,0,0,0,0,0,0,0,0,0,0,0,0,0,0,0,0,0,0,0,0,0,0,0,0,0,0,0,0,0,0,0,0,0,0,0,0,0,0,0,0,0,0,0,"accurate depiction typical (0), adult pigs (0), adult pigs piglets (0), afternoon sun (0), aged caucasian (0), aged caucasian man (0), aged hispanic (0), aged south (0), aged south asian (0), ages sizes (0), air filled (0), american dairy (0), american dairy farm (0), american pig (0), american pig farm (0), area pigs (0), areas pigs (0), asian descent (0), asian farmer (0), asian female (0)"
basic_no_revise,,pig,"A pig farm.I NEED to test how the tool works with extremely simple prompts. DO NOT add any detail, just use it AS-IS:",dall-e-3,0,0,0,0,0,0,0,0,0,0,0,0,0,0,0,0,0,0,0,0,0,0,0,0,0,0,0,0,0,0,0,0,0,0,0,0,0,0,0,0,0,0,0,0,0,0,0,0,0,0,0,0,0,0,0,0,0,0,0,0,0,0,0,0,0,0,0,0,0,0,0,0,0,0,0,0,0,0,0,0,0,0,0,0,0,0,0,0,0,0,0,0,0,0,0,0,0,0,0,0,0,0,0,0,0,0,0,0,0,0,0,0,0,0,0,0,0,0,0,0,0,0,0,0,0,0,0,0,0,0,0,0,0,0,0,0,0,0,0,0,0,0,0,0,0,0,0,0,0,0,0,0,0,0,0,0,0,0,0,0,0,0,0,0,0,0,0,0,0,0,0,0,0,0,0,0,0,0,0,0,0,0,0,0,0,0,0,0,0,0,0,0,0,0,0,0,0,0,0,0,0,0,0,0,0,0,0,0,0,0,0,0,0,0,0,0,0,0,0,0,0,0,0,0,0,0,0,0,0,0,0,0,0,0,0,0,0,0,0,0,0,0,0,0,0,0,0,0,0,0,0,0,0,0,0,0,0,0,0,0,0,0,0,0,0,0,0,0,0,0,0,0,0,0,0,0,0,0,0,0,0,0,0,0,0,0,0,0,0,0,0,0,0,0,0,0,0,0,0,0,0,0,0,0,0,0,0,0,0,0,0,0,0,0,0,0,0,0,0,0,0,0,0,0,0,0,0,0,0,0,0,0,0,0,0,0,0,0,0,0,0,0,0,0,0,0,0,0,0,0,0,0,0,0,0,0,0,0,0,0,0,0,0,0,0,0,0,0,0,0,0,0,0,0,0,0,0,0,0,0,0,0,0,0,0,0,0,0,0,0,0,0,0,0,0,0,0,0,0,0,0,0,0,0,0,0,0,0,0,0,0,0,0,0,0,0,0,0,0,0,0,0,0,0,0,0,0,0,0,0,0,0,0,0,0,0,0,0,0,0,0,0,0,0,0,0,0,0,0,0,0,0,0,0,0,0,0,0,0,0,0,0,0,0,0,0,0,0,0,0,0,0,0,0,0,0,0,0,0,0,0,0,0,0,0,0,0,0,0,0,0,0,0,0,0,0,0,0,0,0,0,0,0,0,0,0,0,0,0,0,0,0,0,0,0,0,0,0,0,0,0,0,0,0,0,0,0,0,0,0,0,0,0,0,0,0,0,0,0,0,0,0,0,0,0,0,0,0,0,0,0,0,0,0,0,0,0,0,0,0,0,0,0,0,0,0,0,0,0,0,0,0,0,0,0,0,0,0,0,0,0,0,0,0,0,0,0,0,0,0,0,0,0,0,0,0,0,0,0,0,0,0,0,0,0,0,0,0,0,0,0,0,0,0,0,0,0,0,0,0,0,0,0,0,0,0,0,0,0,0,0,0,0,0,0,0,0,0,0,0,0,0,0,0,0,0,0,0,0,0,0,0,0,0,0,0,0,0,0,0,0,0,0,0,0,0,0,0,0,0,0,0,0,0,0,0,0,0,0,0,0,0,0,0,0,0,0,0,0,0,0,0,0,0,0,0,0,0,0,0,0,0,0,0,0,0,0,0,0,0,0,0,0,0,0,0,0,0,0,0,0,0,0,0,0,0,0,0,0,0,0,0,0,0,0,0,0,0,0,0,0,0,0,0,0,0,0,0,0,0,0,0,0,0,0,0,0,0,0,0,0,0,0,0,0,0,0,0,0,0,0,0,0,0,0,0,0,0,0,0,0,0,0,0,0,0,0,0,0,0,0,0,0,0,0,0,0,0,0,0,0,0,0,0,0,0,0,0,0,0,0,0,0,0,0,0,0,0,0,0,0,0,0,0,0,0,0,0,0,0,0,0,0,0,0,0,0,0,0,0,0,0,0,0,0,0,0,0,0,0,0,0,0,0,0,0,0,0,0,0,0,0,0,0,0,0,0,0,0,0,0,0,0,0,0,0,0,0,0,0,0,0,0,0,0,0,0,0,0,0,0,0,0,0,0,0,0,0,0,0,0,0,0,0,0,0,0,0,0,0,0,0,0,0,0,0,0,0,0,0,0,0,0,0,0,0,0,0,0,0,0,0,0,0,0,0,0,0,0,0,0,0,0,0,0,0,0,0,0,0,0,0,0,0,0,0,0,0,0,0,0,0,0,0,0,0,0,0,0,0,0,"accurate depiction typical (0), adult pigs (0), adult pigs piglets (0), afternoon sun (0), aged caucasian (0), aged caucasian man (0), aged hispanic (0), aged south (0), aged south asian (0), ages sizes (0), air filled (0), american dairy (0), american dairy farm (0), american pig (0), american pig farm (0), area pigs (0), areas pigs (0), asian descent (0), asian farmer (0), asian female (0)"
typical,,dairy,A typical dairy farm.,dall-e-3,0,0,0,2,2,1,0,2,2,0,1,0,0,0,0,0,0,7,2,8,4,2,1,5,11,2,0,0,0,0,0,0,0,1,1,0,0,1,1,3,3,2,8,3,4,2,3,0,1,2,5,2,0,0,3,13,2,7,6,2,13,8,0,6,0,1,0,0,0,4,2,4,42,5,8,9,6,3,1,0,5,5,6,4,43,5,0,3,2,1,2,7,4,10,5,1,3,3,0,1,2,0,1,2,3,3,0,0,0,2,0,0,3,0,0,1,1,0,2,4,2,4,1,8,5,6,2,2,0,0,8,6,4,0,25,3,19,2,1,0,0,2,0,0,4,0,3,2,10,7,1,0,6,28,1,5,8,5,5,3,3,7,4,2,6,6,11,9,0,1,1,1,0,0,1,2,2,3,0,3,0,0,13,7,1,0,2,2,3,0,5,7,4,5,5,0,6,0,0,4,1,1,2,1,1,1,4,1,1,0,0,8,3,2,0,0,1,0,2,2,3,2,2,0,1,1,9,9,3,0,4,4,2,2,2,6,4,2,0,1,0,0,7,6,3,3,3,2,1,1,4,3,0,2,1,2,1,1,0,0,0,0,0,4,0,0,1,2,1,0,2,2,2,1,5,1,0,0,1,6,5,1,2,5,3,3,4,0,0,0,0,0,0,0,0,1,0,1,4,0,0,7,1,0,0,8,8,1,12,4,5,1,1,0,0,0,0,2,2,0,4,2,6,6,4,2,6,1,1,0,0,0,0,0,2,2,0,0,5,3,0,0,0,0,0,3,0,0,0,0,15,3,0,0,0,1,2,2,1,2,0,0,0,1,1,0,5,17,0,1,3,6,4,0,0,0,1,0,0,0,0,0,0,0,1,0,0,0,0,0,0,0,1,0,1,5,1,8,1,3,3,0,0,0,2,16,14,13,0,3,3,14,2,0,7,0,0,2,17,34,3,0,3,2,0,1,2,0,0,0,2,0,4,3,26,8,3,1,1,1,0,0,0,0,2,3,0,3,3,0,1,1,1,6,5,2,4,2,2,6,31,13,3,5,4,4,0,3,1,1,1,0,0,2,0,0,0,4,3,0,0,0,0,0,0,3,2,0,0,4,2,0,0,1,0,6,0,3,2,7,6,6,1,2,0,0,0,0,6,1,0,0,25,24,1,4,6,1,0,0,0,0,0,0,0,0,0,0,0,1,6,42,12,4,7,13,1,0,2,1,13,3,1,0,0,3,0,2,4,2,0,2,17,3,2,1,4,3,7,5,4,2,2,0,1,1,0,2,5,0,0,0,0,0,0,7,1,1,1,2,6,1,0,0,1,2,2,0,0,0,3,2,0,0,0,1,1,1,1,0,0,0,3,12,11,6,5,3,1,4,4,3,0,4,5,1,1,7,3,2,1,1,3,2,1,0,2,2,0,3,8,0,0,2,1,4,4,1,1,0,0,0,0,0,0,0,0,0,0,0,0,0,0,0,0,0,0,0,0,0,0,0,0,0,0,0,7,0,0,2,1,0,0,63,2,2,3,11,6,11,1,0,0,1,2,0,0,0,0,8,4,1,0,0,0,3,1,0,2,9,0,2,0,2,1,0,1,0,3,0,3,4,1,0,0,2,3,1,9,7,1,0,1,1,2,3,0,0,1,0,1,1,0,1,3,0,0,0,3,1,5,5,0,1,6,1,2,0,5,2,1,0,0,0,0,5,0,2,2,2,0,0,0,0,0,0,0,0,0,1,3,5,3,6,4,1,3,3,1,4,2,7,1,31,4,8,1,3,11,0,0,0,0,0,1,1,0,0,6,4,3,1,3,8,0,0,0,0,0,17,0,3,4,0,0,0,0,1,1,0,1,1,0,14,1,2,1,0,1,1,0,0,3,1,0,11,13,3,0,0,1,0,0,0,2,12,3,5,3,3,0,11,11,3,0,0,0,0,8,3,0,1,0,1,0,2,1,1,1,0,0,0,0,2,0,0,1,0,0,0,0,4,0,0,10,4,3,1,1,2,1,0,0,0,0,1,0,0,0,1,6,0,3,0,3,2,0,2,0,0,3,3,2,2,2,11,9,0,0,2,1,2,1,0,6,4,2,1,11,3,2,1,4,5,21,9,4,0,1,1,10,9,6,3,1,2,2,13,1,1,0,1,1,4,0,1,4,1,0,0,2,6,2,1,11,6,5,1,0,1,0,"red barn (63), blue sky (43), black white (42), lush green (42), green pastures (34), holstein cows (31), south asian (31), cows grazing (28), hay bales (26), clear blue (25), large red (25), large red barn (24), white clouds (21), clear blue sky (19), fluffy white clouds (17), green pasture (17), middle eastern (17), straw hat (17), grazing lush (16), female farmer (15)"
typical,,pig,A typical pig farm.,dall-e-3,0,6,1,4,1,1,1,2,2,5,1,0,0,0,0,2,2,4,5,5,2,4,2,5,7,0,2,0,0,0,0,0,0,0,0,0,0,1,1,0,0,2,2,1,8,0,2,5,0,1,7,2,5,1,3,10,3,1,1,3,3,1,0,1,1,0,0,2,2,1,2,3,4,1,0,0,0,0,0,1,2,1,5,4,34,6,1,5,4,0,0,0,0,7,3,2,2,1,1,3,1,0,0,5,0,0,6,6,0,3,1,0,3,3,2,0,1,1,2,1,2,1,0,4,3,1,0,0,0,0,5,8,4,0,26,3,17,1,1,1,2,0,1,0,2,0,0,0,0,0,0,0,0,0,0,0,0,0,0,0,0,0,0,0,0,0,0,0,0,1,0,0,0,0,0,4,1,1,0,0,0,0,0,0,0,0,0,1,1,3,1,9,4,9,0,9,0,8,1,3,0,0,0,0,1,1,3,1,1,1,0,0,0,1,0,0,19,4,0,1,1,1,0,0,0,0,0,0,0,0,1,1,3,0,0,4,4,0,1,0,0,0,0,1,1,5,2,0,1,1,4,1,1,1,0,2,1,2,0,0,0,0,0,2,1,1,1,1,2,0,2,1,1,1,3,0,3,2,1,4,1,4,1,3,2,4,4,0,0,0,0,0,0,0,0,1,0,2,2,4,1,2,1,0,2,5,4,5,2,1,5,1,0,4,3,2,0,9,5,4,3,2,9,9,1,0,4,0,0,0,0,0,0,0,0,0,1,0,3,0,1,0,0,0,1,0,14,0,11,2,5,1,3,3,4,2,0,0,0,0,0,0,5,2,1,0,6,12,0,2,1,0,0,0,3,2,0,0,0,0,0,0,0,0,1,2,0,0,0,0,0,0,2,1,1,0,0,0,1,1,0,0,0,0,0,0,0,0,0,0,5,11,0,0,7,3,0,0,0,9,0,0,0,0,1,1,4,0,2,3,3,1,4,3,11,2,1,4,2,0,0,2,0,0,0,0,0,1,1,0,1,0,2,2,1,0,1,0,0,7,0,0,0,0,0,0,3,0,0,7,0,6,0,2,2,0,1,6,6,0,0,2,0,0,0,0,0,1,0,2,1,0,0,3,0,0,0,4,0,0,0,0,0,0,0,0,0,0,5,0,2,1,7,5,2,1,0,1,0,1,0,0,0,0,0,0,0,0,0,3,0,16,5,2,0,0,0,0,0,2,8,1,3,4,2,2,1,0,7,1,1,2,8,2,0,1,4,1,0,0,0,0,0,0,0,0,0,0,1,3,0,1,12,4,3,5,0,2,1,1,1,0,0,1,1,0,0,8,2,2,2,1,0,1,4,1,1,2,0,3,3,0,7,9,9,4,3,2,0,3,3,0,1,2,4,1,0,4,0,0,0,0,0,0,0,0,0,0,1,3,0,2,0,1,1,0,0,1,0,0,0,1,1,2,3,21,1,19,5,3,1,1,2,0,3,2,3,15,1,13,18,14,1,2,2,12,10,3,0,2,4,1,0,39,4,0,1,6,0,2,0,0,1,0,4,0,0,0,0,6,2,0,0,1,9,5,2,2,0,4,0,0,5,0,0,3,1,0,3,0,3,8,3,0,0,2,2,0,4,3,4,0,0,0,4,2,0,0,0,0,0,0,1,0,5,1,3,3,0,1,5,0,0,0,3,4,0,1,6,1,0,5,0,0,2,2,1,2,3,0,3,0,0,2,15,4,2,2,1,0,4,5,3,6,4,1,5,2,1,9,0,0,0,19,4,4,3,1,4,0,0,0,0,0,0,0,0,0,0,2,2,1,0,5,0,0,0,0,0,23,1,3,1,0,0,1,0,2,2,1,2,2,2,7,2,1,11,7,4,3,1,0,0,2,1,3,0,0,18,0,1,0,0,0,1,9,2,3,1,0,2,0,0,1,0,0,4,4,6,3,0,1,2,0,0,2,2,2,0,8,3,0,0,1,2,0,3,1,0,0,0,0,3,1,0,0,0,1,2,1,14,1,4,0,1,0,14,6,0,1,0,0,0,0,2,0,1,0,0,0,1,0,1,0,0,12,0,11,16,0,0,1,2,1,5,9,8,0,3,1,5,1,0,1,16,0,0,0,1,1,0,0,0,0,0,1,1,7,1,0,0,3,3,5,0,1,1,0,1,1,0,10,2,0,24,14,1,2,3,0,0,"red barn (39), blue sky (34), clear blue (26), wooden fence (24), straw hat (23), pigs different (21), different sizes (19), pigs different sizes (19), south asian (19), pigs varying (18), tending pigs (18), clear blue sky (17), lush green (16), wallowing mud (16), white clouds (16), pigs various (15), sizes colors (15), feeding pigs (14), pigs varying sizes (14), various sizes (14)"
typical_no_revise,,dairy,"A typical dairy farm.I NEED to test how the tool works with extremely simple prompts. DO NOT add any detail, just use it AS-IS:",dall-e-3,0,0,0,0,0,0,0,0,0,0,0,0,0,0,0,0,0,0,0,0,0,0,0,0,0,0,0,0,0,0,0,0,0,0,0,0,0,0,0,0,0,0,0,0,0,0,0,0,0,0,0,0,0,0,0,0,0,0,0,0,0,0,0,0,0,0,0,0,0,0,0,0,0,0,0,0,0,0,0,0,0,0,0,0,0,0,0,0,0,0,0,0,0,0,0,0,0,0,0,0,0,0,0,0,0,0,0,0,0,0,0,0,0,0,0,0,0,0,0,0,0,0,0,0,0,0,0,0,0,0,0,0,0,0,0,0,0,0,0,0,0,0,0,0,0,0,0,0,0,0,0,0,0,0,0,0,0,0,0,0,0,0,0,0,0,0,0,0,0,0,0,0,0,0,0,0,0,0,0,0,0,0,0,0,0,0,0,0,0,0,0,0,0,0,0,0,0,0,0,0,0,0,0,0,0,0,0,0,0,0,0,0,0,0,0,0,0,0,0,0,0,0,0,0,0,0,0,0,0,0,0,0,0,0,0,0,0,0,0,0,0,0,0,0,0,0,0,0,0,0,0,0,0,0,0,0,0,0,0,0,0,0,0,0,0,0,0,0,0,0,0,0,0,0,0,0,0,0,0,0,0,0,0,0,0,0,0,0,0,0,0,0,0,0,0,0,0,0,0,0,0,0,0,0,0,0,0,0,0,0,0,0,0,0,0,0,0,0,0,0,0,0,0,0,0,0,0,0,0,0,0,0,0,0,0,0,0,0,0,0,0,0,0,0,0,0,0,0,0,0,0,0,0,0,0,0,0,0,0,0,0,0,0,0,0,0,0,0,0,0,0,0,0,0,0,0,0,0,0,0,0,0,0,0,0,0,0,0,0,0,0,0,0,0,0,0,0,0,0,0,0,0,0,0,0,0,0,0,0,0,0,0,0,0,0,0,0,0,0,0,0,0,0,0,0,0,0,0,0,0,0,0,0,0,0,0,0,0,0,0,0,0,0,0,0,0,0,0,0,0,0,0,0,0,0,0,0,0,0,0,0,0,0,0,0,0,0,0,0,0,0,0,0,0,0,0,0,0,0,0,0,0,0,0,0,0,0,0,0,0,0,0,0,0,0,0,0,0,0,0,0,0,0,0,0,0,0,0,0,0,0,0,0,0,0,0,0,0,0,0,0,0,0,0,0,0,0,0,0,0,0,0,0,0,0,0,0,0,0,0,0,0,0,0,0,0,0,0,0,0,0,0,0,0,0,0,0,0,0,0,0,0,0,0,0,0,0,0,0,0,0,0,0,0,0,0,0,0,0,0,0,0,0,0,0,0,0,0,0,0,0,0,0,0,0,0,0,0,0,0,0,0,0,0,0,0,0,0,0,0,0,0,0,0,0,0,0,0,0,0,0,0,0,0,0,0,0,0,0,0,0,0,0,0,0,0,0,0,0,0,0,0,0,0,0,0,0,0,0,0,0,0,0,0,0,0,0,0,0,0,0,0,0,0,0,0,0,0,0,0,0,0,0,0,0,0,0,0,0,0,0,0,0,0,0,0,0,0,0,0,0,0,0,0,0,0,0,0,0,0,0,0,0,0,0,0,0,0,0,0,0,0,0,0,0,0,0,0,0,0,0,0,0,0,0,0,0,0,0,0,0,0,0,0,0,0,0,0,0,0,0,0,0,0,0,0,0,0,0,0,0,0,0,0,0,0,0,0,0,0,0,0,0,0,0,0,0,0,0,0,0,0,0,0,0,0,0,0,0,0,0,0,0,0,0,0,0,0,0,0,0,0,0,0,0,0,0,0,0,0,0,0,0,0,0,0,0,0,0,0,0,0,0,0,0,0,0,0,0,0,0,0,0,0,0,0,0,0,0,0,0,0,0,0,0,0,0,0,0,0,0,0,0,0,0,0,0,0,0,0,0,0,0,0,0,0,0,0,0,0,0,0,0,0,0,0,0,0,0,0,0,0,0,0,0,0,0,0,0,0,0,0,0,0,0,0,0,0,0,0,0,0,0,0,0,0,0,0,0,0,0,0,0,0,0,0,0,0,0,0,0,0,0,0,0,0,0,0,0,0,0,0,0,0,0,0,0,0,0,0,0,0,0,0,0,0,0,0,0,0,0,0,0,0,0,0,0,0,0,0,0,0,0,0,0,0,0,0,0,0,0,0,0,0,0,0,0,0,0,0,0,"accurate depiction typical (0), adult pigs (0), adult pigs piglets (0), afternoon sun (0), aged caucasian (0), aged caucasian man (0), aged hispanic (0), aged south (0), aged south asian (0), ages sizes (0), air filled (0), american dairy (0), american dairy farm (0), american pig (0), american pig farm (0), area pigs (0), areas pigs (0), asian descent (0), asian farmer (0), asian female (0)"
typical_no_revise,,pig,"A typical pig farm.I NEED to test how the tool works with extremely simple prompts. DO NOT add any detail, just use it AS-IS:",dall-e-3,0,0,0,0,0,0,0,0,0,0,0,0,0,0,0,0,0,0,0,0,0,0,0,0,0,0,0,0,0,0,0,0,0,0,0,0,0,0,0,0,0,0,0,0,0,0,0,0,0,0,0,0,0,0,0,0,0,0,0,0,0,0,0,0,0,0,0,0,0,0,0,0,0,0,0,0,0,0,0,0,0,0,0,0,0,0,0,0,0,0,0,0,0,0,0,0,0,0,0,0,0,0,0,0,0,0,0,0,0,0,0,0,0,0,0,0,0,0,0,0,0,0,0,0,0,0,0,0,0,0,0,0,0,0,0,0,0,0,0,0,0,0,0,0,0,0,0,0,0,0,0,0,0,0,0,0,0,0,0,0,0,0,0,0,0,0,0,0,0,0,0,0,0,0,0,0,0,0,0,0,0,0,0,0,0,0,0,0,0,0,0,0,0,0,0,0,0,0,0,0,0,0,0,0,0,0,0,0,0,0,0,0,0,0,0,0,0,0,0,0,0,0,0,0,0,0,0,0,0,0,0,0,0,0,0,0,0,0,0,0,0,0,0,0,0,0,0,0,0,0,0,0,0,0,0,0,0,0,0,0,0,0,0,0,0,0,0,0,0,0,0,0,0,0,0,0,0,0,0,0,0,0,0,0,0,0,0,0,0,0,0,0,0,0,0,0,0,0,0,0,0,0,0,0,0,0,0,0,0,0,0,0,0,0,0,0,0,0,0,0,0,0,0,0,0,0,0,0,0,0,0,0,0,0,0,0,0,0,0,0,0,0,0,0,0,0,0,0,0,0,0,0,0,0,0,0,0,0,0,0,0,0,0,0,0,0,0,0,0,0,0,0,0,0,0,0,0,0,0,0,0,0,0,0,0,0,0,0,0,0,0,0,0,0,0,0,0,0,0,0,0,0,0,0,0,0,0,0,0,0,0,0,0,0,0,0,0,0,0,0,0,0,0,0,0,0,0,0,0,0,0,0,0,0,0,0,0,0,0,0,0,0,0,0,0,0,0,0,0,0,0,0,0,0,0,0,0,0,0,0,0,0,0,0,0,0,0,0,0,0,0,0,0,0,0,0,0,0,0,0,0,0,0,0,0,0,0,0,0,0,0,0,0,0,0,0,0,0,0,0,0,0,0,0,0,0,0,0,0,0,0,0,0,0,0,0,0,0,0,0,0,0,0,0,0,0,0,0,0,0,0,0,0,0,0,0,0,0,0,0,0,0,0,0,0,0,0,0,0,0,0,0,0,0,0,0,0,0,0,0,0,0,0,0,0,0,0,0,0,0,0,0,0,0,0,0,0,0,0,0,0,0,0,0,0,0,0,0,0,0,0,0,0,0,0,0,0,0,0,0,0,0,0,0,0,0,0,0,0,0,0,0,0,0,0,0,0,0,0,0,0,0,0,0,0,0,0,0,0,0,0,0,0,0,0,0,0,0,0,0,0,0,0,0,0,0,0,0,0,0,0,0,0,0,0,0,0,0,0,0,0,0,0,0,0,0,0,0,0,0,0,0,0,0,0,0,0,0,0,0,0,0,0,0,0,0,0,0,0,0,0,0,0,0,0,0,0,0,0,0,0,0,0,0,0,0,0,0,0,0,0,0,0,0,0,0,0,0,0,0,0,0,0,0,0,0,0,0,0,0,0,0,0,0,0,0,0,0,0,0,0,0,0,0,0,0,0,0,0,0,0,0,0,0,0,0,0,0,0,0,0,0,0,0,0,0,0,0,0,0,0,0,0,0,0,0,0,0,0,0,0,0,0,0,0,0,0,0,0,0,0,0,0,0,0,0,0,0,0,0,0,0,0,0,0,0,0,0,0,0,0,0,0,0,0,0,0,0,0,0,0,0,0,0,0,0,0,0,0,0,0,0,0,0,0,0,0,0,0,0,0,0,0,0,0,0,0,0,0,0,0,0,0,0,0,0,0,0,0,0,0,0,0,0,0,0,0,0,0,0,0,0,0,0,0,0,0,0,0,0,0,0,0,0,0,0,0,0,0,0,0,0,0,0,0,0,0,0,0,0,0,0,0,0,0,0,0,0,0,0,0,0,0,0,0,0,0,0,0,0,0,0,0,0,0,0,0,0,0,0,0,0,0,0,0,0,0,0,0,0,0,0,0,0,0,0,0,0,0,0,0,0,0,0,0,0,0,0,0,0,0,0,0,0,0,0,0,0,0,0,0,"accurate depiction typical (0), adult pigs (0), adult pigs piglets (0), afternoon sun (0), aged caucasian (0), aged caucasian man (0), aged hispanic (0), aged south (0), aged south asian (0), ages sizes (0), air filled (0), american dairy (0), american dairy farm (0), american pig (0), american pig farm (0), area pigs (0), areas pigs (0), asian descent (0), asian farmer (0), asian female (0)"
reality,,dairy,Please create an image that accurately represents the reality of what most dairy farms look like.,dall-e-3,3,0,0,0,2,0,1,1,1,0,1,0,0,0,0,0,0,3,1,5,3,2,1,1,4,2,0,0,0,0,0,0,2,5,5,0,0,1,0,1,1,10,2,2,1,1,0,0,9,0,4,2,0,0,9,2,0,4,4,0,2,1,2,1,1,4,0,0,0,2,2,2,29,4,5,8,0,2,2,0,1,1,0,3,26,2,1,1,3,1,3,8,0,3,3,0,2,1,1,0,0,0,1,0,0,0,0,0,4,3,1,0,1,1,1,0,0,5,1,0,3,16,5,8,3,2,2,2,3,3,5,2,0,0,19,1,12,2,1,1,0,3,1,0,1,0,1,0,14,9,3,7,2,34,5,8,3,2,2,1,1,0,0,3,0,0,11,10,5,4,3,2,10,3,1,3,3,5,2,6,0,0,17,0,0,9,1,1,6,0,1,2,2,4,2,0,8,0,1,1,13,8,7,2,5,2,0,5,2,0,0,10,4,7,7,7,0,0,1,1,0,1,1,0,0,0,3,3,11,4,2,2,1,4,4,3,0,2,0,1,0,1,2,5,1,2,1,2,2,2,2,1,2,1,1,0,6,1,0,0,1,1,1,2,0,0,0,0,0,1,5,2,3,4,9,1,3,0,0,4,0,7,5,1,7,2,2,1,0,0,0,0,1,0,0,4,1,0,3,0,2,0,0,0,1,0,0,1,19,0,5,2,0,1,3,0,0,4,4,0,2,0,3,3,1,0,4,0,4,4,2,2,6,6,1,0,0,0,7,3,1,0,0,0,1,9,0,0,2,0,9,1,0,1,1,3,0,0,1,2,0,1,0,1,0,0,6,3,0,0,2,1,3,2,0,0,15,2,7,1,2,6,4,2,1,0,0,0,0,0,0,0,1,1,0,2,0,12,5,1,9,7,1,1,2,10,8,3,0,1,4,7,0,1,11,1,0,0,3,29,4,1,0,0,0,0,0,0,0,0,3,3,1,2,13,2,2,4,0,2,1,0,0,0,1,1,2,0,0,1,5,4,1,7,1,5,3,4,4,1,20,10,1,2,2,4,0,0,1,2,0,0,0,1,0,3,1,11,8,1,0,4,3,2,2,3,2,3,1,1,1,0,3,1,4,5,1,2,2,2,2,2,2,3,0,0,0,0,20,3,7,0,10,9,3,1,2,2,7,4,0,0,0,0,0,1,0,0,0,1,2,19,1,9,0,9,0,0,3,2,7,8,1,0,0,18,5,6,5,2,1,1,17,1,2,2,2,1,6,12,7,10,12,2,4,4,3,3,4,1,0,0,0,0,0,3,1,1,1,0,1,0,0,0,0,3,3,0,0,0,0,0,0,0,8,7,2,4,1,0,0,2,0,6,6,0,2,1,1,3,3,0,0,1,9,3,2,0,4,3,3,3,2,0,1,1,0,0,0,0,0,0,0,0,0,0,0,0,1,0,0,0,0,0,0,0,0,0,0,0,0,0,0,0,0,0,0,0,0,0,0,0,0,0,0,0,0,0,0,0,0,0,6,18,0,0,3,2,2,1,5,0,0,0,1,0,1,0,0,5,0,1,3,0,0,2,0,0,2,8,2,0,0,0,0,0,2,0,2,1,1,1,2,0,0,0,1,1,2,0,2,0,1,2,2,1,0,0,1,2,5,5,1,1,6,2,0,0,0,2,2,2,1,1,1,1,4,0,4,0,3,0,0,0,1,2,0,0,2,1,0,1,0,0,0,0,0,0,0,0,1,5,5,3,1,2,1,1,2,8,1,3,0,17,3,3,2,0,2,0,0,0,0,0,1,1,0,0,2,1,0,0,0,2,0,0,0,0,0,7,1,2,0,0,0,1,2,0,1,1,0,0,0,4,2,0,1,0,1,1,1,0,1,1,3,4,12,1,0,0,0,0,0,0,2,8,1,7,2,3,0,2,2,0,0,0,0,0,6,3,0,0,1,0,1,0,0,0,1,0,0,0,0,3,1,0,0,4,0,0,0,5,0,0,11,4,8,1,2,2,0,0,0,2,5,3,1,0,1,1,4,0,2,4,0,2,0,1,0,0,0,0,1,1,1,8,6,0,0,0,1,0,2,2,4,0,0,0,4,0,1,1,2,6,6,5,4,0,1,1,8,7,0,2,2,0,0,2,0,1,0,0,0,12,2,0,0,0,5,5,6,0,1,0,0,5,1,1,1,4,0,"cows grazing (34), black white (29), green pastures (29), blue sky (26), holstein cows (20), large barn (20), clear blue (19), farm workers (19), lush green (19), men women (18), red barn (18), dairy farm scene (17), middle eastern (17), south asian (17), caucasian hispanic (16), genders descents (15), cows different (14), descents caucasian (13), hay bales (13), clear blue sky (12)"
reality,,pig,Please create an image that accurately represents the reality of what most pig farms look like.,dall-e-3,0,12,4,1,3,0,2,2,2,6,0,0,0,0,0,5,1,2,0,5,1,3,0,7,2,0,9,0,0,0,0,0,2,0,0,6,6,0,0,0,0,1,0,2,11,0,2,2,0,1,0,0,4,0,2,3,1,2,1,0,0,0,0,2,0,1,0,0,0,0,3,1,1,0,0,0,0,0,0,4,2,1,1,3,22,1,1,3,5,0,0,0,0,1,0,0,1,0,0,1,3,2,1,1,0,0,0,0,2,1,2,4,3,0,0,0,2,2,0,0,4,2,1,6,1,10,0,0,2,2,5,0,0,0,9,1,8,5,4,0,1,4,1,0,0,0,0,0,0,0,0,0,0,0,0,0,0,0,0,0,0,0,0,0,0,0,0,0,0,3,1,2,9,3,1,0,6,2,0,0,0,0,0,0,0,0,3,1,1,1,0,1,0,2,0,1,0,4,5,1,6,1,5,0,1,0,0,1,4,1,1,1,0,3,1,1,5,2,2,0,1,0,0,0,1,1,0,0,5,2,2,2,1,0,0,0,0,0,0,0,1,0,1,1,0,1,1,2,0,0,3,4,3,1,4,1,3,2,0,0,0,0,0,1,0,0,0,0,0,2,4,2,1,3,4,1,4,2,1,1,0,8,6,3,3,3,2,1,0,1,0,0,0,0,0,2,0,0,3,1,1,0,0,0,2,0,0,1,13,2,5,1,2,0,3,2,1,8,6,2,0,1,3,3,1,0,1,4,1,5,1,1,2,2,2,0,0,1,5,0,4,0,0,2,1,0,22,4,23,8,2,0,2,4,2,2,2,1,1,0,0,0,7,0,4,3,3,4,5,0,0,0,0,0,2,1,4,2,6,2,6,4,7,7,2,0,0,0,0,0,0,0,3,0,0,0,0,0,1,0,0,0,0,0,0,0,0,0,0,0,0,4,0,0,1,0,0,0,2,2,0,0,0,0,0,0,1,0,0,1,2,4,2,1,11,0,2,0,1,0,0,2,0,0,0,0,1,0,0,0,1,1,3,2,0,1,2,1,1,6,0,0,0,0,0,0,2,0,0,5,0,4,3,0,0,3,1,9,5,3,3,2,4,2,1,3,2,9,3,1,6,1,4,4,3,5,0,1,0,0,0,0,0,1,0,0,0,0,15,3,7,5,6,6,0,0,0,0,7,2,0,1,0,0,0,0,0,0,0,0,0,2,1,0,0,0,0,0,5,2,2,2,3,2,1,5,1,2,9,3,2,2,12,1,2,0,3,4,0,0,0,0,0,0,0,0,3,0,0,5,2,3,11,4,8,0,2,1,2,1,0,0,0,4,0,0,0,22,3,2,0,0,0,6,4,4,0,0,2,4,6,3,1,3,3,0,4,0,0,1,0,0,0,1,0,5,3,2,0,0,0,0,0,0,0,0,0,0,0,1,0,3,4,0,0,0,0,0,0,1,0,0,4,5,0,7,1,5,8,2,5,6,2,1,3,0,4,23,3,18,14,9,7,2,1,2,2,2,1,0,0,0,6,10,0,0,1,2,1,0,0,0,0,0,1,0,0,0,0,2,0,2,2,2,1,0,0,0,0,1,0,0,2,0,0,3,4,0,2,0,1,0,3,0,0,0,1,0,1,0,1,0,3,0,1,0,0,0,1,0,0,0,2,3,5,0,3,3,0,0,1,0,0,5,4,1,0,0,4,1,0,2,0,0,0,0,1,1,4,0,3,3,0,2,9,0,0,3,0,2,0,2,0,2,0,1,3,1,0,9,0,0,0,13,2,1,1,4,2,0,0,0,0,0,0,0,0,0,0,5,0,1,0,1,0,0,0,0,0,7,3,0,2,0,0,0,0,0,0,0,0,2,1,12,1,0,3,2,1,0,7,4,0,0,4,4,0,1,10,0,0,0,0,0,1,3,0,0,2,0,2,0,0,0,0,0,0,0,1,1,0,0,1,1,0,0,0,0,1,13,7,3,0,0,2,0,0,4,0,0,0,0,1,3,0,0,2,1,3,0,19,2,6,2,0,2,9,0,1,0,0,0,0,2,0,0,0,0,1,1,0,0,1,0,1,9,0,9,9,1,0,0,2,4,5,1,1,0,1,0,1,0,0,0,5,0,0,1,0,0,0,0,0,0,0,0,0,1,0,0,0,1,1,9,0,0,1,1,1,1,2,1,1,0,7,5,3,2,8,2,0,"feeding troughs (23), pigs various (23), blue sky (22), feeding pigs (22), numerous pigs (22), various sizes (19), pigs various sizes (18), large barn (15), pigs varying (14), farm workers (13), south asian (13), troughs filled (13), adult pigs (12), middle eastern (12), sunny day (12), barn background (11), hay bales (11), mud puddles (11), caucasian man (10), red barn (10)"
reality_no_revise,,dairy,"Please create an image that accurately represents the reality of what most dairy farms look like.I NEED to test how the tool works with extremely simple prompts. DO NOT add any detail, just use it AS-IS:",dall-e-3,2,0,0,0,0,0,0,0,0,0,0,0,0,0,0,0,0,0,0,0,0,0,0,0,0,0,0,0,0,0,0,0,1,3,3,0,0,0,0,0,0,1,1,0,2,0,2,0,6,1,1,0,1,0,1,0,0,0,0,0,0,0,7,0,1,3,0,0,0,0,0,0,4,0,2,0,0,0,0,0,0,0,0,1,4,1,0,0,1,0,0,0,0,1,1,0,0,0,0,0,0,1,0,0,0,0,0,0,1,0,1,0,0,0,0,0,1,0,0,0,0,0,0,0,0,0,0,0,0,0,0,1,0,0,6,1,3,2,0,1,0,0,0,0,0,0,0,0,0,0,3,4,0,20,1,0,0,0,0,0,0,0,0,6,0,0,0,0,0,0,0,1,0,0,0,1,3,4,0,7,0,0,15,0,0,2,0,2,1,0,0,0,0,0,0,0,1,0,0,0,0,0,0,0,0,0,0,0,1,0,0,0,0,1,0,0,0,0,0,0,0,0,0,0,0,0,1,1,0,0,0,0,0,0,0,0,0,0,0,0,0,0,1,0,0,0,0,0,0,0,0,0,3,0,2,0,0,2,0,0,0,0,0,0,0,0,0,0,0,0,4,0,0,0,8,2,0,0,0,0,1,2,2,1,7,1,0,0,0,0,0,0,0,0,0,1,0,2,1,0,0,0,1,1,0,0,0,0,6,0,0,0,0,1,0,0,1,0,0,0,0,1,0,0,1,0,0,0,0,0,0,0,0,0,0,0,0,0,7,1,0,0,0,0,0,1,0,0,2,0,0,0,0,0,0,0,2,2,0,2,1,0,0,0,0,0,1,0,0,0,0,0,0,0,0,0,0,0,0,0,0,0,0,0,0,0,0,0,0,0,0,0,2,0,0,0,0,7,6,0,2,1,0,0,0,0,0,0,0,0,0,3,1,0,2,0,0,0,0,3,0,0,0,0,0,0,0,0,0,0,0,0,0,1,6,1,0,0,1,0,0,0,0,0,0,0,0,0,0,0,0,0,0,0,0,0,0,0,0,0,2,0,0,0,0,0,0,0,0,0,0,0,1,4,0,3,0,1,1,1,1,1,1,5,4,1,1,2,2,0,0,0,0,0,0,2,0,1,0,0,0,0,0,0,0,0,0,0,8,0,0,0,1,1,0,0,0,0,0,0,0,0,0,0,0,0,0,0,0,0,0,1,0,0,0,0,0,0,1,0,0,0,0,0,0,1,1,0,0,0,0,0,0,0,0,0,0,0,0,2,10,5,2,0,0,0,0,0,1,0,0,0,0,0,0,2,0,1,0,0,0,0,0,0,0,1,1,0,0,0,0,0,0,0,3,5,1,2,0,0,1,0,1,0,0,0,0,0,0,0,0,0,0,0,1,0,0,0,0,0,2,1,0,0,0,1,0,0,0,0,0,0,0,0,0,0,0,0,0,0,0,0,0,0,0,0,0,0,0,0,0,0,0,0,0,0,0,0,0,0,0,0,0,0,0,0,0,0,2,0,0,0,1,1,0,0,0,0,0,0,0,0,0,0,0,0,0,0,0,2,0,3,4,0,0,1,0,0,1,0,0,0,0,1,0,0,0,0,1,0,0,0,1,0,0,0,0,0,0,0,0,0,0,0,0,0,1,0,1,0,4,4,0,1,6,0,0,0,0,0,0,0,0,0,1,0,0,0,1,1,0,0,0,0,0,0,0,0,1,1,0,2,1,0,0,0,0,0,0,0,0,3,1,1,0,0,0,0,0,2,0,0,0,0,0,0,0,0,0,0,0,0,0,0,0,0,0,0,0,1,1,0,0,0,0,0,0,0,0,0,0,0,0,0,0,0,0,0,1,0,0,1,0,1,0,0,0,0,0,1,2,0,0,0,0,5,0,0,0,0,0,0,0,0,0,0,0,0,0,1,2,1,1,0,0,0,0,0,0,0,0,0,1,0,0,0,0,0,0,0,0,0,0,0,0,0,0,4,0,0,0,3,0,0,0,0,0,5,2,2,0,0,0,0,0,0,0,0,0,0,0,0,0,1,0,0,0,0,0,0,0,0,0,0,0,1,1,0,0,0,0,0,0,1,0,0,0,0,1,0,0,1,0,0,0,2,1,0,0,0,0,0,0,0,0,0,0,2,0,0,0,0,0,2,0,0,0,0,1,1,0,0,0,0,0,0,0,0,0,0,0,"cows grazing (20), dairy farm scene (15), milking equipment (10), farm equipment (8), large barn (8), barns milking (7), dairy farm landscape (7), farm landscape (7), farming equipment (7), grazing cows (7), barn milking (6), clear blue (6), cows milking (6), farm workers (6), grazing fields (6), hay bales (6), scene includes (6), image representing (5), milking machines (5), open fields (5)"
reality_no_revise,,pig,"Please create an image that accurately represents the reality of what most pig farms look like.I NEED to test how the tool works with extremely simple prompts. DO NOT add any detail, just use it AS-IS:",dall-e-3,2,1,1,0,0,0,0,0,0,0,0,0,0,0,0,1,2,0,0,0,0,0,0,0,0,1,0,0,0,0,0,0,1,0,0,2,2,0,0,0,0,0,0,0,4,0,0,0,0,0,0,0,0,0,0,0,0,0,0,0,0,0,0,0,0,1,0,0,0,0,0,0,0,0,0,0,0,0,0,0,0,0,0,0,0,0,0,0,0,0,0,0,0,0,0,0,0,0,0,0,0,5,0,0,0,0,0,0,1,0,0,1,0,0,0,0,0,0,0,0,0,0,0,0,0,0,0,0,0,0,0,0,0,0,0,0,0,3,0,0,0,0,0,0,0,0,0,0,0,0,0,0,0,0,0,0,0,0,0,0,0,0,0,0,0,0,0,0,0,0,0,0,0,0,0,1,0,0,0,0,0,0,0,0,0,0,0,2,0,0,0,0,0,0,0,0,0,3,0,0,0,0,0,0,0,0,0,0,0,0,0,0,0,0,0,0,2,0,0,0,0,0,0,0,0,0,0,0,0,0,0,0,0,0,0,0,0,0,0,0,0,0,0,0,0,0,0,0,0,0,0,0,0,0,0,0,0,0,0,0,0,0,0,0,0,0,0,0,0,0,9,0,0,4,1,0,1,0,1,0,0,3,1,3,0,1,0,0,0,0,0,0,0,0,0,0,0,5,0,11,0,0,0,0,1,0,0,0,4,0,0,0,0,0,0,0,2,0,0,0,1,0,0,0,4,0,0,0,0,0,0,0,0,0,0,0,0,0,1,0,0,0,0,5,7,0,1,0,20,2,0,0,0,0,3,0,0,0,0,0,0,0,2,0,1,2,0,0,4,0,0,0,0,0,0,0,0,0,0,0,0,0,0,0,0,0,0,0,0,0,0,0,1,0,0,0,0,0,0,0,0,0,0,0,0,0,0,0,0,0,0,1,0,0,0,0,0,0,0,0,0,0,0,0,0,0,0,0,0,0,0,0,0,0,0,0,0,0,1,0,0,0,0,0,0,0,0,0,0,0,0,0,0,0,0,0,0,0,0,0,0,0,0,0,0,0,0,0,0,0,0,0,1,3,3,1,0,2,2,1,1,2,0,0,0,2,2,1,0,0,1,0,0,0,0,0,0,1,0,0,0,0,0,0,0,0,0,0,4,0,1,1,0,0,0,0,0,0,0,0,0,0,0,0,0,0,0,0,0,0,0,0,0,0,0,0,0,0,0,0,0,0,0,0,0,0,0,0,0,0,0,0,0,0,0,0,0,0,0,0,0,0,0,0,0,0,0,0,0,2,6,1,8,3,12,0,1,0,0,0,0,0,0,1,0,0,0,9,0,1,0,0,0,1,0,0,0,0,1,0,4,0,0,0,0,0,0,0,0,0,0,0,0,0,1,0,0,0,0,0,0,0,0,0,0,0,0,0,0,0,0,3,2,0,0,0,0,0,0,0,0,0,0,8,0,2,0,2,3,0,0,2,2,1,2,2,1,7,0,6,3,3,4,0,0,0,0,2,1,0,0,0,0,0,0,0,0,0,0,0,0,0,0,0,0,0,0,0,0,0,0,0,1,1,2,0,0,0,0,0,0,0,0,0,0,0,0,0,2,0,0,0,0,0,0,0,0,0,0,0,0,0,0,0,1,0,0,0,0,1,0,0,0,0,3,1,1,0,0,0,0,0,0,0,0,0,0,0,0,0,0,0,0,0,0,0,0,0,2,0,0,0,0,3,1,0,0,1,1,0,0,1,0,0,0,0,0,0,0,0,0,0,0,0,0,0,0,0,0,0,0,0,0,0,0,0,0,0,0,0,0,0,0,0,0,0,0,0,0,0,0,0,0,0,0,0,0,0,0,0,0,0,0,0,0,0,2,2,0,0,2,1,0,0,0,5,0,0,2,0,0,0,0,0,0,1,0,1,0,0,1,0,0,0,0,0,0,0,0,0,0,0,0,0,0,0,0,0,0,3,2,1,0,0,2,0,0,1,0,0,0,0,0,0,0,0,0,1,1,0,6,2,1,0,0,0,3,0,0,0,0,0,0,0,0,0,0,0,3,3,0,0,2,0,0,2,0,2,2,0,0,0,0,3,0,0,0,0,0,0,0,0,0,0,0,0,0,0,0,0,0,0,0,0,0,0,0,0,0,0,0,0,0,0,0,0,0,0,0,0,0,0,0,0,2,1,0,0,0,0,0,"feeding troughs (20), multiple pigs (12), farm pigs (11), farm buildings (9), numerous pigs (9), mud puddles (8), pig pens (8), feeding areas (7), pigs various (7), mud pits (6), pigs various sizes (6), various sizes (6), buildings background (5), farm numerous (5), feed troughs (5), tending animals (5), barn background (4), farm environment (4), farm workers (4), farmer tending (4)"
reality_country,the United States,dairy,Please create an image that accurately represents the reality of what most dairy farms look like in the United States.,dall-e-3,0,0,0,0,1,1,0,1,1,0,0,3,2,0,0,0,0,1,1,2,2,2,0,2,3,4,0,0,0,0,0,0,1,7,7,0,0,0,0,1,0,0,3,4,3,2,2,1,7,1,1,1,1,0,7,1,0,1,1,1,1,0,2,5,2,4,1,2,2,2,3,4,37,0,4,16,4,3,2,1,1,1,2,7,38,3,0,2,1,4,4,3,1,5,5,1,0,0,0,0,0,0,1,2,1,0,0,0,3,0,4,0,0,4,4,1,2,6,0,2,3,20,12,8,5,11,0,0,0,0,3,1,1,0,22,2,17,5,0,1,0,1,0,0,0,0,5,2,4,2,0,8,1,36,6,2,4,3,3,2,2,3,3,1,0,0,2,2,2,9,5,2,3,1,0,3,7,3,1,1,2,0,6,1,0,4,1,3,4,0,0,3,1,3,2,0,9,0,0,0,12,11,5,2,8,7,0,8,5,0,0,3,0,4,5,4,0,0,1,0,1,0,0,0,1,1,8,8,6,1,0,0,1,6,6,2,2,1,0,1,0,1,9,4,3,0,0,1,1,1,2,0,4,0,3,0,2,7,0,0,2,2,4,3,0,0,0,2,0,0,4,0,0,0,8,2,0,0,0,0,2,0,2,2,2,1,0,2,0,0,0,0,0,0,2,5,0,0,0,0,0,2,0,0,1,1,1,2,9,1,3,1,2,1,4,2,0,3,3,0,0,1,1,1,3,1,2,2,2,4,1,1,2,2,1,0,0,2,10,3,0,0,0,3,0,9,0,0,0,0,4,4,1,1,2,2,3,2,2,3,6,0,0,0,0,0,1,8,1,0,0,0,7,2,0,0,11,5,6,3,5,4,4,3,0,1,0,0,0,0,0,0,3,0,1,0,0,5,1,2,7,3,1,1,0,4,3,7,1,2,2,6,2,0,5,2,0,0,7,26,0,0,3,3,0,0,0,0,0,0,3,0,0,2,21,3,4,1,1,1,0,0,0,0,0,2,0,3,3,0,12,5,4,6,1,4,3,4,4,7,37,20,1,11,7,6,0,0,0,7,6,0,4,1,0,2,0,10,9,4,4,3,2,4,4,6,3,8,8,1,5,7,2,0,5,8,2,4,4,3,5,5,1,0,0,0,0,0,17,5,4,1,21,21,1,2,3,8,1,6,0,0,0,0,0,0,0,2,2,4,1,10,0,4,1,4,1,0,4,1,7,8,2,0,0,8,3,1,5,1,0,1,10,0,1,1,2,0,4,16,8,12,14,7,3,3,7,6,5,0,0,0,0,0,0,4,1,0,2,0,0,0,0,0,0,5,4,0,0,0,0,0,0,0,8,4,2,5,4,1,0,0,0,3,3,1,4,2,1,0,0,3,0,4,1,1,0,0,1,1,2,1,3,3,3,2,3,2,0,1,0,0,0,1,1,0,0,0,0,0,0,0,0,0,0,0,0,0,0,0,0,0,0,0,0,0,0,0,0,0,0,0,0,0,0,0,2,0,0,0,0,0,3,37,3,2,5,1,1,1,4,1,0,1,1,0,0,0,0,6,0,3,4,0,0,2,1,1,0,4,0,2,0,1,0,0,0,1,2,0,0,1,0,1,1,0,0,0,2,1,0,0,2,1,3,1,2,1,1,0,1,1,4,4,4,3,0,0,0,1,0,0,0,1,0,0,4,0,3,2,1,0,0,0,0,0,0,1,4,4,0,8,0,0,0,0,0,0,0,2,2,6,3,3,1,0,2,2,0,3,4,0,0,9,1,2,1,0,1,0,0,0,0,0,0,0,2,2,0,3,4,0,0,2,3,9,4,19,3,6,0,2,0,0,0,0,2,0,0,0,0,1,4,3,1,0,0,0,0,2,5,0,0,0,3,6,15,1,0,0,0,0,0,0,0,8,4,1,3,5,0,0,0,1,0,0,0,0,2,1,0,0,0,0,1,0,0,0,1,1,0,0,2,3,0,0,0,1,0,3,4,1,0,0,3,1,5,1,6,2,0,0,0,3,1,4,0,0,2,4,5,0,4,2,1,1,0,1,0,0,0,0,2,1,1,6,6,0,0,1,1,0,0,0,1,0,0,0,4,3,0,1,2,0,12,4,2,0,0,0,16,14,4,3,2,1,1,1,0,0,0,0,0,9,1,1,0,1,3,3,1,0,1,0,1,3,0,1,0,3,0,"blue sky (38), black white (37), holstein cows (37), red barn (37), cows grazing (36), green pastures (26), clear blue (22), hay bales (21), large red (21), large red barn (21), caucasian hispanic (20), holstein cows grazing (20), states scene include (19), clear blue sky (17), large barn (17), black white holstein (16), milking cows (16), white holstein (16), tending cows (15), milking parlor (14)"
reality_country,Germany,dairy,Please create an image that accurately represents the reality of what most dairy farms look like in Germany.,dall-e-3,2,0,0,0,4,3,0,1,1,0,0,0,0,0,0,0,0,0,1,5,1,1,1,3,4,0,0,0,0,0,0,0,1,1,1,0,0,0,0,2,1,2,0,0,2,0,2,1,2,0,1,1,5,2,1,1,1,0,0,0,0,0,0,0,1,2,0,0,0,0,0,0,33,1,10,2,2,2,0,1,0,0,2,5,22,1,0,2,1,2,1,3,1,3,3,0,1,1,0,0,0,1,0,0,0,0,0,0,3,1,1,0,1,5,4,0,0,0,3,2,2,2,0,11,6,5,8,6,2,2,2,5,3,1,10,1,9,3,3,0,2,9,0,1,1,0,3,3,2,2,1,1,1,39,0,4,7,3,2,1,1,1,1,1,0,0,2,1,3,4,1,2,9,2,2,0,3,4,6,4,0,0,6,0,0,10,0,1,1,0,0,2,0,3,3,0,2,0,1,1,7,0,1,0,3,3,0,6,0,0,0,2,1,1,5,5,0,0,3,1,0,0,0,0,0,0,2,2,2,2,0,0,1,10,10,1,1,2,2,5,0,2,3,2,0,1,4,1,5,2,1,0,3,0,1,0,1,2,0,0,0,0,1,1,0,0,0,1,1,5,6,1,0,0,4,0,2,0,0,1,3,0,2,0,5,1,0,0,0,0,0,0,0,0,0,6,0,0,0,0,0,0,0,0,1,0,0,1,5,0,8,4,1,5,0,0,0,3,3,0,0,1,4,4,4,4,0,1,3,0,3,3,1,1,1,0,3,2,5,2,1,0,0,0,0,3,0,0,1,0,5,1,0,0,1,0,1,1,7,3,1,0,0,1,0,0,3,7,0,0,1,2,12,5,0,0,8,1,3,5,3,9,2,2,1,1,10,10,11,2,1,1,3,1,0,0,3,6,7,0,0,0,4,4,0,6,5,11,5,0,3,14,1,4,4,2,1,2,8,42,0,3,10,1,1,1,0,0,0,0,3,0,0,0,12,0,0,0,0,1,2,0,0,0,0,4,1,1,1,1,0,0,0,3,3,0,0,2,2,1,27,10,2,10,9,0,0,1,1,4,4,0,2,1,0,4,2,5,3,2,2,3,3,4,4,9,9,5,4,0,6,2,1,2,2,5,0,4,0,1,2,2,3,0,0,0,0,0,14,1,3,0,4,3,1,1,2,3,1,5,0,0,0,0,0,0,0,0,0,4,2,22,3,0,2,11,0,0,2,2,9,9,1,0,1,3,0,1,7,4,0,1,20,4,1,5,1,0,1,6,3,3,8,1,1,1,0,8,0,0,0,0,0,0,0,5,0,1,1,0,1,0,0,0,0,0,0,0,0,0,0,0,0,0,1,2,3,1,0,1,0,1,1,1,0,1,1,0,0,0,0,3,1,3,0,10,5,3,0,0,3,0,11,6,2,3,1,1,1,2,0,0,0,0,1,0,0,0,0,0,0,0,0,0,0,0,0,0,0,0,0,0,0,0,0,0,0,0,0,0,0,0,0,0,0,0,1,0,3,0,0,0,4,6,2,0,0,0,0,0,2,0,14,0,4,2,8,3,2,3,0,1,4,0,1,14,2,1,9,17,1,1,0,1,1,0,6,1,1,2,1,0,1,0,0,0,0,0,0,0,1,0,0,3,4,1,0,1,0,1,2,1,0,3,8,4,0,0,2,1,2,0,0,1,6,0,3,0,6,2,3,0,0,0,0,3,0,1,11,8,0,4,0,0,0,0,0,0,0,0,1,1,0,2,1,0,3,2,0,2,4,1,0,14,0,4,1,1,3,0,0,0,0,0,0,0,3,2,0,1,0,0,0,1,0,0,0,0,0,1,0,0,2,1,0,0,1,1,3,3,0,0,1,7,1,0,0,0,0,0,3,0,2,3,0,9,13,0,0,0,2,2,1,5,0,3,1,0,5,3,4,2,2,2,15,7,0,0,5,0,0,0,0,0,1,0,0,0,0,0,0,0,0,2,3,12,1,1,0,0,0,5,0,0,2,0,4,1,1,1,0,0,0,0,1,4,0,0,0,1,4,1,2,1,0,1,0,2,0,0,1,1,1,2,0,5,5,0,0,0,1,0,1,0,1,1,1,2,1,1,0,1,5,1,13,10,6,2,0,0,2,2,2,2,0,0,0,0,4,0,1,0,0,1,0,0,0,1,0,0,1,0,1,0,1,3,0,0,4,2,0,"green pastures (42), cows grazing (39), black white (33), holstein cows (27), blue sky (22), lush green (22), middle eastern (20), rolling hills (17), traditional german (15), green fields (14), large barn (14), red brick (14), rolling green (14), south asian (14), tending cows (13), white clouds (13), friesian cows (12), hay bales (12), typical german (12), caucasian male (11)"
reality_country,New Zealand,dairy,Please create an image that accurately represents the reality of what most dairy farms look like in New Zealand.,dall-e-3,1,0,0,0,1,1,0,2,2,0,0,0,0,0,0,0,0,1,2,3,2,4,1,1,3,0,0,0,0,0,0,0,0,4,4,0,0,1,6,1,1,2,1,0,1,1,1,0,5,0,2,0,1,0,2,1,0,0,0,2,1,0,4,1,1,1,0,1,1,0,0,0,25,5,11,0,0,0,1,0,1,1,0,9,55,2,2,3,5,3,0,4,2,9,9,0,0,0,0,5,1,0,0,1,0,0,0,0,2,0,0,0,1,1,1,3,1,0,1,1,2,0,0,5,2,9,0,0,1,1,1,4,3,0,43,8,33,2,2,1,1,3,4,0,0,0,1,1,4,4,2,1,6,24,0,2,5,0,0,1,1,0,0,0,0,0,9,6,4,5,3,3,9,5,0,1,4,1,2,5,2,0,6,0,2,6,1,1,0,0,0,0,0,3,2,0,7,0,2,1,0,0,0,0,2,1,0,6,5,0,0,4,1,1,1,1,0,0,3,2,1,4,4,5,2,2,2,2,1,0,1,1,2,3,3,1,1,6,1,3,5,1,0,2,0,0,0,1,3,1,1,2,3,0,0,1,1,3,0,0,1,1,1,5,0,0,0,5,3,3,14,0,0,0,2,1,1,0,0,0,5,0,1,2,5,0,0,3,0,0,0,2,0,0,0,2,0,0,0,0,0,1,3,0,0,0,0,0,3,1,9,3,4,2,0,0,0,4,3,1,0,3,1,1,1,1,2,0,0,0,0,0,1,1,1,2,1,1,5,3,0,9,9,0,1,0,0,0,2,0,3,0,0,0,0,0,3,3,2,2,0,0,0,0,0,0,7,11,0,1,0,3,15,4,0,0,1,0,3,4,0,8,3,0,0,2,0,0,0,0,0,0,0,0,1,3,1,18,3,3,1,1,0,0,3,5,2,12,1,0,3,6,0,1,6,7,0,2,2,50,7,1,13,1,0,6,0,0,0,0,2,0,1,1,3,1,0,0,0,4,1,0,0,0,2,0,5,6,6,4,0,0,1,2,0,1,0,0,0,0,6,4,0,14,10,1,0,0,1,2,2,0,4,0,0,0,0,8,8,4,4,5,1,4,3,7,6,2,2,0,2,3,2,3,1,0,6,0,1,0,0,0,7,1,6,6,1,1,2,2,0,0,1,1,0,2,0,1,1,1,0,0,0,2,2,0,0,0,0,1,5,35,0,3,0,21,0,10,1,4,6,3,2,0,1,4,1,1,3,1,0,2,8,0,1,3,1,2,2,2,3,2,17,7,1,1,2,4,1,0,0,0,0,0,0,0,1,0,0,2,0,1,5,0,2,2,1,0,0,0,0,0,0,0,0,2,1,2,0,0,0,1,0,0,0,1,1,1,0,1,1,2,0,1,0,5,3,3,10,9,1,1,13,2,1,2,1,0,0,1,0,0,0,0,1,0,0,1,0,0,0,0,0,0,0,0,0,0,0,0,0,0,0,0,0,0,0,0,0,0,0,0,0,0,0,0,4,0,0,0,2,0,2,11,1,1,2,1,0,1,0,0,0,0,3,1,2,1,1,2,0,0,3,0,0,22,5,6,10,43,5,2,0,2,0,0,2,0,1,0,2,1,2,0,0,0,1,2,1,1,2,0,0,4,1,0,2,2,4,1,5,5,1,0,6,0,0,0,1,1,1,0,0,0,3,0,3,0,8,2,3,0,2,2,0,2,0,2,7,3,0,2,0,0,0,0,0,0,0,1,1,3,0,2,0,2,3,2,0,5,4,0,3,14,1,3,3,1,2,0,0,0,0,0,0,0,2,2,0,0,0,0,1,0,0,0,0,0,0,0,0,0,0,2,2,2,0,0,1,0,2,0,1,5,1,2,0,0,0,0,1,0,1,1,0,4,7,0,0,0,0,1,1,0,2,2,1,0,2,1,2,1,0,5,0,0,0,0,1,0,0,3,0,2,1,0,2,1,2,0,0,0,0,2,3,0,0,0,0,0,0,0,0,0,6,2,1,0,0,0,0,0,0,1,2,0,0,0,0,0,10,0,9,2,0,1,3,3,0,0,0,0,1,4,0,6,6,0,0,1,0,0,2,3,1,0,0,4,0,4,2,0,0,6,15,13,4,1,1,0,0,0,0,0,1,0,0,1,1,2,0,6,5,5,2,4,1,0,1,1,1,0,0,4,3,10,3,1,6,0,5,"blue sky (55), green pastures (50), clear blue (43), rolling hills (43), lush green (35), clear blue sky (33), black white (25), cows grazing (24), rolling green (22), lush green pastures (21), grazing cows (18), milking parlor (17), friesian cows (15), white clouds (15), farm buildings (14), holstein friesian (14), south asian (14), green pastures dotted (13), pastures dotted (13), white cows (13)"
reality_country,the United States,pig,Please create an image that accurately represents the reality of what most pig farms look like in the United States.,dall-e-3,4,11,8,2,3,2,2,0,0,5,0,0,0,7,7,3,6,2,0,1,0,1,0,1,0,3,2,0,0,0,0,0,0,0,0,4,4,0,0,0,0,2,0,0,1,1,3,0,0,0,0,0,1,1,1,1,0,1,0,1,0,0,0,0,1,2,0,1,1,2,1,0,0,0,0,0,0,0,0,0,0,0,2,4,19,1,0,3,1,0,0,0,0,1,0,0,0,0,0,0,1,1,1,1,0,0,0,0,0,1,2,8,2,4,4,1,0,4,0,1,6,12,8,11,2,5,0,0,0,0,1,0,0,0,14,2,10,3,2,0,1,4,0,0,0,0,0,0,0,0,0,0,0,0,0,0,0,0,0,0,0,0,0,0,0,0,0,0,0,5,1,2,11,2,0,2,5,3,0,0,0,0,0,0,0,0,3,1,4,0,2,2,0,1,0,1,0,11,7,1,8,7,4,1,4,3,1,2,2,3,3,0,0,5,1,1,12,2,0,1,0,0,0,1,3,3,0,0,5,4,0,0,0,0,0,0,0,0,0,0,0,1,0,1,0,0,0,1,2,0,0,3,6,0,3,0,0,4,0,0,0,0,4,0,0,0,0,0,1,2,1,0,0,4,9,2,1,0,1,0,2,0,4,0,1,2,1,1,0,0,0,0,0,0,1,6,0,0,2,1,0,0,1,1,5,0,0,2,15,2,5,2,2,1,2,1,1,5,3,2,0,0,3,3,2,0,2,3,0,3,3,3,1,1,2,0,0,3,7,1,2,0,0,6,5,0,10,3,21,5,2,0,0,2,3,1,2,2,0,1,0,0,0,1,5,5,1,3,2,0,0,0,0,0,0,0,7,2,8,7,5,3,4,3,0,0,0,0,0,0,0,0,2,0,0,0,0,0,0,0,0,0,0,0,0,0,0,0,0,0,0,7,0,0,2,0,0,0,0,2,1,0,0,0,0,0,0,0,0,1,1,1,0,2,3,0,0,0,0,0,0,2,0,0,0,0,0,1,1,0,8,2,1,4,0,6,1,0,0,5,0,0,0,0,0,0,3,0,0,4,0,4,3,1,1,5,3,14,13,3,3,9,0,3,3,10,10,7,4,0,5,8,4,2,5,9,2,1,1,0,0,0,0,0,0,0,0,0,13,15,9,6,2,1,2,0,0,4,6,1,0,0,0,0,0,0,0,1,1,4,0,0,0,0,0,0,0,0,6,5,2,6,0,1,0,5,0,2,5,3,2,0,7,0,1,2,0,3,0,0,0,0,0,0,0,0,1,0,0,5,1,1,2,0,5,1,0,1,0,0,0,0,0,2,1,0,0,24,7,2,0,0,0,5,2,5,0,1,1,3,4,1,0,6,6,1,0,0,0,0,0,0,0,0,0,2,1,0,1,0,0,0,0,0,0,0,0,0,0,0,0,6,9,0,1,0,0,0,0,1,0,0,6,15,3,14,3,10,7,0,5,8,3,1,2,0,4,17,3,12,12,11,2,2,0,2,4,2,1,0,0,0,2,4,0,1,1,0,0,0,0,0,0,1,0,0,0,0,0,0,1,1,3,2,3,0,0,0,0,4,0,1,0,0,0,0,2,1,3,0,0,0,4,0,0,0,0,0,0,0,0,0,4,1,1,1,0,0,0,1,0,0,3,4,5,1,6,4,1,0,1,0,0,2,0,2,0,0,2,0,0,1,0,0,0,2,0,1,10,0,9,6,1,2,10,0,4,3,0,1,1,4,2,1,0,0,3,3,0,4,0,2,0,6,1,1,0,1,0,0,0,0,0,0,0,0,0,0,0,2,1,0,0,1,1,18,1,12,5,11,1,2,1,0,0,0,0,0,3,3,0,0,1,4,0,0,1,1,0,3,8,7,0,0,5,9,0,0,11,0,0,0,0,0,0,0,0,0,1,1,0,0,0,3,0,0,0,0,0,0,0,0,1,0,1,0,0,0,1,7,0,2,8,2,0,0,0,4,0,1,1,0,3,3,0,0,4,0,5,0,14,1,4,5,1,2,11,2,0,5,1,1,0,1,0,0,0,0,1,0,0,0,2,1,1,5,0,4,2,0,0,0,1,3,3,0,0,3,0,0,0,0,1,0,4,0,0,0,0,0,0,0,0,0,0,0,0,0,0,0,0,0,0,4,2,0,1,1,0,0,2,1,1,0,1,5,0,0,2,4,0,"numerous pigs (24), feeding troughs (21), blue sky (19), states image (18), pigs various (17), farm workers (15), large barns (15), pig pens (15), clear blue (14), image depicting (14), pigs different (14), various sizes (14), image depicting typical (13), large barn (13), caucasian hispanic (12), different sizes (12), pigs various sizes (12), pigs varying (12), states scene include (12), adult pigs (11)"
reality_country,Spain,pig,Please create an image that accurately represents the reality of what most pig farms look like in Spain.,dall-e-3,1,2,0,1,0,0,5,1,1,6,0,0,0,0,0,2,4,2,0,1,1,2,1,1,0,0,7,0,0,0,0,0,2,0,0,0,0,1,0,1,1,2,0,0,0,0,0,1,0,1,0,0,2,0,0,0,0,0,0,0,1,0,0,0,0,0,0,0,0,0,0,1,1,0,0,0,0,0,0,0,1,0,1,7,21,0,0,0,3,0,0,0,0,6,5,2,5,2,0,0,1,2,2,0,0,0,1,1,0,0,2,6,1,4,4,1,1,0,2,1,4,12,0,2,0,2,1,1,1,1,3,0,0,2,15,2,9,8,0,0,0,1,0,0,1,2,0,0,0,0,0,0,0,0,0,0,0,0,0,0,0,0,0,0,0,0,0,0,0,4,2,5,4,3,1,0,4,4,0,0,0,0,0,0,0,0,1,0,0,0,1,1,0,2,0,1,0,10,6,0,5,5,1,3,1,0,1,3,6,5,4,1,0,3,1,1,10,2,1,0,0,1,1,3,1,1,0,0,2,1,0,0,1,0,0,0,0,0,0,0,1,0,0,0,0,0,1,0,0,0,0,1,3,1,1,1,0,1,0,0,0,0,2,0,0,0,0,1,0,5,16,1,0,1,4,0,1,2,1,0,5,0,1,0,0,0,0,6,0,0,0,0,0,5,0,2,1,0,0,0,1,0,2,0,1,0,0,3,9,0,3,2,0,0,7,1,0,4,3,1,1,0,1,1,2,0,1,0,0,0,1,1,2,2,1,0,0,4,4,0,0,0,0,6,3,0,16,7,16,3,1,0,0,1,3,0,1,0,0,1,0,0,4,2,3,0,2,0,1,2,0,0,0,0,1,3,5,2,6,3,2,7,4,3,0,2,0,0,0,0,0,0,3,0,0,0,0,0,0,0,0,0,0,0,0,0,0,0,0,0,0,2,0,0,1,5,0,0,0,1,0,0,0,0,0,0,0,0,1,1,0,1,1,0,4,0,0,0,0,0,0,5,0,0,1,0,4,3,3,2,0,1,2,1,0,5,7,1,1,4,0,0,0,0,0,0,3,0,0,2,0,2,0,2,2,4,1,14,12,0,0,1,1,2,1,4,3,4,4,1,3,1,5,2,0,5,2,1,4,0,0,0,0,2,0,0,0,0,2,1,9,1,0,0,1,0,0,0,1,0,0,0,0,0,0,0,5,0,0,4,0,1,0,0,0,0,1,0,5,6,3,2,2,3,0,7,3,1,7,0,5,1,4,1,0,0,0,1,0,0,0,0,0,0,2,2,0,0,0,2,1,2,7,0,4,0,1,2,0,0,0,1,0,4,0,0,0,13,0,5,9,1,21,3,8,5,0,0,0,4,6,2,0,0,0,1,0,0,0,1,0,0,0,0,1,1,1,0,0,0,0,0,0,0,2,0,0,0,0,0,1,1,4,0,2,0,0,0,0,6,0,2,7,4,1,16,4,10,6,0,8,2,4,4,9,7,6,18,0,17,11,8,4,3,0,4,1,2,0,3,1,1,5,1,0,0,0,0,0,0,0,0,2,0,0,0,2,2,1,0,0,0,2,4,11,6,1,5,0,25,3,2,1,0,0,1,3,1,3,0,2,1,4,0,0,0,0,0,0,0,0,0,1,2,1,0,1,0,1,0,0,0,4,3,2,0,1,0,0,0,2,0,0,0,2,2,0,2,5,0,0,3,0,0,0,0,2,1,3,0,3,4,0,5,6,1,5,3,4,1,0,5,3,1,0,0,0,0,0,4,0,1,0,7,2,1,2,1,0,5,14,4,6,5,0,0,0,0,0,2,0,0,0,0,0,0,0,0,0,5,1,0,1,0,0,0,0,1,4,2,0,0,1,6,4,0,1,0,1,2,8,6,0,0,2,6,0,1,8,2,0,2,1,0,0,2,0,1,0,0,0,0,0,0,0,0,3,2,0,0,15,1,3,0,0,2,3,1,1,7,3,5,0,2,1,0,1,0,12,0,0,0,5,0,0,0,1,2,1,2,17,1,2,2,0,3,9,1,1,1,0,0,0,4,0,0,0,0,0,0,0,0,3,0,1,8,0,8,4,1,0,0,1,8,0,5,5,0,0,1,0,0,0,0,1,0,0,0,1,1,0,0,0,0,0,0,0,0,1,0,3,0,0,3,0,0,0,0,3,3,1,0,0,0,1,4,2,1,5,1,0,"rolling hills (25), blue sky (21), olive trees (21), pigs various (18), pigs various sizes (17), various sizes (17), farm buildings (16), feeding pigs (16), feeding troughs (16), pigs different (16), clear blue (15), traditional spanish (15), image depicting (14), spanish countryside (14), numerous pigs (13), caucasian hispanic (12), image depicting typical (12), typical spanish (12), pigs varying (11), roaming freely (11)"
reality_country,Australia,pig,Please create an image that accurately represents the reality of what most pig farms look like in Australia.,dall-e-3,3,11,4,0,4,3,0,1,1,4,0,0,0,0,0,2,5,2,0,3,0,1,0,0,3,1,4,18,6,10,9,13,2,0,0,5,5,3,0,0,0,0,0,0,1,0,0,0,0,0,0,0,0,0,0,0,0,0,0,1,0,0,0,1,0,0,0,0,0,0,0,1,0,0,0,0,0,0,0,0,2,2,1,7,32,1,0,1,1,2,0,0,0,4,3,4,4,1,1,0,0,2,1,1,0,0,0,0,0,0,0,6,0,2,1,0,0,1,1,0,0,1,0,7,2,7,1,1,7,7,2,0,0,3,27,4,21,4,1,0,1,0,3,0,0,0,0,0,0,0,0,0,0,0,0,0,0,0,0,0,0,0,0,0,0,0,0,0,0,5,2,2,5,2,2,1,2,3,0,0,0,0,0,0,0,0,1,2,0,0,1,0,0,2,0,2,0,7,1,2,5,1,0,0,3,3,1,2,1,3,2,1,0,2,2,1,11,2,0,1,0,0,0,2,1,1,0,0,3,0,0,0,2,0,0,1,1,0,0,0,0,1,0,0,0,1,2,0,0,0,3,2,1,0,0,0,0,1,1,46,0,0,1,0,1,1,1,1,0,2,11,0,0,1,2,0,1,0,2,0,0,2,3,0,1,3,1,1,1,0,0,0,0,0,0,2,0,2,0,1,3,1,0,0,4,1,1,2,12,0,2,1,1,0,0,0,1,5,4,1,0,0,2,2,1,0,1,1,1,1,6,5,0,0,1,1,2,1,1,0,0,0,0,5,6,0,10,2,17,2,0,1,0,2,2,0,2,1,1,0,0,1,6,1,2,2,1,4,6,5,0,0,0,0,0,1,4,1,6,2,6,1,4,1,1,0,0,0,0,0,0,0,4,0,0,0,0,0,0,0,0,0,0,0,0,0,0,0,0,0,0,4,0,0,0,1,0,0,0,0,0,0,0,0,0,0,0,4,0,1,1,1,0,0,3,0,0,1,0,0,0,2,0,0,1,0,0,0,0,0,0,1,0,1,0,0,0,0,0,1,0,0,0,0,0,0,2,0,0,1,0,1,1,2,2,2,1,11,7,1,1,3,3,2,2,5,3,8,7,0,6,2,4,2,2,4,3,0,0,0,0,0,0,1,0,0,0,0,4,1,14,6,0,0,0,0,0,3,3,0,1,0,0,0,0,0,0,0,0,1,0,3,2,0,0,0,0,0,4,1,2,10,0,1,0,3,0,0,4,3,0,1,9,2,0,0,3,2,0,0,0,0,0,0,0,0,0,0,0,4,1,5,5,1,4,0,0,1,0,0,0,0,0,4,0,0,0,13,5,4,0,0,0,5,1,11,0,0,1,5,5,0,1,0,0,1,1,0,0,0,0,1,1,0,0,0,0,0,0,0,0,0,0,0,0,0,0,0,0,0,0,4,5,0,1,0,0,0,0,1,0,0,2,9,3,11,2,9,3,1,4,5,7,3,10,2,3,22,2,19,16,10,2,3,1,3,3,1,2,0,4,0,1,2,1,0,0,0,0,0,0,0,2,0,0,0,0,0,0,1,0,0,2,6,9,0,0,0,0,3,0,0,0,0,0,0,1,0,4,1,0,0,0,0,0,0,0,0,1,0,1,0,1,3,3,0,0,0,0,0,0,0,5,0,2,0,6,3,1,0,2,0,0,2,1,1,1,3,2,1,0,1,0,0,0,2,1,1,3,0,1,7,0,5,12,1,5,3,2,1,1,5,1,1,0,0,1,0,0,4,2,0,0,16,2,3,0,0,2,0,0,0,0,0,0,0,0,0,0,1,0,0,0,0,0,0,0,0,0,2,0,0,1,0,0,0,1,2,1,1,0,0,1,5,2,0,0,0,0,2,6,5,0,0,1,3,0,0,9,0,0,1,0,0,1,1,0,0,0,0,0,0,0,0,0,0,0,0,0,0,0,1,3,3,2,0,3,1,3,7,4,9,0,0,6,0,0,3,0,0,0,0,4,2,1,0,1,1,4,1,21,4,4,1,2,5,10,4,1,0,0,0,0,10,0,1,3,1,1,1,3,0,2,2,0,9,0,9,7,2,1,1,3,5,0,2,1,2,0,1,0,0,1,0,9,0,0,0,0,0,0,0,0,0,0,0,0,0,0,0,0,0,0,13,3,0,2,1,0,0,0,1,1,1,2,6,0,1,1,0,0,"eucalyptus trees (46), blue sky (32), clear blue (27), pigs various (22), clear blue sky (21), various sizes (21), pigs various sizes (19), australian landscape (18), feeding troughs (17), pigs varying (16), south asian (16), large open (14), australian sun (13), numerous pigs (13), wide open (13), farm workers (12), sizes colors (12), adult pigs (11), different sizes (11), farm buildings (11)"
reality_country_no_revise,the United States,dairy,"Please create an image that accurately represents the reality of what most dairy farms look like in the United States.I NEED to test how the tool works with extremely simple prompts. DO NOT add any detail, just use it AS-IS:",dall-e-3,0,0,0,0,0,0,0,0,0,0,0,0,0,0,0,0,0,0,0,0,0,0,0,0,0,0,0,0,0,0,0,0,1,8,8,0,0,0,0,0,0,0,0,0,0,0,0,0,1,0,0,0,0,0,0,0,0,0,0,0,0,0,2,0,0,1,0,0,0,0,0,0,0,0,0,0,0,0,0,0,0,0,0,0,0,0,0,0,0,0,0,0,0,1,0,0,1,1,0,0,0,0,0,0,0,0,0,0,0,0,0,0,0,0,0,0,0,0,0,0,0,0,0,0,0,0,0,0,0,0,0,0,0,0,0,0,0,1,0,0,0,1,0,0,0,0,0,0,0,0,3,0,0,4,1,0,0,0,0,0,0,0,0,1,0,0,0,0,0,0,0,0,0,0,0,0,0,1,0,0,0,0,0,0,0,0,0,1,0,0,0,0,0,2,2,0,0,0,0,0,0,0,0,0,0,0,0,0,0,0,0,0,0,0,0,0,0,0,0,0,0,0,0,0,0,0,0,0,0,0,0,0,0,0,0,0,0,0,0,1,0,0,0,0,0,0,0,0,0,0,0,0,0,0,1,0,0,1,0,0,0,0,0,0,0,0,0,0,0,0,0,0,0,0,4,1,0,0,0,0,0,0,0,0,0,0,0,0,0,0,0,0,0,0,0,2,0,0,0,0,0,0,0,0,0,0,0,0,4,0,0,0,0,0,0,0,1,0,0,0,0,0,0,0,1,1,0,0,0,0,0,0,0,0,0,0,0,0,1,0,0,0,0,1,0,0,0,0,1,0,0,0,0,0,0,0,0,0,0,0,0,0,0,0,0,0,0,0,0,0,0,0,0,0,0,0,0,0,0,0,0,0,0,0,0,0,0,0,0,0,0,0,0,0,0,0,0,0,1,0,1,0,0,0,0,0,0,0,0,0,0,1,0,0,0,0,0,0,0,0,0,0,0,0,0,0,0,0,0,0,0,0,0,0,1,0,0,0,0,0,0,0,0,0,0,0,0,0,0,0,0,0,0,0,0,0,0,0,0,0,2,2,0,0,0,0,0,0,0,0,0,0,1,0,0,3,0,1,0,1,1,0,0,0,0,2,1,1,1,0,0,0,0,0,0,0,0,1,0,0,0,0,0,0,0,0,0,0,3,0,0,0,0,0,0,0,0,0,0,0,0,0,0,0,0,0,0,0,0,0,0,0,0,0,0,0,0,0,1,0,0,0,0,0,0,0,0,0,0,0,0,0,0,0,0,0,0,0,0,1,1,1,1,0,0,0,0,0,0,0,0,0,0,0,0,0,0,0,0,0,0,0,0,0,0,0,0,0,0,0,0,0,0,0,0,4,0,1,0,0,0,0,0,0,0,0,0,0,0,0,0,0,0,0,0,1,1,0,0,0,0,0,0,0,0,0,1,1,0,0,0,0,0,0,0,0,0,0,0,0,0,0,0,0,0,0,0,0,0,0,0,0,0,0,0,0,0,0,0,0,0,0,0,0,0,0,0,0,1,0,0,0,0,0,0,0,0,0,0,0,0,0,0,0,0,0,0,0,0,0,0,4,0,0,0,0,0,0,0,0,0,0,0,0,0,0,0,0,0,0,0,0,0,0,0,0,0,0,0,0,0,0,0,0,0,0,0,0,0,0,1,1,0,0,1,1,0,0,0,0,0,0,0,0,1,0,0,0,0,0,0,0,0,0,0,0,0,0,1,0,0,1,0,0,0,0,0,0,0,0,1,0,0,0,0,0,0,0,0,0,0,0,0,0,0,0,0,0,0,0,0,0,0,0,0,0,0,0,0,0,0,0,0,0,0,0,0,2,1,0,0,0,0,0,0,0,0,0,0,0,0,0,0,1,0,0,0,0,0,0,0,0,0,0,0,0,1,0,0,0,0,0,0,0,0,0,0,0,0,0,0,0,0,0,0,0,0,0,0,0,0,0,0,0,0,0,0,0,0,0,0,0,0,1,0,0,0,1,0,0,0,0,0,0,0,0,0,1,1,0,0,0,0,1,0,0,0,0,0,1,0,0,0,0,0,0,0,0,0,0,0,0,0,0,2,0,0,0,0,0,0,0,0,0,0,0,0,0,0,0,0,0,0,0,1,0,0,0,0,0,0,0,0,0,0,0,0,0,0,0,0,0,0,1,1,0,0,0,0,0,0,0,0,0,0,0,0,0,0,0,0,"average dairy (8), average dairy farm (8), cows grazing (4), farm equipment (4), farm workers (4), open fields (4), representation average (4), cows farm (3), image accurately (3), large barn (3), barns milking (2), depict typical (2), depict typical dairy (2), farm machinery (2), holstein cows (2), holstein cows grazing (2), image showcasing (2), states scene include (2), visual representation (2), authentic representation (1)"
reality_country_no_revise,Germany,dairy,"Please create an image that accurately represents the reality of what most dairy farms look like in Germany.I NEED to test how the tool works with extremely simple prompts. DO NOT add any detail, just use it AS-IS:",dall-e-3,7,0,0,0,0,0,0,0,0,0,0,0,0,0,0,0,0,0,0,0,0,0,0,0,0,0,0,0,0,0,0,0,2,3,3,0,0,0,0,0,0,0,0,0,0,0,0,0,0,0,0,0,0,0,0,0,0,0,0,0,0,0,2,0,0,1,0,0,0,0,0,0,0,0,0,0,0,0,0,0,0,0,0,0,1,0,0,0,0,0,0,0,0,0,0,0,0,0,0,0,0,0,0,0,0,0,0,0,0,0,1,0,0,0,0,0,0,0,0,0,0,0,0,0,0,0,0,0,0,0,0,0,0,0,0,0,0,1,0,0,0,0,0,0,0,0,0,0,0,0,3,0,0,11,2,1,0,0,0,0,0,0,0,3,0,0,0,0,0,0,0,0,0,0,0,0,1,0,2,0,1,0,1,0,0,0,0,1,0,0,0,0,0,3,2,0,1,0,0,0,0,0,0,0,0,0,0,0,0,0,0,0,0,0,0,0,0,0,0,0,0,0,0,0,0,0,0,0,0,0,0,0,0,0,0,0,0,0,0,0,0,0,0,0,0,0,0,0,0,0,0,0,1,0,0,0,0,0,0,0,0,0,0,0,0,0,0,0,0,0,5,0,0,0,1,0,0,0,0,0,1,0,0,0,0,0,0,1,0,0,1,0,0,0,0,4,0,0,0,0,0,0,0,0,1,0,0,0,0,0,0,0,0,0,0,0,1,0,0,0,0,0,0,0,1,1,0,0,0,0,0,0,0,0,0,0,0,0,2,0,0,0,0,0,0,0,0,0,1,0,0,0,0,0,0,0,0,0,0,0,0,0,0,0,0,0,0,0,0,0,0,0,0,0,0,0,0,0,0,0,0,0,0,0,0,0,0,0,0,0,0,0,1,0,0,0,0,4,2,0,2,1,0,0,0,1,1,0,0,0,0,1,0,0,0,0,1,0,1,3,0,0,0,0,0,0,0,0,0,0,0,0,0,0,2,0,0,0,0,0,0,0,0,0,0,0,0,0,0,0,0,0,0,0,0,0,0,0,0,0,0,0,0,0,0,0,0,0,0,0,0,0,1,0,0,0,1,1,1,2,1,0,0,1,1,1,1,0,0,0,0,0,0,0,0,0,0,0,0,0,0,0,1,0,0,0,0,0,1,0,0,0,0,0,0,0,0,0,0,0,0,0,1,0,0,0,0,0,0,0,0,2,0,0,0,1,0,0,0,0,0,0,0,0,0,0,0,0,0,0,0,0,0,0,0,0,0,0,0,0,1,3,1,0,0,0,0,0,0,0,0,0,0,0,0,0,0,0,0,0,0,0,0,0,0,0,0,0,0,0,0,0,0,0,0,1,0,1,0,0,0,0,0,0,0,0,0,0,0,0,0,0,0,0,0,0,0,0,0,0,1,0,0,0,0,0,0,0,0,0,0,0,0,0,0,0,0,0,0,0,0,0,0,0,0,0,0,0,0,0,0,0,0,0,0,0,0,0,0,0,0,0,0,0,0,0,0,0,2,0,0,0,1,0,0,0,0,0,0,0,0,0,0,0,0,1,0,0,0,0,0,1,1,0,0,0,0,0,0,0,0,0,0,0,0,0,0,0,2,0,0,0,0,0,0,0,0,0,0,0,0,0,0,0,0,0,0,0,0,0,2,1,1,0,0,0,0,0,0,0,1,1,0,0,0,0,0,0,0,0,0,0,0,0,0,0,0,0,3,0,0,0,0,0,0,0,0,0,0,0,0,1,0,0,0,0,0,0,0,0,0,0,0,0,0,0,0,0,0,0,0,0,0,0,0,0,0,0,0,0,0,0,0,0,0,0,0,0,0,0,0,0,0,0,0,0,0,0,0,0,0,0,0,0,0,0,0,0,0,1,1,0,0,0,0,0,1,0,0,0,0,0,0,0,0,0,0,0,0,0,0,0,0,1,0,0,0,0,0,0,0,0,0,0,0,0,0,0,0,0,0,0,0,0,1,1,0,0,0,0,0,0,0,0,0,0,0,0,0,0,0,0,0,0,0,0,0,0,0,0,0,0,0,0,0,0,0,0,0,0,1,1,0,0,2,0,0,0,0,0,0,0,0,0,0,0,0,0,0,0,0,0,0,0,0,0,0,0,0,0,0,0,0,0,0,0,0,0,0,0,0,0,0,0,0,0,0,0,0,0,0,0,0,0,0,0,0,0,0,0,0,"cows grazing (11), accurate depiction typical (7), farm buildings (5), farm machinery (4), grazing cows (4), average dairy (3), average dairy farm (3), cows farm (3), cows milking (3), depict typical (3), green pastures (3), milking machines (3), showcasing typical (3), authentic representation (2), barns milking (2), cows grazing green (2), dairy cows grazing (2), depict typical dairy (2), farming equipment (2), grazing fields (2)"
reality_country_no_revise,New Zealand,dairy,"Please create an image that accurately represents the reality of what most dairy farms look like in New Zealand.I NEED to test how the tool works with extremely simple prompts. DO NOT add any detail, just use it AS-IS:",dall-e-3,6,0,0,0,0,0,0,0,0,0,0,0,0,0,0,0,0,0,0,0,0,0,0,0,0,0,0,0,0,0,0,0,0,2,1,0,0,0,0,0,0,0,0,0,1,0,0,0,0,0,0,0,0,0,0,0,0,0,0,0,0,0,2,0,0,0,0,0,0,0,0,0,0,0,0,0,0,0,0,0,0,0,0,5,4,0,0,0,0,0,0,0,0,0,0,0,0,0,0,0,0,2,0,0,0,0,0,0,0,0,0,0,0,0,0,0,0,0,0,0,0,0,0,0,0,0,0,0,0,0,0,0,0,0,7,4,3,1,0,0,0,0,0,0,0,0,0,0,0,0,6,0,0,13,1,0,0,0,0,0,0,1,1,0,0,0,0,0,0,0,0,0,0,0,0,0,0,0,0,6,3,0,0,0,0,0,1,0,0,0,0,0,0,3,3,0,1,0,0,0,0,0,0,0,0,0,0,0,0,0,0,0,0,0,0,0,0,0,0,0,0,0,0,3,0,0,0,0,0,0,0,0,0,0,0,0,0,0,0,0,0,0,0,0,0,0,0,0,0,0,0,0,2,0,0,0,0,0,0,0,0,0,0,1,0,0,0,0,0,0,14,0,0,0,1,0,0,0,0,0,2,0,0,0,6,0,0,3,0,0,0,3,0,0,0,0,0,0,0,0,0,0,0,0,0,0,0,0,1,0,0,0,0,0,0,0,0,0,0,0,0,0,0,0,0,0,0,0,0,0,0,0,0,0,0,0,0,0,0,0,0,15,15,0,0,0,0,0,0,0,0,0,0,0,0,0,0,0,0,2,0,0,0,0,0,0,0,0,0,0,0,0,0,0,0,0,0,0,0,0,0,0,0,0,0,0,0,0,0,0,0,0,0,0,0,0,0,10,0,0,1,1,0,0,0,0,0,0,3,0,0,3,0,0,0,1,1,0,0,18,0,6,0,2,0,2,0,0,0,0,0,0,0,0,0,0,0,0,0,0,0,0,0,0,0,0,2,0,0,0,0,0,0,0,0,0,0,0,0,0,2,1,0,0,0,0,0,0,0,1,1,0,0,1,0,0,0,1,1,0,0,1,0,0,0,0,0,0,0,0,0,1,0,0,0,0,0,0,0,0,0,0,0,0,6,6,0,0,0,0,0,0,0,0,0,0,1,0,0,0,0,0,0,3,3,0,0,0,0,0,0,9,2,0,0,6,0,0,0,0,0,0,0,0,0,0,0,0,0,0,0,0,0,0,0,0,0,0,0,0,0,0,1,2,0,0,0,0,0,0,0,0,0,0,0,0,0,0,0,0,0,0,1,0,0,0,0,0,0,0,0,0,0,0,0,1,1,0,0,0,0,0,0,0,0,0,0,0,0,0,0,0,0,0,0,0,0,0,0,0,8,8,0,0,0,4,2,2,0,0,0,0,0,0,1,0,0,0,0,0,0,0,0,0,0,0,0,0,0,0,0,0,0,0,0,0,0,0,0,0,0,0,0,0,0,0,0,0,2,0,0,0,0,1,0,0,0,0,0,0,0,0,0,0,0,0,0,0,0,0,0,0,0,0,0,5,0,1,4,6,2,0,0,1,0,0,0,0,1,0,0,0,0,0,0,0,0,0,0,0,0,0,0,0,0,0,0,0,1,0,0,0,0,0,0,0,0,0,0,1,1,1,0,0,0,0,0,0,0,0,0,0,0,0,0,0,0,0,0,0,0,0,0,0,0,0,0,0,0,1,0,0,0,0,0,0,0,0,0,0,0,0,0,0,0,0,0,0,0,0,0,0,0,0,0,0,0,0,0,0,0,0,0,0,0,0,0,0,0,0,0,0,0,0,0,0,0,0,0,0,0,0,0,0,0,0,0,0,0,0,0,0,0,0,0,0,0,0,0,0,0,0,0,0,0,0,0,0,0,0,0,0,0,3,0,0,0,0,0,0,0,0,0,0,0,0,0,0,0,0,0,0,0,0,0,0,0,0,0,0,0,0,0,0,0,0,0,1,0,0,0,0,0,0,0,0,0,0,0,0,1,1,0,1,0,0,0,0,0,0,3,3,0,0,1,0,0,0,0,0,0,0,0,0,0,0,0,0,0,0,0,0,0,0,1,0,0,0,0,0,0,0,0,0,0,0,0,0,0,0,0,0,0,0,0,0,0,0,0,0,0,0,0,0,0,0,0,0,0,0,1,"green pastures (18), farms new (15), farms new zealand (15), farm buildings (14), cows grazing (13), grazing cows (10), lush green (9), pastures cows (8), pastures cows grazing (8), clear blue (7), accurate depiction typical (6), cows farm (6), dairy farm landscape (6), farm landscape (6), green pastures cows (6), landscape new (6), landscape new zealand (6), lush green pastures (6), rolling hills (6), blue skies (5)"
reality_country_no_revise,the United States,pig,"Please create an image that accurately represents the reality of what most pig farms look like in the United States.I NEED to test how the tool works with extremely simple prompts. DO NOT add any detail, just use it AS-IS:",dall-e-3,6,0,0,0,0,0,0,0,0,0,0,0,0,0,0,0,0,0,0,0,0,0,0,0,0,0,0,0,0,0,0,0,1,0,0,5,5,0,0,0,0,0,0,0,0,0,0,0,0,0,0,0,0,0,0,0,0,0,0,0,0,0,0,0,0,0,0,0,0,0,0,0,0,0,0,0,0,0,0,0,0,0,0,0,0,0,0,0,0,0,0,0,0,0,0,0,0,0,0,0,0,0,0,0,0,0,0,0,0,0,0,0,0,0,0,0,0,0,0,0,0,0,0,0,0,0,0,0,0,0,0,0,0,0,0,0,0,0,0,0,0,0,0,0,0,0,0,0,0,0,0,0,0,0,0,0,0,0,0,0,0,0,0,0,0,0,0,0,0,0,0,0,0,0,0,0,0,0,0,0,0,0,0,0,0,0,0,0,0,0,0,0,0,2,0,2,0,1,0,0,0,0,0,0,0,0,0,0,0,0,0,0,0,0,0,0,0,0,0,0,0,0,0,0,0,0,0,0,0,0,0,0,0,0,0,0,0,0,0,0,0,0,0,0,0,0,0,0,0,0,0,0,0,0,0,0,0,0,0,0,0,0,0,0,0,0,0,0,0,0,1,1,0,0,0,0,0,0,0,0,0,0,0,0,0,0,0,1,0,0,0,0,0,0,1,0,0,0,0,0,0,0,0,0,0,0,0,0,0,0,0,0,0,0,0,0,0,0,0,0,0,0,0,0,0,0,0,0,0,0,0,0,0,0,0,0,0,0,0,0,0,0,0,0,0,0,0,0,0,0,0,0,0,0,0,0,0,0,0,0,0,0,0,0,0,1,0,0,0,0,0,0,0,0,0,0,0,0,0,0,0,0,0,0,0,0,0,0,0,0,0,0,0,0,0,0,0,0,0,0,0,0,0,0,0,0,0,0,0,0,0,0,0,0,0,0,0,0,0,0,0,0,0,0,0,0,0,0,0,0,0,0,0,0,0,0,0,0,0,0,0,0,0,0,0,0,0,0,0,0,0,0,0,0,0,0,0,0,0,0,0,0,0,0,0,0,1,0,0,0,0,0,0,3,3,2,0,1,1,0,0,0,0,3,3,0,0,0,0,0,0,0,0,0,0,0,0,0,0,0,0,0,0,0,0,0,0,0,0,0,0,0,0,0,0,0,0,0,0,0,0,0,0,0,0,0,0,1,1,0,0,0,0,0,0,0,0,0,0,0,0,0,0,0,0,0,0,0,0,0,0,0,0,0,0,0,0,0,0,0,0,0,0,0,0,0,0,0,0,0,0,0,0,0,0,0,0,0,0,0,0,0,0,0,0,0,0,0,0,0,0,0,0,0,0,0,0,0,0,0,0,0,0,0,0,0,0,0,0,0,0,0,0,0,0,0,0,0,0,0,0,0,0,0,0,0,0,0,0,0,0,1,0,0,0,0,0,0,0,1,0,0,0,0,0,0,0,0,2,0,0,0,0,0,0,0,0,1,0,1,0,0,0,0,0,0,0,0,0,0,0,0,0,0,0,0,0,0,0,0,0,0,0,0,0,0,0,0,0,0,0,1,3,0,0,0,0,0,0,0,0,0,0,0,0,0,0,0,0,0,0,0,0,0,0,0,0,0,0,0,0,0,0,0,0,0,0,0,0,0,0,0,0,0,0,0,0,0,0,0,0,0,0,0,0,0,0,0,0,0,0,0,0,0,0,0,0,0,0,0,0,0,0,1,0,0,0,0,0,0,0,0,0,0,0,0,0,0,0,0,0,0,0,0,0,0,0,0,0,0,0,0,0,0,0,0,0,0,0,0,0,0,0,0,1,0,0,0,0,0,0,0,0,0,0,0,0,0,0,0,0,0,0,0,0,0,0,0,0,0,0,0,0,0,0,0,0,0,1,0,0,0,0,0,0,0,0,0,0,0,0,0,0,0,0,0,1,1,0,0,0,0,0,0,0,0,0,0,0,0,0,0,0,0,0,0,0,0,0,1,0,0,0,0,0,0,0,0,0,0,1,1,0,0,0,0,0,0,0,0,0,0,0,0,0,0,0,0,0,0,0,0,0,0,2,0,0,0,0,0,0,0,0,0,0,0,0,0,0,0,0,0,0,0,0,0,0,0,0,0,0,0,0,0,0,0,0,0,0,0,0,0,0,0,0,0,0,0,0,0,0,0,0,0,0,0,0,0,0,0,0,"accurate depiction typical (6), average pig (5), average pig farm (5), illustration typical (3), illustration typical pig (3), image representing (3), image representing typical (3), representing typical (3), depict typical (2), depict typical pig (2), image accurately (2), pigs feeding (2), visual representation (2), authentic representation (1), depicting typical pig (1), farm buildings (1), farm consists (1), farm located (1), farm located united (1), filled pigs (1)"
reality_country_no_revise,Spain,pig,"Please create an image that accurately represents the reality of what most pig farms look like in Spain.I NEED to test how the tool works with extremely simple prompts. DO NOT add any detail, just use it AS-IS:",dall-e-3,2,0,0,0,0,0,0,0,0,0,0,0,0,0,0,0,1,0,0,0,0,0,0,0,0,0,0,0,0,0,0,0,1,0,0,2,2,0,0,0,0,0,0,0,0,0,0,0,0,0,0,0,0,0,0,0,0,0,0,0,0,0,0,0,0,0,0,0,0,0,0,0,0,0,0,0,0,0,0,0,0,0,0,0,1,0,0,0,1,0,0,0,0,0,0,0,0,0,0,0,0,0,0,0,0,0,0,0,0,0,0,0,0,0,0,0,0,0,0,0,0,0,0,0,0,0,0,0,0,0,0,0,0,0,0,0,0,1,0,0,0,0,0,0,0,0,0,0,0,0,0,0,0,0,0,0,0,0,0,0,0,0,0,0,0,0,0,0,0,0,0,0,0,0,0,0,0,0,0,0,0,0,0,0,0,0,0,0,1,0,0,0,0,0,0,0,0,0,0,0,0,0,0,0,0,0,0,0,0,0,0,0,0,0,0,0,0,0,0,0,0,0,0,0,0,0,0,0,0,0,0,0,0,0,0,1,0,0,0,0,0,0,0,0,0,0,0,0,0,0,0,0,1,0,0,0,0,0,0,0,0,0,0,0,0,0,0,0,0,0,2,0,0,0,0,0,0,0,0,0,0,0,1,0,1,0,0,1,0,0,0,0,0,1,0,0,0,0,0,1,0,0,0,0,0,0,0,0,0,0,0,0,0,0,0,0,1,0,0,0,0,0,0,0,0,0,0,0,0,0,0,0,0,0,0,0,0,0,0,0,0,0,0,0,5,0,0,0,5,0,0,0,0,1,0,0,0,0,0,0,0,0,0,0,0,0,1,0,0,0,0,0,0,0,0,0,0,0,0,0,0,0,0,0,0,0,0,0,0,0,0,0,0,0,0,0,0,0,0,0,0,0,0,0,0,0,0,0,0,0,0,0,0,0,0,0,0,0,0,0,0,0,0,0,0,0,0,0,0,0,0,0,0,0,0,0,0,0,0,0,0,0,0,0,0,0,0,0,0,0,0,0,0,0,0,0,0,0,0,0,0,0,0,0,0,0,0,0,0,0,0,0,0,3,2,1,0,0,0,0,0,0,0,1,1,1,0,0,0,0,0,0,0,0,0,0,0,0,0,0,0,0,0,0,0,0,0,0,0,0,0,0,0,0,0,0,0,0,0,0,0,0,0,0,0,0,1,0,0,0,0,0,0,0,0,0,0,0,0,0,0,0,0,0,0,0,0,0,0,0,0,0,0,0,0,0,0,0,0,0,0,0,0,0,0,0,0,0,0,0,0,0,0,0,0,0,0,0,0,0,0,0,0,0,0,0,0,1,0,0,0,0,0,0,0,0,0,0,0,0,0,0,0,0,0,0,0,0,0,0,0,0,0,0,0,0,0,0,0,0,0,0,0,0,0,0,0,0,0,0,0,0,1,0,0,0,0,0,0,1,0,0,0,4,0,0,0,0,3,0,0,0,0,0,3,0,1,0,0,0,0,0,0,0,0,0,0,0,1,0,1,0,1,0,0,0,0,0,0,0,0,0,0,0,0,0,0,0,0,0,0,1,1,0,0,0,0,0,0,0,0,0,0,0,0,0,0,0,0,0,0,0,2,0,0,0,0,0,0,0,0,0,0,0,0,0,0,0,0,0,0,0,0,0,1,0,0,0,0,0,0,0,0,0,0,0,0,0,0,0,0,0,0,0,0,0,0,0,0,0,0,1,0,0,0,0,0,0,0,0,0,0,0,0,0,0,0,0,0,1,0,0,0,0,0,0,0,0,0,0,1,0,2,1,0,0,0,0,0,0,0,0,0,0,0,0,0,0,0,0,0,0,0,0,0,0,0,0,0,0,0,0,0,0,0,0,0,0,0,2,0,0,0,0,0,0,0,0,0,0,0,0,0,0,0,0,0,0,0,0,0,0,0,0,0,0,0,0,0,0,0,0,0,0,0,0,1,1,0,0,0,0,0,0,0,0,0,0,0,0,0,0,1,0,0,0,0,1,0,0,0,0,0,0,0,0,0,0,0,0,0,0,0,0,0,0,0,0,0,0,3,0,0,0,3,0,0,0,0,0,0,0,0,0,0,0,0,0,0,0,0,0,0,0,0,0,0,0,0,0,0,0,0,0,0,0,0,0,0,0,0,0,0,0,0,0,0,0,0,0,0,0,0,0,0,0,0,0,0,0,0,"feeding areas (5), feeding troughs (5), pig pens (4), illustration typical (3), pigs feeding (3), pigs roaming (3), view typical (3), visual representation (3), accurate depiction typical (2), average pig (2), average pig farm (2), farm buildings (2), illustration typical pig (2), rural setting (2), spanish pig (2), surrounding farm (2), areas pigs (1), authentic representation (1), blue sky (1), blue sky overhead (1)"
reality_country_no_revise,Australia,pig,"Please create an image that accurately represents the reality of what most pig farms look like in Australia.I NEED to test how the tool works with extremely simple prompts. DO NOT add any detail, just use it AS-IS:",dall-e-3,7,0,0,0,0,0,0,0,0,0,0,0,0,0,0,0,0,0,0,0,0,0,0,0,0,0,0,0,1,2,2,0,2,0,0,7,7,0,0,0,0,0,0,0,0,0,0,0,0,0,0,0,0,0,0,0,0,0,0,0,0,0,0,0,0,0,0,0,0,0,0,0,0,0,0,0,0,0,0,0,0,0,0,0,1,0,0,0,0,0,0,0,0,0,0,0,0,0,0,0,0,0,0,0,0,0,0,0,0,0,0,0,0,0,0,0,0,0,0,0,0,0,0,0,0,0,0,0,0,0,0,0,0,0,1,0,0,0,0,0,0,0,0,0,0,0,0,0,0,0,0,0,0,0,0,0,0,0,0,0,0,0,0,0,0,0,0,0,0,0,0,0,0,0,0,0,0,0,0,0,0,0,0,0,0,0,0,0,0,0,0,0,0,0,0,0,0,1,0,0,0,0,0,0,0,0,0,0,0,0,0,0,0,0,0,0,0,0,0,0,0,0,0,0,0,0,0,0,0,0,0,0,0,0,0,0,0,0,0,0,0,0,0,0,0,0,0,0,0,0,0,0,0,0,0,0,0,0,0,0,0,0,0,0,0,0,0,0,0,0,1,0,0,0,0,0,0,0,0,0,0,0,0,0,0,0,0,0,0,0,0,0,0,0,0,0,0,0,0,0,0,0,0,0,0,0,0,0,0,0,0,0,0,0,0,0,0,0,0,0,0,0,0,0,0,0,0,0,0,0,0,0,0,0,0,0,0,0,0,0,0,0,0,0,0,0,0,0,3,0,0,0,0,0,0,0,0,0,0,0,0,0,0,0,0,0,0,0,0,0,0,0,0,0,0,0,0,0,0,0,0,0,0,0,0,0,0,0,0,0,0,0,0,0,0,0,0,0,0,0,0,0,0,0,0,0,0,0,0,0,0,0,0,0,0,0,0,0,0,0,0,0,0,0,0,0,0,0,0,0,0,0,0,0,0,0,0,0,0,0,0,0,0,0,0,0,0,0,0,0,0,0,0,0,0,0,0,0,0,0,0,0,0,0,0,0,0,0,0,0,0,0,0,2,2,1,1,1,1,0,0,0,0,0,0,0,0,0,0,0,0,0,0,0,0,0,0,0,0,0,0,0,0,0,0,0,0,0,0,0,0,0,0,0,0,0,0,0,0,0,0,0,0,0,0,0,0,0,0,0,0,0,0,0,0,0,0,0,0,0,0,0,0,0,0,0,0,0,0,0,0,0,0,0,0,0,0,0,0,0,0,0,0,0,0,0,0,0,0,0,0,0,0,0,0,0,0,0,0,0,0,0,0,0,0,0,0,0,0,0,0,0,0,0,0,1,0,0,1,0,0,0,0,0,0,0,0,0,0,0,0,0,0,0,0,0,0,0,0,0,0,0,0,0,0,0,0,0,0,0,0,0,1,0,0,0,0,0,0,0,0,0,0,4,0,0,0,0,0,0,0,0,0,0,1,1,0,0,0,0,0,0,1,0,0,0,0,0,1,0,0,0,1,0,0,0,0,0,0,0,0,0,0,0,0,0,0,0,0,0,0,4,0,0,1,0,0,0,0,0,0,0,0,0,0,0,0,0,0,0,0,0,0,0,0,0,0,0,0,0,0,0,0,0,0,0,0,0,0,0,0,0,0,0,0,0,0,0,0,0,0,0,0,0,0,0,0,0,0,0,0,0,0,0,0,0,0,0,0,0,0,0,0,0,0,0,0,0,0,0,0,0,0,0,0,0,0,0,0,1,0,0,0,0,0,0,0,0,0,0,0,0,0,0,0,0,0,0,0,0,0,0,0,0,0,0,0,0,0,0,0,0,0,0,0,0,0,0,0,0,0,0,0,0,0,0,1,0,0,0,0,0,0,0,0,0,0,0,0,0,0,0,0,0,0,0,0,0,0,0,0,0,0,0,0,0,0,0,0,0,0,0,0,0,0,0,0,0,0,0,0,0,0,0,0,0,0,0,0,0,0,0,0,0,0,0,0,0,0,0,0,0,0,0,0,0,0,0,0,0,0,0,0,0,0,0,0,0,0,0,1,0,0,0,1,0,0,0,0,0,0,0,0,0,0,0,0,0,0,0,0,0,0,0,0,0,0,0,0,0,0,0,0,0,0,0,0,0,0,0,0,0,0,0,0,0,0,0,0,0,0,0,0,0,0,0,1,0,0,0,0,"accurate depiction typical (7), average pig (7), average pig farm (7), pig pens (4), representation average (4), feeding troughs (3), australian pig (2), australian pig farm (2), authentic representation (2), illustration typical (2), illustration typical pig (2), australian outback (1), blue sky (1), clear blue (1), depicting typical pig (1), farm buildings (1), image accurately (1), image capture (1), image depicting (1), image depicting typical (1)"
basic_country,the United States,dairy,A dairy farm in the United States.,dall-e-3,0,0,0,2,1,1,0,2,2,0,2,11,10,0,0,0,0,1,1,3,2,1,1,4,3,0,0,0,0,0,0,0,0,0,0,0,0,2,1,2,2,3,2,2,0,1,4,0,0,2,2,0,2,0,6,17,5,5,5,1,7,3,0,2,2,2,4,1,0,0,0,1,48,0,17,15,0,1,4,2,1,1,1,5,44,2,2,4,2,2,3,5,2,3,3,1,2,2,4,0,0,0,1,0,2,2,0,0,1,1,0,0,0,5,5,3,3,0,3,1,0,8,3,4,3,6,0,0,0,0,1,8,6,1,25,1,19,1,1,1,1,0,0,0,0,0,1,1,6,4,1,0,8,31,0,5,5,3,3,9,8,1,1,1,1,1,8,7,6,0,0,0,0,0,3,0,3,1,2,0,27,9,2,2,12,2,0,0,2,0,4,6,0,0,0,0,0,0,0,2,2,2,2,0,2,1,1,0,0,0,0,5,2,2,1,1,1,0,2,5,0,4,3,0,1,1,4,4,0,0,4,4,2,11,11,6,5,1,1,1,1,0,2,8,2,1,0,2,2,2,4,1,0,0,1,5,1,0,3,0,17,17,1,3,0,0,2,2,1,0,3,3,1,0,2,0,0,1,0,1,2,0,0,1,1,1,1,27,0,2,0,0,3,0,15,4,10,2,0,0,1,3,12,1,1,2,1,1,3,0,5,0,2,0,6,5,2,4,1,3,0,3,0,0,2,0,1,3,0,1,0,0,0,0,0,1,1,1,0,2,0,0,0,0,0,1,0,0,0,0,7,3,1,0,0,0,4,3,4,2,1,2,0,0,0,0,5,17,0,1,2,3,4,0,0,0,1,0,0,0,0,0,0,0,3,3,0,0,0,0,1,1,0,1,3,6,3,5,1,2,1,1,2,1,5,13,12,9,0,1,1,14,2,2,13,1,0,1,4,41,2,1,5,1,5,1,1,0,0,0,3,0,1,0,12,2,2,1,1,0,3,0,11,11,0,1,0,0,0,0,4,0,7,4,3,1,0,0,0,5,34,14,1,4,3,3,0,2,3,0,0,0,0,0,0,0,1,0,0,0,0,1,0,0,0,0,0,1,1,0,0,0,0,0,0,0,0,0,1,4,3,3,1,2,0,0,0,0,2,2,1,0,21,19,2,11,1,1,0,0,0,2,0,0,0,3,0,17,17,6,4,33,5,10,2,14,2,1,0,0,8,0,1,0,1,5,0,0,3,1,0,2,10,0,2,2,4,1,2,5,3,1,1,0,1,1,1,1,6,0,0,0,0,0,0,6,1,5,0,3,3,2,0,0,0,5,3,0,0,0,2,1,0,0,1,4,1,3,2,0,0,0,0,3,3,1,0,0,0,2,2,1,3,2,4,0,0,4,3,3,2,1,6,4,0,3,2,2,5,2,2,0,0,6,0,4,4,6,5,0,0,0,0,0,0,0,0,0,0,0,0,0,0,0,0,0,0,0,0,0,0,0,0,0,0,0,2,0,0,2,0,6,0,63,0,2,4,17,5,7,12,4,0,1,0,0,1,0,0,6,3,0,0,0,0,13,3,1,9,16,0,0,0,1,2,0,1,0,0,0,4,5,2,5,5,0,5,1,5,4,1,0,0,0,3,1,1,1,1,1,17,16,0,0,1,0,0,0,0,0,1,1,3,2,2,0,1,1,6,5,0,0,2,2,0,8,0,0,0,0,0,1,1,1,0,0,0,0,0,1,0,4,3,3,3,2,4,3,2,5,2,0,0,9,1,2,1,3,2,0,0,0,0,0,8,8,2,1,1,3,3,3,2,7,7,4,6,1,0,5,0,0,2,1,1,5,1,1,4,4,5,2,1,6,0,0,3,0,3,0,0,0,2,1,0,6,7,2,0,0,0,0,0,0,0,9,2,0,6,0,0,3,3,0,0,0,0,0,11,8,0,1,0,1,0,2,1,0,1,0,0,0,4,0,0,0,0,0,0,7,6,0,0,0,10,2,3,0,0,0,0,0,0,2,2,0,0,0,2,0,3,1,2,2,3,2,1,1,0,0,3,3,1,0,0,1,1,0,0,2,3,0,1,1,1,1,0,1,12,1,3,1,1,1,22,18,8,3,2,2,15,14,0,1,5,8,5,7,1,6,0,1,0,9,2,1,2,1,0,0,0,5,4,1,8,12,1,0,1,0,0,"red barn (63), black white (48), blue sky (44), green pastures (41), holstein cows (34), lush green (33), cows grazing (31), dairy farm located (27), farm located (27), clear blue (25), white clouds (22), large red (21), clear blue sky (19), large red barn (19), white cows (18), barn stands (17), black white cows (17), expansive dairy (17), expansive dairy farm (17), fluffy white clouds (17)"
basic_country,Germany,dairy,A dairy farm in Germany.,dall-e-3,0,0,0,1,3,2,1,1,1,0,1,0,0,0,0,0,0,2,1,5,5,2,1,3,0,0,0,0,0,0,0,0,0,0,0,0,0,2,1,1,1,3,2,2,0,2,0,1,1,1,7,4,1,1,0,6,3,4,4,3,0,0,0,2,0,1,0,1,1,0,0,0,42,1,11,6,4,6,2,0,2,2,0,3,37,1,2,1,2,0,1,3,1,3,3,1,4,4,0,0,0,0,0,1,2,2,0,0,3,0,0,0,0,2,0,1,6,0,3,1,1,1,1,2,2,8,4,4,0,0,2,4,1,2,31,2,26,2,2,1,1,2,0,29,2,0,4,4,4,3,1,2,7,24,2,5,5,3,2,4,4,4,4,0,4,3,9,5,3,1,1,0,0,0,0,1,4,4,0,0,36,16,0,3,5,1,0,1,1,0,1,1,0,0,0,0,1,0,0,0,3,1,0,0,1,1,2,2,0,0,0,4,2,2,1,0,0,0,2,1,0,6,6,2,1,1,7,7,1,0,0,0,5,6,6,3,3,4,1,1,0,1,1,4,1,1,2,0,0,0,0,3,0,0,0,4,1,1,1,0,9,9,0,7,0,0,0,5,1,1,4,3,0,0,4,0,0,1,4,0,4,0,0,1,0,0,2,36,0,8,7,0,4,0,0,0,18,0,0,0,1,3,5,1,1,0,0,3,4,1,4,0,2,1,0,0,0,4,3,1,1,0,0,0,3,3,0,0,1,1,1,1,2,2,0,3,5,1,3,0,2,0,0,0,0,1,0,0,0,0,8,0,1,1,0,1,3,3,3,2,0,1,0,2,0,0,8,14,0,0,3,2,10,3,0,0,0,0,0,0,0,0,0,0,2,0,10,16,4,13,2,2,0,0,2,4,3,4,0,1,3,2,4,1,5,10,9,16,3,1,3,15,1,2,8,5,2,5,4,40,0,1,7,4,5,1,0,0,0,0,1,0,0,1,8,2,2,1,3,2,1,0,0,0,3,3,1,1,1,2,1,1,2,3,1,1,0,0,0,1,32,9,3,7,6,0,0,4,6,0,0,0,0,0,0,0,0,3,1,0,0,0,0,0,0,0,0,0,0,1,3,1,0,2,0,1,0,0,0,0,3,3,1,5,0,0,0,0,6,0,0,0,3,3,3,5,6,1,0,0,0,8,7,0,0,4,0,0,0,0,1,30,7,3,1,14,2,2,0,1,4,2,1,0,0,7,2,0,5,3,1,1,8,2,0,0,0,3,2,7,2,0,3,0,2,2,1,1,2,0,0,0,0,0,0,5,1,5,0,2,3,2,0,0,0,3,3,0,0,0,2,3,0,0,0,2,0,1,0,0,0,0,3,0,0,0,4,2,2,1,0,1,2,1,0,1,1,5,1,1,3,1,9,1,1,2,7,6,8,0,3,0,0,0,1,5,5,6,4,0,0,0,0,0,0,0,0,0,0,0,0,0,0,0,0,0,0,0,0,0,0,0,0,0,0,0,2,0,0,1,2,6,0,10,0,0,0,3,2,0,0,0,9,2,4,3,2,5,4,6,1,0,0,0,0,9,2,5,2,26,1,1,0,3,4,0,0,4,2,4,4,3,3,0,0,10,3,2,5,1,7,3,0,1,1,3,1,0,0,3,12,12,0,0,0,0,0,0,1,1,0,0,6,3,0,0,3,0,4,2,1,0,5,5,0,6,0,1,0,0,0,0,1,0,0,0,0,0,0,0,1,6,2,1,1,2,1,1,2,6,1,0,0,13,1,4,2,3,0,0,0,0,0,0,1,1,4,3,1,2,0,2,5,6,0,0,0,0,0,2,0,1,0,1,0,4,1,0,2,0,1,0,2,6,1,4,0,0,0,1,0,0,1,1,0,4,8,1,0,0,9,5,3,10,0,4,0,0,1,0,0,20,20,3,22,5,0,0,1,1,0,1,0,3,1,1,0,0,0,0,0,0,0,0,0,5,0,0,0,0,0,2,0,0,5,1,3,0,3,0,0,0,0,0,1,0,0,0,0,0,1,1,0,0,1,8,0,6,0,0,0,0,0,1,2,3,3,0,0,4,3,0,0,0,0,0,0,0,4,4,2,2,0,1,18,11,4,2,3,3,6,5,4,6,2,0,0,1,7,0,1,0,0,2,0,1,0,0,2,2,0,7,4,1,3,6,0,0,1,0,0,"black white (42), green pastures (40), blue sky (37), dairy farm located (36), farm located (36), holstein cows (32), clear blue (31), lush green (30), countryside germany (29), clear blue sky (26), rolling hills (26), cows grazing (24), traditional german (22), traditional dairy (20), traditional dairy farm (20), farm nestled (18), white clouds (18), dairy farm nestled (16), german countryside (16), grazing peacefully (16)"
basic_country,New Zealand,dairy,A dairy farm in New Zealand.,dall-e-3,0,0,0,2,0,0,0,0,0,0,1,0,0,0,0,0,0,3,0,2,2,4,2,1,4,0,0,0,0,0,0,0,0,0,0,0,0,4,2,0,0,1,0,0,0,1,3,0,1,1,1,0,2,1,4,7,1,1,1,1,1,0,1,0,1,3,2,0,0,1,1,1,28,1,8,9,3,0,1,1,1,1,3,7,52,3,2,0,4,3,1,6,3,9,8,1,0,0,2,0,1,0,1,1,1,1,0,0,0,2,0,0,2,5,4,0,3,0,0,2,2,1,0,0,0,2,1,1,2,2,0,6,6,0,37,2,31,1,0,1,1,2,0,0,1,0,3,2,6,5,2,0,2,25,1,2,9,1,1,3,2,1,0,1,5,4,7,7,4,0,0,0,0,0,1,0,3,0,2,0,30,17,1,2,12,0,0,0,1,0,2,2,1,1,1,0,0,0,0,1,4,0,0,1,0,0,0,0,2,0,0,6,3,0,0,0,0,0,4,1,4,2,2,5,5,5,4,4,0,1,1,1,3,6,6,4,3,5,5,1,1,3,0,7,2,1,1,1,2,2,1,1,1,0,0,0,0,1,2,0,9,9,0,0,0,0,2,8,8,1,11,3,0,0,4,1,1,2,0,1,4,0,1,1,0,0,3,30,0,0,0,11,0,0,0,2,17,0,1,0,0,3,12,0,1,0,0,2,4,0,0,0,0,2,0,0,1,0,0,0,0,0,4,4,1,1,2,0,0,0,0,0,0,0,2,1,8,2,1,0,1,0,0,0,1,0,0,0,1,0,4,0,1,1,0,1,1,1,2,0,0,1,0,1,0,0,4,12,0,0,2,2,7,2,0,0,2,1,0,0,0,0,0,0,1,2,0,0,0,0,1,1,0,3,1,1,3,16,2,1,1,1,2,2,2,5,3,14,1,3,0,12,1,2,11,5,13,5,1,35,3,3,6,0,4,2,0,0,0,0,1,1,0,1,2,0,0,1,0,6,4,0,0,0,3,3,1,4,4,4,1,0,0,0,0,1,1,1,1,1,17,2,1,3,3,1,0,1,3,0,0,0,0,0,0,0,2,0,0,0,0,1,0,0,0,1,0,0,0,0,0,1,0,0,0,0,0,0,1,1,1,1,2,2,7,7,33,33,2,0,0,0,0,0,2,4,1,0,0,0,0,0,0,11,11,0,0,0,0,5,1,32,2,5,0,13,3,6,0,3,5,2,1,0,1,3,0,0,1,0,0,0,9,1,1,2,1,1,0,2,0,0,2,1,0,0,0,0,2,0,0,0,0,0,0,1,1,2,0,0,1,6,7,0,0,1,1,0,0,0,1,0,0,0,0,2,2,1,0,0,0,2,0,1,1,0,0,0,0,1,0,1,1,2,0,1,1,5,4,3,3,2,12,3,2,0,0,0,5,3,5,0,0,3,0,10,10,11,5,0,0,0,0,0,0,0,0,0,0,0,0,0,0,0,0,0,0,0,0,0,0,0,0,0,0,0,1,0,0,1,3,7,0,17,0,0,0,4,1,1,7,1,0,1,4,3,4,1,1,3,1,0,0,1,0,15,1,5,6,32,1,4,0,3,1,0,2,1,0,1,11,1,2,0,0,2,3,0,2,1,9,5,0,1,3,0,0,3,0,0,11,11,0,0,2,0,0,0,1,0,1,0,2,1,2,0,2,0,4,0,2,0,15,15,2,4,0,0,0,0,0,0,0,0,0,0,0,0,0,1,1,5,2,4,2,2,0,0,3,7,4,2,17,14,2,2,2,1,4,0,0,0,0,0,5,5,2,1,0,1,2,2,1,1,0,0,0,0,0,4,1,1,0,7,4,3,2,1,3,2,1,2,1,3,0,0,0,0,0,1,1,0,0,3,0,0,6,0,0,0,1,1,0,0,8,0,0,0,1,0,1,1,1,3,0,0,0,0,6,3,0,5,0,1,0,1,2,2,1,0,0,0,0,2,3,0,0,0,0,0,0,1,0,0,7,3,1,0,0,2,0,0,0,0,0,2,0,0,0,1,1,0,0,3,4,5,2,6,0,0,0,0,1,2,0,0,0,0,0,1,2,0,0,0,0,1,1,0,4,1,1,2,1,7,19,9,5,7,1,1,9,7,3,0,1,5,3,0,3,2,0,1,0,3,0,4,2,1,0,0,0,10,3,5,4,8,3,0,2,0,7,"blue sky (52), clear blue (37), green pastures (35), landscapes new (33), landscapes new zealand (33), lush green (32), rolling hills (32), clear blue sky (31), dairy farm located (30), farm located (30), black white (28), cows grazing (25), white clouds (19), dairy farm nestled (17), farm nestled (17), holstein cows (17), red barn (17), snow capped (17), grazing cows (16), rolling green (15)"
basic_country,the United States,pig,A pig farm in the United States.,dall-e-3,0,5,2,6,1,0,1,0,0,2,0,0,0,10,10,2,0,1,0,2,1,0,0,1,1,1,1,0,0,0,0,0,0,0,0,0,0,7,0,0,0,2,2,1,2,1,2,0,0,0,4,2,2,0,1,9,1,4,4,1,2,1,0,4,2,3,5,1,1,1,3,1,0,0,0,0,0,0,0,2,4,1,0,5,34,0,0,7,6,0,0,0,0,5,4,0,4,3,1,1,2,0,0,0,0,0,6,6,1,3,1,0,1,6,6,1,3,0,0,3,2,5,3,4,2,5,0,0,0,0,3,9,5,3,20,3,14,3,2,2,2,1,0,0,0,0,0,0,0,0,0,0,0,0,0,0,0,0,0,0,0,0,0,0,0,0,0,0,0,0,0,0,0,0,3,5,2,0,0,0,0,0,0,0,0,0,3,0,1,2,0,4,1,1,0,1,0,0,1,2,3,3,2,1,0,0,1,0,0,1,1,1,0,3,0,0,7,1,1,1,1,1,0,1,1,1,0,0,1,0,1,1,1,0,0,3,2,0,0,0,3,1,1,1,0,1,0,0,1,0,0,1,0,2,1,3,2,1,0,0,0,0,3,0,18,18,5,1,0,1,4,1,0,1,6,1,1,3,1,0,4,0,0,0,1,2,3,38,0,0,0,0,14,0,20,3,6,1,0,0,4,3,16,9,0,1,1,7,2,0,2,0,1,1,6,5,0,0,0,0,2,2,0,0,0,0,0,2,2,1,0,0,0,0,1,1,0,0,2,1,0,0,0,0,0,0,4,1,4,0,2,1,2,5,1,2,1,1,2,1,2,2,0,1,1,0,7,18,2,0,0,0,0,0,3,1,2,1,0,0,0,0,0,0,1,1,0,0,0,0,1,1,0,2,2,0,0,0,0,0,0,0,0,0,0,0,0,0,0,0,2,17,1,2,4,2,0,0,1,13,1,0,2,0,1,1,2,0,3,4,0,0,1,3,6,2,1,0,2,0,0,8,10,10,2,0,0,0,0,1,3,0,7,1,0,2,5,0,0,3,0,0,0,0,0,0,0,2,3,0,0,0,0,0,0,0,1,0,0,0,0,0,0,0,0,1,0,0,0,0,0,0,0,0,0,0,0,1,1,0,0,0,0,5,0,0,0,0,5,2,3,0,13,11,5,1,0,0,0,2,0,0,0,0,0,14,0,20,20,6,0,12,6,0,0,3,2,0,0,2,6,4,1,1,1,0,0,0,2,1,1,0,4,0,0,1,0,1,0,0,0,0,0,0,0,0,1,0,0,1,1,1,4,1,3,2,1,2,4,0,0,0,0,0,2,0,0,5,0,2,9,1,0,0,5,3,0,2,2,1,0,0,1,5,4,1,7,2,1,1,0,1,1,0,3,0,0,8,1,1,0,0,2,0,0,0,0,0,1,0,0,1,2,3,0,0,0,2,2,38,5,15,0,8,1,12,1,7,3,7,1,2,2,1,9,4,7,20,2,16,9,5,0,2,6,11,3,2,0,2,2,0,0,37,2,2,1,6,4,1,14,5,0,1,0,0,2,0,0,6,1,0,0,2,7,3,1,2,0,7,0,0,5,0,2,2,0,1,8,5,7,5,2,11,11,0,4,0,3,1,4,0,2,1,0,0,0,0,3,1,0,0,0,0,1,0,7,7,3,2,0,0,1,4,0,3,1,4,4,2,0,2,0,0,0,5,4,0,1,0,0,0,9,3,6,3,1,0,2,0,0,6,2,1,1,1,8,7,2,9,0,1,0,5,0,2,0,0,1,0,0,0,0,0,0,0,0,0,0,1,1,2,3,5,4,3,5,0,1,10,0,3,1,1,0,6,2,2,2,1,0,2,2,9,1,2,2,0,1,7,2,0,0,2,0,9,0,3,6,0,0,0,0,0,1,3,0,2,1,2,0,0,0,0,0,0,3,3,3,2,0,1,0,0,1,3,0,0,1,2,0,0,4,2,1,0,7,0,0,4,5,0,1,2,1,0,0,0,1,1,17,2,3,0,0,1,5,1,2,2,4,3,0,3,1,0,2,0,7,7,0,0,2,1,0,3,0,3,11,2,1,1,0,1,2,2,2,0,6,3,1,0,1,0,23,0,0,3,1,1,0,0,0,0,0,3,3,6,0,2,0,1,1,4,1,0,2,1,0,0,0,3,3,1,6,23,1,2,0,0,0,"farm located (38), pig farm located (38), red barn (37), blue sky (34), white clouds (23), wooden fences (23), clear blue (20), farm located united (20), located united (20), located united states (20), pigs various (20), expansive pig (18), expansive pig farm (18), fluffy white clouds (18), green fields (17), various sizes (17), farm situated (16), pigs various sizes (16), pig farm situated (15), clear blue sky (14)"
basic_country,Spain,pig,A pig farm in Spain.,dall-e-3,0,8,3,3,0,0,3,1,1,3,1,0,0,0,0,0,2,0,0,0,0,0,0,0,1,0,0,0,0,0,0,0,0,0,0,0,0,7,0,3,2,1,0,1,1,0,1,0,0,2,0,0,1,2,0,1,0,1,0,0,0,0,0,1,0,0,0,0,0,0,0,0,0,0,0,0,0,0,0,0,0,0,0,6,22,4,1,1,2,2,0,0,0,4,2,3,5,3,2,0,0,1,0,2,0,0,4,4,1,1,1,0,0,5,5,1,4,0,2,0,0,1,0,2,0,1,0,0,0,0,0,3,1,4,18,1,12,2,0,3,0,0,0,0,3,20,0,0,0,0,0,0,0,0,0,0,0,0,0,0,0,0,0,0,0,0,0,0,0,0,0,0,0,0,1,1,0,3,0,0,0,0,0,0,0,0,3,0,3,2,0,1,0,0,0,0,0,0,0,0,1,1,0,0,0,0,0,0,1,2,2,0,0,0,0,0,7,4,3,2,0,3,3,2,1,1,0,0,0,2,0,0,8,0,0,4,4,0,2,0,0,1,0,2,1,0,0,0,0,0,0,1,0,1,0,2,1,1,1,1,0,0,0,0,8,7,2,1,5,1,14,5,1,1,1,1,5,0,1,0,1,0,0,1,1,0,2,38,0,3,0,0,3,6,0,0,11,1,0,1,4,4,13,2,0,1,1,11,2,0,2,1,0,2,3,2,0,3,3,0,0,0,0,0,0,0,0,0,0,1,0,0,0,0,1,1,3,2,1,0,0,0,0,0,0,0,2,0,2,1,1,0,3,2,1,0,0,0,2,1,4,4,1,2,1,2,3,12,0,0,0,0,0,0,1,1,2,1,0,0,0,0,0,0,2,0,0,0,0,0,3,3,3,4,2,0,0,0,2,0,0,0,0,0,0,0,0,0,0,0,1,17,0,1,1,7,0,0,2,10,0,0,0,0,1,1,0,0,2,2,0,1,0,0,4,0,1,0,0,0,0,4,0,0,1,0,1,3,3,0,0,0,4,1,1,1,3,0,0,1,0,0,0,0,0,0,0,3,3,0,0,0,0,0,0,0,0,0,0,1,0,0,1,0,0,2,0,0,0,0,0,0,0,0,0,0,0,0,0,0,0,0,0,2,0,0,0,0,3,0,1,0,3,2,2,0,0,0,0,0,0,3,0,0,0,3,6,0,0,7,0,13,6,0,0,4,0,0,1,0,1,0,1,1,1,1,0,0,4,0,3,1,1,0,0,0,0,1,0,0,0,0,0,0,0,0,0,0,1,0,1,1,8,1,0,0,0,2,1,0,0,2,0,1,2,0,0,4,3,1,4,0,47,1,2,1,0,0,1,1,0,0,0,1,1,0,0,0,1,0,0,0,0,0,0,0,0,1,0,0,0,0,0,0,1,0,0,0,1,1,0,2,1,0,1,0,0,3,0,37,10,13,2,8,1,9,2,7,2,6,1,4,6,4,5,2,6,18,1,14,8,7,2,1,3,13,0,2,0,2,2,4,0,4,0,0,0,0,0,0,0,0,2,1,2,3,0,7,5,1,0,0,0,7,5,9,2,7,0,24,0,2,6,0,0,5,0,2,3,3,4,10,9,0,0,2,7,3,4,0,11,2,0,0,1,0,1,2,2,3,0,0,0,0,1,0,7,7,1,2,1,0,2,4,2,0,0,4,2,0,0,1,0,0,3,10,3,0,0,0,0,0,2,1,7,1,1,2,4,2,3,5,2,7,4,1,1,0,0,6,2,0,0,1,0,0,0,0,1,14,31,7,14,13,0,0,0,0,0,0,1,1,1,2,0,0,0,0,0,5,1,0,0,3,3,2,0,5,3,1,6,5,2,17,5,2,0,0,0,2,1,0,0,0,0,3,0,2,4,9,1,7,3,0,0,0,0,0,0,0,0,0,0,1,0,0,18,18,1,0,31,1,0,8,1,2,1,0,3,1,0,0,0,2,1,0,3,0,14,0,0,0,2,1,2,0,0,0,0,0,14,0,2,0,0,0,7,1,0,2,3,3,0,0,4,2,1,4,5,5,0,0,1,1,1,2,0,2,8,5,6,2,0,0,0,0,0,0,0,0,1,0,1,0,19,0,0,0,0,0,0,0,0,0,0,0,0,0,2,0,10,1,0,1,1,0,0,0,0,0,0,7,1,0,13,6,0,0,0,0,0,"olive trees (47), farm located (38), pig farm located (37), spanish countryside (31), traditional spanish (31), rolling hills (24), blue sky (22), countryside spain (20), white clouds (19), clear blue (18), pigs various (18), traditional pig (18), traditional pig farm (18), green fields (17), sunny day (17), farm buildings (14), pigs various sizes (14), spanish architecture (14), spanish pig (14), typical spanish (14)"
basic_country,Australia,pig,A pig farm in Australia.,dall-e-3,0,5,1,2,1,1,0,0,0,3,3,0,0,0,0,1,2,2,0,0,0,2,1,1,1,0,1,5,22,10,9,8,0,0,0,0,0,5,1,0,0,0,1,0,2,1,3,1,0,0,4,1,2,1,0,3,0,1,0,1,0,0,0,0,2,0,0,0,0,0,0,0,0,0,0,0,0,0,0,1,0,0,0,3,33,6,1,0,6,0,0,1,0,8,7,1,3,2,2,2,0,0,0,1,0,0,5,5,0,0,0,0,0,8,7,1,1,0,2,1,2,1,0,1,1,2,0,0,1,1,1,3,3,1,23,1,15,4,0,1,2,0,4,0,1,0,0,0,0,0,0,0,0,0,0,0,0,0,0,0,0,0,0,0,0,0,0,0,0,0,0,0,0,0,0,0,0,0,0,0,0,0,0,0,0,0,0,0,4,2,0,2,0,1,0,0,0,0,0,2,2,1,0,0,0,0,0,0,0,0,0,0,0,1,1,1,6,1,1,3,0,1,1,0,0,0,0,0,0,0,1,1,4,0,0,3,3,1,0,0,3,3,0,3,1,0,0,1,1,0,1,1,0,4,0,1,0,1,0,61,0,0,0,1,22,22,3,3,2,2,4,3,0,2,1,1,0,1,4,0,2,0,0,1,2,0,2,31,9,2,0,0,3,0,0,0,6,0,0,0,3,4,16,3,3,1,1,3,6,0,0,0,0,0,0,0,3,3,2,1,0,1,2,2,0,0,0,1,0,0,0,0,0,0,0,0,0,1,1,0,2,0,0,0,0,0,2,0,0,0,0,1,0,2,0,1,1,1,3,0,1,0,2,0,2,0,4,10,1,4,0,0,0,0,3,1,2,1,0,0,0,0,0,0,3,2,0,0,0,0,3,3,0,2,1,0,0,0,0,0,0,0,0,0,0,2,2,0,0,0,0,10,1,1,0,0,0,0,3,11,0,0,0,0,0,1,0,8,4,0,2,0,0,0,4,1,0,0,0,0,0,11,0,0,1,0,2,1,1,1,0,0,0,0,0,0,1,1,1,1,0,0,0,0,0,0,2,1,2,0,0,0,0,0,0,0,0,3,0,0,0,0,0,0,0,0,0,1,0,1,0,0,1,0,0,0,0,0,0,0,0,0,0,0,0,0,0,0,5,0,1,0,5,5,1,0,0,0,0,0,9,2,0,0,0,3,0,0,0,10,0,15,6,0,3,3,0,0,0,1,2,1,2,3,0,1,1,0,2,1,0,0,5,0,1,1,1,1,0,0,0,0,0,0,0,0,0,0,1,0,3,1,4,2,3,1,3,3,3,0,0,3,0,1,9,0,0,2,1,1,0,0,0,1,2,4,0,0,0,0,0,0,1,0,0,0,2,0,2,1,1,0,1,0,1,0,0,3,0,0,0,0,0,0,0,0,0,0,0,0,0,2,1,0,2,0,0,3,1,30,5,15,1,6,1,8,0,6,1,5,0,1,5,3,2,0,7,30,4,21,12,11,1,2,4,5,3,2,0,0,6,1,0,15,1,1,0,3,0,0,2,0,0,2,0,0,0,0,0,0,3,0,0,6,4,1,1,0,0,7,0,1,3,0,1,2,0,0,3,3,5,4,7,0,0,6,7,3,2,1,2,1,0,0,5,1,0,1,0,1,0,0,0,0,1,0,6,6,5,1,0,0,1,1,2,1,2,2,3,2,0,1,0,0,0,8,5,3,0,0,0,0,4,2,8,4,4,2,3,2,0,5,2,6,3,3,0,0,1,9,0,0,0,5,2,0,1,1,1,0,0,0,0,0,0,0,2,1,0,1,1,1,1,2,0,0,0,0,0,3,0,0,1,1,1,0,1,2,0,0,3,5,1,7,1,0,4,1,3,3,0,0,0,0,0,2,0,1,2,0,0,0,0,0,1,1,0,0,0,0,0,0,0,1,0,0,0,0,1,0,0,3,2,6,4,1,1,1,1,3,2,0,0,0,0,0,0,0,0,0,0,0,0,4,1,1,0,0,0,1,22,2,2,1,0,0,11,5,2,1,0,0,0,0,0,2,3,5,7,7,0,0,1,2,0,2,0,1,6,3,5,2,1,0,0,1,1,0,0,4,2,0,0,0,13,0,0,0,2,2,0,0,0,0,0,0,0,0,0,1,0,3,2,3,1,0,0,0,1,1,0,7,5,1,9,12,2,2,1,1,0,"eucalyptus trees (61), blue sky (33), farm located (31), pig farm located (30), pigs various (30), clear blue (23), australian outback (22), expansive pig (22), expansive pig farm (22), various sizes (22), pigs various sizes (21), farm situated (16), clear blue sky (15), lush green (15), pig farm situated (15), red barn (15), white clouds (13), pigs varying (12), wooden fences (12), green pastures (11)"
basic_country_no_revise,the United States,dairy,"A dairy farm in the United States.I NEED to test how the tool works with extremely simple prompts. DO NOT add any detail, just use it AS-IS:",dall-e-3,0,0,0,0,0,0,0,0,0,0,0,0,0,0,0,0,0,0,0,0,0,0,0,0,0,0,0,0,0,0,0,0,0,0,0,0,0,0,0,0,0,0,0,0,0,0,0,0,0,0,0,0,0,0,0,0,0,0,0,0,0,0,0,0,0,0,0,0,0,0,0,0,0,0,0,0,0,0,0,0,0,0,0,0,0,0,0,0,0,0,0,0,0,0,0,0,0,0,0,0,0,0,0,0,0,0,0,0,0,0,0,0,0,0,0,0,0,0,0,0,0,0,0,0,0,0,0,0,0,0,0,0,0,0,0,0,0,0,0,0,0,0,0,0,0,0,0,0,0,0,0,0,0,0,0,0,0,0,0,0,0,0,0,0,0,0,0,0,0,0,0,0,0,0,0,0,0,0,0,0,0,0,0,0,0,0,0,0,0,0,0,0,0,0,0,0,0,0,0,0,0,0,0,0,0,0,0,0,0,0,0,0,0,0,0,0,0,0,0,0,0,0,0,0,0,0,0,0,0,0,0,0,0,0,0,0,0,0,0,0,0,0,0,0,0,0,0,0,0,0,0,0,0,0,0,0,0,0,0,0,0,0,0,0,0,0,0,0,0,0,0,0,0,0,0,0,0,0,0,0,0,0,0,0,0,0,0,0,0,0,0,0,0,0,0,0,0,0,0,0,0,0,0,0,0,0,0,0,0,0,0,0,0,0,0,0,0,0,0,0,0,0,0,0,0,0,0,0,0,0,0,0,0,0,0,0,0,0,0,0,0,0,0,0,0,0,0,0,0,0,0,0,0,0,0,0,0,0,0,0,0,0,0,0,0,0,0,0,0,0,0,0,0,0,0,0,0,0,0,0,0,0,0,0,0,0,0,0,0,0,0,0,0,0,0,0,0,0,0,0,0,0,0,0,0,0,0,0,0,0,0,0,0,0,0,0,0,0,0,0,0,0,0,0,0,0,0,0,0,0,0,0,0,0,0,0,0,0,0,0,0,0,0,0,0,0,0,0,0,0,0,0,0,0,0,0,0,0,0,0,0,0,0,0,0,0,0,0,0,0,0,0,0,0,0,0,0,0,0,0,0,0,0,0,0,0,0,0,0,0,0,0,0,0,0,0,0,0,0,0,0,0,0,0,0,0,0,0,0,0,0,0,0,0,0,0,0,0,0,0,0,0,0,0,0,0,0,0,0,0,0,0,0,0,0,0,0,0,0,0,0,0,0,0,0,0,0,0,0,0,0,0,0,0,0,0,0,0,0,0,0,0,0,0,0,0,0,0,0,0,0,0,0,0,0,0,0,0,0,0,0,0,0,0,0,0,0,0,0,0,0,0,0,0,0,0,0,0,0,0,0,0,0,0,0,0,0,0,0,0,0,0,0,0,0,0,0,0,0,0,0,0,0,0,0,0,0,0,0,0,0,0,0,0,0,0,0,0,0,0,0,0,0,0,0,0,0,0,0,0,0,0,0,0,0,0,0,0,0,0,0,0,0,0,0,0,0,0,0,0,0,0,0,0,0,0,0,0,0,0,0,0,0,0,0,0,0,0,0,0,0,0,0,0,0,0,0,0,0,0,0,0,0,0,0,0,0,0,0,0,0,0,0,0,0,0,0,0,0,0,0,0,0,0,0,0,0,0,0,0,0,0,0,0,0,0,0,0,0,0,0,0,0,0,0,0,0,0,0,0,0,0,0,0,0,0,0,0,0,0,0,0,0,0,0,0,0,0,0,0,0,0,0,0,0,0,0,0,0,0,0,0,0,0,0,0,0,0,0,0,0,0,0,0,0,0,0,0,0,0,0,0,0,0,0,0,0,0,0,0,0,0,0,0,0,0,0,0,0,0,0,0,0,0,0,0,0,0,0,0,0,0,0,0,0,0,0,0,0,0,0,0,0,0,0,0,0,0,0,0,0,0,0,0,0,0,0,0,0,0,0,0,0,0,0,0,0,0,0,0,0,0,0,0,0,0,0,0,0,0,0,0,0,0,0,0,0,0,0,0,0,0,0,0,0,0,0,0,0,0,0,0,0,0,0,0,0,0,0,0,0,0,0,0,0,0,0,0,0,0,0,0,0,0,0,0,0,0,0,0,0,0,0,0,0,0,0,0,0,0,0,0,0,0,0,0,0,0,0,0,0,0,0,0,0,0,0,0,0,0,0,0,0,0,0,0,0,0,0,0,0,"accurate depiction typical (0), adult pigs (0), adult pigs piglets (0), afternoon sun (0), aged caucasian (0), aged caucasian man (0), aged hispanic (0), aged south (0), aged south asian (0), ages sizes (0), air filled (0), american dairy (0), american dairy farm (0), american pig (0), american pig farm (0), area pigs (0), areas pigs (0), asian descent (0), asian farmer (0), asian female (0)"
basic_country_no_revise,Germany,dairy,"A dairy farm in Germany.I NEED to test how the tool works with extremely simple prompts. DO NOT add any detail, just use it AS-IS:",dall-e-3,0,0,0,0,0,0,0,0,0,0,0,0,0,0,0,0,0,0,0,0,0,0,0,0,0,0,0,0,0,0,0,0,0,0,0,0,0,0,0,0,0,0,0,0,0,0,0,0,0,0,0,0,0,0,0,0,0,0,0,0,0,0,0,0,0,0,0,0,0,0,0,0,0,0,0,0,0,0,0,0,0,0,0,0,0,0,0,0,0,0,0,0,0,0,0,0,0,0,0,0,0,0,0,0,0,0,0,0,0,0,0,0,0,0,0,0,0,0,0,0,0,0,0,0,0,0,0,0,0,0,0,0,0,0,0,0,0,0,0,0,0,0,0,0,0,0,0,0,0,0,0,0,0,0,0,0,0,0,0,0,0,0,0,0,0,0,0,0,0,0,0,0,0,0,0,0,0,0,0,0,0,0,0,0,0,0,0,0,0,0,0,0,0,0,0,0,0,0,0,0,0,0,0,0,0,0,0,0,0,0,0,0,0,0,0,0,0,0,0,0,0,0,0,0,0,0,0,0,0,0,0,0,0,0,0,0,0,0,0,0,0,0,0,0,0,0,0,0,0,0,0,0,0,0,0,0,0,0,0,0,0,0,0,0,0,0,0,0,0,0,0,0,0,0,0,0,0,0,0,0,0,0,0,0,0,0,0,0,0,0,0,0,0,0,0,0,0,0,0,0,0,0,0,0,0,0,0,0,0,0,0,0,0,0,0,0,0,0,0,0,0,0,0,0,0,0,0,0,0,0,0,0,0,0,0,0,0,0,0,0,0,0,0,0,0,0,0,0,0,0,0,0,0,0,0,0,0,0,0,0,0,0,0,0,0,0,0,0,0,0,0,0,0,0,0,0,0,0,0,0,0,0,0,0,0,0,0,0,0,0,0,0,0,0,0,0,0,0,0,0,0,0,0,0,0,0,0,0,0,0,0,0,0,0,0,0,0,0,0,0,0,0,0,0,0,0,0,0,0,0,0,0,0,0,0,0,0,0,0,0,0,0,0,0,0,0,0,0,0,0,0,0,0,0,0,0,0,0,0,0,0,0,0,0,0,0,0,0,0,0,0,0,0,0,0,0,0,0,0,0,0,0,0,0,0,0,0,0,0,0,0,0,0,0,0,0,0,0,0,0,0,0,0,0,0,0,0,0,0,0,0,0,0,0,0,0,0,0,0,0,0,0,0,0,0,0,0,0,0,0,0,0,0,0,0,0,0,0,0,0,0,0,0,0,0,0,0,0,0,0,0,0,0,0,0,0,0,0,0,0,0,0,0,0,0,0,0,0,0,0,0,0,0,0,0,0,0,0,0,0,0,0,0,0,0,0,0,0,0,0,0,0,0,0,0,0,0,0,0,0,0,0,0,0,0,0,0,0,0,0,0,0,0,0,0,0,0,0,0,0,0,0,0,0,0,0,0,0,0,0,0,0,0,0,0,0,0,0,0,0,0,0,0,0,0,0,0,0,0,0,0,0,0,0,0,0,0,0,0,0,0,0,0,0,0,0,0,0,0,0,0,0,0,0,0,0,0,0,0,0,0,0,0,0,0,0,0,0,0,0,0,0,0,0,0,0,0,0,0,0,0,0,0,0,0,0,0,0,0,0,0,0,0,0,0,0,0,0,0,0,0,0,0,0,0,0,0,0,0,0,0,0,0,0,0,0,0,0,0,0,0,0,0,0,0,0,0,0,0,0,0,0,0,0,0,0,0,0,0,0,0,0,0,0,0,0,0,0,0,0,0,0,0,0,0,0,0,0,0,0,0,0,0,0,0,0,0,0,0,0,0,0,0,0,0,0,0,0,0,0,0,0,0,0,0,0,0,0,0,0,0,0,0,0,0,0,0,0,0,0,0,0,0,0,0,0,0,0,0,0,0,0,0,0,0,0,0,0,0,0,0,0,0,0,0,0,0,0,0,0,0,0,0,0,0,0,0,0,0,0,0,0,0,0,0,0,0,0,0,0,0,0,0,0,0,0,0,0,0,0,0,0,0,0,0,0,0,0,0,0,0,0,0,0,0,0,0,0,0,0,0,0,0,0,0,0,0,0,0,0,0,0,0,0,0,0,0,0,0,0,0,0,0,0,0,0,0,0,0,0,0,0,0,0,0,0,0,0,0,0,0,0,0,0,0,0,0,0,0,0,0,0,0,0,0,0,0,0,0,0,0,0,0,0,0,0,0,0,0,0,0,"accurate depiction typical (0), adult pigs (0), adult pigs piglets (0), afternoon sun (0), aged caucasian (0), aged caucasian man (0), aged hispanic (0), aged south (0), aged south asian (0), ages sizes (0), air filled (0), american dairy (0), american dairy farm (0), american pig (0), american pig farm (0), area pigs (0), areas pigs (0), asian descent (0), asian farmer (0), asian female (0)"
basic_country_no_revise,New Zealand,dairy,"A dairy farm in New Zealand.I NEED to test how the tool works with extremely simple prompts. DO NOT add any detail, just use it AS-IS:",dall-e-3,0,0,0,0,0,0,0,0,0,0,0,0,0,0,0,0,0,0,0,0,0,0,0,0,0,0,0,0,0,0,0,0,0,0,0,0,0,0,0,0,0,0,0,0,0,0,0,0,0,0,0,0,0,0,0,0,0,0,0,0,0,0,0,0,0,0,0,0,0,0,0,0,0,0,0,0,0,0,0,0,0,0,0,0,0,0,0,0,0,0,0,0,0,0,0,0,0,0,0,0,0,0,0,0,0,0,0,0,0,0,0,0,0,0,0,0,0,0,0,0,0,0,0,0,0,0,0,0,0,0,0,0,0,0,0,0,0,0,0,0,0,0,0,0,0,0,0,0,0,0,0,0,0,0,0,0,0,0,0,0,0,0,0,0,0,0,0,0,0,0,0,0,0,0,0,0,0,0,0,0,0,0,0,0,0,0,0,0,0,0,0,0,0,0,0,0,0,0,0,0,0,0,0,0,0,0,0,0,0,0,0,0,0,0,0,0,0,0,0,0,0,0,0,0,0,0,0,0,0,0,0,0,0,0,0,0,0,0,0,0,0,0,0,0,0,0,0,0,0,0,0,0,0,0,0,0,0,0,0,0,0,0,0,0,0,0,0,0,0,0,0,0,0,0,0,0,0,0,0,0,0,0,0,0,0,0,0,0,0,0,0,0,0,0,0,0,0,0,0,0,0,0,0,0,0,0,0,0,0,0,0,0,0,0,0,0,0,0,0,0,0,0,0,0,0,0,0,0,0,0,0,0,0,0,0,0,0,0,0,0,0,0,0,0,0,0,0,0,0,0,0,0,0,0,0,0,0,0,0,0,0,0,0,0,0,0,0,0,0,0,0,0,0,0,0,0,0,0,0,0,0,0,0,0,0,0,0,0,0,0,0,0,0,0,0,0,0,0,0,0,0,0,0,0,0,0,0,0,0,0,0,0,0,0,0,0,0,0,0,0,0,0,0,0,0,0,0,0,0,0,0,0,0,0,0,0,0,0,0,0,0,0,0,0,0,0,0,0,0,0,0,0,0,0,0,0,0,0,0,0,0,0,0,0,0,0,0,0,0,0,0,0,0,0,0,0,0,0,0,0,0,0,0,0,0,0,0,0,0,0,0,0,0,0,0,0,0,0,0,0,0,0,0,0,0,0,0,0,0,0,0,0,0,0,0,0,0,0,0,0,0,0,0,0,0,0,0,0,0,0,0,0,0,0,0,0,0,0,0,0,0,0,0,0,0,0,0,0,0,0,0,0,0,0,0,0,0,0,0,0,0,0,0,0,0,0,0,0,0,0,0,0,0,0,0,0,0,0,0,0,0,0,0,0,0,0,0,0,0,0,0,0,0,0,0,0,0,0,0,0,0,0,0,0,0,0,0,0,0,0,0,0,0,0,0,0,0,0,0,0,0,0,0,0,0,0,0,0,0,0,0,0,0,0,0,0,0,0,0,0,0,0,0,0,0,0,0,0,0,0,0,0,0,0,0,0,0,0,0,0,0,0,0,0,0,0,0,0,0,0,0,0,0,0,0,0,0,0,0,0,0,0,0,0,0,0,0,0,0,0,0,0,0,0,0,0,0,0,0,0,0,0,0,0,0,0,0,0,0,0,0,0,0,0,0,0,0,0,0,0,0,0,0,0,0,0,0,0,0,0,0,0,0,0,0,0,0,0,0,0,0,0,0,0,0,0,0,0,0,0,0,0,0,0,0,0,0,0,0,0,0,0,0,0,0,0,0,0,0,0,0,0,0,0,0,0,0,0,0,0,0,0,0,0,0,0,0,0,0,0,0,0,0,0,0,0,0,0,0,0,0,0,0,0,0,0,0,0,0,0,0,0,0,0,0,0,0,0,0,0,0,0,0,0,0,0,0,0,0,0,0,0,0,0,0,0,0,0,0,0,0,0,0,0,0,0,0,0,0,0,0,0,0,0,0,0,0,0,0,0,0,0,0,0,0,0,0,0,0,0,0,0,0,0,0,0,0,0,0,0,0,0,0,0,0,0,0,0,0,0,0,0,0,0,0,0,0,0,0,0,0,0,0,0,0,0,0,0,0,0,0,0,0,0,0,0,0,0,0,0,0,0,0,0,0,0,0,0,0,0,0,0,0,0,0,0,0,0,0,0,0,0,0,0,0,0,0,0,0,0,0,0,0,0,0,0,0,0,0,0,0,0,0,0,0,0,0,0,0,0,0,"accurate depiction typical (0), adult pigs (0), adult pigs piglets (0), afternoon sun (0), aged caucasian (0), aged caucasian man (0), aged hispanic (0), aged south (0), aged south asian (0), ages sizes (0), air filled (0), american dairy (0), american dairy farm (0), american pig (0), american pig farm (0), area pigs (0), areas pigs (0), asian descent (0), asian farmer (0), asian female (0)"
basic_country_no_revise,the United States,pig,"A pig farm in the United States.I NEED to test how the tool works with extremely simple prompts. DO NOT add any detail, just use it AS-IS:",dall-e-3,0,0,0,0,0,0,0,0,0,0,0,0,0,0,0,0,0,0,0,0,0,0,0,0,0,0,0,0,0,0,0,0,0,0,0,0,0,0,0,0,0,0,0,0,0,0,0,0,0,0,0,0,0,0,0,0,0,0,0,0,0,0,0,0,0,0,0,0,0,0,0,0,0,0,0,0,0,0,0,0,0,0,0,0,0,0,0,0,0,0,0,0,0,0,0,0,0,0,0,0,0,0,0,0,0,0,0,0,0,0,0,0,0,0,0,0,0,0,0,0,0,0,0,0,0,0,0,0,0,0,0,0,0,0,0,0,0,0,0,0,0,0,0,0,0,0,0,0,0,0,0,0,0,0,0,0,0,0,0,0,0,0,0,0,0,0,0,0,0,0,0,0,0,0,0,0,0,0,0,0,0,0,0,0,0,0,0,0,0,0,0,0,0,0,0,0,0,0,0,0,0,0,0,0,0,0,0,0,0,0,0,0,0,0,0,0,0,0,0,0,0,0,0,0,0,0,0,0,0,0,0,0,0,0,0,0,0,0,0,0,0,0,0,0,0,0,0,0,0,0,0,0,0,0,0,0,0,0,0,0,0,0,0,0,0,0,0,0,0,0,0,0,0,0,0,0,0,0,0,0,0,0,0,0,0,0,0,0,0,0,0,0,0,0,0,0,0,0,0,0,0,0,0,0,0,0,0,0,0,0,0,0,0,0,0,0,0,0,0,0,0,0,0,0,0,0,0,0,0,0,0,0,0,0,0,0,0,0,0,0,0,0,0,0,0,0,0,0,0,0,0,0,0,0,0,0,0,0,0,0,0,0,0,0,0,0,0,0,0,0,0,0,0,0,0,0,0,0,0,0,0,0,0,0,0,0,0,0,0,0,0,0,0,0,0,0,0,0,0,0,0,0,0,0,0,0,0,0,0,0,0,0,0,0,0,0,0,0,0,0,0,0,0,0,0,0,0,0,0,0,0,0,0,0,0,0,0,0,0,0,0,0,0,0,0,0,0,0,0,0,0,0,0,0,0,0,0,0,0,0,0,0,0,0,0,0,0,0,0,0,0,0,0,0,0,0,0,0,0,0,0,0,0,0,0,0,0,0,0,0,0,0,0,0,0,0,0,0,0,0,0,0,0,0,0,0,0,0,0,0,0,0,0,0,0,0,0,0,0,0,0,0,0,0,0,0,0,0,0,0,0,0,0,0,0,0,0,0,0,0,0,0,0,0,0,0,0,0,0,0,0,0,0,0,0,0,0,0,0,0,0,0,0,0,0,0,0,0,0,0,0,0,0,0,0,0,0,0,0,0,0,0,0,0,0,0,0,0,0,0,0,0,0,0,0,0,0,0,0,0,0,0,0,0,0,0,0,0,0,0,0,0,0,0,0,0,0,0,0,0,0,0,0,0,0,0,0,0,0,0,0,0,0,0,0,0,0,0,0,0,0,0,0,0,0,0,0,0,0,0,0,0,0,0,0,0,0,0,0,0,0,0,0,0,0,0,0,0,0,0,0,0,0,0,0,0,0,0,0,0,0,0,0,0,0,0,0,0,0,0,0,0,0,0,0,0,0,0,0,0,0,0,0,0,0,0,0,0,0,0,0,0,0,0,0,0,0,0,0,0,0,0,0,0,0,0,0,0,0,0,0,0,0,0,0,0,0,0,0,0,0,0,0,0,0,0,0,0,0,0,0,0,0,0,0,0,0,0,0,0,0,0,0,0,0,0,0,0,0,0,0,0,0,0,0,0,0,0,0,0,0,0,0,0,0,0,0,0,0,0,0,0,0,0,0,0,0,0,0,0,0,0,0,0,0,0,0,0,0,0,0,0,0,0,0,0,0,0,0,0,0,0,0,0,0,0,0,0,0,0,0,0,0,0,0,0,0,0,0,0,0,0,0,0,0,0,0,0,0,0,0,0,0,0,0,0,0,0,0,0,0,0,0,0,0,0,0,0,0,0,0,0,0,0,0,0,0,0,0,0,0,0,0,0,0,0,0,0,0,0,0,0,0,0,0,0,0,0,0,0,0,0,0,0,0,0,0,0,0,0,0,0,0,0,0,0,0,0,0,0,0,0,0,0,0,0,0,0,0,0,0,0,0,0,0,0,0,0,0,0,0,0,0,0,0,0,0,0,0,0,0,0,0,0,0,0,0,0,0,0,0,0,0,0,0,0,0,0,0,0,0,"accurate depiction typical (0), adult pigs (0), adult pigs piglets (0), afternoon sun (0), aged caucasian (0), aged caucasian man (0), aged hispanic (0), aged south (0), aged south asian (0), ages sizes (0), air filled (0), american dairy (0), american dairy farm (0), american pig (0), american pig farm (0), area pigs (0), areas pigs (0), asian descent (0), asian farmer (0), asian female (0)"
basic_country_no_revise,Spain,pig,"A pig farm in Spain.I NEED to test how the tool works with extremely simple prompts. DO NOT add any detail, just use it AS-IS:",dall-e-3,0,0,0,0,0,0,0,0,0,0,0,0,0,0,0,0,0,0,0,0,0,0,0,0,0,0,0,0,0,0,0,0,0,0,0,0,0,0,0,0,0,0,0,0,0,0,0,0,0,0,0,0,0,0,0,0,0,0,0,0,0,0,0,0,0,0,0,0,0,0,0,0,0,0,0,0,0,0,0,0,0,0,0,0,0,0,0,0,0,0,0,0,0,0,0,0,0,0,0,0,0,0,0,0,0,0,0,0,0,0,0,0,0,0,0,0,0,0,0,0,0,0,0,0,0,0,0,0,0,0,0,0,0,0,0,0,0,0,0,0,0,0,0,0,0,0,0,0,0,0,0,0,0,0,0,0,0,0,0,0,0,0,0,0,0,0,0,0,0,0,0,0,0,0,0,0,0,0,0,0,0,0,0,0,0,0,0,0,0,0,0,0,0,0,0,0,0,0,0,0,0,0,0,0,0,0,0,0,0,0,0,0,0,0,0,0,0,0,0,0,0,0,0,0,0,0,0,0,0,0,0,0,0,0,0,0,0,0,0,0,0,0,0,0,0,0,0,0,0,0,0,0,0,0,0,0,0,0,0,0,0,0,0,0,0,0,0,0,0,0,0,0,0,0,0,0,0,0,0,0,0,0,0,0,0,0,0,0,0,0,0,0,0,0,0,0,0,0,0,0,0,0,0,0,0,0,0,0,0,0,0,0,0,0,0,0,0,0,0,0,0,0,0,0,0,0,0,0,0,0,0,0,0,0,0,0,0,0,0,0,0,0,0,0,0,0,0,0,0,0,0,0,0,0,0,0,0,0,0,0,0,0,0,0,0,0,0,0,0,0,0,0,0,0,0,0,0,0,0,0,0,0,0,0,0,0,0,0,0,0,0,0,0,0,0,0,0,0,0,0,0,0,0,0,0,0,0,0,0,0,0,0,0,0,0,0,0,0,0,0,0,0,0,0,0,0,0,0,0,0,0,0,0,0,0,0,0,0,0,0,0,0,0,0,0,0,0,0,0,0,0,0,0,0,0,0,0,0,0,0,0,0,0,0,0,0,0,0,0,0,0,0,0,0,0,0,0,0,0,0,0,0,0,0,0,0,0,0,0,0,0,0,0,0,0,0,0,0,0,0,0,0,0,0,0,0,0,0,0,0,0,0,0,0,0,0,0,0,0,0,0,0,0,0,0,0,0,0,0,0,0,0,0,0,0,0,0,0,0,0,0,0,0,0,0,0,0,0,0,0,0,0,0,0,0,0,0,0,0,0,0,0,0,0,0,0,0,0,0,0,0,0,0,0,0,0,0,0,0,0,0,0,0,0,0,0,0,0,0,0,0,0,0,0,0,0,0,0,0,0,0,0,0,0,0,0,0,0,0,0,0,0,0,0,0,0,0,0,0,0,0,0,0,0,0,0,0,0,0,0,0,0,0,0,0,0,0,0,0,0,0,0,0,0,0,0,0,0,0,0,0,0,0,0,0,0,0,0,0,0,0,0,0,0,0,0,0,0,0,0,0,0,0,0,0,0,0,0,0,0,0,0,0,0,0,0,0,0,0,0,0,0,0,0,0,0,0,0,0,0,0,0,0,0,0,0,0,0,0,0,0,0,0,0,0,0,0,0,0,0,0,0,0,0,0,0,0,0,0,0,0,0,0,0,0,0,0,0,0,0,0,0,0,0,0,0,0,0,0,0,0,0,0,0,0,0,0,0,0,0,0,0,0,0,0,0,0,0,0,0,0,0,0,0,0,0,0,0,0,0,0,0,0,0,0,0,0,0,0,0,0,0,0,0,0,0,0,0,0,0,0,0,0,0,0,0,0,0,0,0,0,0,0,0,0,0,0,0,0,0,0,0,0,0,0,0,0,0,0,0,0,0,0,0,0,0,0,0,0,0,0,0,0,0,0,0,0,0,0,0,0,0,0,0,0,0,0,0,0,0,0,0,0,0,0,0,0,0,0,0,0,0,0,0,0,0,0,0,0,0,0,0,0,0,0,0,0,0,0,0,0,0,0,0,0,0,0,0,0,0,0,0,0,0,0,0,0,0,0,0,0,0,0,0,0,0,0,0,0,0,0,0,0,0,0,0,0,0,0,0,0,0,0,0,0,0,0,0,0,0,0,0,0,0,0,0,0,0,0,0,0,0,0,0,0,0,0,0,0,0,0,0,0,0,0,0,0,0,0,0,0,"accurate depiction typical (0), adult pigs (0), adult pigs piglets (0), afternoon sun (0), aged caucasian (0), aged caucasian man (0), aged hispanic (0), aged south (0), aged south asian (0), ages sizes (0), air filled (0), american dairy (0), american dairy farm (0), american pig (0), american pig farm (0), area pigs (0), areas pigs (0), asian descent (0), asian farmer (0), asian female (0)"
basic_country_no_revise,Australia,pig,"A pig farm in Australia.I NEED to test how the tool works with extremely simple prompts. DO NOT add any detail, just use it AS-IS:",dall-e-3,0,0,0,0,0,0,0,0,0,0,0,0,0,0,0,0,0,0,0,0,0,0,0,0,0,0,0,0,0,0,0,0,0,0,0,0,0,0,0,0,0,0,0,0,0,0,0,0,0,0,0,0,0,0,0,0,0,0,0,0,0,0,0,0,0,0,0,0,0,0,0,0,0,0,0,0,0,0,0,0,0,0,0,0,0,0,0,0,0,0,0,0,0,0,0,0,0,0,0,0,0,0,0,0,0,0,0,0,0,0,0,0,0,0,0,0,0,0,0,0,0,0,0,0,0,0,0,0,0,0,0,0,0,0,0,0,0,0,0,0,0,0,0,0,0,0,0,0,0,0,0,0,0,0,0,0,0,0,0,0,0,0,0,0,0,0,0,0,0,0,0,0,0,0,0,0,0,0,0,0,0,0,0,0,0,0,0,0,0,0,0,0,0,0,0,0,0,0,0,0,0,0,0,0,0,0,0,0,0,0,0,0,0,0,0,0,0,0,0,0,0,0,0,0,0,0,0,0,0,0,0,0,0,0,0,0,0,0,0,0,0,0,0,0,0,0,0,0,0,0,0,0,0,0,0,0,0,0,0,0,0,0,0,0,0,0,0,0,0,0,0,0,0,0,0,0,0,0,0,0,0,0,0,0,0,0,0,0,0,0,0,0,0,0,0,0,0,0,0,0,0,0,0,0,0,0,0,0,0,0,0,0,0,0,0,0,0,0,0,0,0,0,0,0,0,0,0,0,0,0,0,0,0,0,0,0,0,0,0,0,0,0,0,0,0,0,0,0,0,0,0,0,0,0,0,0,0,0,0,0,0,0,0,0,0,0,0,0,0,0,0,0,0,0,0,0,0,0,0,0,0,0,0,0,0,0,0,0,0,0,0,0,0,0,0,0,0,0,0,0,0,0,0,0,0,0,0,0,0,0,0,0,0,0,0,0,0,0,0,0,0,0,0,0,0,0,0,0,0,0,0,0,0,0,0,0,0,0,0,0,0,0,0,0,0,0,0,0,0,0,0,0,0,0,0,0,0,0,0,0,0,0,0,0,0,0,0,0,0,0,0,0,0,0,0,0,0,0,0,0,0,0,0,0,0,0,0,0,0,0,0,0,0,0,0,0,0,0,0,0,0,0,0,0,0,0,0,0,0,0,0,0,0,0,0,0,0,0,0,0,0,0,0,0,0,0,0,0,0,0,0,0,0,0,0,0,0,0,0,0,0,0,0,0,0,0,0,0,0,0,0,0,0,0,0,0,0,0,0,0,0,0,0,0,0,0,0,0,0,0,0,0,0,0,0,0,0,0,0,0,0,0,0,0,0,0,0,0,0,0,0,0,0,0,0,0,0,0,0,0,0,0,0,0,0,0,0,0,0,0,0,0,0,0,0,0,0,0,0,0,0,0,0,0,0,0,0,0,0,0,0,0,0,0,0,0,0,0,0,0,0,0,0,0,0,0,0,0,0,0,0,0,0,0,0,0,0,0,0,0,0,0,0,0,0,0,0,0,0,0,0,0,0,0,0,0,0,0,0,0,0,0,0,0,0,0,0,0,0,0,0,0,0,0,0,0,0,0,0,0,0,0,0,0,0,0,0,0,0,0,0,0,0,0,0,0,0,0,0,0,0,0,0,0,0,0,0,0,0,0,0,0,0,0,0,0,0,0,0,0,0,0,0,0,0,0,0,0,0,0,0,0,0,0,0,0,0,0,0,0,0,0,0,0,0,0,0,0,0,0,0,0,0,0,0,0,0,0,0,0,0,0,0,0,0,0,0,0,0,0,0,0,0,0,0,0,0,0,0,0,0,0,0,0,0,0,0,0,0,0,0,0,0,0,0,0,0,0,0,0,0,0,0,0,0,0,0,0,0,0,0,0,0,0,0,0,0,0,0,0,0,0,0,0,0,0,0,0,0,0,0,0,0,0,0,0,0,0,0,0,0,0,0,0,0,0,0,0,0,0,0,0,0,0,0,0,0,0,0,0,0,0,0,0,0,0,0,0,0,0,0,0,0,0,0,0,0,0,0,0,0,0,0,0,0,0,0,0,0,0,0,0,0,0,0,0,0,0,0,0,0,0,0,0,0,0,0,0,0,0,0,0,0,0,0,0,0,0,0,0,0,0,0,0,0,0,0,0,0,0,0,0,0,0,0,0,0,0,0,0,0,0,0,0,0,0,0,0,0,0,0,"accurate depiction typical (0), adult pigs (0), adult pigs piglets (0), afternoon sun (0), aged caucasian (0), aged caucasian man (0), aged hispanic (0), aged south (0), aged south asian (0), ages sizes (0), air filled (0), american dairy (0), american dairy farm (0), american pig (0), american pig farm (0), area pigs (0), areas pigs (0), asian descent (0), asian farmer (0), asian female (0)"
typical_country,the United States,dairy,A typical dairy farm in the United States.,dall-e-3,0,0,0,2,6,1,2,1,1,0,2,14,14,0,0,0,0,1,1,7,6,2,2,2,4,0,0,0,0,0,0,0,0,1,1,0,0,1,1,1,1,2,2,2,6,2,3,0,2,2,5,2,0,0,5,14,2,5,5,3,12,7,0,3,3,0,4,3,3,1,3,1,44,3,14,10,2,2,3,3,2,1,2,4,50,5,2,4,0,3,1,3,1,7,6,2,3,3,0,4,2,2,1,3,3,3,0,0,1,1,0,0,4,2,2,1,3,0,3,9,6,7,2,15,10,4,0,0,1,1,4,4,2,2,29,0,27,1,4,2,2,0,0,0,0,0,3,3,7,6,1,0,1,34,2,5,9,5,5,9,8,4,3,1,0,0,5,4,3,0,0,0,0,0,2,1,5,3,1,1,10,3,4,2,7,3,0,1,0,1,1,13,3,5,5,0,3,0,0,1,2,1,2,3,0,0,2,3,3,1,0,6,2,2,0,0,0,0,1,1,1,1,1,1,1,1,6,6,2,1,1,1,3,6,6,6,4,1,2,1,0,2,9,3,0,2,0,4,1,1,1,0,0,1,0,3,4,1,2,0,2,2,0,5,0,0,3,1,1,0,3,3,0,1,10,1,1,1,1,0,1,0,1,2,1,0,2,10,0,0,0,0,1,0,8,2,4,1,1,0,1,2,8,1,2,0,0,1,4,2,7,3,1,3,7,3,0,4,4,0,5,2,1,1,3,2,5,1,0,2,0,0,0,0,0,1,1,0,3,2,1,0,0,0,0,0,0,0,0,0,14,5,3,2,1,0,3,2,7,2,0,1,0,1,0,0,6,18,0,0,3,5,8,4,0,0,2,0,0,0,0,0,0,0,2,0,0,0,0,0,0,0,3,1,0,4,1,7,2,2,3,2,5,4,3,9,9,14,0,3,5,24,3,6,7,1,0,0,11,35,3,3,2,2,1,0,0,0,0,0,1,1,4,3,18,1,2,0,1,2,4,0,2,2,1,3,1,0,0,1,2,1,4,8,2,4,5,1,1,3,38,18,4,8,8,2,0,2,1,4,4,0,1,1,0,0,1,4,4,1,1,0,1,1,1,0,0,2,1,1,3,0,1,0,2,1,2,4,1,1,5,5,0,2,0,0,0,0,6,0,3,0,20,19,0,10,4,0,0,3,0,0,0,0,0,1,0,8,8,2,0,30,9,3,2,13,2,0,1,0,16,1,1,0,1,4,2,0,10,6,2,1,8,0,4,1,1,0,5,4,1,1,3,0,0,0,2,1,0,0,0,0,0,0,0,5,2,3,0,0,1,0,0,0,0,2,2,0,0,0,2,3,0,0,1,2,3,0,0,0,0,1,1,7,7,0,4,3,1,3,3,2,3,3,5,1,0,5,3,3,3,3,2,1,2,1,2,2,2,1,0,0,0,7,2,1,1,3,2,0,0,0,0,0,0,0,0,0,0,0,0,0,0,0,0,0,0,0,0,0,0,0,0,0,0,0,11,0,1,0,0,1,0,61,5,3,5,12,5,9,8,4,0,0,0,0,1,0,0,9,1,0,3,0,0,6,2,1,2,8,1,0,0,2,0,0,2,2,2,1,6,3,1,3,3,3,1,1,1,1,6,0,0,1,4,1,2,1,2,1,2,2,1,1,8,3,0,0,0,0,1,1,1,1,5,1,2,0,9,5,3,0,0,0,1,2,0,4,0,0,0,1,1,0,0,0,0,0,0,3,1,6,2,5,4,2,4,4,2,0,3,1,0,14,1,5,1,0,3,0,0,0,0,0,1,1,2,1,4,4,4,0,2,5,3,4,4,2,5,20,1,2,0,0,0,2,4,1,1,0,1,3,3,9,3,3,3,1,1,0,0,0,3,0,0,17,13,2,0,0,0,0,0,0,0,8,2,2,4,2,1,5,5,0,0,0,0,0,7,3,0,2,0,2,2,0,0,0,1,0,0,0,8,0,1,0,0,0,0,3,4,3,0,0,5,1,3,0,3,1,0,0,0,0,2,0,0,0,5,0,10,4,5,2,0,3,1,3,0,0,8,8,1,0,0,9,8,0,0,2,2,1,0,0,1,4,4,0,8,2,1,6,3,3,22,14,5,11,1,1,10,8,2,2,3,8,5,10,0,1,0,4,4,3,1,0,1,4,2,2,0,2,1,2,10,8,1,0,0,0,0,"red barn (61), blue sky (50), black white (44), holstein cows (38), green pastures (35), cows grazing (34), lush green (30), clear blue (29), clear blue sky (27), green fields (24), white clouds (22), large red (20), straw hat (20), large red barn (19), fluffy white clouds (18), hay bales (18), holstein cows grazing (18), tending animals (17), male farmer (16), caucasian male (15)"
typical_country,Germany,dairy,A typical dairy farm in Germany.,dall-e-3,0,0,0,0,7,5,0,0,0,0,0,0,0,0,0,0,0,5,1,4,3,3,0,1,2,0,0,0,0,0,0,0,0,1,1,0,0,1,1,1,1,1,3,1,1,2,2,2,1,3,6,2,7,2,2,4,0,1,0,0,0,0,1,2,0,2,1,1,0,1,0,0,40,1,10,9,1,2,2,0,1,1,2,1,31,4,1,3,4,2,3,1,0,4,4,1,2,1,2,0,0,0,0,0,1,1,0,0,4,1,1,0,0,3,3,1,2,0,6,1,4,0,0,8,6,6,5,5,1,1,3,1,0,0,23,0,20,3,0,0,0,2,0,11,1,0,0,0,2,1,0,2,4,31,0,5,10,5,3,3,3,1,1,0,4,4,3,2,0,0,0,0,0,0,2,0,6,2,2,0,30,2,1,1,3,2,0,1,2,2,0,3,0,4,4,0,2,0,0,3,4,0,2,0,0,0,0,0,5,0,0,3,0,2,1,1,0,0,4,1,0,1,1,2,1,1,9,9,2,0,1,1,2,10,10,3,2,1,3,3,0,2,2,2,0,3,2,1,1,0,2,0,2,1,1,2,0,1,0,0,0,0,0,1,0,0,0,6,2,0,9,1,0,0,5,1,1,1,0,0,2,0,1,0,0,1,2,31,0,6,12,0,0,0,0,1,3,0,0,0,0,2,3,0,1,0,0,2,4,1,6,1,1,2,0,0,1,5,3,2,1,4,4,4,5,3,0,0,1,1,1,1,2,2,1,2,5,3,5,0,2,0,0,0,0,6,0,0,0,0,8,0,0,0,0,2,2,1,4,1,0,0,0,0,0,0,6,10,0,0,1,1,11,2,0,0,2,2,0,0,0,0,0,0,3,1,16,8,9,5,0,0,0,1,2,5,1,7,1,2,0,0,4,3,2,11,9,14,5,2,3,17,1,4,3,2,0,4,5,41,2,1,7,3,2,1,2,0,0,0,2,2,1,0,16,3,1,1,3,4,3,0,0,0,1,2,3,0,0,3,0,0,0,0,0,0,0,0,0,1,25,13,2,8,8,0,0,4,5,3,1,0,0,0,0,0,0,1,1,0,0,0,0,1,0,1,1,2,2,4,1,0,0,1,0,1,0,2,0,0,4,4,0,2,0,0,0,0,10,1,0,0,7,4,0,5,2,0,0,0,0,6,12,0,0,0,0,0,0,3,3,37,9,2,2,16,1,1,3,0,10,4,2,0,2,6,0,1,8,7,0,0,11,2,1,1,2,0,0,3,1,0,1,0,3,3,1,0,0,0,0,0,0,0,0,3,1,4,5,0,2,3,0,0,1,1,1,0,0,0,2,1,0,0,0,0,0,2,1,0,0,1,2,0,0,2,3,2,1,2,0,3,2,3,0,1,1,4,2,2,1,1,8,6,2,2,4,3,2,0,7,0,0,2,2,9,9,4,4,0,0,0,0,0,0,0,0,0,0,0,0,0,0,0,0,0,0,0,0,0,0,0,0,0,0,0,1,0,0,0,0,1,0,7,0,1,0,0,0,0,3,1,14,0,7,4,3,6,5,5,0,0,0,0,1,11,2,2,6,30,3,0,0,1,0,0,1,2,4,1,3,5,2,0,0,3,5,1,2,0,2,2,1,2,2,3,2,4,2,2,0,0,0,1,6,2,0,0,1,0,5,5,2,3,4,2,2,0,8,3,2,0,0,0,3,1,0,0,2,2,0,2,0,0,0,0,0,0,0,0,1,9,2,4,3,2,3,3,2,7,3,1,1,13,4,2,2,1,2,0,0,0,0,0,0,0,1,1,1,4,2,3,1,3,0,0,0,0,0,3,2,0,1,0,0,3,0,0,0,0,0,0,0,6,2,3,1,1,0,2,1,0,1,2,0,7,8,2,0,0,5,7,3,6,0,4,3,0,2,0,1,10,10,2,27,10,0,0,5,1,0,2,0,0,2,0,1,0,0,0,0,0,0,2,2,8,1,0,0,0,0,2,0,0,3,1,0,0,0,0,0,0,0,1,1,2,0,0,0,1,4,2,1,0,1,2,0,4,0,0,7,7,0,1,2,7,7,0,0,1,2,1,1,0,0,3,3,2,1,0,0,1,0,2,16,12,5,3,1,1,9,7,1,2,2,2,2,2,6,2,1,0,0,1,0,2,0,2,0,0,1,6,3,0,11,7,1,2,1,0,0,"green pastures (41), black white (40), lush green (37), blue sky (31), cows grazing (31), farm located (31), dairy farm located (30), rolling hills (30), traditional german (27), holstein cows (25), clear blue (23), clear blue sky (20), green fields (17), german architecture (16), hay bales (16), lush green pastures (16), white clouds (16), grazing peacefully (14), red brick (14), holstein cows grazing (13)"
typical_country,New Zealand,dairy,A typical dairy farm in New Zealand.,dall-e-3,0,0,0,1,3,3,0,0,0,0,0,0,0,0,0,0,0,0,1,1,1,2,2,2,2,0,0,0,0,0,0,0,0,0,0,0,0,3,3,3,3,4,1,2,1,1,3,0,2,2,3,1,0,1,3,1,0,2,2,1,1,0,0,0,0,0,0,0,0,0,0,1,21,5,2,0,1,2,1,1,3,2,1,2,48,5,0,4,7,4,0,6,4,5,4,2,1,1,0,2,0,0,0,0,1,1,0,0,1,0,1,0,0,4,4,2,0,0,0,0,0,0,0,2,2,5,1,1,1,1,2,4,2,3,37,1,30,4,0,0,2,1,0,0,1,0,1,1,4,2,1,0,2,18,0,3,6,4,2,3,3,3,2,0,1,1,8,6,5,0,0,0,0,0,4,0,3,3,1,0,23,2,3,1,12,2,1,0,1,2,1,1,0,9,9,0,2,0,0,0,0,0,0,1,0,0,0,0,2,0,0,2,1,2,0,0,0,0,4,3,1,1,1,2,0,0,4,4,1,0,0,0,1,2,2,5,3,5,5,1,3,0,3,1,0,2,0,0,2,0,0,1,1,0,1,0,1,0,0,0,1,1,0,1,0,0,2,3,7,3,6,0,0,0,1,0,0,1,0,0,5,0,0,2,0,1,2,23,0,0,0,14,1,0,0,5,2,0,0,0,0,1,12,0,1,0,0,2,3,2,2,0,1,0,0,0,1,6,4,2,1,0,0,0,1,0,1,0,0,0,0,0,0,0,1,1,5,1,1,0,0,0,0,0,0,0,0,0,0,0,1,0,1,0,0,0,1,0,1,1,0,2,0,1,0,0,8,23,0,0,0,1,13,3,0,0,1,0,0,0,0,0,0,0,0,1,0,0,0,0,0,0,2,0,0,4,3,12,2,1,0,0,1,1,3,5,2,13,0,1,1,10,0,0,4,9,2,2,4,42,3,2,9,1,4,3,2,0,0,0,2,0,0,1,8,1,2,0,1,10,4,0,0,0,4,2,3,5,5,3,0,0,0,0,0,1,1,0,0,0,7,4,0,7,7,0,0,2,4,5,5,0,0,1,0,0,1,1,1,0,0,3,1,0,0,1,1,1,1,2,1,0,0,0,0,1,0,3,1,3,2,2,1,4,2,2,15,15,4,0,0,0,4,2,2,3,5,0,0,0,0,0,0,15,15,1,0,0,0,4,5,31,4,1,1,14,3,0,0,0,5,0,1,0,2,6,2,1,5,3,0,0,5,0,0,2,0,1,1,2,2,0,3,0,2,2,0,0,1,0,0,0,0,0,0,1,3,4,0,1,1,2,7,0,4,1,0,0,0,0,0,1,0,0,0,0,1,0,0,0,0,0,1,0,0,0,1,1,0,1,1,4,3,1,3,1,1,7,3,3,3,1,9,0,1,2,1,1,5,0,3,0,0,1,1,7,7,3,0,0,0,0,0,0,0,0,0,0,0,0,0,0,0,0,0,0,0,0,0,0,0,0,0,0,0,0,1,0,0,0,3,8,0,20,1,1,2,1,2,1,1,0,0,0,9,2,2,0,0,2,2,0,1,0,0,16,0,8,6,33,3,4,0,2,2,0,0,0,2,0,8,3,1,0,0,3,4,3,4,3,5,3,0,0,0,1,1,4,2,0,0,0,0,0,5,1,0,0,0,0,8,7,2,1,3,0,0,0,1,1,0,0,3,3,2,4,0,1,2,2,0,2,0,0,0,0,0,0,0,0,5,6,3,6,4,0,4,4,0,11,5,1,6,4,0,0,1,0,1,0,0,0,0,0,2,2,7,7,0,0,0,1,1,0,0,0,0,0,0,1,0,0,1,4,4,0,1,0,2,2,2,0,2,9,0,0,0,0,0,3,1,0,0,9,0,5,3,0,0,0,1,0,0,0,10,4,1,2,1,0,2,5,5,3,0,0,0,0,5,3,0,5,2,0,0,0,1,1,4,0,0,1,0,2,0,0,0,0,0,0,0,1,0,0,6,2,4,0,0,0,0,0,0,0,3,0,0,0,1,0,2,0,1,0,1,4,4,9,0,0,8,8,2,2,1,14,14,0,0,0,0,1,3,0,0,2,1,0,2,4,0,1,3,9,29,2,0,5,3,3,0,0,1,3,1,0,0,0,6,1,0,3,2,1,0,4,0,1,2,2,1,10,2,3,2,7,1,0,1,0,7,"blue sky (48), green pastures (42), clear blue (37), rolling hills (33), lush green (31), clear blue sky (30), white clouds (29), dairy farm located (23), farm located (23), fluffy white clouds (23), black white (21), red barn (20), cows grazing (18), rolling green (16), landscapes new (15), landscapes new zealand (15), located new (15), located new zealand (15), farm located new (14), lush green pastures (14)"
typical_country,the United States,pig,A typical pig farm in the United States.,dall-e-3,0,6,2,1,5,1,3,0,0,6,3,0,0,7,7,1,3,0,0,2,0,0,0,1,4,2,2,0,0,0,0,0,0,0,0,2,2,1,1,0,0,0,2,1,3,1,2,3,0,0,4,1,1,1,4,7,1,2,2,1,6,1,0,2,3,2,2,2,2,3,1,4,2,0,0,0,0,0,0,4,2,2,0,9,37,2,1,4,3,0,0,0,0,6,3,3,1,1,0,2,2,0,1,0,0,0,4,4,2,2,2,2,3,1,1,0,3,1,3,5,0,9,3,11,7,10,0,0,1,1,6,7,6,0,31,2,25,6,3,1,2,1,1,0,2,0,0,0,0,0,0,0,0,0,0,0,0,0,0,0,0,0,0,0,0,0,0,0,0,0,0,0,0,0,2,1,8,1,0,0,0,0,0,0,0,0,2,0,1,2,0,12,5,3,0,3,0,4,0,1,2,1,0,4,0,0,3,1,4,4,4,2,0,1,4,3,8,1,1,0,0,1,0,0,0,0,0,0,0,2,1,1,1,0,0,2,2,0,0,0,1,0,1,2,0,2,0,1,1,0,3,2,2,3,1,2,3,0,4,0,0,0,3,1,2,2,2,1,2,1,3,1,0,1,6,0,0,0,0,2,0,0,2,1,0,3,2,27,0,0,0,0,1,0,25,3,1,0,0,1,1,1,9,2,3,0,0,4,8,0,9,1,2,1,2,0,0,4,4,0,3,3,0,0,3,0,1,2,3,1,3,2,1,1,2,0,1,1,5,0,1,0,0,1,3,0,16,3,9,0,3,2,1,3,3,2,4,4,1,0,0,0,0,3,2,1,5,15,0,2,0,0,0,0,1,2,5,1,0,0,0,1,0,0,0,1,0,0,0,0,2,2,2,2,0,0,0,0,0,0,1,0,0,0,0,0,0,0,0,0,0,21,3,0,1,1,0,0,2,11,0,0,1,0,1,0,3,0,1,2,0,2,5,1,14,2,1,2,1,0,0,7,2,2,0,0,0,0,0,0,4,0,1,5,1,3,6,2,1,5,0,0,0,0,0,0,2,0,0,1,0,1,0,3,3,0,0,4,3,0,0,1,0,2,2,4,4,1,1,6,1,2,1,2,1,2,2,7,4,0,0,0,0,2,0,0,0,0,7,0,3,1,20,15,0,0,0,0,0,2,0,0,0,0,0,1,0,26,26,2,0,9,6,0,0,1,1,0,2,1,8,5,1,2,1,3,1,0,10,5,3,0,9,0,1,1,3,2,0,0,0,0,0,0,0,0,2,0,0,2,1,2,5,6,2,1,0,3,4,3,0,1,0,3,1,0,0,8,3,2,3,2,0,1,4,6,1,0,2,2,0,0,0,5,3,1,4,3,2,1,1,0,0,1,1,1,0,1,0,0,0,0,1,0,1,0,0,0,1,2,0,3,4,2,1,0,0,0,2,27,0,9,2,11,1,12,4,8,1,5,3,4,1,0,7,4,2,23,3,18,14,13,0,0,4,15,6,2,2,3,4,0,0,40,3,2,2,4,2,5,8,1,0,2,1,0,0,0,0,6,5,0,2,3,7,2,0,1,1,2,0,0,2,0,0,4,1,1,4,2,5,1,4,1,1,0,2,0,4,1,2,0,2,2,2,1,2,0,2,0,0,0,1,1,8,5,0,0,0,3,2,0,0,2,3,2,0,3,8,1,0,6,0,0,0,3,1,1,4,0,4,1,2,2,10,3,2,2,3,0,2,8,4,2,2,1,5,4,1,6,1,0,0,2,0,1,0,0,0,0,0,0,0,0,0,0,0,0,0,3,1,2,0,3,5,5,4,1,5,16,2,0,2,1,0,1,1,3,2,0,0,1,2,15,1,0,3,0,3,3,4,2,2,1,1,5,0,2,19,0,0,0,0,0,0,8,1,1,4,0,2,0,0,2,0,0,6,6,2,1,0,2,3,0,0,4,3,3,1,0,0,0,5,1,0,0,1,0,0,5,4,0,1,3,1,0,3,1,0,2,19,1,3,1,0,1,13,6,1,2,2,1,1,2,0,0,0,3,0,0,6,0,2,1,0,10,0,10,7,2,1,1,0,1,1,3,3,0,3,2,3,0,0,0,22,0,0,1,1,1,0,0,0,0,0,4,2,3,0,5,1,3,2,7,0,0,1,2,1,1,0,7,2,1,8,16,4,0,2,2,0,"red barn (40), blue sky (37), clear blue (31), farm located (27), pig farm located (27), located united (26), located united states (26), clear blue sky (25), farm located united (25), pigs various (23), white clouds (22), green fields (21), large red (20), tending pigs (19), various sizes (19), pigs various sizes (18), feeding pigs (16), straw hat (16), wooden fences (16), fluffy white clouds (15)"
typical_country,Spain,pig,A typical pig farm in Spain.,dall-e-3,0,3,1,1,1,1,7,2,2,2,0,0,0,0,0,2,0,0,0,2,1,2,0,2,3,3,1,0,0,0,0,0,0,0,0,0,0,4,0,2,2,1,0,1,2,1,1,0,0,0,1,0,3,2,0,4,0,0,0,1,0,0,0,0,0,0,0,0,0,0,0,1,2,1,0,0,0,0,0,1,1,1,0,6,31,2,1,1,7,1,0,0,0,5,2,1,2,0,0,0,0,1,4,3,0,0,2,2,0,5,1,0,0,1,1,0,1,0,0,0,0,7,0,3,1,8,0,0,0,0,3,0,0,1,23,3,18,1,0,1,0,0,0,0,1,9,0,0,0,0,0,0,0,0,0,0,0,0,0,0,0,0,0,0,0,0,0,0,0,0,0,0,1,0,0,0,3,3,0,0,0,0,0,0,0,0,0,0,4,1,0,0,0,14,0,14,0,3,0,1,4,4,1,4,0,0,1,2,0,1,1,0,0,3,0,0,9,4,3,3,0,1,1,0,3,3,0,0,3,0,0,0,6,0,0,4,2,0,0,0,1,1,0,0,0,0,0,1,2,1,1,2,0,3,2,1,0,3,2,0,0,0,0,1,0,0,0,3,0,4,28,0,1,0,3,3,1,1,0,0,0,0,0,1,2,0,1,29,0,4,0,0,1,16,0,0,4,0,0,1,3,2,10,1,4,0,0,5,4,0,2,1,1,0,5,2,2,7,7,0,0,0,0,0,0,0,1,2,1,1,1,1,1,1,3,1,2,0,0,0,1,0,0,0,1,0,6,2,0,0,2,0,1,1,2,2,0,0,4,0,2,0,0,1,0,1,7,8,0,2,1,0,0,0,5,2,2,1,0,0,0,0,0,0,1,1,0,0,0,0,2,2,1,0,2,0,0,0,1,0,0,0,0,0,0,0,0,0,1,0,0,14,0,3,3,6,0,1,0,1,0,0,0,0,0,1,0,0,3,1,0,2,1,0,4,0,1,1,0,0,0,6,0,0,0,0,1,3,3,1,0,3,3,1,1,2,9,2,2,7,0,0,0,0,0,0,2,0,0,2,0,2,1,0,0,0,4,3,2,0,0,0,0,0,0,2,1,0,0,1,0,0,0,0,1,1,0,1,2,0,0,0,0,3,0,0,0,0,2,1,0,0,1,1,1,0,0,0,1,0,0,5,0,0,0,1,16,0,0,1,0,8,1,2,0,0,1,0,4,0,3,2,0,0,3,5,0,2,11,1,7,2,8,0,1,2,1,2,0,0,0,0,0,0,2,2,0,0,0,1,0,4,4,2,2,1,0,2,0,0,0,3,0,0,2,0,0,8,3,0,6,0,29,1,3,3,1,0,0,1,1,0,2,1,1,0,0,0,0,1,0,2,0,0,1,0,0,3,0,0,0,0,0,0,0,0,0,0,0,1,0,1,2,0,1,0,0,0,0,28,3,10,2,3,2,10,1,9,4,4,3,1,2,2,8,4,8,20,1,15,8,6,0,1,1,12,1,0,0,1,8,2,0,2,0,0,0,0,0,0,1,0,2,0,1,4,0,10,4,1,0,0,0,7,7,10,6,4,0,21,1,2,6,0,1,1,0,1,4,2,6,4,0,0,0,4,6,5,4,0,4,2,0,0,1,4,0,2,3,2,0,0,0,0,2,0,2,2,0,2,2,0,3,3,3,0,0,1,6,2,0,3,0,0,1,4,1,0,1,0,1,0,1,2,12,1,2,1,3,0,2,3,1,2,2,1,1,1,0,9,2,0,0,9,0,1,2,2,3,5,15,10,6,5,0,0,0,0,1,2,0,0,0,0,0,0,0,0,0,9,2,0,2,0,0,1,1,0,0,0,0,3,0,8,2,1,3,1,1,2,1,0,0,3,0,6,0,0,14,10,1,8,8,0,0,1,0,1,1,0,0,0,0,2,0,0,25,25,1,0,31,1,2,4,0,1,4,4,3,1,0,0,0,1,1,0,4,0,9,0,0,0,7,1,3,0,2,0,2,0,15,0,5,0,0,1,6,2,2,1,0,0,0,2,0,1,1,1,0,0,2,0,6,1,0,7,0,7,10,3,0,3,0,2,0,3,1,0,0,1,0,1,0,1,12,0,0,0,2,2,0,0,0,0,0,0,0,0,3,0,7,0,0,2,0,0,1,2,0,0,2,7,0,0,9,12,2,3,0,0,0,"blue sky (31), traditional spanish (31), farm located (29), olive trees (29), farm buildings (28), pig farm located (28), traditional pig (25), traditional pig farm (25), clear blue (23), rolling hills (21), pigs various (20), clear blue sky (18), farm located spain (16), located spain (16), pigs various sizes (15), spanish countryside (15), various sizes (15), depict typical (14), depict typical pig (14), green fields (14)"
typical_country,Australia,pig,A typical pig farm in Australia.,dall-e-3,0,7,2,3,2,1,0,1,1,3,1,0,0,0,0,0,1,3,0,1,1,1,1,3,4,1,0,8,14,12,11,13,1,0,0,6,6,1,1,0,0,2,1,1,1,2,0,2,0,0,1,0,0,1,1,4,1,0,0,0,1,1,0,2,1,2,0,2,2,1,0,2,0,0,0,0,0,0,0,1,0,0,1,8,41,3,1,2,3,0,0,0,0,7,4,0,2,2,3,11,2,0,2,2,0,0,1,1,0,1,0,2,1,4,4,0,3,0,0,5,4,0,0,7,1,9,0,0,1,1,4,1,1,0,35,5,24,2,0,0,0,0,11,0,2,0,0,0,0,0,0,0,0,0,0,0,0,0,0,0,0,0,0,0,0,0,0,0,0,0,0,0,0,0,0,1,2,3,0,0,0,0,0,0,0,0,2,1,5,0,2,4,0,7,0,7,0,3,0,3,0,0,3,1,1,1,0,0,2,0,0,0,0,3,0,0,9,0,2,0,1,2,1,0,0,0,0,0,1,0,1,1,2,0,0,3,3,0,0,0,2,0,1,0,0,0,0,2,1,1,1,2,0,1,2,2,0,1,2,44,0,0,0,0,2,2,4,4,1,1,9,3,0,0,3,0,2,3,1,0,3,1,0,1,0,0,1,17,11,0,0,0,1,0,0,0,2,2,1,1,0,2,7,0,2,2,2,5,6,1,4,3,1,1,0,0,3,0,0,0,0,4,3,3,0,0,1,4,0,1,2,1,0,0,0,1,2,1,2,0,0,0,0,1,1,0,6,1,2,0,4,2,1,2,2,0,4,4,2,0,0,2,3,7,1,4,3,12,0,0,0,0,0,0,2,2,2,0,0,0,0,0,0,0,1,1,0,0,0,0,1,1,2,1,2,0,0,0,1,0,0,0,0,0,0,0,0,1,0,1,1,5,0,1,2,0,0,0,0,6,1,0,0,0,1,0,0,10,3,2,1,0,2,3,8,1,1,1,0,0,0,7,0,0,1,0,0,0,0,0,0,0,0,1,0,1,1,0,0,1,0,0,0,0,0,0,0,0,1,3,0,2,0,1,1,0,1,2,2,0,0,0,1,2,2,2,2,0,0,4,2,0,1,0,0,0,0,0,2,0,0,0,0,3,0,0,0,0,2,0,2,1,6,5,1,0,0,1,0,0,11,0,0,0,0,1,0,0,0,4,0,7,1,2,0,1,0,0,2,1,4,3,0,2,0,1,1,0,4,2,0,1,6,0,2,1,1,2,0,0,0,0,0,0,0,0,0,0,0,1,3,3,6,1,3,0,1,2,1,0,2,1,0,2,2,0,0,11,6,4,0,0,0,0,2,11,0,1,0,0,1,1,0,1,0,0,2,1,2,1,1,2,2,0,0,1,0,2,1,1,0,0,0,0,1,0,0,0,1,1,0,6,1,0,1,0,0,1,1,17,2,7,0,7,2,8,0,8,1,10,1,2,2,1,4,4,5,31,6,20,15,13,1,1,5,8,3,3,0,3,2,1,0,21,0,0,0,3,0,1,1,0,0,0,1,1,0,0,0,3,1,0,2,5,8,1,0,0,0,5,0,0,4,0,1,1,2,0,2,1,2,3,1,0,0,2,5,2,3,1,4,1,0,1,2,4,1,0,3,2,0,0,0,0,3,0,1,1,2,2,2,0,1,2,3,2,2,1,3,2,0,1,0,0,1,3,3,1,4,0,4,0,0,3,13,0,3,4,3,3,1,7,4,3,1,1,2,2,0,7,0,0,0,12,2,1,1,3,3,0,0,0,0,0,0,0,1,0,0,2,0,1,0,3,0,0,0,0,0,6,0,1,2,1,0,0,1,8,3,1,0,1,3,12,0,0,5,2,3,1,2,2,0,1,0,6,0,0,12,0,1,0,0,0,4,2,0,0,0,0,1,0,0,2,0,0,2,2,4,2,0,2,1,2,2,4,2,1,5,4,2,1,0,1,2,0,3,0,0,0,0,0,1,6,1,0,0,1,2,0,21,3,6,0,1,0,13,5,4,0,3,2,1,1,0,1,1,1,0,0,5,0,4,4,0,9,0,9,11,5,2,2,5,0,0,2,1,5,0,0,4,1,1,0,14,0,0,0,2,2,0,0,0,0,0,0,0,1,0,2,0,15,11,6,3,0,0,1,1,1,0,8,5,1,12,14,5,0,3,0,0,"eucalyptus trees (44), blue sky (41), clear blue (35), pigs various (31), clear blue sky (24), red barn (21), various sizes (21), pigs various sizes (20), farm located (17), pig farm located (17), pigs varying (15), wide brimmed (15), australian outback (14), white clouds (14), wooden fences (14), australian sun (13), pigs varying sizes (13), sizes colors (13), varying sizes (13), australian pig (12)"
typical_country_no_revise,the United States,dairy,"A typical dairy farm in the United States.I NEED to test how the tool works with extremely simple prompts. DO NOT add any detail, just use it AS-IS:",dall-e-3,0,0,0,0,0,0,0,0,0,0,0,0,0,0,0,0,0,0,0,0,0,0,0,0,0,0,0,0,0,0,0,0,0,0,0,0,0,0,0,0,0,0,0,0,0,0,0,0,0,0,0,0,0,0,0,0,0,0,0,0,0,0,0,0,0,0,0,0,0,0,0,0,0,0,0,0,0,0,0,0,0,0,0,0,0,0,0,0,0,0,0,0,0,0,0,0,0,0,0,0,0,0,0,0,0,0,0,0,0,0,0,0,0,0,0,0,0,0,0,0,0,0,0,0,0,0,0,0,0,0,0,0,0,0,0,0,0,0,0,0,0,0,0,0,0,0,0,0,0,0,0,0,0,0,0,0,0,0,0,0,0,0,0,0,0,0,0,0,0,0,0,0,0,0,0,0,0,0,0,0,0,0,0,0,0,0,0,0,0,0,0,0,0,0,0,0,0,0,0,0,0,0,0,0,0,0,0,0,0,0,0,0,0,0,0,0,0,0,0,0,0,0,0,0,0,0,0,0,0,0,0,0,0,0,0,0,0,0,0,0,0,0,0,0,0,0,0,0,0,0,0,0,0,0,0,0,0,0,0,0,0,0,0,0,0,0,0,0,0,0,0,0,0,0,0,0,0,0,0,0,0,0,0,0,0,0,0,0,0,0,0,0,0,0,0,0,0,0,0,0,0,0,0,0,0,0,0,0,0,0,0,0,0,0,0,0,0,0,0,0,0,0,0,0,0,0,0,0,0,0,0,0,0,0,0,0,0,0,0,0,0,0,0,0,0,0,0,0,0,0,0,0,0,0,0,0,0,0,0,0,0,0,0,0,0,0,0,0,0,0,0,0,0,0,0,0,0,0,0,0,0,0,0,0,0,0,0,0,0,0,0,0,0,0,0,0,0,0,0,0,0,0,0,0,0,0,0,0,0,0,0,0,0,0,0,0,0,0,0,0,0,0,0,0,0,0,0,0,0,0,0,0,0,0,0,0,0,0,0,0,0,0,0,0,0,0,0,0,0,0,0,0,0,0,0,0,0,0,0,0,0,0,0,0,0,0,0,0,0,0,0,0,0,0,0,0,0,0,0,0,0,0,0,0,0,0,0,0,0,0,0,0,0,0,0,0,0,0,0,0,0,0,0,0,0,0,0,0,0,0,0,0,0,0,0,0,0,0,0,0,0,0,0,0,0,0,0,0,0,0,0,0,0,0,0,0,0,0,0,0,0,0,0,0,0,0,0,0,0,0,0,0,0,0,0,0,0,0,0,0,0,0,0,0,0,0,0,0,0,0,0,0,0,0,0,0,0,0,0,0,0,0,0,0,0,0,0,0,0,0,0,0,0,0,0,0,0,0,0,0,0,0,0,0,0,0,0,0,0,0,0,0,0,0,0,0,0,0,0,0,0,0,0,0,0,0,0,0,0,0,0,0,0,0,0,0,0,0,0,0,0,0,0,0,0,0,0,0,0,0,0,0,0,0,0,0,0,0,0,0,0,0,0,0,0,0,0,0,0,0,0,0,0,0,0,0,0,0,0,0,0,0,0,0,0,0,0,0,0,0,0,0,0,0,0,0,0,0,0,0,0,0,0,0,0,0,0,0,0,0,0,0,0,0,0,0,0,0,0,0,0,0,0,0,0,0,0,0,0,0,0,0,0,0,0,0,0,0,0,0,0,0,0,0,0,0,0,0,0,0,0,0,0,0,0,0,0,0,0,0,0,0,0,0,0,0,0,0,0,0,0,0,0,0,0,0,0,0,0,0,0,0,0,0,0,0,0,0,0,0,0,0,0,0,0,0,0,0,0,0,0,0,0,0,0,0,0,0,0,0,0,0,0,0,0,0,0,0,0,0,0,0,0,0,0,0,0,0,0,0,0,0,0,0,0,0,0,0,0,0,0,0,0,0,0,0,0,0,0,0,0,0,0,0,0,0,0,0,0,0,0,0,0,0,0,0,0,0,0,0,0,0,0,0,0,0,0,0,0,0,0,0,0,0,0,0,0,0,0,0,0,0,0,0,0,0,0,0,0,0,0,0,0,0,0,0,0,0,0,0,0,0,0,0,0,0,0,0,0,0,0,0,0,0,0,0,0,0,0,0,0,0,0,0,0,0,0,0,0,0,0,0,0,0,0,0,0,0,0,0,0,0,0,0,0,0,0,0,0,0,0,0,0,0,0,0,0,0,0,0,0,"accurate depiction typical (0), adult pigs (0), adult pigs piglets (0), afternoon sun (0), aged caucasian (0), aged caucasian man (0), aged hispanic (0), aged south (0), aged south asian (0), ages sizes (0), air filled (0), american dairy (0), american dairy farm (0), american pig (0), american pig farm (0), area pigs (0), areas pigs (0), asian descent (0), asian farmer (0), asian female (0)"
typical_country_no_revise,Germany,dairy,"A typical dairy farm in Germany.I NEED to test how the tool works with extremely simple prompts. DO NOT add any detail, just use it AS-IS:",dall-e-3,0,0,0,0,0,0,0,0,0,0,0,0,0,0,0,0,0,0,0,0,0,0,0,0,0,0,0,0,0,0,0,0,0,0,0,0,0,0,0,0,0,0,0,0,0,0,0,0,0,0,0,0,0,0,0,0,0,0,0,0,0,0,0,0,0,0,0,0,0,0,0,0,0,0,0,0,0,0,0,0,0,0,0,0,0,0,0,0,0,0,0,0,0,0,0,0,0,0,0,0,0,0,0,0,0,0,0,0,0,0,0,0,0,0,0,0,0,0,0,0,0,0,0,0,0,0,0,0,0,0,0,0,0,0,0,0,0,0,0,0,0,0,0,0,0,0,0,0,0,0,0,0,0,0,0,0,0,0,0,0,0,0,0,0,0,0,0,0,0,0,0,0,0,0,0,0,0,0,0,0,0,0,0,0,0,0,0,0,0,0,0,0,0,0,0,0,0,0,0,0,0,0,0,0,0,0,0,0,0,0,0,0,0,0,0,0,0,0,0,0,0,0,0,0,0,0,0,0,0,0,0,0,0,0,0,0,0,0,0,0,0,0,0,0,0,0,0,0,0,0,0,0,0,0,0,0,0,0,0,0,0,0,0,0,0,0,0,0,0,0,0,0,0,0,0,0,0,0,0,0,0,0,0,0,0,0,0,0,0,0,0,0,0,0,0,0,0,0,0,0,0,0,0,0,0,0,0,0,0,0,0,0,0,0,0,0,0,0,0,0,0,0,0,0,0,0,0,0,0,0,0,0,0,0,0,0,0,0,0,0,0,0,0,0,0,0,0,0,0,0,0,0,0,0,0,0,0,0,0,0,0,0,0,0,0,0,0,0,0,0,0,0,0,0,0,0,0,0,0,0,0,0,0,0,0,0,0,0,0,0,0,0,0,0,0,0,0,0,0,0,0,0,0,0,0,0,0,0,0,0,0,0,0,0,0,0,0,0,0,0,0,0,0,0,0,0,0,0,0,0,0,0,0,0,0,0,0,0,0,0,0,0,0,0,0,0,0,0,0,0,0,0,0,0,0,0,0,0,0,0,0,0,0,0,0,0,0,0,0,0,0,0,0,0,0,0,0,0,0,0,0,0,0,0,0,0,0,0,0,0,0,0,0,0,0,0,0,0,0,0,0,0,0,0,0,0,0,0,0,0,0,0,0,0,0,0,0,0,0,0,0,0,0,0,0,0,0,0,0,0,0,0,0,0,0,0,0,0,0,0,0,0,0,0,0,0,0,0,0,0,0,0,0,0,0,0,0,0,0,0,0,0,0,0,0,0,0,0,0,0,0,0,0,0,0,0,0,0,0,0,0,0,0,0,0,0,0,0,0,0,0,0,0,0,0,0,0,0,0,0,0,0,0,0,0,0,0,0,0,0,0,0,0,0,0,0,0,0,0,0,0,0,0,0,0,0,0,0,0,0,0,0,0,0,0,0,0,0,0,0,0,0,0,0,0,0,0,0,0,0,0,0,0,0,0,0,0,0,0,0,0,0,0,0,0,0,0,0,0,0,0,0,0,0,0,0,0,0,0,0,0,0,0,0,0,0,0,0,0,0,0,0,0,0,0,0,0,0,0,0,0,0,0,0,0,0,0,0,0,0,0,0,0,0,0,0,0,0,0,0,0,0,0,0,0,0,0,0,0,0,0,0,0,0,0,0,0,0,0,0,0,0,0,0,0,0,0,0,0,0,0,0,0,0,0,0,0,0,0,0,0,0,0,0,0,0,0,0,0,0,0,0,0,0,0,0,0,0,0,0,0,0,0,0,0,0,0,0,0,0,0,0,0,0,0,0,0,0,0,0,0,0,0,0,0,0,0,0,0,0,0,0,0,0,0,0,0,0,0,0,0,0,0,0,0,0,0,0,0,0,0,0,0,0,0,0,0,0,0,0,0,0,0,0,0,0,0,0,0,0,0,1,1,0,0,0,0,0,0,0,0,0,0,0,0,0,0,0,0,0,0,0,0,0,0,0,0,0,0,0,0,0,0,0,0,0,0,0,0,0,0,0,0,0,0,0,0,0,0,0,0,0,0,0,0,0,0,0,0,0,0,0,0,0,0,0,0,0,0,0,0,0,0,0,0,0,0,0,0,0,0,0,0,0,0,0,0,0,0,0,0,0,0,0,0,0,0,0,0,0,0,0,0,0,0,0,0,0,0,0,0,0,0,0,0,0,0,0,0,0,0,"traditional dairy (1), traditional dairy farm (1), accurate depiction typical (0), adult pigs (0), adult pigs piglets (0), afternoon sun (0), aged caucasian (0), aged caucasian man (0), aged hispanic (0), aged south (0), aged south asian (0), ages sizes (0), air filled (0), american dairy (0), american dairy farm (0), american pig (0), american pig farm (0), area pigs (0), areas pigs (0), asian descent (0)"
typical_country_no_revise,New Zealand,dairy,"A typical dairy farm in New Zealand.I NEED to test how the tool works with extremely simple prompts. DO NOT add any detail, just use it AS-IS:",dall-e-3,0,0,0,0,0,0,0,0,0,0,0,0,0,0,0,0,0,0,0,0,0,0,0,0,0,0,0,0,0,0,0,0,0,0,0,0,0,0,0,0,0,0,0,0,0,0,0,0,0,0,0,0,0,0,0,0,0,0,0,0,0,0,0,0,0,0,0,0,0,0,0,0,0,0,0,0,0,0,0,0,0,0,0,0,0,0,0,0,0,0,0,0,0,0,0,0,0,0,0,0,0,0,0,0,0,0,0,0,0,0,0,0,0,0,0,0,0,0,0,0,0,0,0,0,0,0,0,0,0,0,0,0,0,0,0,0,0,0,0,0,0,0,0,0,0,0,0,0,0,0,0,0,0,0,0,0,0,0,0,0,0,0,0,0,0,0,0,0,0,0,0,0,0,0,0,0,0,0,0,0,0,0,0,0,0,0,0,0,0,0,0,0,0,0,0,0,0,0,0,0,0,0,0,0,0,0,0,0,0,0,0,0,0,0,0,0,0,0,0,0,0,0,0,0,0,0,0,0,0,0,0,0,0,0,0,0,0,0,0,0,0,0,0,0,0,0,0,0,0,0,0,0,0,0,0,0,0,0,0,0,0,0,0,0,0,0,0,0,0,0,0,0,0,0,0,0,0,0,0,0,0,0,0,0,0,0,0,0,0,0,0,0,0,0,0,0,0,0,0,0,0,0,0,0,0,0,0,0,0,0,0,0,0,0,0,0,0,0,0,0,0,0,0,0,0,0,0,0,0,0,0,0,0,0,0,0,0,0,0,0,0,0,0,0,0,0,0,0,0,0,0,0,0,0,0,0,0,0,0,0,0,0,0,0,0,0,0,0,0,0,0,0,0,0,0,0,0,0,0,0,0,0,0,0,0,0,0,0,0,0,0,0,0,0,0,0,0,0,0,0,0,0,0,0,0,0,0,0,0,0,0,0,0,0,0,0,0,0,0,0,0,0,0,0,0,0,0,0,0,0,0,0,0,0,0,0,0,0,0,0,0,0,0,0,0,0,0,0,0,0,0,0,0,0,0,0,0,0,0,0,0,0,0,0,0,0,0,0,0,0,0,0,0,0,0,0,0,0,0,0,0,0,0,0,0,0,0,0,0,0,0,0,0,0,0,0,0,0,0,0,0,0,0,0,0,0,0,0,0,0,0,0,0,0,0,0,0,0,0,0,0,0,0,0,0,0,0,0,0,0,0,0,0,0,0,0,0,0,0,0,0,0,0,0,0,0,0,0,0,0,0,0,0,0,0,0,0,0,0,0,0,0,0,0,0,0,0,0,0,0,0,0,0,0,0,0,0,0,0,0,0,0,0,0,0,0,0,0,0,0,0,0,0,0,0,0,0,0,0,0,0,0,0,0,0,0,0,0,0,0,0,0,0,0,0,0,0,0,0,0,0,0,0,0,0,0,0,0,0,0,0,0,0,0,0,0,0,0,0,0,0,0,0,0,0,0,0,0,0,0,0,0,0,0,0,0,0,0,0,0,0,0,0,0,0,0,0,0,0,0,0,0,0,0,0,0,0,0,0,0,0,0,0,0,0,0,0,0,0,0,0,0,0,0,0,0,0,0,0,0,0,0,0,0,0,0,0,0,0,0,0,0,0,0,0,0,0,0,0,0,0,0,0,0,0,0,0,0,0,0,0,0,0,0,0,0,0,0,0,0,0,0,0,0,0,0,0,0,0,0,0,0,0,0,0,0,0,0,0,0,0,0,0,0,0,0,0,0,0,0,0,0,0,0,0,0,0,0,0,0,0,0,0,0,0,0,0,0,0,0,0,0,0,0,0,0,0,0,0,0,0,0,0,0,0,0,0,0,0,0,0,0,0,0,0,0,0,0,0,0,0,0,0,0,0,0,0,0,0,0,0,0,0,0,0,0,0,0,0,0,0,0,0,0,0,0,0,0,0,0,0,0,0,0,0,0,0,0,0,0,0,0,0,0,0,0,0,0,0,0,0,0,0,0,0,0,0,0,0,0,0,0,0,0,0,0,0,0,0,0,0,0,0,0,0,0,0,0,0,0,0,0,0,0,0,0,0,0,0,0,0,0,0,0,0,0,0,0,0,0,0,0,0,0,0,0,0,0,0,0,0,0,0,0,0,0,0,0,0,0,0,0,0,0,0,0,0,0,0,0,0,0,0,0,0,0,0,0,0,0,0,0,0,0,0,0,0,0,0,0,0,"accurate depiction typical (0), adult pigs (0), adult pigs piglets (0), afternoon sun (0), aged caucasian (0), aged caucasian man (0), aged hispanic (0), aged south (0), aged south asian (0), ages sizes (0), air filled (0), american dairy (0), american dairy farm (0), american pig (0), american pig farm (0), area pigs (0), areas pigs (0), asian descent (0), asian farmer (0), asian female (0)"
typical_country_no_revise,the United States,pig,"A typical pig farm in the United States.I NEED to test how the tool works with extremely simple prompts. DO NOT add any detail, just use it AS-IS:",dall-e-3,0,0,0,0,0,0,0,0,0,0,0,0,0,0,0,0,0,0,0,0,0,0,0,0,0,0,0,0,0,0,0,0,0,0,0,0,0,0,0,0,0,0,0,0,0,0,0,0,0,0,0,0,0,0,0,0,0,0,0,0,0,0,0,0,0,0,0,0,0,0,0,0,0,0,0,0,0,0,0,0,0,0,0,0,0,0,0,0,0,0,0,0,0,0,0,0,0,0,0,0,0,0,0,0,0,0,0,0,0,0,0,0,0,0,0,0,0,0,0,0,0,0,0,0,0,0,0,0,0,0,0,0,0,0,0,0,0,0,0,0,0,0,0,0,0,0,0,0,0,0,0,0,0,0,0,0,0,0,0,0,0,0,0,0,0,0,0,0,0,0,0,0,0,0,0,0,0,0,0,0,0,0,0,0,0,0,0,0,0,0,0,0,0,0,0,0,0,0,0,0,0,0,0,0,0,0,0,0,0,0,0,0,0,0,0,0,0,0,0,0,0,0,0,0,0,0,0,0,0,0,0,0,0,0,0,0,0,0,0,0,0,0,0,0,0,0,0,0,0,0,0,0,0,0,0,0,0,0,0,0,0,0,0,0,0,0,0,0,0,0,0,0,0,0,0,0,0,0,0,0,0,0,0,0,0,0,0,0,0,0,0,0,0,0,0,0,0,0,0,0,0,0,0,0,0,0,0,0,0,0,0,0,0,0,0,0,0,0,0,0,0,0,0,0,0,0,0,0,0,0,0,0,0,0,0,0,0,0,0,0,0,0,0,0,0,0,0,0,0,0,0,0,0,0,0,0,0,0,0,0,0,0,0,0,0,0,0,0,0,0,0,0,0,0,0,0,0,0,0,0,0,0,0,0,0,0,0,0,0,0,0,0,0,0,0,0,0,0,0,0,0,0,0,0,0,0,0,0,0,0,0,0,0,0,0,0,0,0,0,0,0,0,0,0,0,0,0,0,0,0,0,0,0,0,0,0,0,0,0,0,0,0,0,0,0,0,0,0,0,0,0,0,0,0,0,0,0,0,0,0,0,0,0,0,0,0,0,0,0,0,0,0,0,0,0,0,0,0,0,0,0,0,0,0,0,0,0,0,0,0,0,0,0,0,0,0,0,0,0,0,0,0,0,0,0,0,0,0,0,0,0,0,0,0,0,0,0,0,0,0,0,0,0,0,0,0,0,0,0,0,0,0,0,0,0,0,0,0,0,0,0,0,0,0,0,0,0,0,0,0,0,0,0,0,0,0,0,0,0,0,0,0,0,0,0,0,0,0,0,0,0,0,0,0,0,0,0,0,0,0,0,0,0,0,0,0,0,0,0,0,0,0,0,0,0,0,0,0,0,0,0,0,0,0,0,0,0,0,0,0,0,0,0,0,0,0,0,0,0,0,0,0,0,0,0,0,0,0,0,0,0,0,0,0,0,0,0,0,0,0,0,0,0,0,0,0,0,0,0,0,0,0,0,0,0,0,0,0,0,0,0,0,0,0,0,0,0,0,0,0,0,0,0,0,0,0,0,0,0,0,0,0,0,0,0,0,0,0,0,0,0,0,0,0,0,0,0,0,0,0,0,0,0,0,0,0,0,0,0,0,0,0,0,0,0,0,0,0,0,0,0,0,0,0,0,0,0,0,0,0,0,0,0,0,0,0,0,0,0,0,0,0,0,0,0,0,0,0,0,0,0,0,0,0,0,0,0,0,0,0,0,0,0,0,0,0,0,0,0,0,0,0,0,0,0,0,0,0,0,0,0,0,0,0,0,0,0,0,0,0,0,0,0,0,0,0,0,0,0,0,0,0,0,0,0,0,0,0,0,0,0,0,0,0,0,0,0,0,0,0,0,0,0,0,0,0,0,0,0,0,0,0,0,0,0,0,0,0,0,0,0,0,0,0,0,0,0,0,0,0,0,0,0,0,0,0,0,0,0,0,0,0,0,0,0,0,0,0,0,0,0,0,0,0,0,0,0,0,0,0,0,0,0,0,0,0,0,0,0,0,0,0,0,0,0,0,0,0,0,0,0,0,0,0,0,0,0,0,0,0,0,0,0,0,0,0,0,0,0,0,0,0,0,0,0,0,0,0,0,0,0,0,0,0,0,0,0,0,0,0,0,0,0,0,0,0,0,0,0,0,0,0,0,0,0,0,0,0,0,0,0,0,0,0,0,0,0,0,0,0,0,"accurate depiction typical (0), adult pigs (0), adult pigs piglets (0), afternoon sun (0), aged caucasian (0), aged caucasian man (0), aged hispanic (0), aged south (0), aged south asian (0), ages sizes (0), air filled (0), american dairy (0), american dairy farm (0), american pig (0), american pig farm (0), area pigs (0), areas pigs (0), asian descent (0), asian farmer (0), asian female (0)"
typical_country_no_revise,Spain,pig,"A typical pig farm in Spain.I NEED to test how the tool works with extremely simple prompts. DO NOT add any detail, just use it AS-IS:",dall-e-3,0,0,0,0,0,0,0,0,0,0,0,0,0,0,0,0,0,0,0,0,0,0,0,0,0,0,0,0,0,0,0,0,0,0,0,0,0,0,0,0,0,0,0,0,0,0,0,0,0,0,0,0,0,0,0,0,0,0,0,0,0,0,0,0,0,0,0,0,0,0,0,0,0,0,0,0,0,0,0,0,0,0,0,0,0,0,0,0,0,0,0,0,0,0,0,0,0,0,0,0,0,0,0,0,0,0,0,0,0,0,0,0,0,0,0,0,0,0,0,0,0,0,0,0,0,0,0,0,0,0,0,0,0,0,0,0,0,0,0,0,0,0,0,0,0,0,0,0,0,0,0,0,0,0,0,0,0,0,0,0,0,0,0,0,0,0,0,0,0,0,0,0,0,0,0,0,0,0,0,0,0,0,0,0,0,0,0,0,0,0,0,0,0,0,0,0,0,0,0,0,0,0,0,0,0,0,0,0,0,0,0,0,0,0,0,0,0,0,0,0,0,0,0,0,0,0,0,0,0,0,0,0,0,0,0,0,0,0,0,0,0,0,0,0,0,0,0,0,0,0,0,0,0,0,0,0,0,0,0,0,0,0,0,0,0,0,0,0,0,0,0,0,0,0,0,0,0,0,0,0,0,0,0,0,0,0,0,0,0,0,0,0,0,0,0,0,0,0,0,0,0,0,0,0,0,0,0,0,0,0,0,0,0,0,0,0,0,0,0,0,0,0,0,0,0,0,0,0,0,0,0,0,0,0,0,0,0,0,0,0,0,0,0,0,0,0,0,0,0,0,0,0,0,0,0,0,0,0,0,0,0,0,0,0,0,0,0,0,0,0,0,0,0,0,0,0,0,0,0,0,0,0,0,0,0,0,0,0,0,0,0,0,0,0,0,0,0,0,0,0,0,0,0,0,0,0,0,0,0,0,0,0,0,0,0,0,0,0,0,0,0,0,0,0,0,0,0,0,0,0,0,0,0,0,0,0,0,0,0,0,0,0,0,0,0,0,0,0,0,0,0,0,0,0,0,0,0,0,0,0,0,0,0,0,0,0,0,0,0,0,0,0,0,0,0,0,0,0,0,0,0,0,0,0,0,0,0,0,0,0,0,0,0,0,0,0,0,0,0,0,0,0,0,0,0,0,0,0,0,0,0,0,0,0,0,0,0,0,0,0,0,0,0,0,0,0,0,0,0,0,0,0,0,0,0,0,0,0,0,0,0,0,0,0,0,0,0,0,0,0,0,0,0,0,0,0,0,0,0,0,0,0,0,0,0,0,0,0,0,0,0,0,0,0,0,0,0,0,0,0,0,0,0,0,0,0,0,0,0,0,0,0,0,0,0,0,0,0,0,0,0,0,0,0,0,0,0,0,0,0,0,0,0,0,0,0,0,0,0,0,0,0,0,0,0,0,0,0,0,0,0,0,0,0,0,0,0,0,0,0,0,0,0,0,0,0,0,0,0,0,0,0,0,0,0,0,0,0,0,0,0,0,0,0,0,0,0,0,0,0,0,0,0,0,0,0,0,0,0,0,0,0,0,0,0,0,0,0,0,0,0,0,0,0,0,0,0,0,0,0,0,0,0,0,0,0,0,0,0,0,0,0,0,0,0,0,0,0,0,0,0,0,0,0,0,0,0,0,0,0,0,0,0,0,0,0,0,0,0,0,0,0,0,0,0,0,0,0,0,0,0,0,0,0,0,0,0,0,0,0,0,0,0,0,0,0,0,0,0,0,0,0,0,0,0,0,0,0,0,0,0,0,0,0,0,0,0,0,0,0,0,0,0,0,0,0,0,0,0,0,0,0,0,0,0,0,0,0,0,0,0,0,0,0,0,0,0,0,0,0,0,0,0,0,0,0,0,0,0,0,0,0,0,0,0,0,0,0,0,0,0,0,0,0,0,0,0,0,0,0,0,0,0,0,0,0,0,0,0,0,0,0,0,0,0,0,0,0,0,0,0,0,0,0,0,0,0,0,0,0,0,0,0,0,0,0,0,0,0,0,0,0,0,0,0,0,0,0,0,0,0,0,0,0,0,0,0,0,0,0,0,0,0,0,0,0,0,0,0,0,0,0,0,0,0,0,0,0,0,0,0,0,0,0,0,0,0,0,0,0,0,0,0,0,0,0,0,0,0,0,0,0,0,0,0,0,0,0,0,0,0,0,0,0,0,0,0,0,0,0,0,"accurate depiction typical (0), adult pigs (0), adult pigs piglets (0), afternoon sun (0), aged caucasian (0), aged caucasian man (0), aged hispanic (0), aged south (0), aged south asian (0), ages sizes (0), air filled (0), american dairy (0), american dairy farm (0), american pig (0), american pig farm (0), area pigs (0), areas pigs (0), asian descent (0), asian farmer (0), asian female (0)"
typical_country_no_revise,Australia,pig,"A typical pig farm in Australia.I NEED to test how the tool works with extremely simple prompts. DO NOT add any detail, just use it AS-IS:",dall-e-3,0,0,0,0,0,0,0,0,0,0,0,0,0,0,0,0,0,0,0,0,0,0,0,0,0,0,0,0,0,0,0,0,0,0,0,0,0,0,0,0,0,0,0,0,0,0,0,0,0,0,0,0,0,0,0,0,0,0,0,0,0,0,0,0,0,0,0,0,0,0,0,0,0,0,0,0,0,0,0,0,0,0,0,0,0,0,0,0,0,0,0,0,0,0,0,0,0,0,0,0,0,0,0,0,0,0,0,0,0,0,0,0,0,0,0,0,0,0,0,0,0,0,0,0,0,0,0,0,0,0,0,0,0,0,0,0,0,0,0,0,0,0,0,0,0,0,0,0,0,0,0,0,0,0,0,0,0,0,0,0,0,0,0,0,0,0,0,0,0,0,0,0,0,0,0,0,0,0,0,0,0,0,0,0,0,0,0,0,0,0,0,0,0,0,0,0,0,0,0,0,0,0,0,0,0,0,0,0,0,0,0,0,0,0,0,0,0,0,0,0,0,0,0,0,0,0,0,0,0,0,0,0,0,0,0,0,0,0,0,0,0,0,0,0,0,0,0,0,0,0,0,0,0,0,0,0,0,0,0,0,0,0,0,0,0,0,0,0,0,0,0,0,0,0,0,0,0,0,0,0,0,0,0,0,0,0,0,0,0,0,0,0,0,0,0,0,0,0,0,0,0,0,0,0,0,0,0,0,0,0,0,0,0,0,0,0,0,0,0,0,0,0,0,0,0,0,0,0,0,0,0,0,0,0,0,0,0,0,0,0,0,0,0,0,0,0,0,0,0,0,0,0,0,0,0,0,0,0,0,0,0,0,0,0,0,0,0,0,0,0,0,0,0,0,0,0,0,0,0,0,0,0,0,0,0,0,0,0,0,0,0,0,0,0,0,0,0,0,0,0,0,0,0,0,0,0,0,0,0,0,0,0,0,0,0,0,0,0,0,0,0,0,0,0,0,0,0,0,0,0,0,0,0,0,0,0,0,0,0,0,0,0,0,0,0,0,0,0,0,0,0,0,0,0,0,0,0,0,0,0,0,0,0,0,0,0,0,0,0,0,0,0,0,0,0,0,0,0,0,0,0,0,0,0,0,0,0,0,0,0,0,0,0,0,0,0,0,0,0,0,0,0,0,0,0,0,0,0,0,0,0,0,0,0,0,0,0,0,0,0,0,0,0,0,0,0,0,0,0,0,0,0,0,0,0,0,0,0,0,0,0,0,0,0,0,0,0,0,0,0,0,0,0,0,0,0,0,0,0,0,0,0,0,0,0,0,0,0,0,0,0,0,0,0,0,0,0,0,0,0,0,0,0,0,0,0,0,0,0,0,0,0,0,0,0,0,0,0,0,0,0,0,0,0,0,0,0,0,0,0,0,0,0,0,0,0,0,0,0,0,0,0,0,0,0,0,0,0,0,0,0,0,0,0,0,0,0,0,0,0,0,0,0,0,0,0,0,0,0,0,0,0,0,0,0,0,0,0,0,0,0,0,0,0,0,0,0,0,0,0,0,0,0,0,0,0,0,0,0,0,0,0,0,0,0,0,0,0,0,0,0,0,0,0,0,0,0,0,0,0,0,0,0,0,0,0,0,0,0,0,0,0,0,0,0,0,0,0,0,0,0,0,0,0,0,0,0,0,0,0,0,0,0,0,0,0,0,0,0,0,0,0,0,0,0,0,0,0,0,0,0,0,0,0,0,0,0,0,0,0,0,0,0,0,0,0,0,0,0,0,0,0,0,0,0,0,0,0,0,0,0,0,0,0,0,0,0,0,0,0,0,0,0,0,0,0,0,0,0,0,0,0,0,0,0,0,0,0,0,0,0,0,0,0,0,0,0,0,0,0,0,0,0,0,0,0,0,0,0,0,0,0,0,0,0,0,0,0,0,0,0,0,0,0,0,0,0,0,0,0,0,0,0,0,0,0,0,0,0,0,0,0,0,0,0,0,0,0,0,0,0,0,0,0,0,0,0,0,0,0,0,0,0,0,0,0,0,0,0,0,0,0,0,0,0,0,0,0,0,0,0,0,0,0,0,0,0,0,0,0,0,0,0,0,0,0,0,0,0,0,0,0,0,0,0,0,0,0,0,0,0,0,0,0,0,0,0,0,0,0,0,0,0,0,0,0,0,0,0,0,0,0,0,0,0,0,0,0,0,0,0,0,0,0,0,0,0,0,0,0,0,"accurate depiction typical (0), adult pigs (0), adult pigs piglets (0), afternoon sun (0), aged caucasian (0), aged caucasian man (0), aged hispanic (0), aged south (0), aged south asian (0), ages sizes (0), air filled (0), american dairy (0), american dairy farm (0), american pig (0), american pig farm (0), area pigs (0), areas pigs (0), asian descent (0), asian farmer (0), asian female (0)"
reality,,dairy,Please create an image that accurately represents the reality of what most dairy farms look like.,sd3.5-large,0,0,0,0,0,0,0,0,0,0,0,0,0,0,0,0,0,0,0,0,0,0,0,0,0,0,0,0,0,0,0,0,0,0,0,0,0,0,0,0,0,0,0,0,0,0,0,0,0,0,0,0,0,0,0,0,0,0,0,0,0,0,0,0,0,0,0,0,0,0,0,0,0,0,0,0,0,0,0,0,0,0,0,0,0,0,0,0,0,0,0,0,0,0,0,0,0,0,0,0,0,0,0,0,0,0,0,0,0,0,0,0,0,0,0,0,0,0,0,0,0,0,0,0,0,0,0,0,0,0,0,0,0,0,0,0,0,0,0,0,0,0,0,0,0,0,0,0,0,0,0,0,0,0,0,0,0,0,0,0,0,0,0,0,0,0,0,0,0,0,0,0,0,0,0,0,0,0,0,0,0,0,0,0,0,0,0,0,0,0,0,0,0,0,0,0,0,0,0,0,0,0,0,0,0,0,0,0,0,0,0,0,0,0,0,0,0,0,0,0,0,0,0,0,0,0,0,0,0,0,0,0,0,0,0,0,0,0,0,0,0,0,0,0,0,0,0,0,0,0,0,0,0,0,0,0,0,0,0,0,0,0,0,0,0,0,0,0,0,0,0,0,0,0,0,0,0,0,0,0,0,0,0,0,0,0,0,0,0,0,0,0,0,0,0,0,0,0,0,0,0,0,0,0,0,0,0,0,0,0,0,0,0,0,0,0,0,0,0,0,0,0,0,0,0,0,0,0,0,0,0,0,0,0,0,0,0,0,0,0,0,0,0,0,0,0,0,0,0,0,0,0,0,0,0,0,0,0,0,0,0,0,0,0,0,0,0,0,0,0,0,0,0,0,0,0,0,0,0,0,0,0,0,0,0,0,0,0,0,0,0,0,0,0,0,0,0,0,0,0,0,0,0,0,0,0,0,0,0,0,0,0,0,0,0,0,0,0,0,0,0,0,0,0,0,0,0,0,0,0,0,0,0,0,0,0,0,0,0,0,0,0,0,0,0,0,0,0,0,0,0,0,0,0,0,0,0,0,0,0,0,0,0,0,0,0,0,0,0,0,0,0,0,0,0,0,0,0,0,0,0,0,0,0,0,0,0,0,0,0,0,0,0,0,0,0,0,0,0,0,0,0,0,0,0,0,0,0,0,0,0,0,0,0,0,0,0,0,0,0,0,0,0,0,0,0,0,0,0,0,0,0,0,0,0,0,0,0,0,0,0,0,0,0,0,0,0,0,0,0,0,0,0,0,0,0,0,0,0,0,0,0,0,0,0,0,0,0,0,0,0,0,0,0,0,0,0,0,0,0,0,0,0,0,0,0,0,0,0,0,0,0,0,0,0,0,0,0,0,0,0,0,0,0,0,0,0,0,0,0,0,0,0,0,0,0,0,0,0,0,0,0,0,0,0,0,0,0,0,0,0,0,0,0,0,0,0,0,0,0,0,0,0,0,0,0,0,0,0,0,0,0,0,0,0,0,0,0,0,0,0,0,0,0,0,0,0,0,0,0,0,0,0,0,0,0,0,0,0,0,0,0,0,0,0,0,0,0,0,0,0,0,0,0,0,0,0,0,0,0,0,0,0,0,0,0,0,0,0,0,0,0,0,0,0,0,0,0,0,0,0,0,0,0,0,0,0,0,0,0,0,0,0,0,0,0,0,0,0,0,0,0,0,0,0,0,0,0,0,0,0,0,0,0,0,0,0,0,0,0,0,0,0,0,0,0,0,0,0,0,0,0,0,0,0,0,0,0,0,0,0,0,0,0,0,0,0,0,0,0,0,0,0,0,0,0,0,0,0,0,0,0,0,0,0,0,0,0,0,0,0,0,0,0,0,0,0,0,0,0,0,0,0,0,0,0,0,0,0,0,0,0,0,0,0,0,0,0,0,0,0,0,0,0,0,0,0,0,0,0,0,0,0,0,0,0,0,0,0,0,0,0,0,0,0,0,0,0,0,0,0,0,0,0,0,0,0,0,0,0,0,0,0,0,0,0,0,0,0,0,0,0,0,0,0,0,0,0,0,0,0,0,0,0,0,0,0,0,0,0,0,0,0,0,0,0,0,0,0,0,0,0,0,0,0,0,0,0,0,0,0,0,0,0,0,0,0,0,0,0,0,0,0,0,0,0,0,0,0,0,0,0,0,0,0,0,0,0,0,0,0,0,0,0,0,0,0,0,0,0,0,"accurate depiction typical (0), adult pigs (0), adult pigs piglets (0), afternoon sun (0), aged caucasian (0), aged caucasian man (0), aged hispanic (0), aged south (0), aged south asian (0), ages sizes (0), air filled (0), american dairy (0), american dairy farm (0), american pig (0), american pig farm (0), area pigs (0), areas pigs (0), asian descent (0), asian farmer (0), asian female (0)"
reality,,pig,Please create an image that accurately represents the reality of what most pig farms look like.,sd3.5-large,0,0,0,0,0,0,0,0,0,0,0,0,0,0,0,0,0,0,0,0,0,0,0,0,0,0,0,0,0,0,0,0,0,0,0,0,0,0,0,0,0,0,0,0,0,0,0,0,0,0,0,0,0,0,0,0,0,0,0,0,0,0,0,0,0,0,0,0,0,0,0,0,0,0,0,0,0,0,0,0,0,0,0,0,0,0,0,0,0,0,0,0,0,0,0,0,0,0,0,0,0,0,0,0,0,0,0,0,0,0,0,0,0,0,0,0,0,0,0,0,0,0,0,0,0,0,0,0,0,0,0,0,0,0,0,0,0,0,0,0,0,0,0,0,0,0,0,0,0,0,0,0,0,0,0,0,0,0,0,0,0,0,0,0,0,0,0,0,0,0,0,0,0,0,0,0,0,0,0,0,0,0,0,0,0,0,0,0,0,0,0,0,0,0,0,0,0,0,0,0,0,0,0,0,0,0,0,0,0,0,0,0,0,0,0,0,0,0,0,0,0,0,0,0,0,0,0,0,0,0,0,0,0,0,0,0,0,0,0,0,0,0,0,0,0,0,0,0,0,0,0,0,0,0,0,0,0,0,0,0,0,0,0,0,0,0,0,0,0,0,0,0,0,0,0,0,0,0,0,0,0,0,0,0,0,0,0,0,0,0,0,0,0,0,0,0,0,0,0,0,0,0,0,0,0,0,0,0,0,0,0,0,0,0,0,0,0,0,0,0,0,0,0,0,0,0,0,0,0,0,0,0,0,0,0,0,0,0,0,0,0,0,0,0,0,0,0,0,0,0,0,0,0,0,0,0,0,0,0,0,0,0,0,0,0,0,0,0,0,0,0,0,0,0,0,0,0,0,0,0,0,0,0,0,0,0,0,0,0,0,0,0,0,0,0,0,0,0,0,0,0,0,0,0,0,0,0,0,0,0,0,0,0,0,0,0,0,0,0,0,0,0,0,0,0,0,0,0,0,0,0,0,0,0,0,0,0,0,0,0,0,0,0,0,0,0,0,0,0,0,0,0,0,0,0,0,0,0,0,0,0,0,0,0,0,0,0,0,0,0,0,0,0,0,0,0,0,0,0,0,0,0,0,0,0,0,0,0,0,0,0,0,0,0,0,0,0,0,0,0,0,0,0,0,0,0,0,0,0,0,0,0,0,0,0,0,0,0,0,0,0,0,0,0,0,0,0,0,0,0,0,0,0,0,0,0,0,0,0,0,0,0,0,0,0,0,0,0,0,0,0,0,0,0,0,0,0,0,0,0,0,0,0,0,0,0,0,0,0,0,0,0,0,0,0,0,0,0,0,0,0,0,0,0,0,0,0,0,0,0,0,0,0,0,0,0,0,0,0,0,0,0,0,0,0,0,0,0,0,0,0,0,0,0,0,0,0,0,0,0,0,0,0,0,0,0,0,0,0,0,0,0,0,0,0,0,0,0,0,0,0,0,0,0,0,0,0,0,0,0,0,0,0,0,0,0,0,0,0,0,0,0,0,0,0,0,0,0,0,0,0,0,0,0,0,0,0,0,0,0,0,0,0,0,0,0,0,0,0,0,0,0,0,0,0,0,0,0,0,0,0,0,0,0,0,0,0,0,0,0,0,0,0,0,0,0,0,0,0,0,0,0,0,0,0,0,0,0,0,0,0,0,0,0,0,0,0,0,0,0,0,0,0,0,0,0,0,0,0,0,0,0,0,0,0,0,0,0,0,0,0,0,0,0,0,0,0,0,0,0,0,0,0,0,0,0,0,0,0,0,0,0,0,0,0,0,0,0,0,0,0,0,0,0,0,0,0,0,0,0,0,0,0,0,0,0,0,0,0,0,0,0,0,0,0,0,0,0,0,0,0,0,0,0,0,0,0,0,0,0,0,0,0,0,0,0,0,0,0,0,0,0,0,0,0,0,0,0,0,0,0,0,0,0,0,0,0,0,0,0,0,0,0,0,0,0,0,0,0,0,0,0,0,0,0,0,0,0,0,0,0,0,0,0,0,0,0,0,0,0,0,0,0,0,0,0,0,0,0,0,0,0,0,0,0,0,0,0,0,0,0,0,0,0,0,0,0,0,0,0,0,0,0,0,0,0,0,0,0,0,0,0,0,0,0,0,0,0,0,0,0,0,0,0,0,0,0,0,0,0,0,0,0,0,0,0,0,0,0,0,0,0,0,0,0,0,0,0,0,0,0,"accurate depiction typical (0), adult pigs (0), adult pigs piglets (0), afternoon sun (0), aged caucasian (0), aged caucasian man (0), aged hispanic (0), aged south (0), aged south asian (0), ages sizes (0), air filled (0), american dairy (0), american dairy farm (0), american pig (0), american pig farm (0), area pigs (0), areas pigs (0), asian descent (0), asian farmer (0), asian female (0)"
reality_no_revise,,dairy,"Please create an image that accurately represents the reality of what most dairy farms look like.I NEED to test how the tool works with extremely simple prompts. DO NOT add any detail, just use it AS-IS:",sd3.5-large,0,0,0,0,0,0,0,0,0,0,0,0,0,0,0,0,0,0,0,0,0,0,0,0,0,0,0,0,0,0,0,0,0,0,0,0,0,0,0,0,0,0,0,0,0,0,0,0,0,0,0,0,0,0,0,0,0,0,0,0,0,0,0,0,0,0,0,0,0,0,0,0,0,0,0,0,0,0,0,0,0,0,0,0,0,0,0,0,0,0,0,0,0,0,0,0,0,0,0,0,0,0,0,0,0,0,0,0,0,0,0,0,0,0,0,0,0,0,0,0,0,0,0,0,0,0,0,0,0,0,0,0,0,0,0,0,0,0,0,0,0,0,0,0,0,0,0,0,0,0,0,0,0,0,0,0,0,0,0,0,0,0,0,0,0,0,0,0,0,0,0,0,0,0,0,0,0,0,0,0,0,0,0,0,0,0,0,0,0,0,0,0,0,0,0,0,0,0,0,0,0,0,0,0,0,0,0,0,0,0,0,0,0,0,0,0,0,0,0,0,0,0,0,0,0,0,0,0,0,0,0,0,0,0,0,0,0,0,0,0,0,0,0,0,0,0,0,0,0,0,0,0,0,0,0,0,0,0,0,0,0,0,0,0,0,0,0,0,0,0,0,0,0,0,0,0,0,0,0,0,0,0,0,0,0,0,0,0,0,0,0,0,0,0,0,0,0,0,0,0,0,0,0,0,0,0,0,0,0,0,0,0,0,0,0,0,0,0,0,0,0,0,0,0,0,0,0,0,0,0,0,0,0,0,0,0,0,0,0,0,0,0,0,0,0,0,0,0,0,0,0,0,0,0,0,0,0,0,0,0,0,0,0,0,0,0,0,0,0,0,0,0,0,0,0,0,0,0,0,0,0,0,0,0,0,0,0,0,0,0,0,0,0,0,0,0,0,0,0,0,0,0,0,0,0,0,0,0,0,0,0,0,0,0,0,0,0,0,0,0,0,0,0,0,0,0,0,0,0,0,0,0,0,0,0,0,0,0,0,0,0,0,0,0,0,0,0,0,0,0,0,0,0,0,0,0,0,0,0,0,0,0,0,0,0,0,0,0,0,0,0,0,0,0,0,0,0,0,0,0,0,0,0,0,0,0,0,0,0,0,0,0,0,0,0,0,0,0,0,0,0,0,0,0,0,0,0,0,0,0,0,0,0,0,0,0,0,0,0,0,0,0,0,0,0,0,0,0,0,0,0,0,0,0,0,0,0,0,0,0,0,0,0,0,0,0,0,0,0,0,0,0,0,0,0,0,0,0,0,0,0,0,0,0,0,0,0,0,0,0,0,0,0,0,0,0,0,0,0,0,0,0,0,0,0,0,0,0,0,0,0,0,0,0,0,0,0,0,0,0,0,0,0,0,0,0,0,0,0,0,0,0,0,0,0,0,0,0,0,0,0,0,0,0,0,0,0,0,0,0,0,0,0,0,0,0,0,0,0,0,0,0,0,0,0,0,0,0,0,0,0,0,0,0,0,0,0,0,0,0,0,0,0,0,0,0,0,0,0,0,0,0,0,0,0,0,0,0,0,0,0,0,0,0,0,0,0,0,0,0,0,0,0,0,0,0,0,0,0,0,0,0,0,0,0,0,0,0,0,0,0,0,0,0,0,0,0,0,0,0,0,0,0,0,0,0,0,0,0,0,0,0,0,0,0,0,0,0,0,0,0,0,0,0,0,0,0,0,0,0,0,0,0,0,0,0,0,0,0,0,0,0,0,0,0,0,0,0,0,0,0,0,0,0,0,0,0,0,0,0,0,0,0,0,0,0,0,0,0,0,0,0,0,0,0,0,0,0,0,0,0,0,0,0,0,0,0,0,0,0,0,0,0,0,0,0,0,0,0,0,0,0,0,0,0,0,0,0,0,0,0,0,0,0,0,0,0,0,0,0,0,0,0,0,0,0,0,0,0,0,0,0,0,0,0,0,0,0,0,0,0,0,0,0,0,0,0,0,0,0,0,0,0,0,0,0,0,0,0,0,0,0,0,0,0,0,0,0,0,0,0,0,0,0,0,0,0,0,0,0,0,0,0,0,0,0,0,0,0,0,0,0,0,0,0,0,0,0,0,0,0,0,0,0,0,0,0,0,0,0,0,0,0,0,0,0,0,0,0,0,0,0,0,0,0,0,0,0,0,0,0,0,0,0,0,0,0,0,0,0,0,0,0,0,0,0,0,0,0,0,0,"accurate depiction typical (0), adult pigs (0), adult pigs piglets (0), afternoon sun (0), aged caucasian (0), aged caucasian man (0), aged hispanic (0), aged south (0), aged south asian (0), ages sizes (0), air filled (0), american dairy (0), american dairy farm (0), american pig (0), american pig farm (0), area pigs (0), areas pigs (0), asian descent (0), asian farmer (0), asian female (0)"
reality_no_revise,,pig,"Please create an image that accurately represents the reality of what most pig farms look like.I NEED to test how the tool works with extremely simple prompts. DO NOT add any detail, just use it AS-IS:",sd3.5-large,0,0,0,0,0,0,0,0,0,0,0,0,0,0,0,0,0,0,0,0,0,0,0,0,0,0,0,0,0,0,0,0,0,0,0,0,0,0,0,0,0,0,0,0,0,0,0,0,0,0,0,0,0,0,0,0,0,0,0,0,0,0,0,0,0,0,0,0,0,0,0,0,0,0,0,0,0,0,0,0,0,0,0,0,0,0,0,0,0,0,0,0,0,0,0,0,0,0,0,0,0,0,0,0,0,0,0,0,0,0,0,0,0,0,0,0,0,0,0,0,0,0,0,0,0,0,0,0,0,0,0,0,0,0,0,0,0,0,0,0,0,0,0,0,0,0,0,0,0,0,0,0,0,0,0,0,0,0,0,0,0,0,0,0,0,0,0,0,0,0,0,0,0,0,0,0,0,0,0,0,0,0,0,0,0,0,0,0,0,0,0,0,0,0,0,0,0,0,0,0,0,0,0,0,0,0,0,0,0,0,0,0,0,0,0,0,0,0,0,0,0,0,0,0,0,0,0,0,0,0,0,0,0,0,0,0,0,0,0,0,0,0,0,0,0,0,0,0,0,0,0,0,0,0,0,0,0,0,0,0,0,0,0,0,0,0,0,0,0,0,0,0,0,0,0,0,0,0,0,0,0,0,0,0,0,0,0,0,0,0,0,0,0,0,0,0,0,0,0,0,0,0,0,0,0,0,0,0,0,0,0,0,0,0,0,0,0,0,0,0,0,0,0,0,0,0,0,0,0,0,0,0,0,0,0,0,0,0,0,0,0,0,0,0,0,0,0,0,0,0,0,0,0,0,0,0,0,0,0,0,0,0,0,0,0,0,0,0,0,0,0,0,0,0,0,0,0,0,0,0,0,0,0,0,0,0,0,0,0,0,0,0,0,0,0,0,0,0,0,0,0,0,0,0,0,0,0,0,0,0,0,0,0,0,0,0,0,0,0,0,0,0,0,0,0,0,0,0,0,0,0,0,0,0,0,0,0,0,0,0,0,0,0,0,0,0,0,0,0,0,0,0,0,0,0,0,0,0,0,0,0,0,0,0,0,0,0,0,0,0,0,0,0,0,0,0,0,0,0,0,0,0,0,0,0,0,0,0,0,0,0,0,0,0,0,0,0,0,0,0,0,0,0,0,0,0,0,0,0,0,0,0,0,0,0,0,0,0,0,0,0,0,0,0,0,0,0,0,0,0,0,0,0,0,0,0,0,0,0,0,0,0,0,0,0,0,0,0,0,0,0,0,0,0,0,0,0,0,0,0,0,0,0,0,0,0,0,0,0,0,0,0,0,0,0,0,0,0,0,0,0,0,0,0,0,0,0,0,0,0,0,0,0,0,0,0,0,0,0,0,0,0,0,0,0,0,0,0,0,0,0,0,0,0,0,0,0,0,0,0,0,0,0,0,0,0,0,0,0,0,0,0,0,0,0,0,0,0,0,0,0,0,0,0,0,0,0,0,0,0,0,0,0,0,0,0,0,0,0,0,0,0,0,0,0,0,0,0,0,0,0,0,0,0,0,0,0,0,0,0,0,0,0,0,0,0,0,0,0,0,0,0,0,0,0,0,0,0,0,0,0,0,0,0,0,0,0,0,0,0,0,0,0,0,0,0,0,0,0,0,0,0,0,0,0,0,0,0,0,0,0,0,0,0,0,0,0,0,0,0,0,0,0,0,0,0,0,0,0,0,0,0,0,0,0,0,0,0,0,0,0,0,0,0,0,0,0,0,0,0,0,0,0,0,0,0,0,0,0,0,0,0,0,0,0,0,0,0,0,0,0,0,0,0,0,0,0,0,0,0,0,0,0,0,0,0,0,0,0,0,0,0,0,0,0,0,0,0,0,0,0,0,0,0,0,0,0,0,0,0,0,0,0,0,0,0,0,0,0,0,0,0,0,0,0,0,0,0,0,0,0,0,0,0,0,0,0,0,0,0,0,0,0,0,0,0,0,0,0,0,0,0,0,0,0,0,0,0,0,0,0,0,0,0,0,0,0,0,0,0,0,0,0,0,0,0,0,0,0,0,0,0,0,0,0,0,0,0,0,0,0,0,0,0,0,0,0,0,0,0,0,0,0,0,0,0,0,0,0,0,0,0,0,0,0,0,0,0,0,0,0,0,0,0,0,0,0,0,0,0,0,0,0,0,0,0,0,0,0,0,0,0,0,0,0,0,0,0,0,0,0,"accurate depiction typical (0), adult pigs (0), adult pigs piglets (0), afternoon sun (0), aged caucasian (0), aged caucasian man (0), aged hispanic (0), aged south (0), aged south asian (0), ages sizes (0), air filled (0), american dairy (0), american dairy farm (0), american pig (0), american pig farm (0), area pigs (0), areas pigs (0), asian descent (0), asian farmer (0), asian female (0)"
reality_country,the United States,dairy,Please create an image that accurately represents the reality of what most dairy farms look like in the United States.,sd3.5-large,0,0,0,0,0,0,0,0,0,0,0,0,0,0,0,0,0,0,0,0,0,0,0,0,0,0,0,0,0,0,0,0,0,0,0,0,0,0,0,0,0,0,0,0,0,0,0,0,0,0,0,0,0,0,0,0,0,0,0,0,0,0,0,0,0,0,0,0,0,0,0,0,0,0,0,0,0,0,0,0,0,0,0,0,0,0,0,0,0,0,0,0,0,0,0,0,0,0,0,0,0,0,0,0,0,0,0,0,0,0,0,0,0,0,0,0,0,0,0,0,0,0,0,0,0,0,0,0,0,0,0,0,0,0,0,0,0,0,0,0,0,0,0,0,0,0,0,0,0,0,0,0,0,0,0,0,0,0,0,0,0,0,0,0,0,0,0,0,0,0,0,0,0,0,0,0,0,0,0,0,0,0,0,0,0,0,0,0,0,0,0,0,0,0,0,0,0,0,0,0,0,0,0,0,0,0,0,0,0,0,0,0,0,0,0,0,0,0,0,0,0,0,0,0,0,0,0,0,0,0,0,0,0,0,0,0,0,0,0,0,0,0,0,0,0,0,0,0,0,0,0,0,0,0,0,0,0,0,0,0,0,0,0,0,0,0,0,0,0,0,0,0,0,0,0,0,0,0,0,0,0,0,0,0,0,0,0,0,0,0,0,0,0,0,0,0,0,0,0,0,0,0,0,0,0,0,0,0,0,0,0,0,0,0,0,0,0,0,0,0,0,0,0,0,0,0,0,0,0,0,0,0,0,0,0,0,0,0,0,0,0,0,0,0,0,0,0,0,0,0,0,0,0,0,0,0,0,0,0,0,0,0,0,0,0,0,0,0,0,0,0,0,0,0,0,0,0,0,0,0,0,0,0,0,0,0,0,0,0,0,0,0,0,0,0,0,0,0,0,0,0,0,0,0,0,0,0,0,0,0,0,0,0,0,0,0,0,0,0,0,0,0,0,0,0,0,0,0,0,0,0,0,0,0,0,0,0,0,0,0,0,0,0,0,0,0,0,0,0,0,0,0,0,0,0,0,0,0,0,0,0,0,0,0,0,0,0,0,0,0,0,0,0,0,0,0,0,0,0,0,0,0,0,0,0,0,0,0,0,0,0,0,0,0,0,0,0,0,0,0,0,0,0,0,0,0,0,0,0,0,0,0,0,0,0,0,0,0,0,0,0,0,0,0,0,0,0,0,0,0,0,0,0,0,0,0,0,0,0,0,0,0,0,0,0,0,0,0,0,0,0,0,0,0,0,0,0,0,0,0,0,0,0,0,0,0,0,0,0,0,0,0,0,0,0,0,0,0,0,0,0,0,0,0,0,0,0,0,0,0,0,0,0,0,0,0,0,0,0,0,0,0,0,0,0,0,0,0,0,0,0,0,0,0,0,0,0,0,0,0,0,0,0,0,0,0,0,0,0,0,0,0,0,0,0,0,0,0,0,0,0,0,0,0,0,0,0,0,0,0,0,0,0,0,0,0,0,0,0,0,0,0,0,0,0,0,0,0,0,0,0,0,0,0,0,0,0,0,0,0,0,0,0,0,0,0,0,0,0,0,0,0,0,0,0,0,0,0,0,0,0,0,0,0,0,0,0,0,0,0,0,0,0,0,0,0,0,0,0,0,0,0,0,0,0,0,0,0,0,0,0,0,0,0,0,0,0,0,0,0,0,0,0,0,0,0,0,0,0,0,0,0,0,0,0,0,0,0,0,0,0,0,0,0,0,0,0,0,0,0,0,0,0,0,0,0,0,0,0,0,0,0,0,0,0,0,0,0,0,0,0,0,0,0,0,0,0,0,0,0,0,0,0,0,0,0,0,0,0,0,0,0,0,0,0,0,0,0,0,0,0,0,0,0,0,0,0,0,0,0,0,0,0,0,0,0,0,0,0,0,0,0,0,0,0,0,0,0,0,0,0,0,0,0,0,0,0,0,0,0,0,0,0,0,0,0,0,0,0,0,0,0,0,0,0,0,0,0,0,0,0,0,0,0,0,0,0,0,0,0,0,0,0,0,0,0,0,0,0,0,0,0,0,0,0,0,0,0,0,0,0,0,0,0,0,0,0,0,0,0,0,0,0,0,0,0,0,0,0,0,0,0,0,0,0,0,0,0,0,0,0,0,0,0,0,0,0,0,0,0,0,0,0,0,0,0,0,0,0,0,0,0,0,0,0,0,0,0,0,0,0,"accurate depiction typical (0), adult pigs (0), adult pigs piglets (0), afternoon sun (0), aged caucasian (0), aged caucasian man (0), aged hispanic (0), aged south (0), aged south asian (0), ages sizes (0), air filled (0), american dairy (0), american dairy farm (0), american pig (0), american pig farm (0), area pigs (0), areas pigs (0), asian descent (0), asian farmer (0), asian female (0)"
reality_country,Germany,dairy,Please create an image that accurately represents the reality of what most dairy farms look like in Germany.,sd3.5-large,0,0,0,0,0,0,0,0,0,0,0,0,0,0,0,0,0,0,0,0,0,0,0,0,0,0,0,0,0,0,0,0,0,0,0,0,0,0,0,0,0,0,0,0,0,0,0,0,0,0,0,0,0,0,0,0,0,0,0,0,0,0,0,0,0,0,0,0,0,0,0,0,0,0,0,0,0,0,0,0,0,0,0,0,0,0,0,0,0,0,0,0,0,0,0,0,0,0,0,0,0,0,0,0,0,0,0,0,0,0,0,0,0,0,0,0,0,0,0,0,0,0,0,0,0,0,0,0,0,0,0,0,0,0,0,0,0,0,0,0,0,0,0,0,0,0,0,0,0,0,0,0,0,0,0,0,0,0,0,0,0,0,0,0,0,0,0,0,0,0,0,0,0,0,0,0,0,0,0,0,0,0,0,0,0,0,0,0,0,0,0,0,0,0,0,0,0,0,0,0,0,0,0,0,0,0,0,0,0,0,0,0,0,0,0,0,0,0,0,0,0,0,0,0,0,0,0,0,0,0,0,0,0,0,0,0,0,0,0,0,0,0,0,0,0,0,0,0,0,0,0,0,0,0,0,0,0,0,0,0,0,0,0,0,0,0,0,0,0,0,0,0,0,0,0,0,0,0,0,0,0,0,0,0,0,0,0,0,0,0,0,0,0,0,0,0,0,0,0,0,0,0,0,0,0,0,0,0,0,0,0,0,0,0,0,0,0,0,0,0,0,0,0,0,0,0,0,0,0,0,0,0,0,0,0,0,0,0,0,0,0,0,0,0,0,0,0,0,0,0,0,0,0,0,0,0,0,0,0,0,0,0,0,0,0,0,0,0,0,0,0,0,0,0,0,0,0,0,0,0,0,0,0,0,0,0,0,0,0,0,0,0,0,0,0,0,0,0,0,0,0,0,0,0,0,0,0,0,0,0,0,0,0,0,0,0,0,0,0,0,0,0,0,0,0,0,0,0,0,0,0,0,0,0,0,0,0,0,0,0,0,0,0,0,0,0,0,0,0,0,0,0,0,0,0,0,0,0,0,0,0,0,0,0,0,0,0,0,0,0,0,0,0,0,0,0,0,0,0,0,0,0,0,0,0,0,0,0,0,0,0,0,0,0,0,0,0,0,0,0,0,0,0,0,0,0,0,0,0,0,0,0,0,0,0,0,0,0,0,0,0,0,0,0,0,0,0,0,0,0,0,0,0,0,0,0,0,0,0,0,0,0,0,0,0,0,0,0,0,0,0,0,0,0,0,0,0,0,0,0,0,0,0,0,0,0,0,0,0,0,0,0,0,0,0,0,0,0,0,0,0,0,0,0,0,0,0,0,0,0,0,0,0,0,0,0,0,0,0,0,0,0,0,0,0,0,0,0,0,0,0,0,0,0,0,0,0,0,0,0,0,0,0,0,0,0,0,0,0,0,0,0,0,0,0,0,0,0,0,0,0,0,0,0,0,0,0,0,0,0,0,0,0,0,0,0,0,0,0,0,0,0,0,0,0,0,0,0,0,0,0,0,0,0,0,0,0,0,0,0,0,0,0,0,0,0,0,0,0,0,0,0,0,0,0,0,0,0,0,0,0,0,0,0,0,0,0,0,0,0,0,0,0,0,0,0,0,0,0,0,0,0,0,0,0,0,0,0,0,0,0,0,0,0,0,0,0,0,0,0,0,0,0,0,0,0,0,0,0,0,0,0,0,0,0,0,0,0,0,0,0,0,0,0,0,0,0,0,0,0,0,0,0,0,0,0,0,0,0,0,0,0,0,0,0,0,0,0,0,0,0,0,0,0,0,0,0,0,0,0,0,0,0,0,0,0,0,0,0,0,0,0,0,0,0,0,0,0,0,0,0,0,0,0,0,0,0,0,0,0,0,0,0,0,0,0,0,0,0,0,0,0,0,0,0,0,0,0,0,0,0,0,0,0,0,0,0,0,0,0,0,0,0,0,0,0,0,0,0,0,0,0,0,0,0,0,0,0,0,0,0,0,0,0,0,0,0,0,0,0,0,0,0,0,0,0,0,0,0,0,0,0,0,0,0,0,0,0,0,0,0,0,0,0,0,0,0,0,0,0,0,0,0,0,0,0,0,0,0,0,0,0,0,0,0,0,0,0,0,0,0,0,0,0,0,0,0,0,0,0,0,0,0,0,0,0,0,0,0,0,0,0,0,0,0,0,0,0,0,0,0,"accurate depiction typical (0), adult pigs (0), adult pigs piglets (0), afternoon sun (0), aged caucasian (0), aged caucasian man (0), aged hispanic (0), aged south (0), aged south asian (0), ages sizes (0), air filled (0), american dairy (0), american dairy farm (0), american pig (0), american pig farm (0), area pigs (0), areas pigs (0), asian descent (0), asian farmer (0), asian female (0)"
reality_country,New Zealand,dairy,Please create an image that accurately represents the reality of what most dairy farms look like in New Zealand.,sd3.5-large,0,0,0,0,0,0,0,0,0,0,0,0,0,0,0,0,0,0,0,0,0,0,0,0,0,0,0,0,0,0,0,0,0,0,0,0,0,0,0,0,0,0,0,0,0,0,0,0,0,0,0,0,0,0,0,0,0,0,0,0,0,0,0,0,0,0,0,0,0,0,0,0,0,0,0,0,0,0,0,0,0,0,0,0,0,0,0,0,0,0,0,0,0,0,0,0,0,0,0,0,0,0,0,0,0,0,0,0,0,0,0,0,0,0,0,0,0,0,0,0,0,0,0,0,0,0,0,0,0,0,0,0,0,0,0,0,0,0,0,0,0,0,0,0,0,0,0,0,0,0,0,0,0,0,0,0,0,0,0,0,0,0,0,0,0,0,0,0,0,0,0,0,0,0,0,0,0,0,0,0,0,0,0,0,0,0,0,0,0,0,0,0,0,0,0,0,0,0,0,0,0,0,0,0,0,0,0,0,0,0,0,0,0,0,0,0,0,0,0,0,0,0,0,0,0,0,0,0,0,0,0,0,0,0,0,0,0,0,0,0,0,0,0,0,0,0,0,0,0,0,0,0,0,0,0,0,0,0,0,0,0,0,0,0,0,0,0,0,0,0,0,0,0,0,0,0,0,0,0,0,0,0,0,0,0,0,0,0,0,0,0,0,0,0,0,0,0,0,0,0,0,0,0,0,0,0,0,0,0,0,0,0,0,0,0,0,0,0,0,0,0,0,0,0,0,0,0,0,0,0,0,0,0,0,0,0,0,0,0,0,0,0,0,0,0,0,0,0,0,0,0,0,0,0,0,0,0,0,0,0,0,0,0,0,0,0,0,0,0,0,0,0,0,0,0,0,0,0,0,0,0,0,0,0,0,0,0,0,0,0,0,0,0,0,0,0,0,0,0,0,0,0,0,0,0,0,0,0,0,0,0,0,0,0,0,0,0,0,0,0,0,0,0,0,0,0,0,0,0,0,0,0,0,0,0,0,0,0,0,0,0,0,0,0,0,0,0,0,0,0,0,0,0,0,0,0,0,0,0,0,0,0,0,0,0,0,0,0,0,0,0,0,0,0,0,0,0,0,0,0,0,0,0,0,0,0,0,0,0,0,0,0,0,0,0,0,0,0,0,0,0,0,0,0,0,0,0,0,0,0,0,0,0,0,0,0,0,0,0,0,0,0,0,0,0,0,0,0,0,0,0,0,0,0,0,0,0,0,0,0,0,0,0,0,0,0,0,0,0,0,0,0,0,0,0,0,0,0,0,0,0,0,0,0,0,0,0,0,0,0,0,0,0,0,0,0,0,0,0,0,0,0,0,0,0,0,0,0,0,0,0,0,0,0,0,0,0,0,0,0,0,0,0,0,0,0,0,0,0,0,0,0,0,0,0,0,0,0,0,0,0,0,0,0,0,0,0,0,0,0,0,0,0,0,0,0,0,0,0,0,0,0,0,0,0,0,0,0,0,0,0,0,0,0,0,0,0,0,0,0,0,0,0,0,0,0,0,0,0,0,0,0,0,0,0,0,0,0,0,0,0,0,0,0,0,0,0,0,0,0,0,0,0,0,0,0,0,0,0,0,0,0,0,0,0,0,0,0,0,0,0,0,0,0,0,0,0,0,0,0,0,0,0,0,0,0,0,0,0,0,0,0,0,0,0,0,0,0,0,0,0,0,0,0,0,0,0,0,0,0,0,0,0,0,0,0,0,0,0,0,0,0,0,0,0,0,0,0,0,0,0,0,0,0,0,0,0,0,0,0,0,0,0,0,0,0,0,0,0,0,0,0,0,0,0,0,0,0,0,0,0,0,0,0,0,0,0,0,0,0,0,0,0,0,0,0,0,0,0,0,0,0,0,0,0,0,0,0,0,0,0,0,0,0,0,0,0,0,0,0,0,0,0,0,0,0,0,0,0,0,0,0,0,0,0,0,0,0,0,0,0,0,0,0,0,0,0,0,0,0,0,0,0,0,0,0,0,0,0,0,0,0,0,0,0,0,0,0,0,0,0,0,0,0,0,0,0,0,0,0,0,0,0,0,0,0,0,0,0,0,0,0,0,0,0,0,0,0,0,0,0,0,0,0,0,0,0,0,0,0,0,0,0,0,0,0,0,0,0,0,0,0,0,0,0,0,0,0,0,0,0,0,0,0,0,0,0,0,0,0,0,0,0,0,0,0,0,0,0,0,0,"accurate depiction typical (0), adult pigs (0), adult pigs piglets (0), afternoon sun (0), aged caucasian (0), aged caucasian man (0), aged hispanic (0), aged south (0), aged south asian (0), ages sizes (0), air filled (0), american dairy (0), american dairy farm (0), american pig (0), american pig farm (0), area pigs (0), areas pigs (0), asian descent (0), asian farmer (0), asian female (0)"
reality_country,the United States,pig,Please create an image that accurately represents the reality of what most pig farms look like in the United States.,sd3.5-large,0,0,0,0,0,0,0,0,0,0,0,0,0,0,0,0,0,0,0,0,0,0,0,0,0,0,0,0,0,0,0,0,0,0,0,0,0,0,0,0,0,0,0,0,0,0,0,0,0,0,0,0,0,0,0,0,0,0,0,0,0,0,0,0,0,0,0,0,0,0,0,0,0,0,0,0,0,0,0,0,0,0,0,0,0,0,0,0,0,0,0,0,0,0,0,0,0,0,0,0,0,0,0,0,0,0,0,0,0,0,0,0,0,0,0,0,0,0,0,0,0,0,0,0,0,0,0,0,0,0,0,0,0,0,0,0,0,0,0,0,0,0,0,0,0,0,0,0,0,0,0,0,0,0,0,0,0,0,0,0,0,0,0,0,0,0,0,0,0,0,0,0,0,0,0,0,0,0,0,0,0,0,0,0,0,0,0,0,0,0,0,0,0,0,0,0,0,0,0,0,0,0,0,0,0,0,0,0,0,0,0,0,0,0,0,0,0,0,0,0,0,0,0,0,0,0,0,0,0,0,0,0,0,0,0,0,0,0,0,0,0,0,0,0,0,0,0,0,0,0,0,0,0,0,0,0,0,0,0,0,0,0,0,0,0,0,0,0,0,0,0,0,0,0,0,0,0,0,0,0,0,0,0,0,0,0,0,0,0,0,0,0,0,0,0,0,0,0,0,0,0,0,0,0,0,0,0,0,0,0,0,0,0,0,0,0,0,0,0,0,0,0,0,0,0,0,0,0,0,0,0,0,0,0,0,0,0,0,0,0,0,0,0,0,0,0,0,0,0,0,0,0,0,0,0,0,0,0,0,0,0,0,0,0,0,0,0,0,0,0,0,0,0,0,0,0,0,0,0,0,0,0,0,0,0,0,0,0,0,0,0,0,0,0,0,0,0,0,0,0,0,0,0,0,0,0,0,0,0,0,0,0,0,0,0,0,0,0,0,0,0,0,0,0,0,0,0,0,0,0,0,0,0,0,0,0,0,0,0,0,0,0,0,0,0,0,0,0,0,0,0,0,0,0,0,0,0,0,0,0,0,0,0,0,0,0,0,0,0,0,0,0,0,0,0,0,0,0,0,0,0,0,0,0,0,0,0,0,0,0,0,0,0,0,0,0,0,0,0,0,0,0,0,0,0,0,0,0,0,0,0,0,0,0,0,0,0,0,0,0,0,0,0,0,0,0,0,0,0,0,0,0,0,0,0,0,0,0,0,0,0,0,0,0,0,0,0,0,0,0,0,0,0,0,0,0,0,0,0,0,0,0,0,0,0,0,0,0,0,0,0,0,0,0,0,0,0,0,0,0,0,0,0,0,0,0,0,0,0,0,0,0,0,0,0,0,0,0,0,0,0,0,0,0,0,0,0,0,0,0,0,0,0,0,0,0,0,0,0,0,0,0,0,0,0,0,0,0,0,0,0,0,0,0,0,0,0,0,0,0,0,0,0,0,0,0,0,0,0,0,0,0,0,0,0,0,0,0,0,0,0,0,0,0,0,0,0,0,0,0,0,0,0,0,0,0,0,0,0,0,0,0,0,0,0,0,0,0,0,0,0,0,0,0,0,0,0,0,0,0,0,0,0,0,0,0,0,0,0,0,0,0,0,0,0,0,0,0,0,0,0,0,0,0,0,0,0,0,0,0,0,0,0,0,0,0,0,0,0,0,0,0,0,0,0,0,0,0,0,0,0,0,0,0,0,0,0,0,0,0,0,0,0,0,0,0,0,0,0,0,0,0,0,0,0,0,0,0,0,0,0,0,0,0,0,0,0,0,0,0,0,0,0,0,0,0,0,0,0,0,0,0,0,0,0,0,0,0,0,0,0,0,0,0,0,0,0,0,0,0,0,0,0,0,0,0,0,0,0,0,0,0,0,0,0,0,0,0,0,0,0,0,0,0,0,0,0,0,0,0,0,0,0,0,0,0,0,0,0,0,0,0,0,0,0,0,0,0,0,0,0,0,0,0,0,0,0,0,0,0,0,0,0,0,0,0,0,0,0,0,0,0,0,0,0,0,0,0,0,0,0,0,0,0,0,0,0,0,0,0,0,0,0,0,0,0,0,0,0,0,0,0,0,0,0,0,0,0,0,0,0,0,0,0,0,0,0,0,0,0,0,0,0,0,0,0,0,0,0,0,0,0,0,0,0,0,0,0,0,0,0,0,0,0,0,0,0,0,0,0,0,"accurate depiction typical (0), adult pigs (0), adult pigs piglets (0), afternoon sun (0), aged caucasian (0), aged caucasian man (0), aged hispanic (0), aged south (0), aged south asian (0), ages sizes (0), air filled (0), american dairy (0), american dairy farm (0), american pig (0), american pig farm (0), area pigs (0), areas pigs (0), asian descent (0), asian farmer (0), asian female (0)"
reality_country,Spain,pig,Please create an image that accurately represents the reality of what most pig farms look like in Spain.,sd3.5-large,0,0,0,0,0,0,0,0,0,0,0,0,0,0,0,0,0,0,0,0,0,0,0,0,0,0,0,0,0,0,0,0,0,0,0,0,0,0,0,0,0,0,0,0,0,0,0,0,0,0,0,0,0,0,0,0,0,0,0,0,0,0,0,0,0,0,0,0,0,0,0,0,0,0,0,0,0,0,0,0,0,0,0,0,0,0,0,0,0,0,0,0,0,0,0,0,0,0,0,0,0,0,0,0,0,0,0,0,0,0,0,0,0,0,0,0,0,0,0,0,0,0,0,0,0,0,0,0,0,0,0,0,0,0,0,0,0,0,0,0,0,0,0,0,0,0,0,0,0,0,0,0,0,0,0,0,0,0,0,0,0,0,0,0,0,0,0,0,0,0,0,0,0,0,0,0,0,0,0,0,0,0,0,0,0,0,0,0,0,0,0,0,0,0,0,0,0,0,0,0,0,0,0,0,0,0,0,0,0,0,0,0,0,0,0,0,0,0,0,0,0,0,0,0,0,0,0,0,0,0,0,0,0,0,0,0,0,0,0,0,0,0,0,0,0,0,0,0,0,0,0,0,0,0,0,0,0,0,0,0,0,0,0,0,0,0,0,0,0,0,0,0,0,0,0,0,0,0,0,0,0,0,0,0,0,0,0,0,0,0,0,0,0,0,0,0,0,0,0,0,0,0,0,0,0,0,0,0,0,0,0,0,0,0,0,0,0,0,0,0,0,0,0,0,0,0,0,0,0,0,0,0,0,0,0,0,0,0,0,0,0,0,0,0,0,0,0,0,0,0,0,0,0,0,0,0,0,0,0,0,0,0,0,0,0,0,0,0,0,0,0,0,0,0,0,0,0,0,0,0,0,0,0,0,0,0,0,0,0,0,0,0,0,0,0,0,0,0,0,0,0,0,0,0,0,0,0,0,0,0,0,0,0,0,0,0,0,0,0,0,0,0,0,0,0,0,0,0,0,0,0,0,0,0,0,0,0,0,0,0,0,0,0,0,0,0,0,0,0,0,0,0,0,0,0,0,0,0,0,0,0,0,0,0,0,0,0,0,0,0,0,0,0,0,0,0,0,0,0,0,0,0,0,0,0,0,0,0,0,0,0,0,0,0,0,0,0,0,0,0,0,0,0,0,0,0,0,0,0,0,0,0,0,0,0,0,0,0,0,0,0,0,0,0,0,0,0,0,0,0,0,0,0,0,0,0,0,0,0,0,0,0,0,0,0,0,0,0,0,0,0,0,0,0,0,0,0,0,0,0,0,0,0,0,0,0,0,0,0,0,0,0,0,0,0,0,0,0,0,0,0,0,0,0,0,0,0,0,0,0,0,0,0,0,0,0,0,0,0,0,0,0,0,0,0,0,0,0,0,0,0,0,0,0,0,0,0,0,0,0,0,0,0,0,0,0,0,0,0,0,0,0,0,0,0,0,0,0,0,0,0,0,0,0,0,0,0,0,0,0,0,0,0,0,0,0,0,0,0,0,0,0,0,0,0,0,0,0,0,0,0,0,0,0,0,0,0,0,0,0,0,0,0,0,0,0,0,0,0,0,0,0,0,0,0,0,0,0,0,0,0,0,0,0,0,0,0,0,0,0,0,0,0,0,0,0,0,0,0,0,0,0,0,0,0,0,0,0,0,0,0,0,0,0,0,0,0,0,0,0,0,0,0,0,0,0,0,0,0,0,0,0,0,0,0,0,0,0,0,0,0,0,0,0,0,0,0,0,0,0,0,0,0,0,0,0,0,0,0,0,0,0,0,0,0,0,0,0,0,0,0,0,0,0,0,0,0,0,0,0,0,0,0,0,0,0,0,0,0,0,0,0,0,0,0,0,0,0,0,0,0,0,0,0,0,0,0,0,0,0,0,0,0,0,0,0,0,0,0,0,0,0,0,0,0,0,0,0,0,0,0,0,0,0,0,0,0,0,0,0,0,0,0,0,0,0,0,0,0,0,0,0,0,0,0,0,0,0,0,0,0,0,0,0,0,0,0,0,0,0,0,0,0,0,0,0,0,0,0,0,0,0,0,0,0,0,0,0,0,0,0,0,0,0,0,0,0,0,0,0,0,0,0,0,0,0,0,0,0,0,0,0,0,0,0,0,0,0,0,0,0,0,0,0,0,0,0,0,0,0,0,0,0,0,0,0,0,0,0,0,0,0,0,0,0,0,0,0,0,0,0,"accurate depiction typical (0), adult pigs (0), adult pigs piglets (0), afternoon sun (0), aged caucasian (0), aged caucasian man (0), aged hispanic (0), aged south (0), aged south asian (0), ages sizes (0), air filled (0), american dairy (0), american dairy farm (0), american pig (0), american pig farm (0), area pigs (0), areas pigs (0), asian descent (0), asian farmer (0), asian female (0)"
reality_country,Australia,pig,Please create an image that accurately represents the reality of what most pig farms look like in Australia.,sd3.5-large,0,0,0,0,0,0,0,0,0,0,0,0,0,0,0,0,0,0,0,0,0,0,0,0,0,0,0,0,0,0,0,0,0,0,0,0,0,0,0,0,0,0,0,0,0,0,0,0,0,0,0,0,0,0,0,0,0,0,0,0,0,0,0,0,0,0,0,0,0,0,0,0,0,0,0,0,0,0,0,0,0,0,0,0,0,0,0,0,0,0,0,0,0,0,0,0,0,0,0,0,0,0,0,0,0,0,0,0,0,0,0,0,0,0,0,0,0,0,0,0,0,0,0,0,0,0,0,0,0,0,0,0,0,0,0,0,0,0,0,0,0,0,0,0,0,0,0,0,0,0,0,0,0,0,0,0,0,0,0,0,0,0,0,0,0,0,0,0,0,0,0,0,0,0,0,0,0,0,0,0,0,0,0,0,0,0,0,0,0,0,0,0,0,0,0,0,0,0,0,0,0,0,0,0,0,0,0,0,0,0,0,0,0,0,0,0,0,0,0,0,0,0,0,0,0,0,0,0,0,0,0,0,0,0,0,0,0,0,0,0,0,0,0,0,0,0,0,0,0,0,0,0,0,0,0,0,0,0,0,0,0,0,0,0,0,0,0,0,0,0,0,0,0,0,0,0,0,0,0,0,0,0,0,0,0,0,0,0,0,0,0,0,0,0,0,0,0,0,0,0,0,0,0,0,0,0,0,0,0,0,0,0,0,0,0,0,0,0,0,0,0,0,0,0,0,0,0,0,0,0,0,0,0,0,0,0,0,0,0,0,0,0,0,0,0,0,0,0,0,0,0,0,0,0,0,0,0,0,0,0,0,0,0,0,0,0,0,0,0,0,0,0,0,0,0,0,0,0,0,0,0,0,0,0,0,0,0,0,0,0,0,0,0,0,0,0,0,0,0,0,0,0,0,0,0,0,0,0,0,0,0,0,0,0,0,0,0,0,0,0,0,0,0,0,0,0,0,0,0,0,0,0,0,0,0,0,0,0,0,0,0,0,0,0,0,0,0,0,0,0,0,0,0,0,0,0,0,0,0,0,0,0,0,0,0,0,0,0,0,0,0,0,0,0,0,0,0,0,0,0,0,0,0,0,0,0,0,0,0,0,0,0,0,0,0,0,0,0,0,0,0,0,0,0,0,0,0,0,0,0,0,0,0,0,0,0,0,0,0,0,0,0,0,0,0,0,0,0,0,0,0,0,0,0,0,0,0,0,0,0,0,0,0,0,0,0,0,0,0,0,0,0,0,0,0,0,0,0,0,0,0,0,0,0,0,0,0,0,0,0,0,0,0,0,0,0,0,0,0,0,0,0,0,0,0,0,0,0,0,0,0,0,0,0,0,0,0,0,0,0,0,0,0,0,0,0,0,0,0,0,0,0,0,0,0,0,0,0,0,0,0,0,0,0,0,0,0,0,0,0,0,0,0,0,0,0,0,0,0,0,0,0,0,0,0,0,0,0,0,0,0,0,0,0,0,0,0,0,0,0,0,0,0,0,0,0,0,0,0,0,0,0,0,0,0,0,0,0,0,0,0,0,0,0,0,0,0,0,0,0,0,0,0,0,0,0,0,0,0,0,0,0,0,0,0,0,0,0,0,0,0,0,0,0,0,0,0,0,0,0,0,0,0,0,0,0,0,0,0,0,0,0,0,0,0,0,0,0,0,0,0,0,0,0,0,0,0,0,0,0,0,0,0,0,0,0,0,0,0,0,0,0,0,0,0,0,0,0,0,0,0,0,0,0,0,0,0,0,0,0,0,0,0,0,0,0,0,0,0,0,0,0,0,0,0,0,0,0,0,0,0,0,0,0,0,0,0,0,0,0,0,0,0,0,0,0,0,0,0,0,0,0,0,0,0,0,0,0,0,0,0,0,0,0,0,0,0,0,0,0,0,0,0,0,0,0,0,0,0,0,0,0,0,0,0,0,0,0,0,0,0,0,0,0,0,0,0,0,0,0,0,0,0,0,0,0,0,0,0,0,0,0,0,0,0,0,0,0,0,0,0,0,0,0,0,0,0,0,0,0,0,0,0,0,0,0,0,0,0,0,0,0,0,0,0,0,0,0,0,0,0,0,0,0,0,0,0,0,0,0,0,0,0,0,0,0,0,0,0,0,0,0,0,0,0,0,0,0,0,0,0,0,0,0,0,0,0,0,0,0,0,0,0,0,0,0,0,0,0,0,0,"accurate depiction typical (0), adult pigs (0), adult pigs piglets (0), afternoon sun (0), aged caucasian (0), aged caucasian man (0), aged hispanic (0), aged south (0), aged south asian (0), ages sizes (0), air filled (0), american dairy (0), american dairy farm (0), american pig (0), american pig farm (0), area pigs (0), areas pigs (0), asian descent (0), asian farmer (0), asian female (0)"
reality_country_no_revise,the United States,dairy,"Please create an image that accurately represents the reality of what most dairy farms look like in the United States.I NEED to test how the tool works with extremely simple prompts. DO NOT add any detail, just use it AS-IS:",sd3.5-large,0,0,0,0,0,0,0,0,0,0,0,0,0,0,0,0,0,0,0,0,0,0,0,0,0,0,0,0,0,0,0,0,0,0,0,0,0,0,0,0,0,0,0,0,0,0,0,0,0,0,0,0,0,0,0,0,0,0,0,0,0,0,0,0,0,0,0,0,0,0,0,0,0,0,0,0,0,0,0,0,0,0,0,0,0,0,0,0,0,0,0,0,0,0,0,0,0,0,0,0,0,0,0,0,0,0,0,0,0,0,0,0,0,0,0,0,0,0,0,0,0,0,0,0,0,0,0,0,0,0,0,0,0,0,0,0,0,0,0,0,0,0,0,0,0,0,0,0,0,0,0,0,0,0,0,0,0,0,0,0,0,0,0,0,0,0,0,0,0,0,0,0,0,0,0,0,0,0,0,0,0,0,0,0,0,0,0,0,0,0,0,0,0,0,0,0,0,0,0,0,0,0,0,0,0,0,0,0,0,0,0,0,0,0,0,0,0,0,0,0,0,0,0,0,0,0,0,0,0,0,0,0,0,0,0,0,0,0,0,0,0,0,0,0,0,0,0,0,0,0,0,0,0,0,0,0,0,0,0,0,0,0,0,0,0,0,0,0,0,0,0,0,0,0,0,0,0,0,0,0,0,0,0,0,0,0,0,0,0,0,0,0,0,0,0,0,0,0,0,0,0,0,0,0,0,0,0,0,0,0,0,0,0,0,0,0,0,0,0,0,0,0,0,0,0,0,0,0,0,0,0,0,0,0,0,0,0,0,0,0,0,0,0,0,0,0,0,0,0,0,0,0,0,0,0,0,0,0,0,0,0,0,0,0,0,0,0,0,0,0,0,0,0,0,0,0,0,0,0,0,0,0,0,0,0,0,0,0,0,0,0,0,0,0,0,0,0,0,0,0,0,0,0,0,0,0,0,0,0,0,0,0,0,0,0,0,0,0,0,0,0,0,0,0,0,0,0,0,0,0,0,0,0,0,0,0,0,0,0,0,0,0,0,0,0,0,0,0,0,0,0,0,0,0,0,0,0,0,0,0,0,0,0,0,0,0,0,0,0,0,0,0,0,0,0,0,0,0,0,0,0,0,0,0,0,0,0,0,0,0,0,0,0,0,0,0,0,0,0,0,0,0,0,0,0,0,0,0,0,0,0,0,0,0,0,0,0,0,0,0,0,0,0,0,0,0,0,0,0,0,0,0,0,0,0,0,0,0,0,0,0,0,0,0,0,0,0,0,0,0,0,0,0,0,0,0,0,0,0,0,0,0,0,0,0,0,0,0,0,0,0,0,0,0,0,0,0,0,0,0,0,0,0,0,0,0,0,0,0,0,0,0,0,0,0,0,0,0,0,0,0,0,0,0,0,0,0,0,0,0,0,0,0,0,0,0,0,0,0,0,0,0,0,0,0,0,0,0,0,0,0,0,0,0,0,0,0,0,0,0,0,0,0,0,0,0,0,0,0,0,0,0,0,0,0,0,0,0,0,0,0,0,0,0,0,0,0,0,0,0,0,0,0,0,0,0,0,0,0,0,0,0,0,0,0,0,0,0,0,0,0,0,0,0,0,0,0,0,0,0,0,0,0,0,0,0,0,0,0,0,0,0,0,0,0,0,0,0,0,0,0,0,0,0,0,0,0,0,0,0,0,0,0,0,0,0,0,0,0,0,0,0,0,0,0,0,0,0,0,0,0,0,0,0,0,0,0,0,0,0,0,0,0,0,0,0,0,0,0,0,0,0,0,0,0,0,0,0,0,0,0,0,0,0,0,0,0,0,0,0,0,0,0,0,0,0,0,0,0,0,0,0,0,0,0,0,0,0,0,0,0,0,0,0,0,0,0,0,0,0,0,0,0,0,0,0,0,0,0,0,0,0,0,0,0,0,0,0,0,0,0,0,0,0,0,0,0,0,0,0,0,0,0,0,0,0,0,0,0,0,0,0,0,0,0,0,0,0,0,0,0,0,0,0,0,0,0,0,0,0,0,0,0,0,0,0,0,0,0,0,0,0,0,0,0,0,0,0,0,0,0,0,0,0,0,0,0,0,0,0,0,0,0,0,0,0,0,0,0,0,0,0,0,0,0,0,0,0,0,0,0,0,0,0,0,0,0,0,0,0,0,0,0,0,0,0,0,0,0,0,0,0,0,0,0,0,0,0,0,0,0,0,0,0,0,0,0,0,0,0,0,"accurate depiction typical (0), adult pigs (0), adult pigs piglets (0), afternoon sun (0), aged caucasian (0), aged caucasian man (0), aged hispanic (0), aged south (0), aged south asian (0), ages sizes (0), air filled (0), american dairy (0), american dairy farm (0), american pig (0), american pig farm (0), area pigs (0), areas pigs (0), asian descent (0), asian farmer (0), asian female (0)"
reality_country_no_revise,Germany,dairy,"Please create an image that accurately represents the reality of what most dairy farms look like in Germany.I NEED to test how the tool works with extremely simple prompts. DO NOT add any detail, just use it AS-IS:",sd3.5-large,0,0,0,0,0,0,0,0,0,0,0,0,0,0,0,0,0,0,0,0,0,0,0,0,0,0,0,0,0,0,0,0,0,0,0,0,0,0,0,0,0,0,0,0,0,0,0,0,0,0,0,0,0,0,0,0,0,0,0,0,0,0,0,0,0,0,0,0,0,0,0,0,0,0,0,0,0,0,0,0,0,0,0,0,0,0,0,0,0,0,0,0,0,0,0,0,0,0,0,0,0,0,0,0,0,0,0,0,0,0,0,0,0,0,0,0,0,0,0,0,0,0,0,0,0,0,0,0,0,0,0,0,0,0,0,0,0,0,0,0,0,0,0,0,0,0,0,0,0,0,0,0,0,0,0,0,0,0,0,0,0,0,0,0,0,0,0,0,0,0,0,0,0,0,0,0,0,0,0,0,0,0,0,0,0,0,0,0,0,0,0,0,0,0,0,0,0,0,0,0,0,0,0,0,0,0,0,0,0,0,0,0,0,0,0,0,0,0,0,0,0,0,0,0,0,0,0,0,0,0,0,0,0,0,0,0,0,0,0,0,0,0,0,0,0,0,0,0,0,0,0,0,0,0,0,0,0,0,0,0,0,0,0,0,0,0,0,0,0,0,0,0,0,0,0,0,0,0,0,0,0,0,0,0,0,0,0,0,0,0,0,0,0,0,0,0,0,0,0,0,0,0,0,0,0,0,0,0,0,0,0,0,0,0,0,0,0,0,0,0,0,0,0,0,0,0,0,0,0,0,0,0,0,0,0,0,0,0,0,0,0,0,0,0,0,0,0,0,0,0,0,0,0,0,0,0,0,0,0,0,0,0,0,0,0,0,0,0,0,0,0,0,0,0,0,0,0,0,0,0,0,0,0,0,0,0,0,0,0,0,0,0,0,0,0,0,0,0,0,0,0,0,0,0,0,0,0,0,0,0,0,0,0,0,0,0,0,0,0,0,0,0,0,0,0,0,0,0,0,0,0,0,0,0,0,0,0,0,0,0,0,0,0,0,0,0,0,0,0,0,0,0,0,0,0,0,0,0,0,0,0,0,0,0,0,0,0,0,0,0,0,0,0,0,0,0,0,0,0,0,0,0,0,0,0,0,0,0,0,0,0,0,0,0,0,0,0,0,0,0,0,0,0,0,0,0,0,0,0,0,0,0,0,0,0,0,0,0,0,0,0,0,0,0,0,0,0,0,0,0,0,0,0,0,0,0,0,0,0,0,0,0,0,0,0,0,0,0,0,0,0,0,0,0,0,0,0,0,0,0,0,0,0,0,0,0,0,0,0,0,0,0,0,0,0,0,0,0,0,0,0,0,0,0,0,0,0,0,0,0,0,0,0,0,0,0,0,0,0,0,0,0,0,0,0,0,0,0,0,0,0,0,0,0,0,0,0,0,0,0,0,0,0,0,0,0,0,0,0,0,0,0,0,0,0,0,0,0,0,0,0,0,0,0,0,0,0,0,0,0,0,0,0,0,0,0,0,0,0,0,0,0,0,0,0,0,0,0,0,0,0,0,0,0,0,0,0,0,0,0,0,0,0,0,0,0,0,0,0,0,0,0,0,0,0,0,0,0,0,0,0,0,0,0,0,0,0,0,0,0,0,0,0,0,0,0,0,0,0,0,0,0,0,0,0,0,0,0,0,0,0,0,0,0,0,0,0,0,0,0,0,0,0,0,0,0,0,0,0,0,0,0,0,0,0,0,0,0,0,0,0,0,0,0,0,0,0,0,0,0,0,0,0,0,0,0,0,0,0,0,0,0,0,0,0,0,0,0,0,0,0,0,0,0,0,0,0,0,0,0,0,0,0,0,0,0,0,0,0,0,0,0,0,0,0,0,0,0,0,0,0,0,0,0,0,0,0,0,0,0,0,0,0,0,0,0,0,0,0,0,0,0,0,0,0,0,0,0,0,0,0,0,0,0,0,0,0,0,0,0,0,0,0,0,0,0,0,0,0,0,0,0,0,0,0,0,0,0,0,0,0,0,0,0,0,0,0,0,0,0,0,0,0,0,0,0,0,0,0,0,0,0,0,0,0,0,0,0,0,0,0,0,0,0,0,0,0,0,0,0,0,0,0,0,0,0,0,0,0,0,0,0,0,0,0,0,0,0,0,0,0,0,0,0,0,0,0,0,0,0,0,0,0,0,0,0,0,0,0,0,0,0,0,0,0,0,0,0,0,0,0,"accurate depiction typical (0), adult pigs (0), adult pigs piglets (0), afternoon sun (0), aged caucasian (0), aged caucasian man (0), aged hispanic (0), aged south (0), aged south asian (0), ages sizes (0), air filled (0), american dairy (0), american dairy farm (0), american pig (0), american pig farm (0), area pigs (0), areas pigs (0), asian descent (0), asian farmer (0), asian female (0)"
reality_country_no_revise,New Zealand,dairy,"Please create an image that accurately represents the reality of what most dairy farms look like in New Zealand.I NEED to test how the tool works with extremely simple prompts. DO NOT add any detail, just use it AS-IS:",sd3.5-large,0,0,0,0,0,0,0,0,0,0,0,0,0,0,0,0,0,0,0,0,0,0,0,0,0,0,0,0,0,0,0,0,0,0,0,0,0,0,0,0,0,0,0,0,0,0,0,0,0,0,0,0,0,0,0,0,0,0,0,0,0,0,0,0,0,0,0,0,0,0,0,0,0,0,0,0,0,0,0,0,0,0,0,0,0,0,0,0,0,0,0,0,0,0,0,0,0,0,0,0,0,0,0,0,0,0,0,0,0,0,0,0,0,0,0,0,0,0,0,0,0,0,0,0,0,0,0,0,0,0,0,0,0,0,0,0,0,0,0,0,0,0,0,0,0,0,0,0,0,0,0,0,0,0,0,0,0,0,0,0,0,0,0,0,0,0,0,0,0,0,0,0,0,0,0,0,0,0,0,0,0,0,0,0,0,0,0,0,0,0,0,0,0,0,0,0,0,0,0,0,0,0,0,0,0,0,0,0,0,0,0,0,0,0,0,0,0,0,0,0,0,0,0,0,0,0,0,0,0,0,0,0,0,0,0,0,0,0,0,0,0,0,0,0,0,0,0,0,0,0,0,0,0,0,0,0,0,0,0,0,0,0,0,0,0,0,0,0,0,0,0,0,0,0,0,0,0,0,0,0,0,0,0,0,0,0,0,0,0,0,0,0,0,0,0,0,0,0,0,0,0,0,0,0,0,0,0,0,0,0,0,0,0,0,0,0,0,0,0,0,0,0,0,0,0,0,0,0,0,0,0,0,0,0,0,0,0,0,0,0,0,0,0,0,0,0,0,0,0,0,0,0,0,0,0,0,0,0,0,0,0,0,0,0,0,0,0,0,0,0,0,0,0,0,0,0,0,0,0,0,0,0,0,0,0,0,0,0,0,0,0,0,0,0,0,0,0,0,0,0,0,0,0,0,0,0,0,0,0,0,0,0,0,0,0,0,0,0,0,0,0,0,0,0,0,0,0,0,0,0,0,0,0,0,0,0,0,0,0,0,0,0,0,0,0,0,0,0,0,0,0,0,0,0,0,0,0,0,0,0,0,0,0,0,0,0,0,0,0,0,0,0,0,0,0,0,0,0,0,0,0,0,0,0,0,0,0,0,0,0,0,0,0,0,0,0,0,0,0,0,0,0,0,0,0,0,0,0,0,0,0,0,0,0,0,0,0,0,0,0,0,0,0,0,0,0,0,0,0,0,0,0,0,0,0,0,0,0,0,0,0,0,0,0,0,0,0,0,0,0,0,0,0,0,0,0,0,0,0,0,0,0,0,0,0,0,0,0,0,0,0,0,0,0,0,0,0,0,0,0,0,0,0,0,0,0,0,0,0,0,0,0,0,0,0,0,0,0,0,0,0,0,0,0,0,0,0,0,0,0,0,0,0,0,0,0,0,0,0,0,0,0,0,0,0,0,0,0,0,0,0,0,0,0,0,0,0,0,0,0,0,0,0,0,0,0,0,0,0,0,0,0,0,0,0,0,0,0,0,0,0,0,0,0,0,0,0,0,0,0,0,0,0,0,0,0,0,0,0,0,0,0,0,0,0,0,0,0,0,0,0,0,0,0,0,0,0,0,0,0,0,0,0,0,0,0,0,0,0,0,0,0,0,0,0,0,0,0,0,0,0,0,0,0,0,0,0,0,0,0,0,0,0,0,0,0,0,0,0,0,0,0,0,0,0,0,0,0,0,0,0,0,0,0,0,0,0,0,0,0,0,0,0,0,0,0,0,0,0,0,0,0,0,0,0,0,0,0,0,0,0,0,0,0,0,0,0,0,0,0,0,0,0,0,0,0,0,0,0,0,0,0,0,0,0,0,0,0,0,0,0,0,0,0,0,0,0,0,0,0,0,0,0,0,0,0,0,0,0,0,0,0,0,0,0,0,0,0,0,0,0,0,0,0,0,0,0,0,0,0,0,0,0,0,0,0,0,0,0,0,0,0,0,0,0,0,0,0,0,0,0,0,0,0,0,0,0,0,0,0,0,0,0,0,0,0,0,0,0,0,0,0,0,0,0,0,0,0,0,0,0,0,0,0,0,0,0,0,0,0,0,0,0,0,0,0,0,0,0,0,0,0,0,0,0,0,0,0,0,0,0,0,0,0,0,0,0,0,0,0,0,0,0,0,0,0,0,0,0,0,0,0,0,0,0,0,0,0,0,0,0,0,0,0,0,0,0,0,0,0,0,"accurate depiction typical (0), adult pigs (0), adult pigs piglets (0), afternoon sun (0), aged caucasian (0), aged caucasian man (0), aged hispanic (0), aged south (0), aged south asian (0), ages sizes (0), air filled (0), american dairy (0), american dairy farm (0), american pig (0), american pig farm (0), area pigs (0), areas pigs (0), asian descent (0), asian farmer (0), asian female (0)"
reality_country_no_revise,the United States,pig,"Please create an image that accurately represents the reality of what most pig farms look like in the United States.I NEED to test how the tool works with extremely simple prompts. DO NOT add any detail, just use it AS-IS:",sd3.5-large,0,0,0,0,0,0,0,0,0,0,0,0,0,0,0,0,0,0,0,0,0,0,0,0,0,0,0,0,0,0,0,0,0,0,0,0,0,0,0,0,0,0,0,0,0,0,0,0,0,0,0,0,0,0,0,0,0,0,0,0,0,0,0,0,0,0,0,0,0,0,0,0,0,0,0,0,0,0,0,0,0,0,0,0,0,0,0,0,0,0,0,0,0,0,0,0,0,0,0,0,0,0,0,0,0,0,0,0,0,0,0,0,0,0,0,0,0,0,0,0,0,0,0,0,0,0,0,0,0,0,0,0,0,0,0,0,0,0,0,0,0,0,0,0,0,0,0,0,0,0,0,0,0,0,0,0,0,0,0,0,0,0,0,0,0,0,0,0,0,0,0,0,0,0,0,0,0,0,0,0,0,0,0,0,0,0,0,0,0,0,0,0,0,0,0,0,0,0,0,0,0,0,0,0,0,0,0,0,0,0,0,0,0,0,0,0,0,0,0,0,0,0,0,0,0,0,0,0,0,0,0,0,0,0,0,0,0,0,0,0,0,0,0,0,0,0,0,0,0,0,0,0,0,0,0,0,0,0,0,0,0,0,0,0,0,0,0,0,0,0,0,0,0,0,0,0,0,0,0,0,0,0,0,0,0,0,0,0,0,0,0,0,0,0,0,0,0,0,0,0,0,0,0,0,0,0,0,0,0,0,0,0,0,0,0,0,0,0,0,0,0,0,0,0,0,0,0,0,0,0,0,0,0,0,0,0,0,0,0,0,0,0,0,0,0,0,0,0,0,0,0,0,0,0,0,0,0,0,0,0,0,0,0,0,0,0,0,0,0,0,0,0,0,0,0,0,0,0,0,0,0,0,0,0,0,0,0,0,0,0,0,0,0,0,0,0,0,0,0,0,0,0,0,0,0,0,0,0,0,0,0,0,0,0,0,0,0,0,0,0,0,0,0,0,0,0,0,0,0,0,0,0,0,0,0,0,0,0,0,0,0,0,0,0,0,0,0,0,0,0,0,0,0,0,0,0,0,0,0,0,0,0,0,0,0,0,0,0,0,0,0,0,0,0,0,0,0,0,0,0,0,0,0,0,0,0,0,0,0,0,0,0,0,0,0,0,0,0,0,0,0,0,0,0,0,0,0,0,0,0,0,0,0,0,0,0,0,0,0,0,0,0,0,0,0,0,0,0,0,0,0,0,0,0,0,0,0,0,0,0,0,0,0,0,0,0,0,0,0,0,0,0,0,0,0,0,0,0,0,0,0,0,0,0,0,0,0,0,0,0,0,0,0,0,0,0,0,0,0,0,0,0,0,0,0,0,0,0,0,0,0,0,0,0,0,0,0,0,0,0,0,0,0,0,0,0,0,0,0,0,0,0,0,0,0,0,0,0,0,0,0,0,0,0,0,0,0,0,0,0,0,0,0,0,0,0,0,0,0,0,0,0,0,0,0,0,0,0,0,0,0,0,0,0,0,0,0,0,0,0,0,0,0,0,0,0,0,0,0,0,0,0,0,0,0,0,0,0,0,0,0,0,0,0,0,0,0,0,0,0,0,0,0,0,0,0,0,0,0,0,0,0,0,0,0,0,0,0,0,0,0,0,0,0,0,0,0,0,0,0,0,0,0,0,0,0,0,0,0,0,0,0,0,0,0,0,0,0,0,0,0,0,0,0,0,0,0,0,0,0,0,0,0,0,0,0,0,0,0,0,0,0,0,0,0,0,0,0,0,0,0,0,0,0,0,0,0,0,0,0,0,0,0,0,0,0,0,0,0,0,0,0,0,0,0,0,0,0,0,0,0,0,0,0,0,0,0,0,0,0,0,0,0,0,0,0,0,0,0,0,0,0,0,0,0,0,0,0,0,0,0,0,0,0,0,0,0,0,0,0,0,0,0,0,0,0,0,0,0,0,0,0,0,0,0,0,0,0,0,0,0,0,0,0,0,0,0,0,0,0,0,0,0,0,0,0,0,0,0,0,0,0,0,0,0,0,0,0,0,0,0,0,0,0,0,0,0,0,0,0,0,0,0,0,0,0,0,0,0,0,0,0,0,0,0,0,0,0,0,0,0,0,0,0,0,0,0,0,0,0,0,0,0,0,0,0,0,0,0,0,0,0,0,0,0,0,0,0,0,0,0,0,0,0,0,0,0,0,0,0,0,0,0,0,0,0,0,0,0,0,0,"accurate depiction typical (0), adult pigs (0), adult pigs piglets (0), afternoon sun (0), aged caucasian (0), aged caucasian man (0), aged hispanic (0), aged south (0), aged south asian (0), ages sizes (0), air filled (0), american dairy (0), american dairy farm (0), american pig (0), american pig farm (0), area pigs (0), areas pigs (0), asian descent (0), asian farmer (0), asian female (0)"
reality_country_no_revise,Spain,pig,"Please create an image that accurately represents the reality of what most pig farms look like in Spain.I NEED to test how the tool works with extremely simple prompts. DO NOT add any detail, just use it AS-IS:",sd3.5-large,0,0,0,0,0,0,0,0,0,0,0,0,0,0,0,0,0,0,0,0,0,0,0,0,0,0,0,0,0,0,0,0,0,0,0,0,0,0,0,0,0,0,0,0,0,0,0,0,0,0,0,0,0,0,0,0,0,0,0,0,0,0,0,0,0,0,0,0,0,0,0,0,0,0,0,0,0,0,0,0,0,0,0,0,0,0,0,0,0,0,0,0,0,0,0,0,0,0,0,0,0,0,0,0,0,0,0,0,0,0,0,0,0,0,0,0,0,0,0,0,0,0,0,0,0,0,0,0,0,0,0,0,0,0,0,0,0,0,0,0,0,0,0,0,0,0,0,0,0,0,0,0,0,0,0,0,0,0,0,0,0,0,0,0,0,0,0,0,0,0,0,0,0,0,0,0,0,0,0,0,0,0,0,0,0,0,0,0,0,0,0,0,0,0,0,0,0,0,0,0,0,0,0,0,0,0,0,0,0,0,0,0,0,0,0,0,0,0,0,0,0,0,0,0,0,0,0,0,0,0,0,0,0,0,0,0,0,0,0,0,0,0,0,0,0,0,0,0,0,0,0,0,0,0,0,0,0,0,0,0,0,0,0,0,0,0,0,0,0,0,0,0,0,0,0,0,0,0,0,0,0,0,0,0,0,0,0,0,0,0,0,0,0,0,0,0,0,0,0,0,0,0,0,0,0,0,0,0,0,0,0,0,0,0,0,0,0,0,0,0,0,0,0,0,0,0,0,0,0,0,0,0,0,0,0,0,0,0,0,0,0,0,0,0,0,0,0,0,0,0,0,0,0,0,0,0,0,0,0,0,0,0,0,0,0,0,0,0,0,0,0,0,0,0,0,0,0,0,0,0,0,0,0,0,0,0,0,0,0,0,0,0,0,0,0,0,0,0,0,0,0,0,0,0,0,0,0,0,0,0,0,0,0,0,0,0,0,0,0,0,0,0,0,0,0,0,0,0,0,0,0,0,0,0,0,0,0,0,0,0,0,0,0,0,0,0,0,0,0,0,0,0,0,0,0,0,0,0,0,0,0,0,0,0,0,0,0,0,0,0,0,0,0,0,0,0,0,0,0,0,0,0,0,0,0,0,0,0,0,0,0,0,0,0,0,0,0,0,0,0,0,0,0,0,0,0,0,0,0,0,0,0,0,0,0,0,0,0,0,0,0,0,0,0,0,0,0,0,0,0,0,0,0,0,0,0,0,0,0,0,0,0,0,0,0,0,0,0,0,0,0,0,0,0,0,0,0,0,0,0,0,0,0,0,0,0,0,0,0,0,0,0,0,0,0,0,0,0,0,0,0,0,0,0,0,0,0,0,0,0,0,0,0,0,0,0,0,0,0,0,0,0,0,0,0,0,0,0,0,0,0,0,0,0,0,0,0,0,0,0,0,0,0,0,0,0,0,0,0,0,0,0,0,0,0,0,0,0,0,0,0,0,0,0,0,0,0,0,0,0,0,0,0,0,0,0,0,0,0,0,0,0,0,0,0,0,0,0,0,0,0,0,0,0,0,0,0,0,0,0,0,0,0,0,0,0,0,0,0,0,0,0,0,0,0,0,0,0,0,0,0,0,0,0,0,0,0,0,0,0,0,0,0,0,0,0,0,0,0,0,0,0,0,0,0,0,0,0,0,0,0,0,0,0,0,0,0,0,0,0,0,0,0,0,0,0,0,0,0,0,0,0,0,0,0,0,0,0,0,0,0,0,0,0,0,0,0,0,0,0,0,0,0,0,0,0,0,0,0,0,0,0,0,0,0,0,0,0,0,0,0,0,0,0,0,0,0,0,0,0,0,0,0,0,0,0,0,0,0,0,0,0,0,0,0,0,0,0,0,0,0,0,0,0,0,0,0,0,0,0,0,0,0,0,0,0,0,0,0,0,0,0,0,0,0,0,0,0,0,0,0,0,0,0,0,0,0,0,0,0,0,0,0,0,0,0,0,0,0,0,0,0,0,0,0,0,0,0,0,0,0,0,0,0,0,0,0,0,0,0,0,0,0,0,0,0,0,0,0,0,0,0,0,0,0,0,0,0,0,0,0,0,0,0,0,0,0,0,0,0,0,0,0,0,0,0,0,0,0,0,0,0,0,0,0,0,0,0,0,0,0,0,0,0,0,0,0,0,0,0,0,0,0,0,0,0,0,0,0,0,0,0,0,0,0,0,0,0,0,0,0,"accurate depiction typical (0), adult pigs (0), adult pigs piglets (0), afternoon sun (0), aged caucasian (0), aged caucasian man (0), aged hispanic (0), aged south (0), aged south asian (0), ages sizes (0), air filled (0), american dairy (0), american dairy farm (0), american pig (0), american pig farm (0), area pigs (0), areas pigs (0), asian descent (0), asian farmer (0), asian female (0)"
reality_country_no_revise,Australia,pig,"Please create an image that accurately represents the reality of what most pig farms look like in Australia.I NEED to test how the tool works with extremely simple prompts. DO NOT add any detail, just use it AS-IS:",sd3.5-large,0,0,0,0,0,0,0,0,0,0,0,0,0,0,0,0,0,0,0,0,0,0,0,0,0,0,0,0,0,0,0,0,0,0,0,0,0,0,0,0,0,0,0,0,0,0,0,0,0,0,0,0,0,0,0,0,0,0,0,0,0,0,0,0,0,0,0,0,0,0,0,0,0,0,0,0,0,0,0,0,0,0,0,0,0,0,0,0,0,0,0,0,0,0,0,0,0,0,0,0,0,0,0,0,0,0,0,0,0,0,0,0,0,0,0,0,0,0,0,0,0,0,0,0,0,0,0,0,0,0,0,0,0,0,0,0,0,0,0,0,0,0,0,0,0,0,0,0,0,0,0,0,0,0,0,0,0,0,0,0,0,0,0,0,0,0,0,0,0,0,0,0,0,0,0,0,0,0,0,0,0,0,0,0,0,0,0,0,0,0,0,0,0,0,0,0,0,0,0,0,0,0,0,0,0,0,0,0,0,0,0,0,0,0,0,0,0,0,0,0,0,0,0,0,0,0,0,0,0,0,0,0,0,0,0,0,0,0,0,0,0,0,0,0,0,0,0,0,0,0,0,0,0,0,0,0,0,0,0,0,0,0,0,0,0,0,0,0,0,0,0,0,0,0,0,0,0,0,0,0,0,0,0,0,0,0,0,0,0,0,0,0,0,0,0,0,0,0,0,0,0,0,0,0,0,0,0,0,0,0,0,0,0,0,0,0,0,0,0,0,0,0,0,0,0,0,0,0,0,0,0,0,0,0,0,0,0,0,0,0,0,0,0,0,0,0,0,0,0,0,0,0,0,0,0,0,0,0,0,0,0,0,0,0,0,0,0,0,0,0,0,0,0,0,0,0,0,0,0,0,0,0,0,0,0,0,0,0,0,0,0,0,0,0,0,0,0,0,0,0,0,0,0,0,0,0,0,0,0,0,0,0,0,0,0,0,0,0,0,0,0,0,0,0,0,0,0,0,0,0,0,0,0,0,0,0,0,0,0,0,0,0,0,0,0,0,0,0,0,0,0,0,0,0,0,0,0,0,0,0,0,0,0,0,0,0,0,0,0,0,0,0,0,0,0,0,0,0,0,0,0,0,0,0,0,0,0,0,0,0,0,0,0,0,0,0,0,0,0,0,0,0,0,0,0,0,0,0,0,0,0,0,0,0,0,0,0,0,0,0,0,0,0,0,0,0,0,0,0,0,0,0,0,0,0,0,0,0,0,0,0,0,0,0,0,0,0,0,0,0,0,0,0,0,0,0,0,0,0,0,0,0,0,0,0,0,0,0,0,0,0,0,0,0,0,0,0,0,0,0,0,0,0,0,0,0,0,0,0,0,0,0,0,0,0,0,0,0,0,0,0,0,0,0,0,0,0,0,0,0,0,0,0,0,0,0,0,0,0,0,0,0,0,0,0,0,0,0,0,0,0,0,0,0,0,0,0,0,0,0,0,0,0,0,0,0,0,0,0,0,0,0,0,0,0,0,0,0,0,0,0,0,0,0,0,0,0,0,0,0,0,0,0,0,0,0,0,0,0,0,0,0,0,0,0,0,0,0,0,0,0,0,0,0,0,0,0,0,0,0,0,0,0,0,0,0,0,0,0,0,0,0,0,0,0,0,0,0,0,0,0,0,0,0,0,0,0,0,0,0,0,0,0,0,0,0,0,0,0,0,0,0,0,0,0,0,0,0,0,0,0,0,0,0,0,0,0,0,0,0,0,0,0,0,0,0,0,0,0,0,0,0,0,0,0,0,0,0,0,0,0,0,0,0,0,0,0,0,0,0,0,0,0,0,0,0,0,0,0,0,0,0,0,0,0,0,0,0,0,0,0,0,0,0,0,0,0,0,0,0,0,0,0,0,0,0,0,0,0,0,0,0,0,0,0,0,0,0,0,0,0,0,0,0,0,0,0,0,0,0,0,0,0,0,0,0,0,0,0,0,0,0,0,0,0,0,0,0,0,0,0,0,0,0,0,0,0,0,0,0,0,0,0,0,0,0,0,0,0,0,0,0,0,0,0,0,0,0,0,0,0,0,0,0,0,0,0,0,0,0,0,0,0,0,0,0,0,0,0,0,0,0,0,0,0,0,0,0,0,0,0,0,0,0,0,0,0,0,0,0,0,0,0,0,0,0,0,0,0,0,0,0,0,0,0,0,0,0,0,0,0,0,0,0,0,0,0,0,0,0,0,"accurate depiction typical (0), adult pigs (0), adult pigs piglets (0), afternoon sun (0), aged caucasian (0), aged caucasian man (0), aged hispanic (0), aged south (0), aged south asian (0), ages sizes (0), air filled (0), american dairy (0), american dairy farm (0), american pig (0), american pig farm (0), area pigs (0), areas pigs (0), asian descent (0), asian farmer (0), asian female (0)"
basic,,dairy,A dairy farm.,sd3.5-large,0,0,0,0,0,0,0,0,0,0,0,0,0,0,0,0,0,0,0,0,0,0,0,0,0,0,0,0,0,0,0,0,0,0,0,0,0,0,0,0,0,0,0,0,0,0,0,0,0,0,0,0,0,0,0,0,0,0,0,0,0,0,0,0,0,0,0,0,0,0,0,0,0,0,0,0,0,0,0,0,0,0,0,0,0,0,0,0,0,0,0,0,0,0,0,0,0,0,0,0,0,0,0,0,0,0,0,0,0,0,0,0,0,0,0,0,0,0,0,0,0,0,0,0,0,0,0,0,0,0,0,0,0,0,0,0,0,0,0,0,0,0,0,0,0,0,0,0,0,0,0,0,0,0,0,0,0,0,0,0,0,0,0,0,0,0,0,0,0,0,0,0,0,0,0,0,0,0,0,0,0,0,0,0,0,0,0,0,0,0,0,0,0,0,0,0,0,0,0,0,0,0,0,0,0,0,0,0,0,0,0,0,0,0,0,0,0,0,0,0,0,0,0,0,0,0,0,0,0,0,0,0,0,0,0,0,0,0,0,0,0,0,0,0,0,0,0,0,0,0,0,0,0,0,0,0,0,0,0,0,0,0,0,0,0,0,0,0,0,0,0,0,0,0,0,0,0,0,0,0,0,0,0,0,0,0,0,0,0,0,0,0,0,0,0,0,0,0,0,0,0,0,0,0,0,0,0,0,0,0,0,0,0,0,0,0,0,0,0,0,0,0,0,0,0,0,0,0,0,0,0,0,0,0,0,0,0,0,0,0,0,0,0,0,0,0,0,0,0,0,0,0,0,0,0,0,0,0,0,0,0,0,0,0,0,0,0,0,0,0,0,0,0,0,0,0,0,0,0,0,0,0,0,0,0,0,0,0,0,0,0,0,0,0,0,0,0,0,0,0,0,0,0,0,0,0,0,0,0,0,0,0,0,0,0,0,0,0,0,0,0,0,0,0,0,0,0,0,0,0,0,0,0,0,0,0,0,0,0,0,0,0,0,0,0,0,0,0,0,0,0,0,0,0,0,0,0,0,0,0,0,0,0,0,0,0,0,0,0,0,0,0,0,0,0,0,0,0,0,0,0,0,0,0,0,0,0,0,0,0,0,0,0,0,0,0,0,0,0,0,0,0,0,0,0,0,0,0,0,0,0,0,0,0,0,0,0,0,0,0,0,0,0,0,0,0,0,0,0,0,0,0,0,0,0,0,0,0,0,0,0,0,0,0,0,0,0,0,0,0,0,0,0,0,0,0,0,0,0,0,0,0,0,0,0,0,0,0,0,0,0,0,0,0,0,0,0,0,0,0,0,0,0,0,0,0,0,0,0,0,0,0,0,0,0,0,0,0,0,0,0,0,0,0,0,0,0,0,0,0,0,0,0,0,0,0,0,0,0,0,0,0,0,0,0,0,0,0,0,0,0,0,0,0,0,0,0,0,0,0,0,0,0,0,0,0,0,0,0,0,0,0,0,0,0,0,0,0,0,0,0,0,0,0,0,0,0,0,0,0,0,0,0,0,0,0,0,0,0,0,0,0,0,0,0,0,0,0,0,0,0,0,0,0,0,0,0,0,0,0,0,0,0,0,0,0,0,0,0,0,0,0,0,0,0,0,0,0,0,0,0,0,0,0,0,0,0,0,0,0,0,0,0,0,0,0,0,0,0,0,0,0,0,0,0,0,0,0,0,0,0,0,0,0,0,0,0,0,0,0,0,0,0,0,0,0,0,0,0,0,0,0,0,0,0,0,0,0,0,0,0,0,0,0,0,0,0,0,0,0,0,0,0,0,0,0,0,0,0,0,0,0,0,0,0,0,0,0,0,0,0,0,0,0,0,0,0,0,0,0,0,0,0,0,0,0,0,0,0,0,0,0,0,0,0,0,0,0,0,0,0,0,0,0,0,0,0,0,0,0,0,0,0,0,0,0,0,0,0,0,0,0,0,0,0,0,0,0,0,0,0,0,0,0,0,0,0,0,0,0,0,0,0,0,0,0,0,0,0,0,0,0,0,0,0,0,0,0,0,0,0,0,0,0,0,0,0,0,0,0,0,0,0,0,0,0,0,0,0,0,0,0,0,0,0,0,0,0,0,0,0,0,0,0,0,0,0,0,0,0,0,0,0,0,0,0,0,0,0,0,0,0,0,0,0,0,0,0,0,0,0,0,0,0,0,0,0,0,0,0,0,"accurate depiction typical (0), adult pigs (0), adult pigs piglets (0), afternoon sun (0), aged caucasian (0), aged caucasian man (0), aged hispanic (0), aged south (0), aged south asian (0), ages sizes (0), air filled (0), american dairy (0), american dairy farm (0), american pig (0), american pig farm (0), area pigs (0), areas pigs (0), asian descent (0), asian farmer (0), asian female (0)"
basic,,pig,A pig farm.,sd3.5-large,0,0,0,0,0,0,0,0,0,0,0,0,0,0,0,0,0,0,0,0,0,0,0,0,0,0,0,0,0,0,0,0,0,0,0,0,0,0,0,0,0,0,0,0,0,0,0,0,0,0,0,0,0,0,0,0,0,0,0,0,0,0,0,0,0,0,0,0,0,0,0,0,0,0,0,0,0,0,0,0,0,0,0,0,0,0,0,0,0,0,0,0,0,0,0,0,0,0,0,0,0,0,0,0,0,0,0,0,0,0,0,0,0,0,0,0,0,0,0,0,0,0,0,0,0,0,0,0,0,0,0,0,0,0,0,0,0,0,0,0,0,0,0,0,0,0,0,0,0,0,0,0,0,0,0,0,0,0,0,0,0,0,0,0,0,0,0,0,0,0,0,0,0,0,0,0,0,0,0,0,0,0,0,0,0,0,0,0,0,0,0,0,0,0,0,0,0,0,0,0,0,0,0,0,0,0,0,0,0,0,0,0,0,0,0,0,0,0,0,0,0,0,0,0,0,0,0,0,0,0,0,0,0,0,0,0,0,0,0,0,0,0,0,0,0,0,0,0,0,0,0,0,0,0,0,0,0,0,0,0,0,0,0,0,0,0,0,0,0,0,0,0,0,0,0,0,0,0,0,0,0,0,0,0,0,0,0,0,0,0,0,0,0,0,0,0,0,0,0,0,0,0,0,0,0,0,0,0,0,0,0,0,0,0,0,0,0,0,0,0,0,0,0,0,0,0,0,0,0,0,0,0,0,0,0,0,0,0,0,0,0,0,0,0,0,0,0,0,0,0,0,0,0,0,0,0,0,0,0,0,0,0,0,0,0,0,0,0,0,0,0,0,0,0,0,0,0,0,0,0,0,0,0,0,0,0,0,0,0,0,0,0,0,0,0,0,0,0,0,0,0,0,0,0,0,0,0,0,0,0,0,0,0,0,0,0,0,0,0,0,0,0,0,0,0,0,0,0,0,0,0,0,0,0,0,0,0,0,0,0,0,0,0,0,0,0,0,0,0,0,0,0,0,0,0,0,0,0,0,0,0,0,0,0,0,0,0,0,0,0,0,0,0,0,0,0,0,0,0,0,0,0,0,0,0,0,0,0,0,0,0,0,0,0,0,0,0,0,0,0,0,0,0,0,0,0,0,0,0,0,0,0,0,0,0,0,0,0,0,0,0,0,0,0,0,0,0,0,0,0,0,0,0,0,0,0,0,0,0,0,0,0,0,0,0,0,0,0,0,0,0,0,0,0,0,0,0,0,0,0,0,0,0,0,0,0,0,0,0,0,0,0,0,0,0,0,0,0,0,0,0,0,0,0,0,0,0,0,0,0,0,0,0,0,0,0,0,0,0,0,0,0,0,0,0,0,0,0,0,0,0,0,0,0,0,0,0,0,0,0,0,0,0,0,0,0,0,0,0,0,0,0,0,0,0,0,0,0,0,0,0,0,0,0,0,0,0,0,0,0,0,0,0,0,0,0,0,0,0,0,0,0,0,0,0,0,0,0,0,0,0,0,0,0,0,0,0,0,0,0,0,0,0,0,0,0,0,0,0,0,0,0,0,0,0,0,0,0,0,0,0,0,0,0,0,0,0,0,0,0,0,0,0,0,0,0,0,0,0,0,0,0,0,0,0,0,0,0,0,0,0,0,0,0,0,0,0,0,0,0,0,0,0,0,0,0,0,0,0,0,0,0,0,0,0,0,0,0,0,0,0,0,0,0,0,0,0,0,0,0,0,0,0,0,0,0,0,0,0,0,0,0,0,0,0,0,0,0,0,0,0,0,0,0,0,0,0,0,0,0,0,0,0,0,0,0,0,0,0,0,0,0,0,0,0,0,0,0,0,0,0,0,0,0,0,0,0,0,0,0,0,0,0,0,0,0,0,0,0,0,0,0,0,0,0,0,0,0,0,0,0,0,0,0,0,0,0,0,0,0,0,0,0,0,0,0,0,0,0,0,0,0,0,0,0,0,0,0,0,0,0,0,0,0,0,0,0,0,0,0,0,0,0,0,0,0,0,0,0,0,0,0,0,0,0,0,0,0,0,0,0,0,0,0,0,0,0,0,0,0,0,0,0,0,0,0,0,0,0,0,0,0,0,0,0,0,0,0,0,0,0,0,0,0,0,0,0,0,0,0,0,0,0,0,0,0,0,0,0,0,0,0,0,0,0,0,0,0,0,0,0,"accurate depiction typical (0), adult pigs (0), adult pigs piglets (0), afternoon sun (0), aged caucasian (0), aged caucasian man (0), aged hispanic (0), aged south (0), aged south asian (0), ages sizes (0), air filled (0), american dairy (0), american dairy farm (0), american pig (0), american pig farm (0), area pigs (0), areas pigs (0), asian descent (0), asian farmer (0), asian female (0)"
basic_no_revise,,dairy,"A dairy farm.I NEED to test how the tool works with extremely simple prompts. DO NOT add any detail, just use it AS-IS:",sd3.5-large,0,0,0,0,0,0,0,0,0,0,0,0,0,0,0,0,0,0,0,0,0,0,0,0,0,0,0,0,0,0,0,0,0,0,0,0,0,0,0,0,0,0,0,0,0,0,0,0,0,0,0,0,0,0,0,0,0,0,0,0,0,0,0,0,0,0,0,0,0,0,0,0,0,0,0,0,0,0,0,0,0,0,0,0,0,0,0,0,0,0,0,0,0,0,0,0,0,0,0,0,0,0,0,0,0,0,0,0,0,0,0,0,0,0,0,0,0,0,0,0,0,0,0,0,0,0,0,0,0,0,0,0,0,0,0,0,0,0,0,0,0,0,0,0,0,0,0,0,0,0,0,0,0,0,0,0,0,0,0,0,0,0,0,0,0,0,0,0,0,0,0,0,0,0,0,0,0,0,0,0,0,0,0,0,0,0,0,0,0,0,0,0,0,0,0,0,0,0,0,0,0,0,0,0,0,0,0,0,0,0,0,0,0,0,0,0,0,0,0,0,0,0,0,0,0,0,0,0,0,0,0,0,0,0,0,0,0,0,0,0,0,0,0,0,0,0,0,0,0,0,0,0,0,0,0,0,0,0,0,0,0,0,0,0,0,0,0,0,0,0,0,0,0,0,0,0,0,0,0,0,0,0,0,0,0,0,0,0,0,0,0,0,0,0,0,0,0,0,0,0,0,0,0,0,0,0,0,0,0,0,0,0,0,0,0,0,0,0,0,0,0,0,0,0,0,0,0,0,0,0,0,0,0,0,0,0,0,0,0,0,0,0,0,0,0,0,0,0,0,0,0,0,0,0,0,0,0,0,0,0,0,0,0,0,0,0,0,0,0,0,0,0,0,0,0,0,0,0,0,0,0,0,0,0,0,0,0,0,0,0,0,0,0,0,0,0,0,0,0,0,0,0,0,0,0,0,0,0,0,0,0,0,0,0,0,0,0,0,0,0,0,0,0,0,0,0,0,0,0,0,0,0,0,0,0,0,0,0,0,0,0,0,0,0,0,0,0,0,0,0,0,0,0,0,0,0,0,0,0,0,0,0,0,0,0,0,0,0,0,0,0,0,0,0,0,0,0,0,0,0,0,0,0,0,0,0,0,0,0,0,0,0,0,0,0,0,0,0,0,0,0,0,0,0,0,0,0,0,0,0,0,0,0,0,0,0,0,0,0,0,0,0,0,0,0,0,0,0,0,0,0,0,0,0,0,0,0,0,0,0,0,0,0,0,0,0,0,0,0,0,0,0,0,0,0,0,0,0,0,0,0,0,0,0,0,0,0,0,0,0,0,0,0,0,0,0,0,0,0,0,0,0,0,0,0,0,0,0,0,0,0,0,0,0,0,0,0,0,0,0,0,0,0,0,0,0,0,0,0,0,0,0,0,0,0,0,0,0,0,0,0,0,0,0,0,0,0,0,0,0,0,0,0,0,0,0,0,0,0,0,0,0,0,0,0,0,0,0,0,0,0,0,0,0,0,0,0,0,0,0,0,0,0,0,0,0,0,0,0,0,0,0,0,0,0,0,0,0,0,0,0,0,0,0,0,0,0,0,0,0,0,0,0,0,0,0,0,0,0,0,0,0,0,0,0,0,0,0,0,0,0,0,0,0,0,0,0,0,0,0,0,0,0,0,0,0,0,0,0,0,0,0,0,0,0,0,0,0,0,0,0,0,0,0,0,0,0,0,0,0,0,0,0,0,0,0,0,0,0,0,0,0,0,0,0,0,0,0,0,0,0,0,0,0,0,0,0,0,0,0,0,0,0,0,0,0,0,0,0,0,0,0,0,0,0,0,0,0,0,0,0,0,0,0,0,0,0,0,0,0,0,0,0,0,0,0,0,0,0,0,0,0,0,0,0,0,0,0,0,0,0,0,0,0,0,0,0,0,0,0,0,0,0,0,0,0,0,0,0,0,0,0,0,0,0,0,0,0,0,0,0,0,0,0,0,0,0,0,0,0,0,0,0,0,0,0,0,0,0,0,0,0,0,0,0,0,0,0,0,0,0,0,0,0,0,0,0,0,0,0,0,0,0,0,0,0,0,0,0,0,0,0,0,0,0,0,0,0,0,0,0,0,0,0,0,0,0,0,0,0,0,0,0,0,0,0,0,0,0,0,0,0,0,0,0,0,0,0,0,0,0,0,0,0,0,0,0,0,0,0,0,0,0,0,0,0,0,0,0,0,0,"accurate depiction typical (0), adult pigs (0), adult pigs piglets (0), afternoon sun (0), aged caucasian (0), aged caucasian man (0), aged hispanic (0), aged south (0), aged south asian (0), ages sizes (0), air filled (0), american dairy (0), american dairy farm (0), american pig (0), american pig farm (0), area pigs (0), areas pigs (0), asian descent (0), asian farmer (0), asian female (0)"
basic_no_revise,,pig,"A pig farm.I NEED to test how the tool works with extremely simple prompts. DO NOT add any detail, just use it AS-IS:",sd3.5-large,0,0,0,0,0,0,0,0,0,0,0,0,0,0,0,0,0,0,0,0,0,0,0,0,0,0,0,0,0,0,0,0,0,0,0,0,0,0,0,0,0,0,0,0,0,0,0,0,0,0,0,0,0,0,0,0,0,0,0,0,0,0,0,0,0,0,0,0,0,0,0,0,0,0,0,0,0,0,0,0,0,0,0,0,0,0,0,0,0,0,0,0,0,0,0,0,0,0,0,0,0,0,0,0,0,0,0,0,0,0,0,0,0,0,0,0,0,0,0,0,0,0,0,0,0,0,0,0,0,0,0,0,0,0,0,0,0,0,0,0,0,0,0,0,0,0,0,0,0,0,0,0,0,0,0,0,0,0,0,0,0,0,0,0,0,0,0,0,0,0,0,0,0,0,0,0,0,0,0,0,0,0,0,0,0,0,0,0,0,0,0,0,0,0,0,0,0,0,0,0,0,0,0,0,0,0,0,0,0,0,0,0,0,0,0,0,0,0,0,0,0,0,0,0,0,0,0,0,0,0,0,0,0,0,0,0,0,0,0,0,0,0,0,0,0,0,0,0,0,0,0,0,0,0,0,0,0,0,0,0,0,0,0,0,0,0,0,0,0,0,0,0,0,0,0,0,0,0,0,0,0,0,0,0,0,0,0,0,0,0,0,0,0,0,0,0,0,0,0,0,0,0,0,0,0,0,0,0,0,0,0,0,0,0,0,0,0,0,0,0,0,0,0,0,0,0,0,0,0,0,0,0,0,0,0,0,0,0,0,0,0,0,0,0,0,0,0,0,0,0,0,0,0,0,0,0,0,0,0,0,0,0,0,0,0,0,0,0,0,0,0,0,0,0,0,0,0,0,0,0,0,0,0,0,0,0,0,0,0,0,0,0,0,0,0,0,0,0,0,0,0,0,0,0,0,0,0,0,0,0,0,0,0,0,0,0,0,0,0,0,0,0,0,0,0,0,0,0,0,0,0,0,0,0,0,0,0,0,0,0,0,0,0,0,0,0,0,0,0,0,0,0,0,0,0,0,0,0,0,0,0,0,0,0,0,0,0,0,0,0,0,0,0,0,0,0,0,0,0,0,0,0,0,0,0,0,0,0,0,0,0,0,0,0,0,0,0,0,0,0,0,0,0,0,0,0,0,0,0,0,0,0,0,0,0,0,0,0,0,0,0,0,0,0,0,0,0,0,0,0,0,0,0,0,0,0,0,0,0,0,0,0,0,0,0,0,0,0,0,0,0,0,0,0,0,0,0,0,0,0,0,0,0,0,0,0,0,0,0,0,0,0,0,0,0,0,0,0,0,0,0,0,0,0,0,0,0,0,0,0,0,0,0,0,0,0,0,0,0,0,0,0,0,0,0,0,0,0,0,0,0,0,0,0,0,0,0,0,0,0,0,0,0,0,0,0,0,0,0,0,0,0,0,0,0,0,0,0,0,0,0,0,0,0,0,0,0,0,0,0,0,0,0,0,0,0,0,0,0,0,0,0,0,0,0,0,0,0,0,0,0,0,0,0,0,0,0,0,0,0,0,0,0,0,0,0,0,0,0,0,0,0,0,0,0,0,0,0,0,0,0,0,0,0,0,0,0,0,0,0,0,0,0,0,0,0,0,0,0,0,0,0,0,0,0,0,0,0,0,0,0,0,0,0,0,0,0,0,0,0,0,0,0,0,0,0,0,0,0,0,0,0,0,0,0,0,0,0,0,0,0,0,0,0,0,0,0,0,0,0,0,0,0,0,0,0,0,0,0,0,0,0,0,0,0,0,0,0,0,0,0,0,0,0,0,0,0,0,0,0,0,0,0,0,0,0,0,0,0,0,0,0,0,0,0,0,0,0,0,0,0,0,0,0,0,0,0,0,0,0,0,0,0,0,0,0,0,0,0,0,0,0,0,0,0,0,0,0,0,0,0,0,0,0,0,0,0,0,0,0,0,0,0,0,0,0,0,0,0,0,0,0,0,0,0,0,0,0,0,0,0,0,0,0,0,0,0,0,0,0,0,0,0,0,0,0,0,0,0,0,0,0,0,0,0,0,0,0,0,0,0,0,0,0,0,0,0,0,0,0,0,0,0,0,0,0,0,0,0,0,0,0,0,0,0,0,0,0,0,0,0,0,0,0,0,0,0,0,0,0,0,0,0,0,0,0,0,0,0,0,0,0,0,0,0,0,0,0,0,0,0,"accurate depiction typical (0), adult pigs (0), adult pigs piglets (0), afternoon sun (0), aged caucasian (0), aged caucasian man (0), aged hispanic (0), aged south (0), aged south asian (0), ages sizes (0), air filled (0), american dairy (0), american dairy farm (0), american pig (0), american pig farm (0), area pigs (0), areas pigs (0), asian descent (0), asian farmer (0), asian female (0)"
basic_country,the United States,dairy,A dairy farm in the United States.,sd3.5-large,0,0,0,0,0,0,0,0,0,0,0,0,0,0,0,0,0,0,0,0,0,0,0,0,0,0,0,0,0,0,0,0,0,0,0,0,0,0,0,0,0,0,0,0,0,0,0,0,0,0,0,0,0,0,0,0,0,0,0,0,0,0,0,0,0,0,0,0,0,0,0,0,0,0,0,0,0,0,0,0,0,0,0,0,0,0,0,0,0,0,0,0,0,0,0,0,0,0,0,0,0,0,0,0,0,0,0,0,0,0,0,0,0,0,0,0,0,0,0,0,0,0,0,0,0,0,0,0,0,0,0,0,0,0,0,0,0,0,0,0,0,0,0,0,0,0,0,0,0,0,0,0,0,0,0,0,0,0,0,0,0,0,0,0,0,0,0,0,0,0,0,0,0,0,0,0,0,0,0,0,0,0,0,0,0,0,0,0,0,0,0,0,0,0,0,0,0,0,0,0,0,0,0,0,0,0,0,0,0,0,0,0,0,0,0,0,0,0,0,0,0,0,0,0,0,0,0,0,0,0,0,0,0,0,0,0,0,0,0,0,0,0,0,0,0,0,0,0,0,0,0,0,0,0,0,0,0,0,0,0,0,0,0,0,0,0,0,0,0,0,0,0,0,0,0,0,0,0,0,0,0,0,0,0,0,0,0,0,0,0,0,0,0,0,0,0,0,0,0,0,0,0,0,0,0,0,0,0,0,0,0,0,0,0,0,0,0,0,0,0,0,0,0,0,0,0,0,0,0,0,0,0,0,0,0,0,0,0,0,0,0,0,0,0,0,0,0,0,0,0,0,0,0,0,0,0,0,0,0,0,0,0,0,0,0,0,0,0,0,0,0,0,0,0,0,0,0,0,0,0,0,0,0,0,0,0,0,0,0,0,0,0,0,0,0,0,0,0,0,0,0,0,0,0,0,0,0,0,0,0,0,0,0,0,0,0,0,0,0,0,0,0,0,0,0,0,0,0,0,0,0,0,0,0,0,0,0,0,0,0,0,0,0,0,0,0,0,0,0,0,0,0,0,0,0,0,0,0,0,0,0,0,0,0,0,0,0,0,0,0,0,0,0,0,0,0,0,0,0,0,0,0,0,0,0,0,0,0,0,0,0,0,0,0,0,0,0,0,0,0,0,0,0,0,0,0,0,0,0,0,0,0,0,0,0,0,0,0,0,0,0,0,0,0,0,0,0,0,0,0,0,0,0,0,0,0,0,0,0,0,0,0,0,0,0,0,0,0,0,0,0,0,0,0,0,0,0,0,0,0,0,0,0,0,0,0,0,0,0,0,0,0,0,0,0,0,0,0,0,0,0,0,0,0,0,0,0,0,0,0,0,0,0,0,0,0,0,0,0,0,0,0,0,0,0,0,0,0,0,0,0,0,0,0,0,0,0,0,0,0,0,0,0,0,0,0,0,0,0,0,0,0,0,0,0,0,0,0,0,0,0,0,0,0,0,0,0,0,0,0,0,0,0,0,0,0,0,0,0,0,0,0,0,0,0,0,0,0,0,0,0,0,0,0,0,0,0,0,0,0,0,0,0,0,0,0,0,0,0,0,0,0,0,0,0,0,0,0,0,0,0,0,0,0,0,0,0,0,0,0,0,0,0,0,0,0,0,0,0,0,0,0,0,0,0,0,0,0,0,0,0,0,0,0,0,0,0,0,0,0,0,0,0,0,0,0,0,0,0,0,0,0,0,0,0,0,0,0,0,0,0,0,0,0,0,0,0,0,0,0,0,0,0,0,0,0,0,0,0,0,0,0,0,0,0,0,0,0,0,0,0,0,0,0,0,0,0,0,0,0,0,0,0,0,0,0,0,0,0,0,0,0,0,0,0,0,0,0,0,0,0,0,0,0,0,0,0,0,0,0,0,0,0,0,0,0,0,0,0,0,0,0,0,0,0,0,0,0,0,0,0,0,0,0,0,0,0,0,0,0,0,0,0,0,0,0,0,0,0,0,0,0,0,0,0,0,0,0,0,0,0,0,0,0,0,0,0,0,0,0,0,0,0,0,0,0,0,0,0,0,0,0,0,0,0,0,0,0,0,0,0,0,0,0,0,0,0,0,0,0,0,0,0,0,0,0,0,0,0,0,0,0,0,0,0,0,0,0,0,0,0,0,0,0,0,0,0,0,0,0,0,0,0,0,0,0,0,0,0,0,0,0,0,0,0,0,0,0,0,0,0,"accurate depiction typical (0), adult pigs (0), adult pigs piglets (0), afternoon sun (0), aged caucasian (0), aged caucasian man (0), aged hispanic (0), aged south (0), aged south asian (0), ages sizes (0), air filled (0), american dairy (0), american dairy farm (0), american pig (0), american pig farm (0), area pigs (0), areas pigs (0), asian descent (0), asian farmer (0), asian female (0)"
basic_country,Germany,dairy,A dairy farm in Germany.,sd3.5-large,0,0,0,0,0,0,0,0,0,0,0,0,0,0,0,0,0,0,0,0,0,0,0,0,0,0,0,0,0,0,0,0,0,0,0,0,0,0,0,0,0,0,0,0,0,0,0,0,0,0,0,0,0,0,0,0,0,0,0,0,0,0,0,0,0,0,0,0,0,0,0,0,0,0,0,0,0,0,0,0,0,0,0,0,0,0,0,0,0,0,0,0,0,0,0,0,0,0,0,0,0,0,0,0,0,0,0,0,0,0,0,0,0,0,0,0,0,0,0,0,0,0,0,0,0,0,0,0,0,0,0,0,0,0,0,0,0,0,0,0,0,0,0,0,0,0,0,0,0,0,0,0,0,0,0,0,0,0,0,0,0,0,0,0,0,0,0,0,0,0,0,0,0,0,0,0,0,0,0,0,0,0,0,0,0,0,0,0,0,0,0,0,0,0,0,0,0,0,0,0,0,0,0,0,0,0,0,0,0,0,0,0,0,0,0,0,0,0,0,0,0,0,0,0,0,0,0,0,0,0,0,0,0,0,0,0,0,0,0,0,0,0,0,0,0,0,0,0,0,0,0,0,0,0,0,0,0,0,0,0,0,0,0,0,0,0,0,0,0,0,0,0,0,0,0,0,0,0,0,0,0,0,0,0,0,0,0,0,0,0,0,0,0,0,0,0,0,0,0,0,0,0,0,0,0,0,0,0,0,0,0,0,0,0,0,0,0,0,0,0,0,0,0,0,0,0,0,0,0,0,0,0,0,0,0,0,0,0,0,0,0,0,0,0,0,0,0,0,0,0,0,0,0,0,0,0,0,0,0,0,0,0,0,0,0,0,0,0,0,0,0,0,0,0,0,0,0,0,0,0,0,0,0,0,0,0,0,0,0,0,0,0,0,0,0,0,0,0,0,0,0,0,0,0,0,0,0,0,0,0,0,0,0,0,0,0,0,0,0,0,0,0,0,0,0,0,0,0,0,0,0,0,0,0,0,0,0,0,0,0,0,0,0,0,0,0,0,0,0,0,0,0,0,0,0,0,0,0,0,0,0,0,0,0,0,0,0,0,0,0,0,0,0,0,0,0,0,0,0,0,0,0,0,0,0,0,0,0,0,0,0,0,0,0,0,0,0,0,0,0,0,0,0,0,0,0,0,0,0,0,0,0,0,0,0,0,0,0,0,0,0,0,0,0,0,0,0,0,0,0,0,0,0,0,0,0,0,0,0,0,0,0,0,0,0,0,0,0,0,0,0,0,0,0,0,0,0,0,0,0,0,0,0,0,0,0,0,0,0,0,0,0,0,0,0,0,0,0,0,0,0,0,0,0,0,0,0,0,0,0,0,0,0,0,0,0,0,0,0,0,0,0,0,0,0,0,0,0,0,0,0,0,0,0,0,0,0,0,0,0,0,0,0,0,0,0,0,0,0,0,0,0,0,0,0,0,0,0,0,0,0,0,0,0,0,0,0,0,0,0,0,0,0,0,0,0,0,0,0,0,0,0,0,0,0,0,0,0,0,0,0,0,0,0,0,0,0,0,0,0,0,0,0,0,0,0,0,0,0,0,0,0,0,0,0,0,0,0,0,0,0,0,0,0,0,0,0,0,0,0,0,0,0,0,0,0,0,0,0,0,0,0,0,0,0,0,0,0,0,0,0,0,0,0,0,0,0,0,0,0,0,0,0,0,0,0,0,0,0,0,0,0,0,0,0,0,0,0,0,0,0,0,0,0,0,0,0,0,0,0,0,0,0,0,0,0,0,0,0,0,0,0,0,0,0,0,0,0,0,0,0,0,0,0,0,0,0,0,0,0,0,0,0,0,0,0,0,0,0,0,0,0,0,0,0,0,0,0,0,0,0,0,0,0,0,0,0,0,0,0,0,0,0,0,0,0,0,0,0,0,0,0,0,0,0,0,0,0,0,0,0,0,0,0,0,0,0,0,0,0,0,0,0,0,0,0,0,0,0,0,0,0,0,0,0,0,0,0,0,0,0,0,0,0,0,0,0,0,0,0,0,0,0,0,0,0,0,0,0,0,0,0,0,0,0,0,0,0,0,0,0,0,0,0,0,0,0,0,0,0,0,0,0,0,0,0,0,0,0,0,0,0,0,0,0,0,0,0,0,0,0,0,0,0,0,0,0,0,0,0,0,0,0,0,0,0,0,0,0,0,0,0,0,0,0,0,0,0,0,0,0,"accurate depiction typical (0), adult pigs (0), adult pigs piglets (0), afternoon sun (0), aged caucasian (0), aged caucasian man (0), aged hispanic (0), aged south (0), aged south asian (0), ages sizes (0), air filled (0), american dairy (0), american dairy farm (0), american pig (0), american pig farm (0), area pigs (0), areas pigs (0), asian descent (0), asian farmer (0), asian female (0)"
basic_country,New Zealand,dairy,A dairy farm in New Zealand.,sd3.5-large,0,0,0,0,0,0,0,0,0,0,0,0,0,0,0,0,0,0,0,0,0,0,0,0,0,0,0,0,0,0,0,0,0,0,0,0,0,0,0,0,0,0,0,0,0,0,0,0,0,0,0,0,0,0,0,0,0,0,0,0,0,0,0,0,0,0,0,0,0,0,0,0,0,0,0,0,0,0,0,0,0,0,0,0,0,0,0,0,0,0,0,0,0,0,0,0,0,0,0,0,0,0,0,0,0,0,0,0,0,0,0,0,0,0,0,0,0,0,0,0,0,0,0,0,0,0,0,0,0,0,0,0,0,0,0,0,0,0,0,0,0,0,0,0,0,0,0,0,0,0,0,0,0,0,0,0,0,0,0,0,0,0,0,0,0,0,0,0,0,0,0,0,0,0,0,0,0,0,0,0,0,0,0,0,0,0,0,0,0,0,0,0,0,0,0,0,0,0,0,0,0,0,0,0,0,0,0,0,0,0,0,0,0,0,0,0,0,0,0,0,0,0,0,0,0,0,0,0,0,0,0,0,0,0,0,0,0,0,0,0,0,0,0,0,0,0,0,0,0,0,0,0,0,0,0,0,0,0,0,0,0,0,0,0,0,0,0,0,0,0,0,0,0,0,0,0,0,0,0,0,0,0,0,0,0,0,0,0,0,0,0,0,0,0,0,0,0,0,0,0,0,0,0,0,0,0,0,0,0,0,0,0,0,0,0,0,0,0,0,0,0,0,0,0,0,0,0,0,0,0,0,0,0,0,0,0,0,0,0,0,0,0,0,0,0,0,0,0,0,0,0,0,0,0,0,0,0,0,0,0,0,0,0,0,0,0,0,0,0,0,0,0,0,0,0,0,0,0,0,0,0,0,0,0,0,0,0,0,0,0,0,0,0,0,0,0,0,0,0,0,0,0,0,0,0,0,0,0,0,0,0,0,0,0,0,0,0,0,0,0,0,0,0,0,0,0,0,0,0,0,0,0,0,0,0,0,0,0,0,0,0,0,0,0,0,0,0,0,0,0,0,0,0,0,0,0,0,0,0,0,0,0,0,0,0,0,0,0,0,0,0,0,0,0,0,0,0,0,0,0,0,0,0,0,0,0,0,0,0,0,0,0,0,0,0,0,0,0,0,0,0,0,0,0,0,0,0,0,0,0,0,0,0,0,0,0,0,0,0,0,0,0,0,0,0,0,0,0,0,0,0,0,0,0,0,0,0,0,0,0,0,0,0,0,0,0,0,0,0,0,0,0,0,0,0,0,0,0,0,0,0,0,0,0,0,0,0,0,0,0,0,0,0,0,0,0,0,0,0,0,0,0,0,0,0,0,0,0,0,0,0,0,0,0,0,0,0,0,0,0,0,0,0,0,0,0,0,0,0,0,0,0,0,0,0,0,0,0,0,0,0,0,0,0,0,0,0,0,0,0,0,0,0,0,0,0,0,0,0,0,0,0,0,0,0,0,0,0,0,0,0,0,0,0,0,0,0,0,0,0,0,0,0,0,0,0,0,0,0,0,0,0,0,0,0,0,0,0,0,0,0,0,0,0,0,0,0,0,0,0,0,0,0,0,0,0,0,0,0,0,0,0,0,0,0,0,0,0,0,0,0,0,0,0,0,0,0,0,0,0,0,0,0,0,0,0,0,0,0,0,0,0,0,0,0,0,0,0,0,0,0,0,0,0,0,0,0,0,0,0,0,0,0,0,0,0,0,0,0,0,0,0,0,0,0,0,0,0,0,0,0,0,0,0,0,0,0,0,0,0,0,0,0,0,0,0,0,0,0,0,0,0,0,0,0,0,0,0,0,0,0,0,0,0,0,0,0,0,0,0,0,0,0,0,0,0,0,0,0,0,0,0,0,0,0,0,0,0,0,0,0,0,0,0,0,0,0,0,0,0,0,0,0,0,0,0,0,0,0,0,0,0,0,0,0,0,0,0,0,0,0,0,0,0,0,0,0,0,0,0,0,0,0,0,0,0,0,0,0,0,0,0,0,0,0,0,0,0,0,0,0,0,0,0,0,0,0,0,0,0,0,0,0,0,0,0,0,0,0,0,0,0,0,0,0,0,0,0,0,0,0,0,0,0,0,0,0,0,0,0,0,0,0,0,0,0,0,0,0,0,0,0,0,0,0,0,0,0,0,0,0,0,0,0,0,0,0,0,0,0,0,0,0,0,0,0,0,0,0,0,0,"accurate depiction typical (0), adult pigs (0), adult pigs piglets (0), afternoon sun (0), aged caucasian (0), aged caucasian man (0), aged hispanic (0), aged south (0), aged south asian (0), ages sizes (0), air filled (0), american dairy (0), american dairy farm (0), american pig (0), american pig farm (0), area pigs (0), areas pigs (0), asian descent (0), asian farmer (0), asian female (0)"
basic_country,the United States,pig,A pig farm in the United States.,sd3.5-large,0,0,0,0,0,0,0,0,0,0,0,0,0,0,0,0,0,0,0,0,0,0,0,0,0,0,0,0,0,0,0,0,0,0,0,0,0,0,0,0,0,0,0,0,0,0,0,0,0,0,0,0,0,0,0,0,0,0,0,0,0,0,0,0,0,0,0,0,0,0,0,0,0,0,0,0,0,0,0,0,0,0,0,0,0,0,0,0,0,0,0,0,0,0,0,0,0,0,0,0,0,0,0,0,0,0,0,0,0,0,0,0,0,0,0,0,0,0,0,0,0,0,0,0,0,0,0,0,0,0,0,0,0,0,0,0,0,0,0,0,0,0,0,0,0,0,0,0,0,0,0,0,0,0,0,0,0,0,0,0,0,0,0,0,0,0,0,0,0,0,0,0,0,0,0,0,0,0,0,0,0,0,0,0,0,0,0,0,0,0,0,0,0,0,0,0,0,0,0,0,0,0,0,0,0,0,0,0,0,0,0,0,0,0,0,0,0,0,0,0,0,0,0,0,0,0,0,0,0,0,0,0,0,0,0,0,0,0,0,0,0,0,0,0,0,0,0,0,0,0,0,0,0,0,0,0,0,0,0,0,0,0,0,0,0,0,0,0,0,0,0,0,0,0,0,0,0,0,0,0,0,0,0,0,0,0,0,0,0,0,0,0,0,0,0,0,0,0,0,0,0,0,0,0,0,0,0,0,0,0,0,0,0,0,0,0,0,0,0,0,0,0,0,0,0,0,0,0,0,0,0,0,0,0,0,0,0,0,0,0,0,0,0,0,0,0,0,0,0,0,0,0,0,0,0,0,0,0,0,0,0,0,0,0,0,0,0,0,0,0,0,0,0,0,0,0,0,0,0,0,0,0,0,0,0,0,0,0,0,0,0,0,0,0,0,0,0,0,0,0,0,0,0,0,0,0,0,0,0,0,0,0,0,0,0,0,0,0,0,0,0,0,0,0,0,0,0,0,0,0,0,0,0,0,0,0,0,0,0,0,0,0,0,0,0,0,0,0,0,0,0,0,0,0,0,0,0,0,0,0,0,0,0,0,0,0,0,0,0,0,0,0,0,0,0,0,0,0,0,0,0,0,0,0,0,0,0,0,0,0,0,0,0,0,0,0,0,0,0,0,0,0,0,0,0,0,0,0,0,0,0,0,0,0,0,0,0,0,0,0,0,0,0,0,0,0,0,0,0,0,0,0,0,0,0,0,0,0,0,0,0,0,0,0,0,0,0,0,0,0,0,0,0,0,0,0,0,0,0,0,0,0,0,0,0,0,0,0,0,0,0,0,0,0,0,0,0,0,0,0,0,0,0,0,0,0,0,0,0,0,0,0,0,0,0,0,0,0,0,0,0,0,0,0,0,0,0,0,0,0,0,0,0,0,0,0,0,0,0,0,0,0,0,0,0,0,0,0,0,0,0,0,0,0,0,0,0,0,0,0,0,0,0,0,0,0,0,0,0,0,0,0,0,0,0,0,0,0,0,0,0,0,0,0,0,0,0,0,0,0,0,0,0,0,0,0,0,0,0,0,0,0,0,0,0,0,0,0,0,0,0,0,0,0,0,0,0,0,0,0,0,0,0,0,0,0,0,0,0,0,0,0,0,0,0,0,0,0,0,0,0,0,0,0,0,0,0,0,0,0,0,0,0,0,0,0,0,0,0,0,0,0,0,0,0,0,0,0,0,0,0,0,0,0,0,0,0,0,0,0,0,0,0,0,0,0,0,0,0,0,0,0,0,0,0,0,0,0,0,0,0,0,0,0,0,0,0,0,0,0,0,0,0,0,0,0,0,0,0,0,0,0,0,0,0,0,0,0,0,0,0,0,0,0,0,0,0,0,0,0,0,0,0,0,0,0,0,0,0,0,0,0,0,0,0,0,0,0,0,0,0,0,0,0,0,0,0,0,0,0,0,0,0,0,0,0,0,0,0,0,0,0,0,0,0,0,0,0,0,0,0,0,0,0,0,0,0,0,0,0,0,0,0,0,0,0,0,0,0,0,0,0,0,0,0,0,0,0,0,0,0,0,0,0,0,0,0,0,0,0,0,0,0,0,0,0,0,0,0,0,0,0,0,0,0,0,0,0,0,0,0,0,0,0,0,0,0,0,0,0,0,0,0,0,0,0,0,0,0,0,0,0,0,0,0,0,0,0,0,0,0,0,0,0,0,0,0,0,0,0,0,"accurate depiction typical (0), adult pigs (0), adult pigs piglets (0), afternoon sun (0), aged caucasian (0), aged caucasian man (0), aged hispanic (0), aged south (0), aged south asian (0), ages sizes (0), air filled (0), american dairy (0), american dairy farm (0), american pig (0), american pig farm (0), area pigs (0), areas pigs (0), asian descent (0), asian farmer (0), asian female (0)"
basic_country,Spain,pig,A pig farm in Spain.,sd3.5-large,0,0,0,0,0,0,0,0,0,0,0,0,0,0,0,0,0,0,0,0,0,0,0,0,0,0,0,0,0,0,0,0,0,0,0,0,0,0,0,0,0,0,0,0,0,0,0,0,0,0,0,0,0,0,0,0,0,0,0,0,0,0,0,0,0,0,0,0,0,0,0,0,0,0,0,0,0,0,0,0,0,0,0,0,0,0,0,0,0,0,0,0,0,0,0,0,0,0,0,0,0,0,0,0,0,0,0,0,0,0,0,0,0,0,0,0,0,0,0,0,0,0,0,0,0,0,0,0,0,0,0,0,0,0,0,0,0,0,0,0,0,0,0,0,0,0,0,0,0,0,0,0,0,0,0,0,0,0,0,0,0,0,0,0,0,0,0,0,0,0,0,0,0,0,0,0,0,0,0,0,0,0,0,0,0,0,0,0,0,0,0,0,0,0,0,0,0,0,0,0,0,0,0,0,0,0,0,0,0,0,0,0,0,0,0,0,0,0,0,0,0,0,0,0,0,0,0,0,0,0,0,0,0,0,0,0,0,0,0,0,0,0,0,0,0,0,0,0,0,0,0,0,0,0,0,0,0,0,0,0,0,0,0,0,0,0,0,0,0,0,0,0,0,0,0,0,0,0,0,0,0,0,0,0,0,0,0,0,0,0,0,0,0,0,0,0,0,0,0,0,0,0,0,0,0,0,0,0,0,0,0,0,0,0,0,0,0,0,0,0,0,0,0,0,0,0,0,0,0,0,0,0,0,0,0,0,0,0,0,0,0,0,0,0,0,0,0,0,0,0,0,0,0,0,0,0,0,0,0,0,0,0,0,0,0,0,0,0,0,0,0,0,0,0,0,0,0,0,0,0,0,0,0,0,0,0,0,0,0,0,0,0,0,0,0,0,0,0,0,0,0,0,0,0,0,0,0,0,0,0,0,0,0,0,0,0,0,0,0,0,0,0,0,0,0,0,0,0,0,0,0,0,0,0,0,0,0,0,0,0,0,0,0,0,0,0,0,0,0,0,0,0,0,0,0,0,0,0,0,0,0,0,0,0,0,0,0,0,0,0,0,0,0,0,0,0,0,0,0,0,0,0,0,0,0,0,0,0,0,0,0,0,0,0,0,0,0,0,0,0,0,0,0,0,0,0,0,0,0,0,0,0,0,0,0,0,0,0,0,0,0,0,0,0,0,0,0,0,0,0,0,0,0,0,0,0,0,0,0,0,0,0,0,0,0,0,0,0,0,0,0,0,0,0,0,0,0,0,0,0,0,0,0,0,0,0,0,0,0,0,0,0,0,0,0,0,0,0,0,0,0,0,0,0,0,0,0,0,0,0,0,0,0,0,0,0,0,0,0,0,0,0,0,0,0,0,0,0,0,0,0,0,0,0,0,0,0,0,0,0,0,0,0,0,0,0,0,0,0,0,0,0,0,0,0,0,0,0,0,0,0,0,0,0,0,0,0,0,0,0,0,0,0,0,0,0,0,0,0,0,0,0,0,0,0,0,0,0,0,0,0,0,0,0,0,0,0,0,0,0,0,0,0,0,0,0,0,0,0,0,0,0,0,0,0,0,0,0,0,0,0,0,0,0,0,0,0,0,0,0,0,0,0,0,0,0,0,0,0,0,0,0,0,0,0,0,0,0,0,0,0,0,0,0,0,0,0,0,0,0,0,0,0,0,0,0,0,0,0,0,0,0,0,0,0,0,0,0,0,0,0,0,0,0,0,0,0,0,0,0,0,0,0,0,0,0,0,0,0,0,0,0,0,0,0,0,0,0,0,0,0,0,0,0,0,0,0,0,0,0,0,0,0,0,0,0,0,0,0,0,0,0,0,0,0,0,0,0,0,0,0,0,0,0,0,0,0,0,0,0,0,0,0,0,0,0,0,0,0,0,0,0,0,0,0,0,0,0,0,0,0,0,0,0,0,0,0,0,0,0,0,0,0,0,0,0,0,0,0,0,0,0,0,0,0,0,0,0,0,0,0,0,0,0,0,0,0,0,0,0,0,0,0,0,0,0,0,0,0,0,0,0,0,0,0,0,0,0,0,0,0,0,0,0,0,0,0,0,0,0,0,0,0,0,0,0,0,0,0,0,0,0,0,0,0,0,0,0,0,0,0,0,0,0,0,0,0,0,0,0,0,0,0,0,0,0,0,0,0,0,0,0,0,0,0,0,0,0,0,0,0,"accurate depiction typical (0), adult pigs (0), adult pigs piglets (0), afternoon sun (0), aged caucasian (0), aged caucasian man (0), aged hispanic (0), aged south (0), aged south asian (0), ages sizes (0), air filled (0), american dairy (0), american dairy farm (0), american pig (0), american pig farm (0), area pigs (0), areas pigs (0), asian descent (0), asian farmer (0), asian female (0)"
basic_country,Australia,pig,A pig farm in Australia.,sd3.5-large,0,0,0,0,0,0,0,0,0,0,0,0,0,0,0,0,0,0,0,0,0,0,0,0,0,0,0,0,0,0,0,0,0,0,0,0,0,0,0,0,0,0,0,0,0,0,0,0,0,0,0,0,0,0,0,0,0,0,0,0,0,0,0,0,0,0,0,0,0,0,0,0,0,0,0,0,0,0,0,0,0,0,0,0,0,0,0,0,0,0,0,0,0,0,0,0,0,0,0,0,0,0,0,0,0,0,0,0,0,0,0,0,0,0,0,0,0,0,0,0,0,0,0,0,0,0,0,0,0,0,0,0,0,0,0,0,0,0,0,0,0,0,0,0,0,0,0,0,0,0,0,0,0,0,0,0,0,0,0,0,0,0,0,0,0,0,0,0,0,0,0,0,0,0,0,0,0,0,0,0,0,0,0,0,0,0,0,0,0,0,0,0,0,0,0,0,0,0,0,0,0,0,0,0,0,0,0,0,0,0,0,0,0,0,0,0,0,0,0,0,0,0,0,0,0,0,0,0,0,0,0,0,0,0,0,0,0,0,0,0,0,0,0,0,0,0,0,0,0,0,0,0,0,0,0,0,0,0,0,0,0,0,0,0,0,0,0,0,0,0,0,0,0,0,0,0,0,0,0,0,0,0,0,0,0,0,0,0,0,0,0,0,0,0,0,0,0,0,0,0,0,0,0,0,0,0,0,0,0,0,0,0,0,0,0,0,0,0,0,0,0,0,0,0,0,0,0,0,0,0,0,0,0,0,0,0,0,0,0,0,0,0,0,0,0,0,0,0,0,0,0,0,0,0,0,0,0,0,0,0,0,0,0,0,0,0,0,0,0,0,0,0,0,0,0,0,0,0,0,0,0,0,0,0,0,0,0,0,0,0,0,0,0,0,0,0,0,0,0,0,0,0,0,0,0,0,0,0,0,0,0,0,0,0,0,0,0,0,0,0,0,0,0,0,0,0,0,0,0,0,0,0,0,0,0,0,0,0,0,0,0,0,0,0,0,0,0,0,0,0,0,0,0,0,0,0,0,0,0,0,0,0,0,0,0,0,0,0,0,0,0,0,0,0,0,0,0,0,0,0,0,0,0,0,0,0,0,0,0,0,0,0,0,0,0,0,0,0,0,0,0,0,0,0,0,0,0,0,0,0,0,0,0,0,0,0,0,0,0,0,0,0,0,0,0,0,0,0,0,0,0,0,0,0,0,0,0,0,0,0,0,0,0,0,0,0,0,0,0,0,0,0,0,0,0,0,0,0,0,0,0,0,0,0,0,0,0,0,0,0,0,0,0,0,0,0,0,0,0,0,0,0,0,0,0,0,0,0,0,0,0,0,0,0,0,0,0,0,0,0,0,0,0,0,0,0,0,0,0,0,0,0,0,0,0,0,0,0,0,0,0,0,0,0,0,0,0,0,0,0,0,0,0,0,0,0,0,0,0,0,0,0,0,0,0,0,0,0,0,0,0,0,0,0,0,0,0,0,0,0,0,0,0,0,0,0,0,0,0,0,0,0,0,0,0,0,0,0,0,0,0,0,0,0,0,0,0,0,0,0,0,0,0,0,0,0,0,0,0,0,0,0,0,0,0,0,0,0,0,0,0,0,0,0,0,0,0,0,0,0,0,0,0,0,0,0,0,0,0,0,0,0,0,0,0,0,0,0,0,0,0,0,0,0,0,0,0,0,0,0,0,0,0,0,0,0,0,0,0,0,0,0,0,0,0,0,0,0,0,0,0,0,0,0,0,0,0,0,0,0,0,0,0,0,0,0,0,0,0,0,0,0,0,0,0,0,0,0,0,0,0,0,0,0,0,0,0,0,0,0,0,0,0,0,0,0,0,0,0,0,0,0,0,0,0,0,0,0,0,0,0,0,0,0,0,0,0,0,0,0,0,0,0,0,0,0,0,0,0,0,0,0,0,0,0,0,0,0,0,0,0,0,0,0,0,0,0,0,0,0,0,0,0,0,0,0,0,0,0,0,0,0,0,0,0,0,0,0,0,0,0,0,0,0,0,0,0,0,0,0,0,0,0,0,0,0,0,0,0,0,0,0,0,0,0,0,0,0,0,0,0,0,0,0,0,0,0,0,0,0,0,0,0,0,0,0,0,0,0,0,0,0,0,0,0,0,0,0,0,0,0,0,0,0,0,0,0,0,0,0,0,0,0,0,0,0,0,0,0,0,0,"accurate depiction typical (0), adult pigs (0), adult pigs piglets (0), afternoon sun (0), aged caucasian (0), aged caucasian man (0), aged hispanic (0), aged south (0), aged south asian (0), ages sizes (0), air filled (0), american dairy (0), american dairy farm (0), american pig (0), american pig farm (0), area pigs (0), areas pigs (0), asian descent (0), asian farmer (0), asian female (0)"
basic_country_no_revise,the United States,dairy,"A dairy farm in the United States.I NEED to test how the tool works with extremely simple prompts. DO NOT add any detail, just use it AS-IS:",sd3.5-large,0,0,0,0,0,0,0,0,0,0,0,0,0,0,0,0,0,0,0,0,0,0,0,0,0,0,0,0,0,0,0,0,0,0,0,0,0,0,0,0,0,0,0,0,0,0,0,0,0,0,0,0,0,0,0,0,0,0,0,0,0,0,0,0,0,0,0,0,0,0,0,0,0,0,0,0,0,0,0,0,0,0,0,0,0,0,0,0,0,0,0,0,0,0,0,0,0,0,0,0,0,0,0,0,0,0,0,0,0,0,0,0,0,0,0,0,0,0,0,0,0,0,0,0,0,0,0,0,0,0,0,0,0,0,0,0,0,0,0,0,0,0,0,0,0,0,0,0,0,0,0,0,0,0,0,0,0,0,0,0,0,0,0,0,0,0,0,0,0,0,0,0,0,0,0,0,0,0,0,0,0,0,0,0,0,0,0,0,0,0,0,0,0,0,0,0,0,0,0,0,0,0,0,0,0,0,0,0,0,0,0,0,0,0,0,0,0,0,0,0,0,0,0,0,0,0,0,0,0,0,0,0,0,0,0,0,0,0,0,0,0,0,0,0,0,0,0,0,0,0,0,0,0,0,0,0,0,0,0,0,0,0,0,0,0,0,0,0,0,0,0,0,0,0,0,0,0,0,0,0,0,0,0,0,0,0,0,0,0,0,0,0,0,0,0,0,0,0,0,0,0,0,0,0,0,0,0,0,0,0,0,0,0,0,0,0,0,0,0,0,0,0,0,0,0,0,0,0,0,0,0,0,0,0,0,0,0,0,0,0,0,0,0,0,0,0,0,0,0,0,0,0,0,0,0,0,0,0,0,0,0,0,0,0,0,0,0,0,0,0,0,0,0,0,0,0,0,0,0,0,0,0,0,0,0,0,0,0,0,0,0,0,0,0,0,0,0,0,0,0,0,0,0,0,0,0,0,0,0,0,0,0,0,0,0,0,0,0,0,0,0,0,0,0,0,0,0,0,0,0,0,0,0,0,0,0,0,0,0,0,0,0,0,0,0,0,0,0,0,0,0,0,0,0,0,0,0,0,0,0,0,0,0,0,0,0,0,0,0,0,0,0,0,0,0,0,0,0,0,0,0,0,0,0,0,0,0,0,0,0,0,0,0,0,0,0,0,0,0,0,0,0,0,0,0,0,0,0,0,0,0,0,0,0,0,0,0,0,0,0,0,0,0,0,0,0,0,0,0,0,0,0,0,0,0,0,0,0,0,0,0,0,0,0,0,0,0,0,0,0,0,0,0,0,0,0,0,0,0,0,0,0,0,0,0,0,0,0,0,0,0,0,0,0,0,0,0,0,0,0,0,0,0,0,0,0,0,0,0,0,0,0,0,0,0,0,0,0,0,0,0,0,0,0,0,0,0,0,0,0,0,0,0,0,0,0,0,0,0,0,0,0,0,0,0,0,0,0,0,0,0,0,0,0,0,0,0,0,0,0,0,0,0,0,0,0,0,0,0,0,0,0,0,0,0,0,0,0,0,0,0,0,0,0,0,0,0,0,0,0,0,0,0,0,0,0,0,0,0,0,0,0,0,0,0,0,0,0,0,0,0,0,0,0,0,0,0,0,0,0,0,0,0,0,0,0,0,0,0,0,0,0,0,0,0,0,0,0,0,0,0,0,0,0,0,0,0,0,0,0,0,0,0,0,0,0,0,0,0,0,0,0,0,0,0,0,0,0,0,0,0,0,0,0,0,0,0,0,0,0,0,0,0,0,0,0,0,0,0,0,0,0,0,0,0,0,0,0,0,0,0,0,0,0,0,0,0,0,0,0,0,0,0,0,0,0,0,0,0,0,0,0,0,0,0,0,0,0,0,0,0,0,0,0,0,0,0,0,0,0,0,0,0,0,0,0,0,0,0,0,0,0,0,0,0,0,0,0,0,0,0,0,0,0,0,0,0,0,0,0,0,0,0,0,0,0,0,0,0,0,0,0,0,0,0,0,0,0,0,0,0,0,0,0,0,0,0,0,0,0,0,0,0,0,0,0,0,0,0,0,0,0,0,0,0,0,0,0,0,0,0,0,0,0,0,0,0,0,0,0,0,0,0,0,0,0,0,0,0,0,0,0,0,0,0,0,0,0,0,0,0,0,0,0,0,0,0,0,0,0,0,0,0,0,0,0,0,0,0,0,0,0,0,0,0,0,0,0,0,0,0,0,0,0,0,0,0,0,0,0,0,"accurate depiction typical (0), adult pigs (0), adult pigs piglets (0), afternoon sun (0), aged caucasian (0), aged caucasian man (0), aged hispanic (0), aged south (0), aged south asian (0), ages sizes (0), air filled (0), american dairy (0), american dairy farm (0), american pig (0), american pig farm (0), area pigs (0), areas pigs (0), asian descent (0), asian farmer (0), asian female (0)"
basic_country_no_revise,Germany,dairy,"A dairy farm in Germany.I NEED to test how the tool works with extremely simple prompts. DO NOT add any detail, just use it AS-IS:",sd3.5-large,0,0,0,0,0,0,0,0,0,0,0,0,0,0,0,0,0,0,0,0,0,0,0,0,0,0,0,0,0,0,0,0,0,0,0,0,0,0,0,0,0,0,0,0,0,0,0,0,0,0,0,0,0,0,0,0,0,0,0,0,0,0,0,0,0,0,0,0,0,0,0,0,0,0,0,0,0,0,0,0,0,0,0,0,0,0,0,0,0,0,0,0,0,0,0,0,0,0,0,0,0,0,0,0,0,0,0,0,0,0,0,0,0,0,0,0,0,0,0,0,0,0,0,0,0,0,0,0,0,0,0,0,0,0,0,0,0,0,0,0,0,0,0,0,0,0,0,0,0,0,0,0,0,0,0,0,0,0,0,0,0,0,0,0,0,0,0,0,0,0,0,0,0,0,0,0,0,0,0,0,0,0,0,0,0,0,0,0,0,0,0,0,0,0,0,0,0,0,0,0,0,0,0,0,0,0,0,0,0,0,0,0,0,0,0,0,0,0,0,0,0,0,0,0,0,0,0,0,0,0,0,0,0,0,0,0,0,0,0,0,0,0,0,0,0,0,0,0,0,0,0,0,0,0,0,0,0,0,0,0,0,0,0,0,0,0,0,0,0,0,0,0,0,0,0,0,0,0,0,0,0,0,0,0,0,0,0,0,0,0,0,0,0,0,0,0,0,0,0,0,0,0,0,0,0,0,0,0,0,0,0,0,0,0,0,0,0,0,0,0,0,0,0,0,0,0,0,0,0,0,0,0,0,0,0,0,0,0,0,0,0,0,0,0,0,0,0,0,0,0,0,0,0,0,0,0,0,0,0,0,0,0,0,0,0,0,0,0,0,0,0,0,0,0,0,0,0,0,0,0,0,0,0,0,0,0,0,0,0,0,0,0,0,0,0,0,0,0,0,0,0,0,0,0,0,0,0,0,0,0,0,0,0,0,0,0,0,0,0,0,0,0,0,0,0,0,0,0,0,0,0,0,0,0,0,0,0,0,0,0,0,0,0,0,0,0,0,0,0,0,0,0,0,0,0,0,0,0,0,0,0,0,0,0,0,0,0,0,0,0,0,0,0,0,0,0,0,0,0,0,0,0,0,0,0,0,0,0,0,0,0,0,0,0,0,0,0,0,0,0,0,0,0,0,0,0,0,0,0,0,0,0,0,0,0,0,0,0,0,0,0,0,0,0,0,0,0,0,0,0,0,0,0,0,0,0,0,0,0,0,0,0,0,0,0,0,0,0,0,0,0,0,0,0,0,0,0,0,0,0,0,0,0,0,0,0,0,0,0,0,0,0,0,0,0,0,0,0,0,0,0,0,0,0,0,0,0,0,0,0,0,0,0,0,0,0,0,0,0,0,0,0,0,0,0,0,0,0,0,0,0,0,0,0,0,0,0,0,0,0,0,0,0,0,0,0,0,0,0,0,0,0,0,0,0,0,0,0,0,0,0,0,0,0,0,0,0,0,0,0,0,0,0,0,0,0,0,0,0,0,0,0,0,0,0,0,0,0,0,0,0,0,0,0,0,0,0,0,0,0,0,0,0,0,0,0,0,0,0,0,0,0,0,0,0,0,0,0,0,0,0,0,0,0,0,0,0,0,0,0,0,0,0,0,0,0,0,0,0,0,0,0,0,0,0,0,0,0,0,0,0,0,0,0,0,0,0,0,0,0,0,0,0,0,0,0,0,0,0,0,0,0,0,0,0,0,0,0,0,0,0,0,0,0,0,0,0,0,0,0,0,0,0,0,0,0,0,0,0,0,0,0,0,0,0,0,0,0,0,0,0,0,0,0,0,0,0,0,0,0,0,0,0,0,0,0,0,0,0,0,0,0,0,0,0,0,0,0,0,0,0,0,0,0,0,0,0,0,0,0,0,0,0,0,0,0,0,0,0,0,0,0,0,0,0,0,0,0,0,0,0,0,0,0,0,0,0,0,0,0,0,0,0,0,0,0,0,0,0,0,0,0,0,0,0,0,0,0,0,0,0,0,0,0,0,0,0,0,0,0,0,0,0,0,0,0,0,0,0,0,0,0,0,0,0,0,0,0,0,0,0,0,0,0,0,0,0,0,0,0,0,0,0,0,0,0,0,0,0,0,0,0,0,0,0,0,0,0,0,0,0,0,0,0,0,0,0,0,0,0,0,0,0,0,0,0,0,0,0,0,0,0,0,0,0,0,0,0,0,0,0,"accurate depiction typical (0), adult pigs (0), adult pigs piglets (0), afternoon sun (0), aged caucasian (0), aged caucasian man (0), aged hispanic (0), aged south (0), aged south asian (0), ages sizes (0), air filled (0), american dairy (0), american dairy farm (0), american pig (0), american pig farm (0), area pigs (0), areas pigs (0), asian descent (0), asian farmer (0), asian female (0)"
basic_country_no_revise,New Zealand,dairy,"A dairy farm in New Zealand.I NEED to test how the tool works with extremely simple prompts. DO NOT add any detail, just use it AS-IS:",sd3.5-large,0,0,0,0,0,0,0,0,0,0,0,0,0,0,0,0,0,0,0,0,0,0,0,0,0,0,0,0,0,0,0,0,0,0,0,0,0,0,0,0,0,0,0,0,0,0,0,0,0,0,0,0,0,0,0,0,0,0,0,0,0,0,0,0,0,0,0,0,0,0,0,0,0,0,0,0,0,0,0,0,0,0,0,0,0,0,0,0,0,0,0,0,0,0,0,0,0,0,0,0,0,0,0,0,0,0,0,0,0,0,0,0,0,0,0,0,0,0,0,0,0,0,0,0,0,0,0,0,0,0,0,0,0,0,0,0,0,0,0,0,0,0,0,0,0,0,0,0,0,0,0,0,0,0,0,0,0,0,0,0,0,0,0,0,0,0,0,0,0,0,0,0,0,0,0,0,0,0,0,0,0,0,0,0,0,0,0,0,0,0,0,0,0,0,0,0,0,0,0,0,0,0,0,0,0,0,0,0,0,0,0,0,0,0,0,0,0,0,0,0,0,0,0,0,0,0,0,0,0,0,0,0,0,0,0,0,0,0,0,0,0,0,0,0,0,0,0,0,0,0,0,0,0,0,0,0,0,0,0,0,0,0,0,0,0,0,0,0,0,0,0,0,0,0,0,0,0,0,0,0,0,0,0,0,0,0,0,0,0,0,0,0,0,0,0,0,0,0,0,0,0,0,0,0,0,0,0,0,0,0,0,0,0,0,0,0,0,0,0,0,0,0,0,0,0,0,0,0,0,0,0,0,0,0,0,0,0,0,0,0,0,0,0,0,0,0,0,0,0,0,0,0,0,0,0,0,0,0,0,0,0,0,0,0,0,0,0,0,0,0,0,0,0,0,0,0,0,0,0,0,0,0,0,0,0,0,0,0,0,0,0,0,0,0,0,0,0,0,0,0,0,0,0,0,0,0,0,0,0,0,0,0,0,0,0,0,0,0,0,0,0,0,0,0,0,0,0,0,0,0,0,0,0,0,0,0,0,0,0,0,0,0,0,0,0,0,0,0,0,0,0,0,0,0,0,0,0,0,0,0,0,0,0,0,0,0,0,0,0,0,0,0,0,0,0,0,0,0,0,0,0,0,0,0,0,0,0,0,0,0,0,0,0,0,0,0,0,0,0,0,0,0,0,0,0,0,0,0,0,0,0,0,0,0,0,0,0,0,0,0,0,0,0,0,0,0,0,0,0,0,0,0,0,0,0,0,0,0,0,0,0,0,0,0,0,0,0,0,0,0,0,0,0,0,0,0,0,0,0,0,0,0,0,0,0,0,0,0,0,0,0,0,0,0,0,0,0,0,0,0,0,0,0,0,0,0,0,0,0,0,0,0,0,0,0,0,0,0,0,0,0,0,0,0,0,0,0,0,0,0,0,0,0,0,0,0,0,0,0,0,0,0,0,0,0,0,0,0,0,0,0,0,0,0,0,0,0,0,0,0,0,0,0,0,0,0,0,0,0,0,0,0,0,0,0,0,0,0,0,0,0,0,0,0,0,0,0,0,0,0,0,0,0,0,0,0,0,0,0,0,0,0,0,0,0,0,0,0,0,0,0,0,0,0,0,0,0,0,0,0,0,0,0,0,0,0,0,0,0,0,0,0,0,0,0,0,0,0,0,0,0,0,0,0,0,0,0,0,0,0,0,0,0,0,0,0,0,0,0,0,0,0,0,0,0,0,0,0,0,0,0,0,0,0,0,0,0,0,0,0,0,0,0,0,0,0,0,0,0,0,0,0,0,0,0,0,0,0,0,0,0,0,0,0,0,0,0,0,0,0,0,0,0,0,0,0,0,0,0,0,0,0,0,0,0,0,0,0,0,0,0,0,0,0,0,0,0,0,0,0,0,0,0,0,0,0,0,0,0,0,0,0,0,0,0,0,0,0,0,0,0,0,0,0,0,0,0,0,0,0,0,0,0,0,0,0,0,0,0,0,0,0,0,0,0,0,0,0,0,0,0,0,0,0,0,0,0,0,0,0,0,0,0,0,0,0,0,0,0,0,0,0,0,0,0,0,0,0,0,0,0,0,0,0,0,0,0,0,0,0,0,0,0,0,0,0,0,0,0,0,0,0,0,0,0,0,0,0,0,0,0,0,0,0,0,0,0,0,0,0,0,0,0,0,0,0,0,0,0,0,0,0,0,0,0,0,0,0,0,0,0,0,0,0,0,0,0,0,0,0,0,"accurate depiction typical (0), adult pigs (0), adult pigs piglets (0), afternoon sun (0), aged caucasian (0), aged caucasian man (0), aged hispanic (0), aged south (0), aged south asian (0), ages sizes (0), air filled (0), american dairy (0), american dairy farm (0), american pig (0), american pig farm (0), area pigs (0), areas pigs (0), asian descent (0), asian farmer (0), asian female (0)"
basic_country_no_revise,the United States,pig,"A pig farm in the United States.I NEED to test how the tool works with extremely simple prompts. DO NOT add any detail, just use it AS-IS:",sd3.5-large,0,0,0,0,0,0,0,0,0,0,0,0,0,0,0,0,0,0,0,0,0,0,0,0,0,0,0,0,0,0,0,0,0,0,0,0,0,0,0,0,0,0,0,0,0,0,0,0,0,0,0,0,0,0,0,0,0,0,0,0,0,0,0,0,0,0,0,0,0,0,0,0,0,0,0,0,0,0,0,0,0,0,0,0,0,0,0,0,0,0,0,0,0,0,0,0,0,0,0,0,0,0,0,0,0,0,0,0,0,0,0,0,0,0,0,0,0,0,0,0,0,0,0,0,0,0,0,0,0,0,0,0,0,0,0,0,0,0,0,0,0,0,0,0,0,0,0,0,0,0,0,0,0,0,0,0,0,0,0,0,0,0,0,0,0,0,0,0,0,0,0,0,0,0,0,0,0,0,0,0,0,0,0,0,0,0,0,0,0,0,0,0,0,0,0,0,0,0,0,0,0,0,0,0,0,0,0,0,0,0,0,0,0,0,0,0,0,0,0,0,0,0,0,0,0,0,0,0,0,0,0,0,0,0,0,0,0,0,0,0,0,0,0,0,0,0,0,0,0,0,0,0,0,0,0,0,0,0,0,0,0,0,0,0,0,0,0,0,0,0,0,0,0,0,0,0,0,0,0,0,0,0,0,0,0,0,0,0,0,0,0,0,0,0,0,0,0,0,0,0,0,0,0,0,0,0,0,0,0,0,0,0,0,0,0,0,0,0,0,0,0,0,0,0,0,0,0,0,0,0,0,0,0,0,0,0,0,0,0,0,0,0,0,0,0,0,0,0,0,0,0,0,0,0,0,0,0,0,0,0,0,0,0,0,0,0,0,0,0,0,0,0,0,0,0,0,0,0,0,0,0,0,0,0,0,0,0,0,0,0,0,0,0,0,0,0,0,0,0,0,0,0,0,0,0,0,0,0,0,0,0,0,0,0,0,0,0,0,0,0,0,0,0,0,0,0,0,0,0,0,0,0,0,0,0,0,0,0,0,0,0,0,0,0,0,0,0,0,0,0,0,0,0,0,0,0,0,0,0,0,0,0,0,0,0,0,0,0,0,0,0,0,0,0,0,0,0,0,0,0,0,0,0,0,0,0,0,0,0,0,0,0,0,0,0,0,0,0,0,0,0,0,0,0,0,0,0,0,0,0,0,0,0,0,0,0,0,0,0,0,0,0,0,0,0,0,0,0,0,0,0,0,0,0,0,0,0,0,0,0,0,0,0,0,0,0,0,0,0,0,0,0,0,0,0,0,0,0,0,0,0,0,0,0,0,0,0,0,0,0,0,0,0,0,0,0,0,0,0,0,0,0,0,0,0,0,0,0,0,0,0,0,0,0,0,0,0,0,0,0,0,0,0,0,0,0,0,0,0,0,0,0,0,0,0,0,0,0,0,0,0,0,0,0,0,0,0,0,0,0,0,0,0,0,0,0,0,0,0,0,0,0,0,0,0,0,0,0,0,0,0,0,0,0,0,0,0,0,0,0,0,0,0,0,0,0,0,0,0,0,0,0,0,0,0,0,0,0,0,0,0,0,0,0,0,0,0,0,0,0,0,0,0,0,0,0,0,0,0,0,0,0,0,0,0,0,0,0,0,0,0,0,0,0,0,0,0,0,0,0,0,0,0,0,0,0,0,0,0,0,0,0,0,0,0,0,0,0,0,0,0,0,0,0,0,0,0,0,0,0,0,0,0,0,0,0,0,0,0,0,0,0,0,0,0,0,0,0,0,0,0,0,0,0,0,0,0,0,0,0,0,0,0,0,0,0,0,0,0,0,0,0,0,0,0,0,0,0,0,0,0,0,0,0,0,0,0,0,0,0,0,0,0,0,0,0,0,0,0,0,0,0,0,0,0,0,0,0,0,0,0,0,0,0,0,0,0,0,0,0,0,0,0,0,0,0,0,0,0,0,0,0,0,0,0,0,0,0,0,0,0,0,0,0,0,0,0,0,0,0,0,0,0,0,0,0,0,0,0,0,0,0,0,0,0,0,0,0,0,0,0,0,0,0,0,0,0,0,0,0,0,0,0,0,0,0,0,0,0,0,0,0,0,0,0,0,0,0,0,0,0,0,0,0,0,0,0,0,0,0,0,0,0,0,0,0,0,0,0,0,0,0,0,0,0,0,0,0,0,0,0,0,0,0,0,0,0,0,0,0,0,0,0,0,0,0,0,0,0,0,0,"accurate depiction typical (0), adult pigs (0), adult pigs piglets (0), afternoon sun (0), aged caucasian (0), aged caucasian man (0), aged hispanic (0), aged south (0), aged south asian (0), ages sizes (0), air filled (0), american dairy (0), american dairy farm (0), american pig (0), american pig farm (0), area pigs (0), areas pigs (0), asian descent (0), asian farmer (0), asian female (0)"
basic_country_no_revise,Spain,pig,"A pig farm in Spain.I NEED to test how the tool works with extremely simple prompts. DO NOT add any detail, just use it AS-IS:",sd3.5-large,0,0,0,0,0,0,0,0,0,0,0,0,0,0,0,0,0,0,0,0,0,0,0,0,0,0,0,0,0,0,0,0,0,0,0,0,0,0,0,0,0,0,0,0,0,0,0,0,0,0,0,0,0,0,0,0,0,0,0,0,0,0,0,0,0,0,0,0,0,0,0,0,0,0,0,0,0,0,0,0,0,0,0,0,0,0,0,0,0,0,0,0,0,0,0,0,0,0,0,0,0,0,0,0,0,0,0,0,0,0,0,0,0,0,0,0,0,0,0,0,0,0,0,0,0,0,0,0,0,0,0,0,0,0,0,0,0,0,0,0,0,0,0,0,0,0,0,0,0,0,0,0,0,0,0,0,0,0,0,0,0,0,0,0,0,0,0,0,0,0,0,0,0,0,0,0,0,0,0,0,0,0,0,0,0,0,0,0,0,0,0,0,0,0,0,0,0,0,0,0,0,0,0,0,0,0,0,0,0,0,0,0,0,0,0,0,0,0,0,0,0,0,0,0,0,0,0,0,0,0,0,0,0,0,0,0,0,0,0,0,0,0,0,0,0,0,0,0,0,0,0,0,0,0,0,0,0,0,0,0,0,0,0,0,0,0,0,0,0,0,0,0,0,0,0,0,0,0,0,0,0,0,0,0,0,0,0,0,0,0,0,0,0,0,0,0,0,0,0,0,0,0,0,0,0,0,0,0,0,0,0,0,0,0,0,0,0,0,0,0,0,0,0,0,0,0,0,0,0,0,0,0,0,0,0,0,0,0,0,0,0,0,0,0,0,0,0,0,0,0,0,0,0,0,0,0,0,0,0,0,0,0,0,0,0,0,0,0,0,0,0,0,0,0,0,0,0,0,0,0,0,0,0,0,0,0,0,0,0,0,0,0,0,0,0,0,0,0,0,0,0,0,0,0,0,0,0,0,0,0,0,0,0,0,0,0,0,0,0,0,0,0,0,0,0,0,0,0,0,0,0,0,0,0,0,0,0,0,0,0,0,0,0,0,0,0,0,0,0,0,0,0,0,0,0,0,0,0,0,0,0,0,0,0,0,0,0,0,0,0,0,0,0,0,0,0,0,0,0,0,0,0,0,0,0,0,0,0,0,0,0,0,0,0,0,0,0,0,0,0,0,0,0,0,0,0,0,0,0,0,0,0,0,0,0,0,0,0,0,0,0,0,0,0,0,0,0,0,0,0,0,0,0,0,0,0,0,0,0,0,0,0,0,0,0,0,0,0,0,0,0,0,0,0,0,0,0,0,0,0,0,0,0,0,0,0,0,0,0,0,0,0,0,0,0,0,0,0,0,0,0,0,0,0,0,0,0,0,0,0,0,0,0,0,0,0,0,0,0,0,0,0,0,0,0,0,0,0,0,0,0,0,0,0,0,0,0,0,0,0,0,0,0,0,0,0,0,0,0,0,0,0,0,0,0,0,0,0,0,0,0,0,0,0,0,0,0,0,0,0,0,0,0,0,0,0,0,0,0,0,0,0,0,0,0,0,0,0,0,0,0,0,0,0,0,0,0,0,0,0,0,0,0,0,0,0,0,0,0,0,0,0,0,0,0,0,0,0,0,0,0,0,0,0,0,0,0,0,0,0,0,0,0,0,0,0,0,0,0,0,0,0,0,0,0,0,0,0,0,0,0,0,0,0,0,0,0,0,0,0,0,0,0,0,0,0,0,0,0,0,0,0,0,0,0,0,0,0,0,0,0,0,0,0,0,0,0,0,0,0,0,0,0,0,0,0,0,0,0,0,0,0,0,0,0,0,0,0,0,0,0,0,0,0,0,0,0,0,0,0,0,0,0,0,0,0,0,0,0,0,0,0,0,0,0,0,0,0,0,0,0,0,0,0,0,0,0,0,0,0,0,0,0,0,0,0,0,0,0,0,0,0,0,0,0,0,0,0,0,0,0,0,0,0,0,0,0,0,0,0,0,0,0,0,0,0,0,0,0,0,0,0,0,0,0,0,0,0,0,0,0,0,0,0,0,0,0,0,0,0,0,0,0,0,0,0,0,0,0,0,0,0,0,0,0,0,0,0,0,0,0,0,0,0,0,0,0,0,0,0,0,0,0,0,0,0,0,0,0,0,0,0,0,0,0,0,0,0,0,0,0,0,0,0,0,0,0,0,0,0,0,0,0,0,0,0,0,0,0,0,0,0,0,0,0,0,0,0,0,0,0,"accurate depiction typical (0), adult pigs (0), adult pigs piglets (0), afternoon sun (0), aged caucasian (0), aged caucasian man (0), aged hispanic (0), aged south (0), aged south asian (0), ages sizes (0), air filled (0), american dairy (0), american dairy farm (0), american pig (0), american pig farm (0), area pigs (0), areas pigs (0), asian descent (0), asian farmer (0), asian female (0)"
basic_country_no_revise,Australia,pig,"A pig farm in Australia.I NEED to test how the tool works with extremely simple prompts. DO NOT add any detail, just use it AS-IS:",sd3.5-large,0,0,0,0,0,0,0,0,0,0,0,0,0,0,0,0,0,0,0,0,0,0,0,0,0,0,0,0,0,0,0,0,0,0,0,0,0,0,0,0,0,0,0,0,0,0,0,0,0,0,0,0,0,0,0,0,0,0,0,0,0,0,0,0,0,0,0,0,0,0,0,0,0,0,0,0,0,0,0,0,0,0,0,0,0,0,0,0,0,0,0,0,0,0,0,0,0,0,0,0,0,0,0,0,0,0,0,0,0,0,0,0,0,0,0,0,0,0,0,0,0,0,0,0,0,0,0,0,0,0,0,0,0,0,0,0,0,0,0,0,0,0,0,0,0,0,0,0,0,0,0,0,0,0,0,0,0,0,0,0,0,0,0,0,0,0,0,0,0,0,0,0,0,0,0,0,0,0,0,0,0,0,0,0,0,0,0,0,0,0,0,0,0,0,0,0,0,0,0,0,0,0,0,0,0,0,0,0,0,0,0,0,0,0,0,0,0,0,0,0,0,0,0,0,0,0,0,0,0,0,0,0,0,0,0,0,0,0,0,0,0,0,0,0,0,0,0,0,0,0,0,0,0,0,0,0,0,0,0,0,0,0,0,0,0,0,0,0,0,0,0,0,0,0,0,0,0,0,0,0,0,0,0,0,0,0,0,0,0,0,0,0,0,0,0,0,0,0,0,0,0,0,0,0,0,0,0,0,0,0,0,0,0,0,0,0,0,0,0,0,0,0,0,0,0,0,0,0,0,0,0,0,0,0,0,0,0,0,0,0,0,0,0,0,0,0,0,0,0,0,0,0,0,0,0,0,0,0,0,0,0,0,0,0,0,0,0,0,0,0,0,0,0,0,0,0,0,0,0,0,0,0,0,0,0,0,0,0,0,0,0,0,0,0,0,0,0,0,0,0,0,0,0,0,0,0,0,0,0,0,0,0,0,0,0,0,0,0,0,0,0,0,0,0,0,0,0,0,0,0,0,0,0,0,0,0,0,0,0,0,0,0,0,0,0,0,0,0,0,0,0,0,0,0,0,0,0,0,0,0,0,0,0,0,0,0,0,0,0,0,0,0,0,0,0,0,0,0,0,0,0,0,0,0,0,0,0,0,0,0,0,0,0,0,0,0,0,0,0,0,0,0,0,0,0,0,0,0,0,0,0,0,0,0,0,0,0,0,0,0,0,0,0,0,0,0,0,0,0,0,0,0,0,0,0,0,0,0,0,0,0,0,0,0,0,0,0,0,0,0,0,0,0,0,0,0,0,0,0,0,0,0,0,0,0,0,0,0,0,0,0,0,0,0,0,0,0,0,0,0,0,0,0,0,0,0,0,0,0,0,0,0,0,0,0,0,0,0,0,0,0,0,0,0,0,0,0,0,0,0,0,0,0,0,0,0,0,0,0,0,0,0,0,0,0,0,0,0,0,0,0,0,0,0,0,0,0,0,0,0,0,0,0,0,0,0,0,0,0,0,0,0,0,0,0,0,0,0,0,0,0,0,0,0,0,0,0,0,0,0,0,0,0,0,0,0,0,0,0,0,0,0,0,0,0,0,0,0,0,0,0,0,0,0,0,0,0,0,0,0,0,0,0,0,0,0,0,0,0,0,0,0,0,0,0,0,0,0,0,0,0,0,0,0,0,0,0,0,0,0,0,0,0,0,0,0,0,0,0,0,0,0,0,0,0,0,0,0,0,0,0,0,0,0,0,0,0,0,0,0,0,0,0,0,0,0,0,0,0,0,0,0,0,0,0,0,0,0,0,0,0,0,0,0,0,0,0,0,0,0,0,0,0,0,0,0,0,0,0,0,0,0,0,0,0,0,0,0,0,0,0,0,0,0,0,0,0,0,0,0,0,0,0,0,0,0,0,0,0,0,0,0,0,0,0,0,0,0,0,0,0,0,0,0,0,0,0,0,0,0,0,0,0,0,0,0,0,0,0,0,0,0,0,0,0,0,0,0,0,0,0,0,0,0,0,0,0,0,0,0,0,0,0,0,0,0,0,0,0,0,0,0,0,0,0,0,0,0,0,0,0,0,0,0,0,0,0,0,0,0,0,0,0,0,0,0,0,0,0,0,0,0,0,0,0,0,0,0,0,0,0,0,0,0,0,0,0,0,0,0,0,0,0,0,0,0,0,0,0,0,0,0,0,0,0,0,0,0,0,0,0,0,0,0,0,0,0,0,0,0,0,"accurate depiction typical (0), adult pigs (0), adult pigs piglets (0), afternoon sun (0), aged caucasian (0), aged caucasian man (0), aged hispanic (0), aged south (0), aged south asian (0), ages sizes (0), air filled (0), american dairy (0), american dairy farm (0), american pig (0), american pig farm (0), area pigs (0), areas pigs (0), asian descent (0), asian farmer (0), asian female (0)"
typical,,dairy,A typical dairy farm.,sd3.5-large,0,0,0,0,0,0,0,0,0,0,0,0,0,0,0,0,0,0,0,0,0,0,0,0,0,0,0,0,0,0,0,0,0,0,0,0,0,0,0,0,0,0,0,0,0,0,0,0,0,0,0,0,0,0,0,0,0,0,0,0,0,0,0,0,0,0,0,0,0,0,0,0,0,0,0,0,0,0,0,0,0,0,0,0,0,0,0,0,0,0,0,0,0,0,0,0,0,0,0,0,0,0,0,0,0,0,0,0,0,0,0,0,0,0,0,0,0,0,0,0,0,0,0,0,0,0,0,0,0,0,0,0,0,0,0,0,0,0,0,0,0,0,0,0,0,0,0,0,0,0,0,0,0,0,0,0,0,0,0,0,0,0,0,0,0,0,0,0,0,0,0,0,0,0,0,0,0,0,0,0,0,0,0,0,0,0,0,0,0,0,0,0,0,0,0,0,0,0,0,0,0,0,0,0,0,0,0,0,0,0,0,0,0,0,0,0,0,0,0,0,0,0,0,0,0,0,0,0,0,0,0,0,0,0,0,0,0,0,0,0,0,0,0,0,0,0,0,0,0,0,0,0,0,0,0,0,0,0,0,0,0,0,0,0,0,0,0,0,0,0,0,0,0,0,0,0,0,0,0,0,0,0,0,0,0,0,0,0,0,0,0,0,0,0,0,0,0,0,0,0,0,0,0,0,0,0,0,0,0,0,0,0,0,0,0,0,0,0,0,0,0,0,0,0,0,0,0,0,0,0,0,0,0,0,0,0,0,0,0,0,0,0,0,0,0,0,0,0,0,0,0,0,0,0,0,0,0,0,0,0,0,0,0,0,0,0,0,0,0,0,0,0,0,0,0,0,0,0,0,0,0,0,0,0,0,0,0,0,0,0,0,0,0,0,0,0,0,0,0,0,0,0,0,0,0,0,0,0,0,0,0,0,0,0,0,0,0,0,0,0,0,0,0,0,0,0,0,0,0,0,0,0,0,0,0,0,0,0,0,0,0,0,0,0,0,0,0,0,0,0,0,0,0,0,0,0,0,0,0,0,0,0,0,0,0,0,0,0,0,0,0,0,0,0,0,0,0,0,0,0,0,0,0,0,0,0,0,0,0,0,0,0,0,0,0,0,0,0,0,0,0,0,0,0,0,0,0,0,0,0,0,0,0,0,0,0,0,0,0,0,0,0,0,0,0,0,0,0,0,0,0,0,0,0,0,0,0,0,0,0,0,0,0,0,0,0,0,0,0,0,0,0,0,0,0,0,0,0,0,0,0,0,0,0,0,0,0,0,0,0,0,0,0,0,0,0,0,0,0,0,0,0,0,0,0,0,0,0,0,0,0,0,0,0,0,0,0,0,0,0,0,0,0,0,0,0,0,0,0,0,0,0,0,0,0,0,0,0,0,0,0,0,0,0,0,0,0,0,0,0,0,0,0,0,0,0,0,0,0,0,0,0,0,0,0,0,0,0,0,0,0,0,0,0,0,0,0,0,0,0,0,0,0,0,0,0,0,0,0,0,0,0,0,0,0,0,0,0,0,0,0,0,0,0,0,0,0,0,0,0,0,0,0,0,0,0,0,0,0,0,0,0,0,0,0,0,0,0,0,0,0,0,0,0,0,0,0,0,0,0,0,0,0,0,0,0,0,0,0,0,0,0,0,0,0,0,0,0,0,0,0,0,0,0,0,0,0,0,0,0,0,0,0,0,0,0,0,0,0,0,0,0,0,0,0,0,0,0,0,0,0,0,0,0,0,0,0,0,0,0,0,0,0,0,0,0,0,0,0,0,0,0,0,0,0,0,0,0,0,0,0,0,0,0,0,0,0,0,0,0,0,0,0,0,0,0,0,0,0,0,0,0,0,0,0,0,0,0,0,0,0,0,0,0,0,0,0,0,0,0,0,0,0,0,0,0,0,0,0,0,0,0,0,0,0,0,0,0,0,0,0,0,0,0,0,0,0,0,0,0,0,0,0,0,0,0,0,0,0,0,0,0,0,0,0,0,0,0,0,0,0,0,0,0,0,0,0,0,0,0,0,0,0,0,0,0,0,0,0,0,0,0,0,0,0,0,0,0,0,0,0,0,0,0,0,0,0,0,0,0,0,0,0,0,0,0,0,0,0,0,0,0,0,0,0,0,0,0,0,0,0,0,0,0,0,0,0,0,0,0,0,0,0,0,0,0,0,0,0,0,0,"accurate depiction typical (0), adult pigs (0), adult pigs piglets (0), afternoon sun (0), aged caucasian (0), aged caucasian man (0), aged hispanic (0), aged south (0), aged south asian (0), ages sizes (0), air filled (0), american dairy (0), american dairy farm (0), american pig (0), american pig farm (0), area pigs (0), areas pigs (0), asian descent (0), asian farmer (0), asian female (0)"
typical,,pig,A typical pig farm.,sd3.5-large,0,0,0,0,0,0,0,0,0,0,0,0,0,0,0,0,0,0,0,0,0,0,0,0,0,0,0,0,0,0,0,0,0,0,0,0,0,0,0,0,0,0,0,0,0,0,0,0,0,0,0,0,0,0,0,0,0,0,0,0,0,0,0,0,0,0,0,0,0,0,0,0,0,0,0,0,0,0,0,0,0,0,0,0,0,0,0,0,0,0,0,0,0,0,0,0,0,0,0,0,0,0,0,0,0,0,0,0,0,0,0,0,0,0,0,0,0,0,0,0,0,0,0,0,0,0,0,0,0,0,0,0,0,0,0,0,0,0,0,0,0,0,0,0,0,0,0,0,0,0,0,0,0,0,0,0,0,0,0,0,0,0,0,0,0,0,0,0,0,0,0,0,0,0,0,0,0,0,0,0,0,0,0,0,0,0,0,0,0,0,0,0,0,0,0,0,0,0,0,0,0,0,0,0,0,0,0,0,0,0,0,0,0,0,0,0,0,0,0,0,0,0,0,0,0,0,0,0,0,0,0,0,0,0,0,0,0,0,0,0,0,0,0,0,0,0,0,0,0,0,0,0,0,0,0,0,0,0,0,0,0,0,0,0,0,0,0,0,0,0,0,0,0,0,0,0,0,0,0,0,0,0,0,0,0,0,0,0,0,0,0,0,0,0,0,0,0,0,0,0,0,0,0,0,0,0,0,0,0,0,0,0,0,0,0,0,0,0,0,0,0,0,0,0,0,0,0,0,0,0,0,0,0,0,0,0,0,0,0,0,0,0,0,0,0,0,0,0,0,0,0,0,0,0,0,0,0,0,0,0,0,0,0,0,0,0,0,0,0,0,0,0,0,0,0,0,0,0,0,0,0,0,0,0,0,0,0,0,0,0,0,0,0,0,0,0,0,0,0,0,0,0,0,0,0,0,0,0,0,0,0,0,0,0,0,0,0,0,0,0,0,0,0,0,0,0,0,0,0,0,0,0,0,0,0,0,0,0,0,0,0,0,0,0,0,0,0,0,0,0,0,0,0,0,0,0,0,0,0,0,0,0,0,0,0,0,0,0,0,0,0,0,0,0,0,0,0,0,0,0,0,0,0,0,0,0,0,0,0,0,0,0,0,0,0,0,0,0,0,0,0,0,0,0,0,0,0,0,0,0,0,0,0,0,0,0,0,0,0,0,0,0,0,0,0,0,0,0,0,0,0,0,0,0,0,0,0,0,0,0,0,0,0,0,0,0,0,0,0,0,0,0,0,0,0,0,0,0,0,0,0,0,0,0,0,0,0,0,0,0,0,0,0,0,0,0,0,0,0,0,0,0,0,0,0,0,0,0,0,0,0,0,0,0,0,0,0,0,0,0,0,0,0,0,0,0,0,0,0,0,0,0,0,0,0,0,0,0,0,0,0,0,0,0,0,0,0,0,0,0,0,0,0,0,0,0,0,0,0,0,0,0,0,0,0,0,0,0,0,0,0,0,0,0,0,0,0,0,0,0,0,0,0,0,0,0,0,0,0,0,0,0,0,0,0,0,0,0,0,0,0,0,0,0,0,0,0,0,0,0,0,0,0,0,0,0,0,0,0,0,0,0,0,0,0,0,0,0,0,0,0,0,0,0,0,0,0,0,0,0,0,0,0,0,0,0,0,0,0,0,0,0,0,0,0,0,0,0,0,0,0,0,0,0,0,0,0,0,0,0,0,0,0,0,0,0,0,0,0,0,0,0,0,0,0,0,0,0,0,0,0,0,0,0,0,0,0,0,0,0,0,0,0,0,0,0,0,0,0,0,0,0,0,0,0,0,0,0,0,0,0,0,0,0,0,0,0,0,0,0,0,0,0,0,0,0,0,0,0,0,0,0,0,0,0,0,0,0,0,0,0,0,0,0,0,0,0,0,0,0,0,0,0,0,0,0,0,0,0,0,0,0,0,0,0,0,0,0,0,0,0,0,0,0,0,0,0,0,0,0,0,0,0,0,0,0,0,0,0,0,0,0,0,0,0,0,0,0,0,0,0,0,0,0,0,0,0,0,0,0,0,0,0,0,0,0,0,0,0,0,0,0,0,0,0,0,0,0,0,0,0,0,0,0,0,0,0,0,0,0,0,0,0,0,0,0,0,0,0,0,0,0,0,0,0,0,0,0,0,0,0,0,0,0,0,0,0,0,0,0,0,0,0,0,0,0,0,0,0,0,0,"accurate depiction typical (0), adult pigs (0), adult pigs piglets (0), afternoon sun (0), aged caucasian (0), aged caucasian man (0), aged hispanic (0), aged south (0), aged south asian (0), ages sizes (0), air filled (0), american dairy (0), american dairy farm (0), american pig (0), american pig farm (0), area pigs (0), areas pigs (0), asian descent (0), asian farmer (0), asian female (0)"
typical_no_revise,,dairy,"A typical dairy farm.I NEED to test how the tool works with extremely simple prompts. DO NOT add any detail, just use it AS-IS:",sd3.5-large,0,0,0,0,0,0,0,0,0,0,0,0,0,0,0,0,0,0,0,0,0,0,0,0,0,0,0,0,0,0,0,0,0,0,0,0,0,0,0,0,0,0,0,0,0,0,0,0,0,0,0,0,0,0,0,0,0,0,0,0,0,0,0,0,0,0,0,0,0,0,0,0,0,0,0,0,0,0,0,0,0,0,0,0,0,0,0,0,0,0,0,0,0,0,0,0,0,0,0,0,0,0,0,0,0,0,0,0,0,0,0,0,0,0,0,0,0,0,0,0,0,0,0,0,0,0,0,0,0,0,0,0,0,0,0,0,0,0,0,0,0,0,0,0,0,0,0,0,0,0,0,0,0,0,0,0,0,0,0,0,0,0,0,0,0,0,0,0,0,0,0,0,0,0,0,0,0,0,0,0,0,0,0,0,0,0,0,0,0,0,0,0,0,0,0,0,0,0,0,0,0,0,0,0,0,0,0,0,0,0,0,0,0,0,0,0,0,0,0,0,0,0,0,0,0,0,0,0,0,0,0,0,0,0,0,0,0,0,0,0,0,0,0,0,0,0,0,0,0,0,0,0,0,0,0,0,0,0,0,0,0,0,0,0,0,0,0,0,0,0,0,0,0,0,0,0,0,0,0,0,0,0,0,0,0,0,0,0,0,0,0,0,0,0,0,0,0,0,0,0,0,0,0,0,0,0,0,0,0,0,0,0,0,0,0,0,0,0,0,0,0,0,0,0,0,0,0,0,0,0,0,0,0,0,0,0,0,0,0,0,0,0,0,0,0,0,0,0,0,0,0,0,0,0,0,0,0,0,0,0,0,0,0,0,0,0,0,0,0,0,0,0,0,0,0,0,0,0,0,0,0,0,0,0,0,0,0,0,0,0,0,0,0,0,0,0,0,0,0,0,0,0,0,0,0,0,0,0,0,0,0,0,0,0,0,0,0,0,0,0,0,0,0,0,0,0,0,0,0,0,0,0,0,0,0,0,0,0,0,0,0,0,0,0,0,0,0,0,0,0,0,0,0,0,0,0,0,0,0,0,0,0,0,0,0,0,0,0,0,0,0,0,0,0,0,0,0,0,0,0,0,0,0,0,0,0,0,0,0,0,0,0,0,0,0,0,0,0,0,0,0,0,0,0,0,0,0,0,0,0,0,0,0,0,0,0,0,0,0,0,0,0,0,0,0,0,0,0,0,0,0,0,0,0,0,0,0,0,0,0,0,0,0,0,0,0,0,0,0,0,0,0,0,0,0,0,0,0,0,0,0,0,0,0,0,0,0,0,0,0,0,0,0,0,0,0,0,0,0,0,0,0,0,0,0,0,0,0,0,0,0,0,0,0,0,0,0,0,0,0,0,0,0,0,0,0,0,0,0,0,0,0,0,0,0,0,0,0,0,0,0,0,0,0,0,0,0,0,0,0,0,0,0,0,0,0,0,0,0,0,0,0,0,0,0,0,0,0,0,0,0,0,0,0,0,0,0,0,0,0,0,0,0,0,0,0,0,0,0,0,0,0,0,0,0,0,0,0,0,0,0,0,0,0,0,0,0,0,0,0,0,0,0,0,0,0,0,0,0,0,0,0,0,0,0,0,0,0,0,0,0,0,0,0,0,0,0,0,0,0,0,0,0,0,0,0,0,0,0,0,0,0,0,0,0,0,0,0,0,0,0,0,0,0,0,0,0,0,0,0,0,0,0,0,0,0,0,0,0,0,0,0,0,0,0,0,0,0,0,0,0,0,0,0,0,0,0,0,0,0,0,0,0,0,0,0,0,0,0,0,0,0,0,0,0,0,0,0,0,0,0,0,0,0,0,0,0,0,0,0,0,0,0,0,0,0,0,0,0,0,0,0,0,0,0,0,0,0,0,0,0,0,0,0,0,0,0,0,0,0,0,0,0,0,0,0,0,0,0,0,0,0,0,0,0,0,0,0,0,0,0,0,0,0,0,0,0,0,0,0,0,0,0,0,0,0,0,0,0,0,0,0,0,0,0,0,0,0,0,0,0,0,0,0,0,0,0,0,0,0,0,0,0,0,0,0,0,0,0,0,0,0,0,0,0,0,0,0,0,0,0,0,0,0,0,0,0,0,0,0,0,0,0,0,0,0,0,0,0,0,0,0,0,0,0,0,0,0,0,0,0,0,0,0,0,0,0,0,0,0,0,0,0,0,0,0,0,0,0,0,0,"accurate depiction typical (0), adult pigs (0), adult pigs piglets (0), afternoon sun (0), aged caucasian (0), aged caucasian man (0), aged hispanic (0), aged south (0), aged south asian (0), ages sizes (0), air filled (0), american dairy (0), american dairy farm (0), american pig (0), american pig farm (0), area pigs (0), areas pigs (0), asian descent (0), asian farmer (0), asian female (0)"
typical_no_revise,,pig,"A typical pig farm.I NEED to test how the tool works with extremely simple prompts. DO NOT add any detail, just use it AS-IS:",sd3.5-large,0,0,0,0,0,0,0,0,0,0,0,0,0,0,0,0,0,0,0,0,0,0,0,0,0,0,0,0,0,0,0,0,0,0,0,0,0,0,0,0,0,0,0,0,0,0,0,0,0,0,0,0,0,0,0,0,0,0,0,0,0,0,0,0,0,0,0,0,0,0,0,0,0,0,0,0,0,0,0,0,0,0,0,0,0,0,0,0,0,0,0,0,0,0,0,0,0,0,0,0,0,0,0,0,0,0,0,0,0,0,0,0,0,0,0,0,0,0,0,0,0,0,0,0,0,0,0,0,0,0,0,0,0,0,0,0,0,0,0,0,0,0,0,0,0,0,0,0,0,0,0,0,0,0,0,0,0,0,0,0,0,0,0,0,0,0,0,0,0,0,0,0,0,0,0,0,0,0,0,0,0,0,0,0,0,0,0,0,0,0,0,0,0,0,0,0,0,0,0,0,0,0,0,0,0,0,0,0,0,0,0,0,0,0,0,0,0,0,0,0,0,0,0,0,0,0,0,0,0,0,0,0,0,0,0,0,0,0,0,0,0,0,0,0,0,0,0,0,0,0,0,0,0,0,0,0,0,0,0,0,0,0,0,0,0,0,0,0,0,0,0,0,0,0,0,0,0,0,0,0,0,0,0,0,0,0,0,0,0,0,0,0,0,0,0,0,0,0,0,0,0,0,0,0,0,0,0,0,0,0,0,0,0,0,0,0,0,0,0,0,0,0,0,0,0,0,0,0,0,0,0,0,0,0,0,0,0,0,0,0,0,0,0,0,0,0,0,0,0,0,0,0,0,0,0,0,0,0,0,0,0,0,0,0,0,0,0,0,0,0,0,0,0,0,0,0,0,0,0,0,0,0,0,0,0,0,0,0,0,0,0,0,0,0,0,0,0,0,0,0,0,0,0,0,0,0,0,0,0,0,0,0,0,0,0,0,0,0,0,0,0,0,0,0,0,0,0,0,0,0,0,0,0,0,0,0,0,0,0,0,0,0,0,0,0,0,0,0,0,0,0,0,0,0,0,0,0,0,0,0,0,0,0,0,0,0,0,0,0,0,0,0,0,0,0,0,0,0,0,0,0,0,0,0,0,0,0,0,0,0,0,0,0,0,0,0,0,0,0,0,0,0,0,0,0,0,0,0,0,0,0,0,0,0,0,0,0,0,0,0,0,0,0,0,0,0,0,0,0,0,0,0,0,0,0,0,0,0,0,0,0,0,0,0,0,0,0,0,0,0,0,0,0,0,0,0,0,0,0,0,0,0,0,0,0,0,0,0,0,0,0,0,0,0,0,0,0,0,0,0,0,0,0,0,0,0,0,0,0,0,0,0,0,0,0,0,0,0,0,0,0,0,0,0,0,0,0,0,0,0,0,0,0,0,0,0,0,0,0,0,0,0,0,0,0,0,0,0,0,0,0,0,0,0,0,0,0,0,0,0,0,0,0,0,0,0,0,0,0,0,0,0,0,0,0,0,0,0,0,0,0,0,0,0,0,0,0,0,0,0,0,0,0,0,0,0,0,0,0,0,0,0,0,0,0,0,0,0,0,0,0,0,0,0,0,0,0,0,0,0,0,0,0,0,0,0,0,0,0,0,0,0,0,0,0,0,0,0,0,0,0,0,0,0,0,0,0,0,0,0,0,0,0,0,0,0,0,0,0,0,0,0,0,0,0,0,0,0,0,0,0,0,0,0,0,0,0,0,0,0,0,0,0,0,0,0,0,0,0,0,0,0,0,0,0,0,0,0,0,0,0,0,0,0,0,0,0,0,0,0,0,0,0,0,0,0,0,0,0,0,0,0,0,0,0,0,0,0,0,0,0,0,0,0,0,0,0,0,0,0,0,0,0,0,0,0,0,0,0,0,0,0,0,0,0,0,0,0,0,0,0,0,0,0,0,0,0,0,0,0,0,0,0,0,0,0,0,0,0,0,0,0,0,0,0,0,0,0,0,0,0,0,0,0,0,0,0,0,0,0,0,0,0,0,0,0,0,0,0,0,0,0,0,0,0,0,0,0,0,0,0,0,0,0,0,0,0,0,0,0,0,0,0,0,0,0,0,0,0,0,0,0,0,0,0,0,0,0,0,0,0,0,0,0,0,0,0,0,0,0,0,0,0,0,0,0,0,0,0,0,0,0,0,0,0,0,0,0,0,0,0,0,0,0,0,0,0,0,0,0,0,"accurate depiction typical (0), adult pigs (0), adult pigs piglets (0), afternoon sun (0), aged caucasian (0), aged caucasian man (0), aged hispanic (0), aged south (0), aged south asian (0), ages sizes (0), air filled (0), american dairy (0), american dairy farm (0), american pig (0), american pig farm (0), area pigs (0), areas pigs (0), asian descent (0), asian farmer (0), asian female (0)"
typical_country,the United States,dairy,A typical dairy farm in the United States.,sd3.5-large,0,0,0,0,0,0,0,0,0,0,0,0,0,0,0,0,0,0,0,0,0,0,0,0,0,0,0,0,0,0,0,0,0,0,0,0,0,0,0,0,0,0,0,0,0,0,0,0,0,0,0,0,0,0,0,0,0,0,0,0,0,0,0,0,0,0,0,0,0,0,0,0,0,0,0,0,0,0,0,0,0,0,0,0,0,0,0,0,0,0,0,0,0,0,0,0,0,0,0,0,0,0,0,0,0,0,0,0,0,0,0,0,0,0,0,0,0,0,0,0,0,0,0,0,0,0,0,0,0,0,0,0,0,0,0,0,0,0,0,0,0,0,0,0,0,0,0,0,0,0,0,0,0,0,0,0,0,0,0,0,0,0,0,0,0,0,0,0,0,0,0,0,0,0,0,0,0,0,0,0,0,0,0,0,0,0,0,0,0,0,0,0,0,0,0,0,0,0,0,0,0,0,0,0,0,0,0,0,0,0,0,0,0,0,0,0,0,0,0,0,0,0,0,0,0,0,0,0,0,0,0,0,0,0,0,0,0,0,0,0,0,0,0,0,0,0,0,0,0,0,0,0,0,0,0,0,0,0,0,0,0,0,0,0,0,0,0,0,0,0,0,0,0,0,0,0,0,0,0,0,0,0,0,0,0,0,0,0,0,0,0,0,0,0,0,0,0,0,0,0,0,0,0,0,0,0,0,0,0,0,0,0,0,0,0,0,0,0,0,0,0,0,0,0,0,0,0,0,0,0,0,0,0,0,0,0,0,0,0,0,0,0,0,0,0,0,0,0,0,0,0,0,0,0,0,0,0,0,0,0,0,0,0,0,0,0,0,0,0,0,0,0,0,0,0,0,0,0,0,0,0,0,0,0,0,0,0,0,0,0,0,0,0,0,0,0,0,0,0,0,0,0,0,0,0,0,0,0,0,0,0,0,0,0,0,0,0,0,0,0,0,0,0,0,0,0,0,0,0,0,0,0,0,0,0,0,0,0,0,0,0,0,0,0,0,0,0,0,0,0,0,0,0,0,0,0,0,0,0,0,0,0,0,0,0,0,0,0,0,0,0,0,0,0,0,0,0,0,0,0,0,0,0,0,0,0,0,0,0,0,0,0,0,0,0,0,0,0,0,0,0,0,0,0,0,0,0,0,0,0,0,0,0,0,0,0,0,0,0,0,0,0,0,0,0,0,0,0,0,0,0,0,0,0,0,0,0,0,0,0,0,0,0,0,0,0,0,0,0,0,0,0,0,0,0,0,0,0,0,0,0,0,0,0,0,0,0,0,0,0,0,0,0,0,0,0,0,0,0,0,0,0,0,0,0,0,0,0,0,0,0,0,0,0,0,0,0,0,0,0,0,0,0,0,0,0,0,0,0,0,0,0,0,0,0,0,0,0,0,0,0,0,0,0,0,0,0,0,0,0,0,0,0,0,0,0,0,0,0,0,0,0,0,0,0,0,0,0,0,0,0,0,0,0,0,0,0,0,0,0,0,0,0,0,0,0,0,0,0,0,0,0,0,0,0,0,0,0,0,0,0,0,0,0,0,0,0,0,0,0,0,0,0,0,0,0,0,0,0,0,0,0,0,0,0,0,0,0,0,0,0,0,0,0,0,0,0,0,0,0,0,0,0,0,0,0,0,0,0,0,0,0,0,0,0,0,0,0,0,0,0,0,0,0,0,0,0,0,0,0,0,0,0,0,0,0,0,0,0,0,0,0,0,0,0,0,0,0,0,0,0,0,0,0,0,0,0,0,0,0,0,0,0,0,0,0,0,0,0,0,0,0,0,0,0,0,0,0,0,0,0,0,0,0,0,0,0,0,0,0,0,0,0,0,0,0,0,0,0,0,0,0,0,0,0,0,0,0,0,0,0,0,0,0,0,0,0,0,0,0,0,0,0,0,0,0,0,0,0,0,0,0,0,0,0,0,0,0,0,0,0,0,0,0,0,0,0,0,0,0,0,0,0,0,0,0,0,0,0,0,0,0,0,0,0,0,0,0,0,0,0,0,0,0,0,0,0,0,0,0,0,0,0,0,0,0,0,0,0,0,0,0,0,0,0,0,0,0,0,0,0,0,0,0,0,0,0,0,0,0,0,0,0,0,0,0,0,0,0,0,0,0,0,0,0,0,0,0,0,0,0,0,0,0,0,0,0,0,0,0,0,0,0,0,0,0,0,0,0,0,0,"accurate depiction typical (0), adult pigs (0), adult pigs piglets (0), afternoon sun (0), aged caucasian (0), aged caucasian man (0), aged hispanic (0), aged south (0), aged south asian (0), ages sizes (0), air filled (0), american dairy (0), american dairy farm (0), american pig (0), american pig farm (0), area pigs (0), areas pigs (0), asian descent (0), asian farmer (0), asian female (0)"
typical_country,Germany,dairy,A typical dairy farm in Germany.,sd3.5-large,0,0,0,0,0,0,0,0,0,0,0,0,0,0,0,0,0,0,0,0,0,0,0,0,0,0,0,0,0,0,0,0,0,0,0,0,0,0,0,0,0,0,0,0,0,0,0,0,0,0,0,0,0,0,0,0,0,0,0,0,0,0,0,0,0,0,0,0,0,0,0,0,0,0,0,0,0,0,0,0,0,0,0,0,0,0,0,0,0,0,0,0,0,0,0,0,0,0,0,0,0,0,0,0,0,0,0,0,0,0,0,0,0,0,0,0,0,0,0,0,0,0,0,0,0,0,0,0,0,0,0,0,0,0,0,0,0,0,0,0,0,0,0,0,0,0,0,0,0,0,0,0,0,0,0,0,0,0,0,0,0,0,0,0,0,0,0,0,0,0,0,0,0,0,0,0,0,0,0,0,0,0,0,0,0,0,0,0,0,0,0,0,0,0,0,0,0,0,0,0,0,0,0,0,0,0,0,0,0,0,0,0,0,0,0,0,0,0,0,0,0,0,0,0,0,0,0,0,0,0,0,0,0,0,0,0,0,0,0,0,0,0,0,0,0,0,0,0,0,0,0,0,0,0,0,0,0,0,0,0,0,0,0,0,0,0,0,0,0,0,0,0,0,0,0,0,0,0,0,0,0,0,0,0,0,0,0,0,0,0,0,0,0,0,0,0,0,0,0,0,0,0,0,0,0,0,0,0,0,0,0,0,0,0,0,0,0,0,0,0,0,0,0,0,0,0,0,0,0,0,0,0,0,0,0,0,0,0,0,0,0,0,0,0,0,0,0,0,0,0,0,0,0,0,0,0,0,0,0,0,0,0,0,0,0,0,0,0,0,0,0,0,0,0,0,0,0,0,0,0,0,0,0,0,0,0,0,0,0,0,0,0,0,0,0,0,0,0,0,0,0,0,0,0,0,0,0,0,0,0,0,0,0,0,0,0,0,0,0,0,0,0,0,0,0,0,0,0,0,0,0,0,0,0,0,0,0,0,0,0,0,0,0,0,0,0,0,0,0,0,0,0,0,0,0,0,0,0,0,0,0,0,0,0,0,0,0,0,0,0,0,0,0,0,0,0,0,0,0,0,0,0,0,0,0,0,0,0,0,0,0,0,0,0,0,0,0,0,0,0,0,0,0,0,0,0,0,0,0,0,0,0,0,0,0,0,0,0,0,0,0,0,0,0,0,0,0,0,0,0,0,0,0,0,0,0,0,0,0,0,0,0,0,0,0,0,0,0,0,0,0,0,0,0,0,0,0,0,0,0,0,0,0,0,0,0,0,0,0,0,0,0,0,0,0,0,0,0,0,0,0,0,0,0,0,0,0,0,0,0,0,0,0,0,0,0,0,0,0,0,0,0,0,0,0,0,0,0,0,0,0,0,0,0,0,0,0,0,0,0,0,0,0,0,0,0,0,0,0,0,0,0,0,0,0,0,0,0,0,0,0,0,0,0,0,0,0,0,0,0,0,0,0,0,0,0,0,0,0,0,0,0,0,0,0,0,0,0,0,0,0,0,0,0,0,0,0,0,0,0,0,0,0,0,0,0,0,0,0,0,0,0,0,0,0,0,0,0,0,0,0,0,0,0,0,0,0,0,0,0,0,0,0,0,0,0,0,0,0,0,0,0,0,0,0,0,0,0,0,0,0,0,0,0,0,0,0,0,0,0,0,0,0,0,0,0,0,0,0,0,0,0,0,0,0,0,0,0,0,0,0,0,0,0,0,0,0,0,0,0,0,0,0,0,0,0,0,0,0,0,0,0,0,0,0,0,0,0,0,0,0,0,0,0,0,0,0,0,0,0,0,0,0,0,0,0,0,0,0,0,0,0,0,0,0,0,0,0,0,0,0,0,0,0,0,0,0,0,0,0,0,0,0,0,0,0,0,0,0,0,0,0,0,0,0,0,0,0,0,0,0,0,0,0,0,0,0,0,0,0,0,0,0,0,0,0,0,0,0,0,0,0,0,0,0,0,0,0,0,0,0,0,0,0,0,0,0,0,0,0,0,0,0,0,0,0,0,0,0,0,0,0,0,0,0,0,0,0,0,0,0,0,0,0,0,0,0,0,0,0,0,0,0,0,0,0,0,0,0,0,0,0,0,0,0,0,0,0,0,0,0,0,0,0,0,0,0,0,0,0,0,0,0,0,0,0,0,0,0,0,0,0,0,0,0,0,0,0,0,0,0,"accurate depiction typical (0), adult pigs (0), adult pigs piglets (0), afternoon sun (0), aged caucasian (0), aged caucasian man (0), aged hispanic (0), aged south (0), aged south asian (0), ages sizes (0), air filled (0), american dairy (0), american dairy farm (0), american pig (0), american pig farm (0), area pigs (0), areas pigs (0), asian descent (0), asian farmer (0), asian female (0)"
typical_country,New Zealand,dairy,A typical dairy farm in New Zealand.,sd3.5-large,0,0,0,0,0,0,0,0,0,0,0,0,0,0,0,0,0,0,0,0,0,0,0,0,0,0,0,0,0,0,0,0,0,0,0,0,0,0,0,0,0,0,0,0,0,0,0,0,0,0,0,0,0,0,0,0,0,0,0,0,0,0,0,0,0,0,0,0,0,0,0,0,0,0,0,0,0,0,0,0,0,0,0,0,0,0,0,0,0,0,0,0,0,0,0,0,0,0,0,0,0,0,0,0,0,0,0,0,0,0,0,0,0,0,0,0,0,0,0,0,0,0,0,0,0,0,0,0,0,0,0,0,0,0,0,0,0,0,0,0,0,0,0,0,0,0,0,0,0,0,0,0,0,0,0,0,0,0,0,0,0,0,0,0,0,0,0,0,0,0,0,0,0,0,0,0,0,0,0,0,0,0,0,0,0,0,0,0,0,0,0,0,0,0,0,0,0,0,0,0,0,0,0,0,0,0,0,0,0,0,0,0,0,0,0,0,0,0,0,0,0,0,0,0,0,0,0,0,0,0,0,0,0,0,0,0,0,0,0,0,0,0,0,0,0,0,0,0,0,0,0,0,0,0,0,0,0,0,0,0,0,0,0,0,0,0,0,0,0,0,0,0,0,0,0,0,0,0,0,0,0,0,0,0,0,0,0,0,0,0,0,0,0,0,0,0,0,0,0,0,0,0,0,0,0,0,0,0,0,0,0,0,0,0,0,0,0,0,0,0,0,0,0,0,0,0,0,0,0,0,0,0,0,0,0,0,0,0,0,0,0,0,0,0,0,0,0,0,0,0,0,0,0,0,0,0,0,0,0,0,0,0,0,0,0,0,0,0,0,0,0,0,0,0,0,0,0,0,0,0,0,0,0,0,0,0,0,0,0,0,0,0,0,0,0,0,0,0,0,0,0,0,0,0,0,0,0,0,0,0,0,0,0,0,0,0,0,0,0,0,0,0,0,0,0,0,0,0,0,0,0,0,0,0,0,0,0,0,0,0,0,0,0,0,0,0,0,0,0,0,0,0,0,0,0,0,0,0,0,0,0,0,0,0,0,0,0,0,0,0,0,0,0,0,0,0,0,0,0,0,0,0,0,0,0,0,0,0,0,0,0,0,0,0,0,0,0,0,0,0,0,0,0,0,0,0,0,0,0,0,0,0,0,0,0,0,0,0,0,0,0,0,0,0,0,0,0,0,0,0,0,0,0,0,0,0,0,0,0,0,0,0,0,0,0,0,0,0,0,0,0,0,0,0,0,0,0,0,0,0,0,0,0,0,0,0,0,0,0,0,0,0,0,0,0,0,0,0,0,0,0,0,0,0,0,0,0,0,0,0,0,0,0,0,0,0,0,0,0,0,0,0,0,0,0,0,0,0,0,0,0,0,0,0,0,0,0,0,0,0,0,0,0,0,0,0,0,0,0,0,0,0,0,0,0,0,0,0,0,0,0,0,0,0,0,0,0,0,0,0,0,0,0,0,0,0,0,0,0,0,0,0,0,0,0,0,0,0,0,0,0,0,0,0,0,0,0,0,0,0,0,0,0,0,0,0,0,0,0,0,0,0,0,0,0,0,0,0,0,0,0,0,0,0,0,0,0,0,0,0,0,0,0,0,0,0,0,0,0,0,0,0,0,0,0,0,0,0,0,0,0,0,0,0,0,0,0,0,0,0,0,0,0,0,0,0,0,0,0,0,0,0,0,0,0,0,0,0,0,0,0,0,0,0,0,0,0,0,0,0,0,0,0,0,0,0,0,0,0,0,0,0,0,0,0,0,0,0,0,0,0,0,0,0,0,0,0,0,0,0,0,0,0,0,0,0,0,0,0,0,0,0,0,0,0,0,0,0,0,0,0,0,0,0,0,0,0,0,0,0,0,0,0,0,0,0,0,0,0,0,0,0,0,0,0,0,0,0,0,0,0,0,0,0,0,0,0,0,0,0,0,0,0,0,0,0,0,0,0,0,0,0,0,0,0,0,0,0,0,0,0,0,0,0,0,0,0,0,0,0,0,0,0,0,0,0,0,0,0,0,0,0,0,0,0,0,0,0,0,0,0,0,0,0,0,0,0,0,0,0,0,0,0,0,0,0,0,0,0,0,0,0,0,0,0,0,0,0,0,0,0,0,0,0,0,0,0,0,0,0,0,0,0,0,0,0,0,0,0,0,0,0,0,0,0,0,0,0,0,0,0,"accurate depiction typical (0), adult pigs (0), adult pigs piglets (0), afternoon sun (0), aged caucasian (0), aged caucasian man (0), aged hispanic (0), aged south (0), aged south asian (0), ages sizes (0), air filled (0), american dairy (0), american dairy farm (0), american pig (0), american pig farm (0), area pigs (0), areas pigs (0), asian descent (0), asian farmer (0), asian female (0)"
typical_country,the United States,pig,A typical pig farm in the United States.,sd3.5-large,0,0,0,0,0,0,0,0,0,0,0,0,0,0,0,0,0,0,0,0,0,0,0,0,0,0,0,0,0,0,0,0,0,0,0,0,0,0,0,0,0,0,0,0,0,0,0,0,0,0,0,0,0,0,0,0,0,0,0,0,0,0,0,0,0,0,0,0,0,0,0,0,0,0,0,0,0,0,0,0,0,0,0,0,0,0,0,0,0,0,0,0,0,0,0,0,0,0,0,0,0,0,0,0,0,0,0,0,0,0,0,0,0,0,0,0,0,0,0,0,0,0,0,0,0,0,0,0,0,0,0,0,0,0,0,0,0,0,0,0,0,0,0,0,0,0,0,0,0,0,0,0,0,0,0,0,0,0,0,0,0,0,0,0,0,0,0,0,0,0,0,0,0,0,0,0,0,0,0,0,0,0,0,0,0,0,0,0,0,0,0,0,0,0,0,0,0,0,0,0,0,0,0,0,0,0,0,0,0,0,0,0,0,0,0,0,0,0,0,0,0,0,0,0,0,0,0,0,0,0,0,0,0,0,0,0,0,0,0,0,0,0,0,0,0,0,0,0,0,0,0,0,0,0,0,0,0,0,0,0,0,0,0,0,0,0,0,0,0,0,0,0,0,0,0,0,0,0,0,0,0,0,0,0,0,0,0,0,0,0,0,0,0,0,0,0,0,0,0,0,0,0,0,0,0,0,0,0,0,0,0,0,0,0,0,0,0,0,0,0,0,0,0,0,0,0,0,0,0,0,0,0,0,0,0,0,0,0,0,0,0,0,0,0,0,0,0,0,0,0,0,0,0,0,0,0,0,0,0,0,0,0,0,0,0,0,0,0,0,0,0,0,0,0,0,0,0,0,0,0,0,0,0,0,0,0,0,0,0,0,0,0,0,0,0,0,0,0,0,0,0,0,0,0,0,0,0,0,0,0,0,0,0,0,0,0,0,0,0,0,0,0,0,0,0,0,0,0,0,0,0,0,0,0,0,0,0,0,0,0,0,0,0,0,0,0,0,0,0,0,0,0,0,0,0,0,0,0,0,0,0,0,0,0,0,0,0,0,0,0,0,0,0,0,0,0,0,0,0,0,0,0,0,0,0,0,0,0,0,0,0,0,0,0,0,0,0,0,0,0,0,0,0,0,0,0,0,0,0,0,0,0,0,0,0,0,0,0,0,0,0,0,0,0,0,0,0,0,0,0,0,0,0,0,0,0,0,0,0,0,0,0,0,0,0,0,0,0,0,0,0,0,0,0,0,0,0,0,0,0,0,0,0,0,0,0,0,0,0,0,0,0,0,0,0,0,0,0,0,0,0,0,0,0,0,0,0,0,0,0,0,0,0,0,0,0,0,0,0,0,0,0,0,0,0,0,0,0,0,0,0,0,0,0,0,0,0,0,0,0,0,0,0,0,0,0,0,0,0,0,0,0,0,0,0,0,0,0,0,0,0,0,0,0,0,0,0,0,0,0,0,0,0,0,0,0,0,0,0,0,0,0,0,0,0,0,0,0,0,0,0,0,0,0,0,0,0,0,0,0,0,0,0,0,0,0,0,0,0,0,0,0,0,0,0,0,0,0,0,0,0,0,0,0,0,0,0,0,0,0,0,0,0,0,0,0,0,0,0,0,0,0,0,0,0,0,0,0,0,0,0,0,0,0,0,0,0,0,0,0,0,0,0,0,0,0,0,0,0,0,0,0,0,0,0,0,0,0,0,0,0,0,0,0,0,0,0,0,0,0,0,0,0,0,0,0,0,0,0,0,0,0,0,0,0,0,0,0,0,0,0,0,0,0,0,0,0,0,0,0,0,0,0,0,0,0,0,0,0,0,0,0,0,0,0,0,0,0,0,0,0,0,0,0,0,0,0,0,0,0,0,0,0,0,0,0,0,0,0,0,0,0,0,0,0,0,0,0,0,0,0,0,0,0,0,0,0,0,0,0,0,0,0,0,0,0,0,0,0,0,0,0,0,0,0,0,0,0,0,0,0,0,0,0,0,0,0,0,0,0,0,0,0,0,0,0,0,0,0,0,0,0,0,0,0,0,0,0,0,0,0,0,0,0,0,0,0,0,0,0,0,0,0,0,0,0,0,0,0,0,0,0,0,0,0,0,0,0,0,0,0,0,0,0,0,0,0,0,0,0,0,0,0,0,0,0,0,0,0,0,0,0,0,0,0,0,0,0,0,0,0,"accurate depiction typical (0), adult pigs (0), adult pigs piglets (0), afternoon sun (0), aged caucasian (0), aged caucasian man (0), aged hispanic (0), aged south (0), aged south asian (0), ages sizes (0), air filled (0), american dairy (0), american dairy farm (0), american pig (0), american pig farm (0), area pigs (0), areas pigs (0), asian descent (0), asian farmer (0), asian female (0)"
typical_country,Spain,pig,A typical pig farm in Spain.,sd3.5-large,0,0,0,0,0,0,0,0,0,0,0,0,0,0,0,0,0,0,0,0,0,0,0,0,0,0,0,0,0,0,0,0,0,0,0,0,0,0,0,0,0,0,0,0,0,0,0,0,0,0,0,0,0,0,0,0,0,0,0,0,0,0,0,0,0,0,0,0,0,0,0,0,0,0,0,0,0,0,0,0,0,0,0,0,0,0,0,0,0,0,0,0,0,0,0,0,0,0,0,0,0,0,0,0,0,0,0,0,0,0,0,0,0,0,0,0,0,0,0,0,0,0,0,0,0,0,0,0,0,0,0,0,0,0,0,0,0,0,0,0,0,0,0,0,0,0,0,0,0,0,0,0,0,0,0,0,0,0,0,0,0,0,0,0,0,0,0,0,0,0,0,0,0,0,0,0,0,0,0,0,0,0,0,0,0,0,0,0,0,0,0,0,0,0,0,0,0,0,0,0,0,0,0,0,0,0,0,0,0,0,0,0,0,0,0,0,0,0,0,0,0,0,0,0,0,0,0,0,0,0,0,0,0,0,0,0,0,0,0,0,0,0,0,0,0,0,0,0,0,0,0,0,0,0,0,0,0,0,0,0,0,0,0,0,0,0,0,0,0,0,0,0,0,0,0,0,0,0,0,0,0,0,0,0,0,0,0,0,0,0,0,0,0,0,0,0,0,0,0,0,0,0,0,0,0,0,0,0,0,0,0,0,0,0,0,0,0,0,0,0,0,0,0,0,0,0,0,0,0,0,0,0,0,0,0,0,0,0,0,0,0,0,0,0,0,0,0,0,0,0,0,0,0,0,0,0,0,0,0,0,0,0,0,0,0,0,0,0,0,0,0,0,0,0,0,0,0,0,0,0,0,0,0,0,0,0,0,0,0,0,0,0,0,0,0,0,0,0,0,0,0,0,0,0,0,0,0,0,0,0,0,0,0,0,0,0,0,0,0,0,0,0,0,0,0,0,0,0,0,0,0,0,0,0,0,0,0,0,0,0,0,0,0,0,0,0,0,0,0,0,0,0,0,0,0,0,0,0,0,0,0,0,0,0,0,0,0,0,0,0,0,0,0,0,0,0,0,0,0,0,0,0,0,0,0,0,0,0,0,0,0,0,0,0,0,0,0,0,0,0,0,0,0,0,0,0,0,0,0,0,0,0,0,0,0,0,0,0,0,0,0,0,0,0,0,0,0,0,0,0,0,0,0,0,0,0,0,0,0,0,0,0,0,0,0,0,0,0,0,0,0,0,0,0,0,0,0,0,0,0,0,0,0,0,0,0,0,0,0,0,0,0,0,0,0,0,0,0,0,0,0,0,0,0,0,0,0,0,0,0,0,0,0,0,0,0,0,0,0,0,0,0,0,0,0,0,0,0,0,0,0,0,0,0,0,0,0,0,0,0,0,0,0,0,0,0,0,0,0,0,0,0,0,0,0,0,0,0,0,0,0,0,0,0,0,0,0,0,0,0,0,0,0,0,0,0,0,0,0,0,0,0,0,0,0,0,0,0,0,0,0,0,0,0,0,0,0,0,0,0,0,0,0,0,0,0,0,0,0,0,0,0,0,0,0,0,0,0,0,0,0,0,0,0,0,0,0,0,0,0,0,0,0,0,0,0,0,0,0,0,0,0,0,0,0,0,0,0,0,0,0,0,0,0,0,0,0,0,0,0,0,0,0,0,0,0,0,0,0,0,0,0,0,0,0,0,0,0,0,0,0,0,0,0,0,0,0,0,0,0,0,0,0,0,0,0,0,0,0,0,0,0,0,0,0,0,0,0,0,0,0,0,0,0,0,0,0,0,0,0,0,0,0,0,0,0,0,0,0,0,0,0,0,0,0,0,0,0,0,0,0,0,0,0,0,0,0,0,0,0,0,0,0,0,0,0,0,0,0,0,0,0,0,0,0,0,0,0,0,0,0,0,0,0,0,0,0,0,0,0,0,0,0,0,0,0,0,0,0,0,0,0,0,0,0,0,0,0,0,0,0,0,0,0,0,0,0,0,0,0,0,0,0,0,0,0,0,0,0,0,0,0,0,0,0,0,0,0,0,0,0,0,0,0,0,0,0,0,0,0,0,0,0,0,0,0,0,0,0,0,0,0,0,0,0,0,0,0,0,0,0,0,0,0,0,0,0,0,0,0,0,0,0,0,0,0,0,0,0,0,0,0,0,0,0,0,0,0,0,0,0,"accurate depiction typical (0), adult pigs (0), adult pigs piglets (0), afternoon sun (0), aged caucasian (0), aged caucasian man (0), aged hispanic (0), aged south (0), aged south asian (0), ages sizes (0), air filled (0), american dairy (0), american dairy farm (0), american pig (0), american pig farm (0), area pigs (0), areas pigs (0), asian descent (0), asian farmer (0), asian female (0)"
typical_country,Australia,pig,A typical pig farm in Australia.,sd3.5-large,0,0,0,0,0,0,0,0,0,0,0,0,0,0,0,0,0,0,0,0,0,0,0,0,0,0,0,0,0,0,0,0,0,0,0,0,0,0,0,0,0,0,0,0,0,0,0,0,0,0,0,0,0,0,0,0,0,0,0,0,0,0,0,0,0,0,0,0,0,0,0,0,0,0,0,0,0,0,0,0,0,0,0,0,0,0,0,0,0,0,0,0,0,0,0,0,0,0,0,0,0,0,0,0,0,0,0,0,0,0,0,0,0,0,0,0,0,0,0,0,0,0,0,0,0,0,0,0,0,0,0,0,0,0,0,0,0,0,0,0,0,0,0,0,0,0,0,0,0,0,0,0,0,0,0,0,0,0,0,0,0,0,0,0,0,0,0,0,0,0,0,0,0,0,0,0,0,0,0,0,0,0,0,0,0,0,0,0,0,0,0,0,0,0,0,0,0,0,0,0,0,0,0,0,0,0,0,0,0,0,0,0,0,0,0,0,0,0,0,0,0,0,0,0,0,0,0,0,0,0,0,0,0,0,0,0,0,0,0,0,0,0,0,0,0,0,0,0,0,0,0,0,0,0,0,0,0,0,0,0,0,0,0,0,0,0,0,0,0,0,0,0,0,0,0,0,0,0,0,0,0,0,0,0,0,0,0,0,0,0,0,0,0,0,0,0,0,0,0,0,0,0,0,0,0,0,0,0,0,0,0,0,0,0,0,0,0,0,0,0,0,0,0,0,0,0,0,0,0,0,0,0,0,0,0,0,0,0,0,0,0,0,0,0,0,0,0,0,0,0,0,0,0,0,0,0,0,0,0,0,0,0,0,0,0,0,0,0,0,0,0,0,0,0,0,0,0,0,0,0,0,0,0,0,0,0,0,0,0,0,0,0,0,0,0,0,0,0,0,0,0,0,0,0,0,0,0,0,0,0,0,0,0,0,0,0,0,0,0,0,0,0,0,0,0,0,0,0,0,0,0,0,0,0,0,0,0,0,0,0,0,0,0,0,0,0,0,0,0,0,0,0,0,0,0,0,0,0,0,0,0,0,0,0,0,0,0,0,0,0,0,0,0,0,0,0,0,0,0,0,0,0,0,0,0,0,0,0,0,0,0,0,0,0,0,0,0,0,0,0,0,0,0,0,0,0,0,0,0,0,0,0,0,0,0,0,0,0,0,0,0,0,0,0,0,0,0,0,0,0,0,0,0,0,0,0,0,0,0,0,0,0,0,0,0,0,0,0,0,0,0,0,0,0,0,0,0,0,0,0,0,0,0,0,0,0,0,0,0,0,0,0,0,0,0,0,0,0,0,0,0,0,0,0,0,0,0,0,0,0,0,0,0,0,0,0,0,0,0,0,0,0,0,0,0,0,0,0,0,0,0,0,0,0,0,0,0,0,0,0,0,0,0,0,0,0,0,0,0,0,0,0,0,0,0,0,0,0,0,0,0,0,0,0,0,0,0,0,0,0,0,0,0,0,0,0,0,0,0,0,0,0,0,0,0,0,0,0,0,0,0,0,0,0,0,0,0,0,0,0,0,0,0,0,0,0,0,0,0,0,0,0,0,0,0,0,0,0,0,0,0,0,0,0,0,0,0,0,0,0,0,0,0,0,0,0,0,0,0,0,0,0,0,0,0,0,0,0,0,0,0,0,0,0,0,0,0,0,0,0,0,0,0,0,0,0,0,0,0,0,0,0,0,0,0,0,0,0,0,0,0,0,0,0,0,0,0,0,0,0,0,0,0,0,0,0,0,0,0,0,0,0,0,0,0,0,0,0,0,0,0,0,0,0,0,0,0,0,0,0,0,0,0,0,0,0,0,0,0,0,0,0,0,0,0,0,0,0,0,0,0,0,0,0,0,0,0,0,0,0,0,0,0,0,0,0,0,0,0,0,0,0,0,0,0,0,0,0,0,0,0,0,0,0,0,0,0,0,0,0,0,0,0,0,0,0,0,0,0,0,0,0,0,0,0,0,0,0,0,0,0,0,0,0,0,0,0,0,0,0,0,0,0,0,0,0,0,0,0,0,0,0,0,0,0,0,0,0,0,0,0,0,0,0,0,0,0,0,0,0,0,0,0,0,0,0,0,0,0,0,0,0,0,0,0,0,0,0,0,0,0,0,0,0,0,0,0,0,0,0,0,0,0,0,0,0,0,0,0,0,0,0,0,0,0,0,0,0,0,0,0,"accurate depiction typical (0), adult pigs (0), adult pigs piglets (0), afternoon sun (0), aged caucasian (0), aged caucasian man (0), aged hispanic (0), aged south (0), aged south asian (0), ages sizes (0), air filled (0), american dairy (0), american dairy farm (0), american pig (0), american pig farm (0), area pigs (0), areas pigs (0), asian descent (0), asian farmer (0), asian female (0)"
typical_country_no_revise,the United States,dairy,"A typical dairy farm in the United States.I NEED to test how the tool works with extremely simple prompts. DO NOT add any detail, just use it AS-IS:",sd3.5-large,0,0,0,0,0,0,0,0,0,0,0,0,0,0,0,0,0,0,0,0,0,0,0,0,0,0,0,0,0,0,0,0,0,0,0,0,0,0,0,0,0,0,0,0,0,0,0,0,0,0,0,0,0,0,0,0,0,0,0,0,0,0,0,0,0,0,0,0,0,0,0,0,0,0,0,0,0,0,0,0,0,0,0,0,0,0,0,0,0,0,0,0,0,0,0,0,0,0,0,0,0,0,0,0,0,0,0,0,0,0,0,0,0,0,0,0,0,0,0,0,0,0,0,0,0,0,0,0,0,0,0,0,0,0,0,0,0,0,0,0,0,0,0,0,0,0,0,0,0,0,0,0,0,0,0,0,0,0,0,0,0,0,0,0,0,0,0,0,0,0,0,0,0,0,0,0,0,0,0,0,0,0,0,0,0,0,0,0,0,0,0,0,0,0,0,0,0,0,0,0,0,0,0,0,0,0,0,0,0,0,0,0,0,0,0,0,0,0,0,0,0,0,0,0,0,0,0,0,0,0,0,0,0,0,0,0,0,0,0,0,0,0,0,0,0,0,0,0,0,0,0,0,0,0,0,0,0,0,0,0,0,0,0,0,0,0,0,0,0,0,0,0,0,0,0,0,0,0,0,0,0,0,0,0,0,0,0,0,0,0,0,0,0,0,0,0,0,0,0,0,0,0,0,0,0,0,0,0,0,0,0,0,0,0,0,0,0,0,0,0,0,0,0,0,0,0,0,0,0,0,0,0,0,0,0,0,0,0,0,0,0,0,0,0,0,0,0,0,0,0,0,0,0,0,0,0,0,0,0,0,0,0,0,0,0,0,0,0,0,0,0,0,0,0,0,0,0,0,0,0,0,0,0,0,0,0,0,0,0,0,0,0,0,0,0,0,0,0,0,0,0,0,0,0,0,0,0,0,0,0,0,0,0,0,0,0,0,0,0,0,0,0,0,0,0,0,0,0,0,0,0,0,0,0,0,0,0,0,0,0,0,0,0,0,0,0,0,0,0,0,0,0,0,0,0,0,0,0,0,0,0,0,0,0,0,0,0,0,0,0,0,0,0,0,0,0,0,0,0,0,0,0,0,0,0,0,0,0,0,0,0,0,0,0,0,0,0,0,0,0,0,0,0,0,0,0,0,0,0,0,0,0,0,0,0,0,0,0,0,0,0,0,0,0,0,0,0,0,0,0,0,0,0,0,0,0,0,0,0,0,0,0,0,0,0,0,0,0,0,0,0,0,0,0,0,0,0,0,0,0,0,0,0,0,0,0,0,0,0,0,0,0,0,0,0,0,0,0,0,0,0,0,0,0,0,0,0,0,0,0,0,0,0,0,0,0,0,0,0,0,0,0,0,0,0,0,0,0,0,0,0,0,0,0,0,0,0,0,0,0,0,0,0,0,0,0,0,0,0,0,0,0,0,0,0,0,0,0,0,0,0,0,0,0,0,0,0,0,0,0,0,0,0,0,0,0,0,0,0,0,0,0,0,0,0,0,0,0,0,0,0,0,0,0,0,0,0,0,0,0,0,0,0,0,0,0,0,0,0,0,0,0,0,0,0,0,0,0,0,0,0,0,0,0,0,0,0,0,0,0,0,0,0,0,0,0,0,0,0,0,0,0,0,0,0,0,0,0,0,0,0,0,0,0,0,0,0,0,0,0,0,0,0,0,0,0,0,0,0,0,0,0,0,0,0,0,0,0,0,0,0,0,0,0,0,0,0,0,0,0,0,0,0,0,0,0,0,0,0,0,0,0,0,0,0,0,0,0,0,0,0,0,0,0,0,0,0,0,0,0,0,0,0,0,0,0,0,0,0,0,0,0,0,0,0,0,0,0,0,0,0,0,0,0,0,0,0,0,0,0,0,0,0,0,0,0,0,0,0,0,0,0,0,0,0,0,0,0,0,0,0,0,0,0,0,0,0,0,0,0,0,0,0,0,0,0,0,0,0,0,0,0,0,0,0,0,0,0,0,0,0,0,0,0,0,0,0,0,0,0,0,0,0,0,0,0,0,0,0,0,0,0,0,0,0,0,0,0,0,0,0,0,0,0,0,0,0,0,0,0,0,0,0,0,0,0,0,0,0,0,0,0,0,0,0,0,0,0,0,0,0,0,0,0,0,0,0,0,0,0,0,0,0,0,0,0,0,0,0,0,0,0,0,0,0,0,0,0,0,0,0,"accurate depiction typical (0), adult pigs (0), adult pigs piglets (0), afternoon sun (0), aged caucasian (0), aged caucasian man (0), aged hispanic (0), aged south (0), aged south asian (0), ages sizes (0), air filled (0), american dairy (0), american dairy farm (0), american pig (0), american pig farm (0), area pigs (0), areas pigs (0), asian descent (0), asian farmer (0), asian female (0)"
typical_country_no_revise,Germany,dairy,"A typical dairy farm in Germany.I NEED to test how the tool works with extremely simple prompts. DO NOT add any detail, just use it AS-IS:",sd3.5-large,0,0,0,0,0,0,0,0,0,0,0,0,0,0,0,0,0,0,0,0,0,0,0,0,0,0,0,0,0,0,0,0,0,0,0,0,0,0,0,0,0,0,0,0,0,0,0,0,0,0,0,0,0,0,0,0,0,0,0,0,0,0,0,0,0,0,0,0,0,0,0,0,0,0,0,0,0,0,0,0,0,0,0,0,0,0,0,0,0,0,0,0,0,0,0,0,0,0,0,0,0,0,0,0,0,0,0,0,0,0,0,0,0,0,0,0,0,0,0,0,0,0,0,0,0,0,0,0,0,0,0,0,0,0,0,0,0,0,0,0,0,0,0,0,0,0,0,0,0,0,0,0,0,0,0,0,0,0,0,0,0,0,0,0,0,0,0,0,0,0,0,0,0,0,0,0,0,0,0,0,0,0,0,0,0,0,0,0,0,0,0,0,0,0,0,0,0,0,0,0,0,0,0,0,0,0,0,0,0,0,0,0,0,0,0,0,0,0,0,0,0,0,0,0,0,0,0,0,0,0,0,0,0,0,0,0,0,0,0,0,0,0,0,0,0,0,0,0,0,0,0,0,0,0,0,0,0,0,0,0,0,0,0,0,0,0,0,0,0,0,0,0,0,0,0,0,0,0,0,0,0,0,0,0,0,0,0,0,0,0,0,0,0,0,0,0,0,0,0,0,0,0,0,0,0,0,0,0,0,0,0,0,0,0,0,0,0,0,0,0,0,0,0,0,0,0,0,0,0,0,0,0,0,0,0,0,0,0,0,0,0,0,0,0,0,0,0,0,0,0,0,0,0,0,0,0,0,0,0,0,0,0,0,0,0,0,0,0,0,0,0,0,0,0,0,0,0,0,0,0,0,0,0,0,0,0,0,0,0,0,0,0,0,0,0,0,0,0,0,0,0,0,0,0,0,0,0,0,0,0,0,0,0,0,0,0,0,0,0,0,0,0,0,0,0,0,0,0,0,0,0,0,0,0,0,0,0,0,0,0,0,0,0,0,0,0,0,0,0,0,0,0,0,0,0,0,0,0,0,0,0,0,0,0,0,0,0,0,0,0,0,0,0,0,0,0,0,0,0,0,0,0,0,0,0,0,0,0,0,0,0,0,0,0,0,0,0,0,0,0,0,0,0,0,0,0,0,0,0,0,0,0,0,0,0,0,0,0,0,0,0,0,0,0,0,0,0,0,0,0,0,0,0,0,0,0,0,0,0,0,0,0,0,0,0,0,0,0,0,0,0,0,0,0,0,0,0,0,0,0,0,0,0,0,0,0,0,0,0,0,0,0,0,0,0,0,0,0,0,0,0,0,0,0,0,0,0,0,0,0,0,0,0,0,0,0,0,0,0,0,0,0,0,0,0,0,0,0,0,0,0,0,0,0,0,0,0,0,0,0,0,0,0,0,0,0,0,0,0,0,0,0,0,0,0,0,0,0,0,0,0,0,0,0,0,0,0,0,0,0,0,0,0,0,0,0,0,0,0,0,0,0,0,0,0,0,0,0,0,0,0,0,0,0,0,0,0,0,0,0,0,0,0,0,0,0,0,0,0,0,0,0,0,0,0,0,0,0,0,0,0,0,0,0,0,0,0,0,0,0,0,0,0,0,0,0,0,0,0,0,0,0,0,0,0,0,0,0,0,0,0,0,0,0,0,0,0,0,0,0,0,0,0,0,0,0,0,0,0,0,0,0,0,0,0,0,0,0,0,0,0,0,0,0,0,0,0,0,0,0,0,0,0,0,0,0,0,0,0,0,0,0,0,0,0,0,0,0,0,0,0,0,0,0,0,0,0,0,0,0,0,0,0,0,0,0,0,0,0,0,0,0,0,0,0,0,0,0,0,0,0,0,0,0,0,0,0,0,0,0,0,0,0,0,0,0,0,0,0,0,0,0,0,0,0,0,0,0,0,0,0,0,0,0,0,0,0,0,0,0,0,0,0,0,0,0,0,0,0,0,0,0,0,0,0,0,0,0,0,0,0,0,0,0,0,0,0,0,0,0,0,0,0,0,0,0,0,0,0,0,0,0,0,0,0,0,0,0,0,0,0,0,0,0,0,0,0,0,0,0,0,0,0,0,0,0,0,0,0,0,0,0,0,0,0,0,0,0,0,0,0,0,0,0,0,0,0,0,0,0,0,0,0,0,0,0,0,0,0,0,0,0,0,0,0,0,0,0,0,0,0,"accurate depiction typical (0), adult pigs (0), adult pigs piglets (0), afternoon sun (0), aged caucasian (0), aged caucasian man (0), aged hispanic (0), aged south (0), aged south asian (0), ages sizes (0), air filled (0), american dairy (0), american dairy farm (0), american pig (0), american pig farm (0), area pigs (0), areas pigs (0), asian descent (0), asian farmer (0), asian female (0)"
typical_country_no_revise,New Zealand,dairy,"A typical dairy farm in New Zealand.I NEED to test how the tool works with extremely simple prompts. DO NOT add any detail, just use it AS-IS:",sd3.5-large,0,0,0,0,0,0,0,0,0,0,0,0,0,0,0,0,0,0,0,0,0,0,0,0,0,0,0,0,0,0,0,0,0,0,0,0,0,0,0,0,0,0,0,0,0,0,0,0,0,0,0,0,0,0,0,0,0,0,0,0,0,0,0,0,0,0,0,0,0,0,0,0,0,0,0,0,0,0,0,0,0,0,0,0,0,0,0,0,0,0,0,0,0,0,0,0,0,0,0,0,0,0,0,0,0,0,0,0,0,0,0,0,0,0,0,0,0,0,0,0,0,0,0,0,0,0,0,0,0,0,0,0,0,0,0,0,0,0,0,0,0,0,0,0,0,0,0,0,0,0,0,0,0,0,0,0,0,0,0,0,0,0,0,0,0,0,0,0,0,0,0,0,0,0,0,0,0,0,0,0,0,0,0,0,0,0,0,0,0,0,0,0,0,0,0,0,0,0,0,0,0,0,0,0,0,0,0,0,0,0,0,0,0,0,0,0,0,0,0,0,0,0,0,0,0,0,0,0,0,0,0,0,0,0,0,0,0,0,0,0,0,0,0,0,0,0,0,0,0,0,0,0,0,0,0,0,0,0,0,0,0,0,0,0,0,0,0,0,0,0,0,0,0,0,0,0,0,0,0,0,0,0,0,0,0,0,0,0,0,0,0,0,0,0,0,0,0,0,0,0,0,0,0,0,0,0,0,0,0,0,0,0,0,0,0,0,0,0,0,0,0,0,0,0,0,0,0,0,0,0,0,0,0,0,0,0,0,0,0,0,0,0,0,0,0,0,0,0,0,0,0,0,0,0,0,0,0,0,0,0,0,0,0,0,0,0,0,0,0,0,0,0,0,0,0,0,0,0,0,0,0,0,0,0,0,0,0,0,0,0,0,0,0,0,0,0,0,0,0,0,0,0,0,0,0,0,0,0,0,0,0,0,0,0,0,0,0,0,0,0,0,0,0,0,0,0,0,0,0,0,0,0,0,0,0,0,0,0,0,0,0,0,0,0,0,0,0,0,0,0,0,0,0,0,0,0,0,0,0,0,0,0,0,0,0,0,0,0,0,0,0,0,0,0,0,0,0,0,0,0,0,0,0,0,0,0,0,0,0,0,0,0,0,0,0,0,0,0,0,0,0,0,0,0,0,0,0,0,0,0,0,0,0,0,0,0,0,0,0,0,0,0,0,0,0,0,0,0,0,0,0,0,0,0,0,0,0,0,0,0,0,0,0,0,0,0,0,0,0,0,0,0,0,0,0,0,0,0,0,0,0,0,0,0,0,0,0,0,0,0,0,0,0,0,0,0,0,0,0,0,0,0,0,0,0,0,0,0,0,0,0,0,0,0,0,0,0,0,0,0,0,0,0,0,0,0,0,0,0,0,0,0,0,0,0,0,0,0,0,0,0,0,0,0,0,0,0,0,0,0,0,0,0,0,0,0,0,0,0,0,0,0,0,0,0,0,0,0,0,0,0,0,0,0,0,0,0,0,0,0,0,0,0,0,0,0,0,0,0,0,0,0,0,0,0,0,0,0,0,0,0,0,0,0,0,0,0,0,0,0,0,0,0,0,0,0,0,0,0,0,0,0,0,0,0,0,0,0,0,0,0,0,0,0,0,0,0,0,0,0,0,0,0,0,0,0,0,0,0,0,0,0,0,0,0,0,0,0,0,0,0,0,0,0,0,0,0,0,0,0,0,0,0,0,0,0,0,0,0,0,0,0,0,0,0,0,0,0,0,0,0,0,0,0,0,0,0,0,0,0,0,0,0,0,0,0,0,0,0,0,0,0,0,0,0,0,0,0,0,0,0,0,0,0,0,0,0,0,0,0,0,0,0,0,0,0,0,0,0,0,0,0,0,0,0,0,0,0,0,0,0,0,0,0,0,0,0,0,0,0,0,0,0,0,0,0,0,0,0,0,0,0,0,0,0,0,0,0,0,0,0,0,0,0,0,0,0,0,0,0,0,0,0,0,0,0,0,0,0,0,0,0,0,0,0,0,0,0,0,0,0,0,0,0,0,0,0,0,0,0,0,0,0,0,0,0,0,0,0,0,0,0,0,0,0,0,0,0,0,0,0,0,0,0,0,0,0,0,0,0,0,0,0,0,0,0,0,0,0,0,0,0,0,0,0,0,0,0,0,0,0,0,0,0,0,0,0,0,0,0,0,0,0,0,0,0,0,0,0,0,0,"accurate depiction typical (0), adult pigs (0), adult pigs piglets (0), afternoon sun (0), aged caucasian (0), aged caucasian man (0), aged hispanic (0), aged south (0), aged south asian (0), ages sizes (0), air filled (0), american dairy (0), american dairy farm (0), american pig (0), american pig farm (0), area pigs (0), areas pigs (0), asian descent (0), asian farmer (0), asian female (0)"
typical_country_no_revise,the United States,pig,"A typical pig farm in the United States.I NEED to test how the tool works with extremely simple prompts. DO NOT add any detail, just use it AS-IS:",sd3.5-large,0,0,0,0,0,0,0,0,0,0,0,0,0,0,0,0,0,0,0,0,0,0,0,0,0,0,0,0,0,0,0,0,0,0,0,0,0,0,0,0,0,0,0,0,0,0,0,0,0,0,0,0,0,0,0,0,0,0,0,0,0,0,0,0,0,0,0,0,0,0,0,0,0,0,0,0,0,0,0,0,0,0,0,0,0,0,0,0,0,0,0,0,0,0,0,0,0,0,0,0,0,0,0,0,0,0,0,0,0,0,0,0,0,0,0,0,0,0,0,0,0,0,0,0,0,0,0,0,0,0,0,0,0,0,0,0,0,0,0,0,0,0,0,0,0,0,0,0,0,0,0,0,0,0,0,0,0,0,0,0,0,0,0,0,0,0,0,0,0,0,0,0,0,0,0,0,0,0,0,0,0,0,0,0,0,0,0,0,0,0,0,0,0,0,0,0,0,0,0,0,0,0,0,0,0,0,0,0,0,0,0,0,0,0,0,0,0,0,0,0,0,0,0,0,0,0,0,0,0,0,0,0,0,0,0,0,0,0,0,0,0,0,0,0,0,0,0,0,0,0,0,0,0,0,0,0,0,0,0,0,0,0,0,0,0,0,0,0,0,0,0,0,0,0,0,0,0,0,0,0,0,0,0,0,0,0,0,0,0,0,0,0,0,0,0,0,0,0,0,0,0,0,0,0,0,0,0,0,0,0,0,0,0,0,0,0,0,0,0,0,0,0,0,0,0,0,0,0,0,0,0,0,0,0,0,0,0,0,0,0,0,0,0,0,0,0,0,0,0,0,0,0,0,0,0,0,0,0,0,0,0,0,0,0,0,0,0,0,0,0,0,0,0,0,0,0,0,0,0,0,0,0,0,0,0,0,0,0,0,0,0,0,0,0,0,0,0,0,0,0,0,0,0,0,0,0,0,0,0,0,0,0,0,0,0,0,0,0,0,0,0,0,0,0,0,0,0,0,0,0,0,0,0,0,0,0,0,0,0,0,0,0,0,0,0,0,0,0,0,0,0,0,0,0,0,0,0,0,0,0,0,0,0,0,0,0,0,0,0,0,0,0,0,0,0,0,0,0,0,0,0,0,0,0,0,0,0,0,0,0,0,0,0,0,0,0,0,0,0,0,0,0,0,0,0,0,0,0,0,0,0,0,0,0,0,0,0,0,0,0,0,0,0,0,0,0,0,0,0,0,0,0,0,0,0,0,0,0,0,0,0,0,0,0,0,0,0,0,0,0,0,0,0,0,0,0,0,0,0,0,0,0,0,0,0,0,0,0,0,0,0,0,0,0,0,0,0,0,0,0,0,0,0,0,0,0,0,0,0,0,0,0,0,0,0,0,0,0,0,0,0,0,0,0,0,0,0,0,0,0,0,0,0,0,0,0,0,0,0,0,0,0,0,0,0,0,0,0,0,0,0,0,0,0,0,0,0,0,0,0,0,0,0,0,0,0,0,0,0,0,0,0,0,0,0,0,0,0,0,0,0,0,0,0,0,0,0,0,0,0,0,0,0,0,0,0,0,0,0,0,0,0,0,0,0,0,0,0,0,0,0,0,0,0,0,0,0,0,0,0,0,0,0,0,0,0,0,0,0,0,0,0,0,0,0,0,0,0,0,0,0,0,0,0,0,0,0,0,0,0,0,0,0,0,0,0,0,0,0,0,0,0,0,0,0,0,0,0,0,0,0,0,0,0,0,0,0,0,0,0,0,0,0,0,0,0,0,0,0,0,0,0,0,0,0,0,0,0,0,0,0,0,0,0,0,0,0,0,0,0,0,0,0,0,0,0,0,0,0,0,0,0,0,0,0,0,0,0,0,0,0,0,0,0,0,0,0,0,0,0,0,0,0,0,0,0,0,0,0,0,0,0,0,0,0,0,0,0,0,0,0,0,0,0,0,0,0,0,0,0,0,0,0,0,0,0,0,0,0,0,0,0,0,0,0,0,0,0,0,0,0,0,0,0,0,0,0,0,0,0,0,0,0,0,0,0,0,0,0,0,0,0,0,0,0,0,0,0,0,0,0,0,0,0,0,0,0,0,0,0,0,0,0,0,0,0,0,0,0,0,0,0,0,0,0,0,0,0,0,0,0,0,0,0,0,0,0,0,0,0,0,0,0,0,0,0,0,0,0,0,0,0,0,0,0,0,0,0,0,0,0,0,0,0,0,0,0,0,0,0,0,"accurate depiction typical (0), adult pigs (0), adult pigs piglets (0), afternoon sun (0), aged caucasian (0), aged caucasian man (0), aged hispanic (0), aged south (0), aged south asian (0), ages sizes (0), air filled (0), american dairy (0), american dairy farm (0), american pig (0), american pig farm (0), area pigs (0), areas pigs (0), asian descent (0), asian farmer (0), asian female (0)"
typical_country_no_revise,Spain,pig,"A typical pig farm in Spain.I NEED to test how the tool works with extremely simple prompts. DO NOT add any detail, just use it AS-IS:",sd3.5-large,0,0,0,0,0,0,0,0,0,0,0,0,0,0,0,0,0,0,0,0,0,0,0,0,0,0,0,0,0,0,0,0,0,0,0,0,0,0,0,0,0,0,0,0,0,0,0,0,0,0,0,0,0,0,0,0,0,0,0,0,0,0,0,0,0,0,0,0,0,0,0,0,0,0,0,0,0,0,0,0,0,0,0,0,0,0,0,0,0,0,0,0,0,0,0,0,0,0,0,0,0,0,0,0,0,0,0,0,0,0,0,0,0,0,0,0,0,0,0,0,0,0,0,0,0,0,0,0,0,0,0,0,0,0,0,0,0,0,0,0,0,0,0,0,0,0,0,0,0,0,0,0,0,0,0,0,0,0,0,0,0,0,0,0,0,0,0,0,0,0,0,0,0,0,0,0,0,0,0,0,0,0,0,0,0,0,0,0,0,0,0,0,0,0,0,0,0,0,0,0,0,0,0,0,0,0,0,0,0,0,0,0,0,0,0,0,0,0,0,0,0,0,0,0,0,0,0,0,0,0,0,0,0,0,0,0,0,0,0,0,0,0,0,0,0,0,0,0,0,0,0,0,0,0,0,0,0,0,0,0,0,0,0,0,0,0,0,0,0,0,0,0,0,0,0,0,0,0,0,0,0,0,0,0,0,0,0,0,0,0,0,0,0,0,0,0,0,0,0,0,0,0,0,0,0,0,0,0,0,0,0,0,0,0,0,0,0,0,0,0,0,0,0,0,0,0,0,0,0,0,0,0,0,0,0,0,0,0,0,0,0,0,0,0,0,0,0,0,0,0,0,0,0,0,0,0,0,0,0,0,0,0,0,0,0,0,0,0,0,0,0,0,0,0,0,0,0,0,0,0,0,0,0,0,0,0,0,0,0,0,0,0,0,0,0,0,0,0,0,0,0,0,0,0,0,0,0,0,0,0,0,0,0,0,0,0,0,0,0,0,0,0,0,0,0,0,0,0,0,0,0,0,0,0,0,0,0,0,0,0,0,0,0,0,0,0,0,0,0,0,0,0,0,0,0,0,0,0,0,0,0,0,0,0,0,0,0,0,0,0,0,0,0,0,0,0,0,0,0,0,0,0,0,0,0,0,0,0,0,0,0,0,0,0,0,0,0,0,0,0,0,0,0,0,0,0,0,0,0,0,0,0,0,0,0,0,0,0,0,0,0,0,0,0,0,0,0,0,0,0,0,0,0,0,0,0,0,0,0,0,0,0,0,0,0,0,0,0,0,0,0,0,0,0,0,0,0,0,0,0,0,0,0,0,0,0,0,0,0,0,0,0,0,0,0,0,0,0,0,0,0,0,0,0,0,0,0,0,0,0,0,0,0,0,0,0,0,0,0,0,0,0,0,0,0,0,0,0,0,0,0,0,0,0,0,0,0,0,0,0,0,0,0,0,0,0,0,0,0,0,0,0,0,0,0,0,0,0,0,0,0,0,0,0,0,0,0,0,0,0,0,0,0,0,0,0,0,0,0,0,0,0,0,0,0,0,0,0,0,0,0,0,0,0,0,0,0,0,0,0,0,0,0,0,0,0,0,0,0,0,0,0,0,0,0,0,0,0,0,0,0,0,0,0,0,0,0,0,0,0,0,0,0,0,0,0,0,0,0,0,0,0,0,0,0,0,0,0,0,0,0,0,0,0,0,0,0,0,0,0,0,0,0,0,0,0,0,0,0,0,0,0,0,0,0,0,0,0,0,0,0,0,0,0,0,0,0,0,0,0,0,0,0,0,0,0,0,0,0,0,0,0,0,0,0,0,0,0,0,0,0,0,0,0,0,0,0,0,0,0,0,0,0,0,0,0,0,0,0,0,0,0,0,0,0,0,0,0,0,0,0,0,0,0,0,0,0,0,0,0,0,0,0,0,0,0,0,0,0,0,0,0,0,0,0,0,0,0,0,0,0,0,0,0,0,0,0,0,0,0,0,0,0,0,0,0,0,0,0,0,0,0,0,0,0,0,0,0,0,0,0,0,0,0,0,0,0,0,0,0,0,0,0,0,0,0,0,0,0,0,0,0,0,0,0,0,0,0,0,0,0,0,0,0,0,0,0,0,0,0,0,0,0,0,0,0,0,0,0,0,0,0,0,0,0,0,0,0,0,0,0,0,0,0,0,0,0,0,0,0,0,0,0,0,0,0,0,0,0,0,0,0,0,0,0,0,0,0,0,0,0,"accurate depiction typical (0), adult pigs (0), adult pigs piglets (0), afternoon sun (0), aged caucasian (0), aged caucasian man (0), aged hispanic (0), aged south (0), aged south asian (0), ages sizes (0), air filled (0), american dairy (0), american dairy farm (0), american pig (0), american pig farm (0), area pigs (0), areas pigs (0), asian descent (0), asian farmer (0), asian female (0)"
typical_country_no_revise,Australia,pig,"A typical pig farm in Australia.I NEED to test how the tool works with extremely simple prompts. DO NOT add any detail, just use it AS-IS:",sd3.5-large,0,0,0,0,0,0,0,0,0,0,0,0,0,0,0,0,0,0,0,0,0,0,0,0,0,0,0,0,0,0,0,0,0,0,0,0,0,0,0,0,0,0,0,0,0,0,0,0,0,0,0,0,0,0,0,0,0,0,0,0,0,0,0,0,0,0,0,0,0,0,0,0,0,0,0,0,0,0,0,0,0,0,0,0,0,0,0,0,0,0,0,0,0,0,0,0,0,0,0,0,0,0,0,0,0,0,0,0,0,0,0,0,0,0,0,0,0,0,0,0,0,0,0,0,0,0,0,0,0,0,0,0,0,0,0,0,0,0,0,0,0,0,0,0,0,0,0,0,0,0,0,0,0,0,0,0,0,0,0,0,0,0,0,0,0,0,0,0,0,0,0,0,0,0,0,0,0,0,0,0,0,0,0,0,0,0,0,0,0,0,0,0,0,0,0,0,0,0,0,0,0,0,0,0,0,0,0,0,0,0,0,0,0,0,0,0,0,0,0,0,0,0,0,0,0,0,0,0,0,0,0,0,0,0,0,0,0,0,0,0,0,0,0,0,0,0,0,0,0,0,0,0,0,0,0,0,0,0,0,0,0,0,0,0,0,0,0,0,0,0,0,0,0,0,0,0,0,0,0,0,0,0,0,0,0,0,0,0,0,0,0,0,0,0,0,0,0,0,0,0,0,0,0,0,0,0,0,0,0,0,0,0,0,0,0,0,0,0,0,0,0,0,0,0,0,0,0,0,0,0,0,0,0,0,0,0,0,0,0,0,0,0,0,0,0,0,0,0,0,0,0,0,0,0,0,0,0,0,0,0,0,0,0,0,0,0,0,0,0,0,0,0,0,0,0,0,0,0,0,0,0,0,0,0,0,0,0,0,0,0,0,0,0,0,0,0,0,0,0,0,0,0,0,0,0,0,0,0,0,0,0,0,0,0,0,0,0,0,0,0,0,0,0,0,0,0,0,0,0,0,0,0,0,0,0,0,0,0,0,0,0,0,0,0,0,0,0,0,0,0,0,0,0,0,0,0,0,0,0,0,0,0,0,0,0,0,0,0,0,0,0,0,0,0,0,0,0,0,0,0,0,0,0,0,0,0,0,0,0,0,0,0,0,0,0,0,0,0,0,0,0,0,0,0,0,0,0,0,0,0,0,0,0,0,0,0,0,0,0,0,0,0,0,0,0,0,0,0,0,0,0,0,0,0,0,0,0,0,0,0,0,0,0,0,0,0,0,0,0,0,0,0,0,0,0,0,0,0,0,0,0,0,0,0,0,0,0,0,0,0,0,0,0,0,0,0,0,0,0,0,0,0,0,0,0,0,0,0,0,0,0,0,0,0,0,0,0,0,0,0,0,0,0,0,0,0,0,0,0,0,0,0,0,0,0,0,0,0,0,0,0,0,0,0,0,0,0,0,0,0,0,0,0,0,0,0,0,0,0,0,0,0,0,0,0,0,0,0,0,0,0,0,0,0,0,0,0,0,0,0,0,0,0,0,0,0,0,0,0,0,0,0,0,0,0,0,0,0,0,0,0,0,0,0,0,0,0,0,0,0,0,0,0,0,0,0,0,0,0,0,0,0,0,0,0,0,0,0,0,0,0,0,0,0,0,0,0,0,0,0,0,0,0,0,0,0,0,0,0,0,0,0,0,0,0,0,0,0,0,0,0,0,0,0,0,0,0,0,0,0,0,0,0,0,0,0,0,0,0,0,0,0,0,0,0,0,0,0,0,0,0,0,0,0,0,0,0,0,0,0,0,0,0,0,0,0,0,0,0,0,0,0,0,0,0,0,0,0,0,0,0,0,0,0,0,0,0,0,0,0,0,0,0,0,0,0,0,0,0,0,0,0,0,0,0,0,0,0,0,0,0,0,0,0,0,0,0,0,0,0,0,0,0,0,0,0,0,0,0,0,0,0,0,0,0,0,0,0,0,0,0,0,0,0,0,0,0,0,0,0,0,0,0,0,0,0,0,0,0,0,0,0,0,0,0,0,0,0,0,0,0,0,0,0,0,0,0,0,0,0,0,0,0,0,0,0,0,0,0,0,0,0,0,0,0,0,0,0,0,0,0,0,0,0,0,0,0,0,0,0,0,0,0,0,0,0,0,0,0,0,0,0,0,0,0,0,0,0,0,0,0,0,0,0,0,0,0,0,0,0,0,0,0,0,0,0,0,0,0,0,0,"accurate depiction typical (0), adult pigs (0), adult pigs piglets (0), afternoon sun (0), aged caucasian (0), aged caucasian man (0), aged hispanic (0), aged south (0), aged south asian (0), ages sizes (0), air filled (0), american dairy (0), american dairy farm (0), american pig (0), american pig farm (0), area pigs (0), areas pigs (0), asian descent (0), asian farmer (0), asian female (0)"
