generation_type,country,farm_type,prompt,model,adult pigs,afternoon sun,aged caucasian,aged hispanic,aged south,ages sizes,air filled,american dairy,american pig,area pigs,areas pigs,asian descent,asian farmer,asian female,asian male,asian man,asian woman,attending animals,attending pigs,australian landscape,australian outback,australian pig,australian sun,authentic representation,average dairy,average pig,azure sky,backdrop clear,backdrop rolling,bales hay,bales scattered,bales stacked,barn background,barn center,barn distance,barn hay,barn milking,barn nearby,barn painted,barn red,barn rustic,barn silo,barn stands,barn weather,barn weathered,barn white,barns milking,barns painted,barns scattered,barns silos,barns white,big red,black female,black male,black man,black white,black woman,blue fluffy,blue overalls,blue skies,blue sky,breeds cows,breeds grazing,bright blue,bright clear,bright sunny,brilliant blue,brimmed hat,bucket feed,buildings background,busily tending,bustling activity,bustling dairy,bustling pig,busy daily,busy tending,care animals,care pigs,carrying bucket,casting long,casting soft,casting warm,caucasian black,caucasian descent,caucasian farmer,caucasian female,caucasian hispanic,caucasian male,caucasian man,caucasian middle,caucasian south,caucasian woman,classic red,clear azure,clear blue,clear sky,clear sunny,clouds farm,clouds scattered,cloudy sky,corrugated iron,countryside germany,countryside scene,countryside spain,cows black,cows different,cows farm,cows feeding,cows graze,cows grazing,cows known,cows lazily,cows leisurely,cows milking,cows peacefully,cows various,cows varying,create detailed,create realistic,cumulus clouds,daily activities,daily chores,daily tasks,dairy farming,day clear,day day,day farm,day sky,day work,denim overalls,depict typical,depicts typical,descent wearing,descents caucasian,descents genders,descents including,descents like,detailed depiction,detailed image,details like,different ages,different breeds,different descents,different genders,different sizes,dirt path,dirt road,distance red,distance rolling,distant mountains,distant rolling,distinctive black,diverse descents,diverse genders,doors wide,dot landscape,dotted black,dotted fluffy,dotted grazing,dotted healthy,dotted holstein,dotted numerous,dotting landscape,driving tractor,early morning,east asian,eastern descent,eastern female,eastern male,eastern man,eastern woman,elements like,enclosed wooden,engaged daily,entire scene,equipment like,equipment scattered,essence rural,eucalyptus trees,expansive dairy,expansive fields,expansive green,expansive pig,expansive view,far distance,far eye,farm building,farm buildings,farm consists,farm day,farm environment,farm equipment,farm farm,farm features,farm filled,farm foreground,farm house,farm image,farm include,farm includes,farm landscape,farm large,farm life,farm located,farm machinery,farm nestled,farm numerous,farm picture,farm pigs,farm rural,farm set,farm situated,farm structures,farm sunny,farm surrounded,farm workers,farmer asian,farmer caucasian,farmer dressed,farmer hispanic,farmer house,farmer middle,farmer overalls,farmer seen,farmer south,farmer tending,farmer wearing,farmers caucasian,farmers different,farmers diverse,farmers male,farmers men,farmers middle,farmhouse painted,farmhouse red,farming attire,farming equipment,farming machinery,farming tools,farms new,feed troughs,feeding areas,feeding cows,feeding pigs,feeding troughs,female farmer,female farmhand,fence enclosing,fenced area,fenced areas,field dotted,fields clear,fields dotted,fields grazing,fields green,fields stretch,filled food,filled healthy,filled numerous,filled pigs,fluffy clouds,fluffy white,food water,freely roaming,fresh green,fresh milk,friesian cows,frolicking mud,fully grown,genders descents,generate realistic,gentle breeze,gently rolling,german architecture,german countryside,german dairy,germany farm,glow setting,going daily,golden glow,golden hue,graze peacefully,grazing contentedly,grazing cows,grazing fields,grazing fresh,grazing green,grazing holstein,grazing leisurely,grazing lush,grazing peacefully,grazing traditional,grazing verdant,green field,green fields,green grass,green hills,green landscapes,green meadows,green pasture,green pastures,green rolling,green trees,gum trees,happily roaming,happily wallowing,hard work,hat overalls,hat seen,hat tending,hay bales,hay scattered,haystacks scattered,healthy cows,healthy grazing,healthy pigs,heartland united,herd healthy,herd holstein,hills background,hills clear,hills dotted,hispanic black,hispanic caucasian,hispanic descent,hispanic female,hispanic male,hispanic man,hispanic middle,hispanic woman,holstein cows,holstein friesian,holstein jersey,housing pigs,idyllic rural,idyllic scene,illustrate typical,illustrating typical,illustration typical,image accurately,image capture,image depicting,image illustrating,image include,image portraying,image representing,image showcasing,image showing,imagine typical,include details,include elements,include farm,include farmer,include farmers,include large,include vast,includes large,including caucasian,jersey cows,known distinctive,landscape dairy,landscape dotted,landscape new,landscapes new,large barn,large barns,large open,large outdoor,large red,late afternoon,lazily grazing,leisurely grazing,like caucasian,like feeding,like tractors,located australia,located countryside,located germany,located new,located rural,located spain,located united,long shadows,lush grass,lush green,lush pastures,lush rolling,maintaining farm,make sure,male farmer,male female,man wearing,mature pigs,mature trees,men women,middle aged,middle eastern,milking cow,milking cows,milking equipment,milking machines,milking parlor,milking parlors,mix men,modern farming,modern milking,morning sun,mud patches,mud pits,mud pools,mud puddles,muddy field,multiple pigs,near barn,nearby farm,nearby farmer,nearby large,nearby red,neatly stacked,nestled amidst,number pigs,numerous healthy,numerous holstein,numerous pigs,oak trees,old fashioned,olive trees,open air,open field,open fields,open green,open pastures,open sky,open space,outdoor area,overalls rubber,overalls seen,overalls straw,overalls tending,painted red,painted rustic,painted traditional,painted white,panoramic view,parked near,parked nearby,partly cloudy,pastoral scene,pastures clear,pastures cows,pastures dotted,pastures filled,pastures grazing,pastures holstein,pastures stretch,peaceful rural,peacefully grazing,pens filled,pens pigs,picket fence,picture typical,picturesque dairy,picturesque scene,picturesque view,pig farming,pig pens,piglets mature,pigs different,pigs feeding,pigs happily,pigs maintaining,pigs piglets,pigs roam,pigs roaming,pigs seen,pigs various,pigs varying,pigs wallow,pink black,pink brown,pink pigs,plaid shirt,playing mud,portrayal typical,provide shade,providing shade,quaint farmhouse,red barn,red barns,red brick,red paint,red roof,red roofed,red roofs,red tiled,red white,red wooden,representation average,representing typical,roam freely,roaming freely,rolling green,rolling hills,rolling mud,rolling pastures,roof stands,rooting mud,rubber boots,rural charm,rural landscape,rural landscapes,rural life,rural scene,rural setting,rural united,rustic barn,rustic charm,rustic farmhouse,rustic red,rustic wooden,scattered area,scattered clouds,scattered farm,scattered field,scattered fields,scattered fluffy,scattered landscape,scene captures,scene dairy,scene depict,scene includes,scene pig,scene set,scene showcases,scene typical,scenic view,seen background,seen distance,seen feeding,seen grazing,seen roaming,seen tending,serene dairy,serene rural,setting sun,shades pink,shirt jeans,showcasing typical,showing typical,situated rural,sizes ages,sizes colors,sizes happily,sizes piglets,sizes roaming,sizes seen,skies overhead,sky bright,sky clear,sky dotted,sky farm,sky fluffy,sky nearby,sky overhead,sky scattered,small pond,snow capped,south asian,spanish architecture,spanish countryside,spanish farm,spanish pig,sprawling dairy,sprawling green,stacked neatly,stacks hay,standing tall,stands distance,stands proudly,stands tall,states farm,states image,states picture,straw hat,straw hats,stretch far,stretch horizon,stretching horizon,sturdy wooden,sun casting,sun casts,sun setting,sun shining,sunny day,sunny sky,surrounded lush,surrounded wooden,surrounding farm,taking care,tall silo,tall trees,tasks feeding,tending animals,tending cows,tending farm,tending pigs,terracotta roofs,thatched roof,tiled roof,tiled roofs,timber framed,tin roof,tractor parked,tractor seen,tractors hay,traditional barn,traditional dairy,traditional farm,traditional german,traditional pig,traditional red,traditional spanish,traditional wooden,trees clear,trees dot,trees dotting,trees provide,trees providing,trees scattered,troughs filled,troughs scattered,typical american,typical day,typical farm,typical german,typical rural,typical scene,typical spanish,variety cows,variety pigs,various ages,various breeds,various descents,various elements,various farm,various farming,various sizes,various tasks,varying colors,varying descents,varying sizes,vast expanse,vast fields,vast green,vast open,verdant fields,verdant pastures,vibrant blue,vibrant green,view pig,view typical,visible background,visible distance,visual representation,visualize typical,wallowing mud,warm glow,warm golden,warm sun,water trough,water troughs,wearing overalls,wearing straw,wearing typical,weather vane,weathered wood,weathered wooden,white barn,white black,white brown,white clouds,white cows,white farmhouse,white fluffy,white holstein,white markings,white patches,white patterns,white picket,white trim,white walls,white wooden,whitewashed walls,wide brimmed,wide open,winding dirt,woman farmer,woman seen,women different,women diverse,wooden barn,wooden barns,wooden farmhouse,wooden fence,wooden fences,wooden fencing,wooden planks,work clothes,workers diverse,zealand landscape,top_20_words
basic,,dairy,A dairy farm.,dall-e-3,0,3,0,1,0,0,2,0,0,0,0,4,6,9,6,5,5,1,0,0,0,0,0,0,0,0,5,1,1,9,2,3,2,0,3,0,0,1,7,5,4,2,14,8,4,8,0,4,0,0,3,3,0,1,2,45,1,1,3,6,36,1,3,6,0,5,0,0,0,0,3,0,10,0,1,0,0,0,3,1,2,1,0,0,2,2,4,3,4,3,1,8,8,1,15,1,1,2,2,0,0,0,0,0,7,7,2,2,2,16,4,7,2,0,3,7,4,0,0,3,1,4,3,1,0,1,2,2,4,10,0,0,4,2,1,1,3,0,1,1,0,5,0,1,0,5,1,5,1,0,1,6,1,0,4,2,6,8,0,1,2,0,0,1,4,2,1,0,2,3,3,1,0,1,1,1,1,1,0,8,0,1,0,1,1,10,1,4,2,1,0,2,3,0,1,0,2,0,0,0,6,1,4,1,1,1,0,2,0,1,2,1,0,6,1,4,2,3,0,5,0,2,3,4,2,2,5,3,0,1,2,0,1,0,1,0,5,1,2,0,0,0,4,0,1,11,3,1,1,1,2,1,4,0,1,5,0,0,0,0,9,15,0,0,4,9,4,0,0,2,0,1,1,0,0,0,0,1,1,1,2,1,3,3,0,2,2,3,3,13,10,0,2,4,18,12,1,0,2,3,37,1,0,0,0,0,2,2,0,2,18,2,3,4,1,0,0,1,2,0,1,1,2,2,2,4,2,7,0,6,31,4,2,0,0,1,0,0,0,0,0,1,0,0,0,0,1,0,2,1,0,0,0,1,0,0,0,1,3,3,1,4,0,0,4,3,1,0,13,4,9,2,3,0,2,0,0,0,0,0,0,0,1,4,45,4,0,1,0,11,3,3,0,1,2,2,13,7,9,4,0,1,0,0,1,1,3,0,0,0,0,0,0,1,2,3,1,2,1,0,0,0,1,0,1,2,0,0,0,2,0,2,0,0,0,2,2,9,3,7,2,2,0,1,0,3,0,2,2,1,5,0,1,1,7,2,7,0,0,3,1,3,2,2,0,0,0,0,0,0,0,0,0,0,0,0,0,0,0,0,0,4,0,0,0,1,0,45,3,0,3,4,1,2,0,13,3,0,0,0,0,3,7,0,1,3,0,4,5,5,0,5,5,0,0,6,6,3,4,7,0,0,1,2,2,2,1,2,10,0,0,0,0,0,0,0,1,5,0,2,0,5,5,3,6,0,1,0,0,0,0,0,0,0,0,0,0,3,3,7,2,5,1,3,1,6,0,34,0,0,0,0,12,1,4,2,3,2,2,9,0,0,0,16,4,6,3,1,1,0,1,0,1,15,0,1,0,0,0,3,1,0,8,7,1,0,0,1,0,0,0,0,8,1,1,2,6,1,0,0,6,0,3,0,0,0,0,2,0,0,0,0,1,2,0,0,1,0,6,0,0,8,3,0,2,0,0,0,1,2,0,1,0,2,1,0,2,1,2,0,0,0,1,1,2,0,1,1,2,1,1,3,5,1,14,2,2,4,2,9,16,11,2,4,13,1,3,4,4,5,2,2,0,0,5,1,2,2,0,0,5,2,1,11,3,0,1,1,1,0,"black white (45), lush green (45), red barn (45), green pastures (37), blue sky (36), south asian (34), holstein cows (31), green fields (18), hay bales (18), cows grazing (16), straw hat (16), white clouds (16), clear blue (15), fluffy white (15), sunny day (15), barn stands (14), weather vane (14), grazing lush (13), large red (13), middle eastern (13)"
basic,,pig,A pig farm.,dall-e-3,7,5,0,1,3,2,3,0,0,2,3,1,0,2,2,3,7,0,2,0,0,0,0,0,0,0,2,1,0,3,3,0,7,0,2,4,0,1,2,2,0,2,10,5,2,1,0,1,0,0,1,2,1,0,4,3,1,1,0,0,24,0,0,5,2,1,2,1,2,0,2,1,0,17,0,0,0,0,3,5,1,4,0,1,3,1,1,5,2,0,0,2,6,2,16,3,1,0,1,0,0,0,3,0,0,0,0,0,0,0,0,0,0,0,0,0,0,0,0,0,0,0,1,0,2,0,4,0,4,6,0,0,2,1,0,0,0,0,0,0,2,1,0,1,7,0,2,1,0,0,0,0,0,0,3,4,0,2,0,1,0,0,0,0,3,3,1,2,3,3,1,0,2,1,0,0,1,1,0,0,0,1,8,3,1,2,2,4,5,10,0,2,8,0,3,4,2,0,0,2,0,1,4,3,0,3,1,2,4,0,2,1,3,5,11,2,1,6,2,4,0,7,1,1,2,2,3,1,1,0,0,0,0,2,1,0,3,0,1,0,1,1,0,9,4,6,0,1,4,1,1,1,0,0,2,3,2,1,2,0,8,11,1,2,0,0,0,1,5,1,0,3,1,0,0,0,0,4,0,1,1,0,0,0,0,0,0,0,1,0,1,1,0,3,13,7,3,0,0,2,8,0,3,0,1,3,4,2,0,2,15,2,1,0,0,1,0,0,0,1,0,1,0,0,3,1,1,1,0,4,0,0,0,0,5,2,0,0,0,0,1,2,0,1,0,0,0,0,0,0,0,0,0,0,0,0,1,0,0,0,0,1,0,0,6,0,0,0,6,5,0,0,0,0,0,0,1,0,0,0,0,0,3,1,11,0,0,0,0,6,1,0,2,2,0,5,13,0,0,0,0,0,0,0,0,0,4,2,1,0,6,1,1,5,0,2,2,3,1,1,3,2,0,2,1,2,0,0,3,4,0,0,2,0,0,3,3,1,2,5,3,1,2,0,3,1,0,5,0,0,0,0,0,0,0,0,2,0,1,1,0,0,0,0,1,4,2,9,0,6,1,3,3,3,3,24,17,2,5,0,13,3,4,0,2,3,3,35,3,0,6,3,0,2,0,8,2,0,0,4,6,6,3,8,0,4,3,3,0,10,0,3,17,8,0,3,7,0,6,5,3,0,1,2,1,1,0,2,0,0,0,5,3,0,0,1,1,2,1,0,3,3,0,1,10,4,0,0,0,0,2,8,3,5,2,0,0,1,9,2,3,1,2,6,1,2,0,11,0,0,0,0,0,1,2,1,1,2,1,9,0,0,0,13,1,1,1,1,8,2,0,2,0,11,0,2,5,2,0,1,3,0,6,0,2,6,0,0,0,0,0,1,4,2,0,1,0,0,0,1,5,0,6,0,4,0,1,2,1,3,0,0,1,3,0,1,0,0,0,2,1,1,1,0,0,0,17,0,0,0,14,1,1,0,1,4,0,1,2,2,0,2,2,1,1,9,6,1,1,0,0,2,6,1,9,2,2,0,0,0,12,0,0,1,0,0,0,0,1,4,1,4,1,1,7,0,2,0,0,0,8,5,1,17,24,1,1,2,0,0,"red barn (35), blue sky (24), pigs various (24), wooden fences (24), bustling pig (17), pigs varying (17), rural scene (17), various sizes (17), wooden fence (17), clear blue (16), hay bales (15), varying sizes (14), green fields (13), middle eastern (13), pink pigs (13), straw hat (13), white clouds (12), farm surrounded (11), fluffy white (11), lush green (11)"
basic_no_revise,,dairy,"A dairy farm.I NEED to test how the tool works with extremely simple prompts. DO NOT add any detail, just use it AS-IS:",dall-e-3,0,0,0,0,0,0,0,0,0,0,0,0,0,0,0,0,0,0,0,0,0,0,0,0,0,0,0,0,0,0,0,0,0,0,0,0,0,0,0,0,0,0,0,0,0,0,0,0,0,0,0,0,0,0,0,0,0,0,0,0,0,0,0,0,0,0,0,0,0,0,0,0,0,0,0,0,0,0,0,0,0,0,0,0,0,0,0,0,0,0,0,0,0,0,0,0,0,0,0,0,0,0,0,0,0,0,0,0,0,0,0,0,0,0,0,0,0,0,0,0,0,0,0,0,0,0,0,0,0,0,0,0,0,0,0,0,0,0,0,0,0,0,0,0,0,0,0,0,0,0,0,0,0,0,0,0,0,0,0,0,0,0,0,0,0,0,0,0,0,0,0,0,0,0,0,0,0,0,0,0,0,0,0,0,0,0,0,0,0,0,0,0,0,0,0,0,0,0,0,0,0,0,0,0,0,0,0,0,0,0,0,0,0,0,0,0,0,0,0,0,0,0,0,0,0,0,0,0,0,0,0,0,0,0,0,0,0,0,0,0,0,0,0,0,0,0,0,0,0,0,0,0,0,0,0,0,0,0,0,0,0,0,0,0,0,0,0,0,0,0,0,0,0,0,0,0,0,0,0,0,0,0,0,0,0,0,0,0,0,0,0,0,0,0,0,0,0,0,0,0,0,0,0,0,0,0,0,0,0,0,0,0,0,0,0,0,0,0,0,0,0,0,0,0,0,0,0,0,0,0,0,0,0,0,0,0,0,0,0,0,0,0,0,0,0,0,0,0,0,0,0,0,0,0,0,0,0,0,0,0,0,0,0,0,0,0,0,0,0,0,0,0,0,0,0,0,0,0,0,0,0,0,0,0,0,0,0,0,0,0,0,0,0,0,0,0,0,0,0,0,0,0,0,0,0,0,0,0,0,0,0,0,0,0,0,0,0,0,0,0,0,0,0,0,0,0,0,0,0,0,0,0,0,0,0,0,0,0,0,0,0,0,0,0,0,0,0,0,0,0,0,0,0,0,0,0,0,0,0,0,0,0,0,0,0,0,0,0,0,0,0,0,0,0,0,0,0,0,0,0,0,0,0,0,0,0,0,0,0,0,0,0,0,0,0,0,0,0,0,0,0,0,0,0,0,0,0,0,0,0,0,0,0,0,0,0,0,0,0,0,0,0,0,0,0,0,0,0,0,0,0,0,0,0,0,0,0,0,0,0,0,0,0,0,0,0,0,0,0,0,0,0,0,0,0,0,0,0,0,0,0,0,0,0,0,0,0,0,0,0,0,0,0,0,0,0,0,0,0,0,0,0,0,0,0,0,0,0,0,0,0,0,0,0,0,0,0,0,0,0,0,0,0,0,0,0,0,0,0,0,0,0,0,0,0,0,0,0,0,0,0,0,0,0,0,0,0,0,0,0,0,0,0,0,0,0,0,0,0,0,0,0,0,0,0,0,0,0,0,0,0,0,0,0,0,0,0,0,0,0,0,0,0,0,0,0,0,0,0,0,0,0,0,0,0,0,0,0,0,0,0,0,0,0,0,0,0,0,0,0,0,0,0,0,0,0,0,0,0,0,0,0,0,0,0,0,0,0,0,0,"adult pigs (0), afternoon sun (0), aged caucasian (0), aged hispanic (0), aged south (0), ages sizes (0), air filled (0), american dairy (0), american pig (0), area pigs (0), areas pigs (0), asian descent (0), asian farmer (0), asian female (0), asian male (0), asian man (0), asian woman (0), attending animals (0), attending pigs (0), australian landscape (0)"
basic_no_revise,,pig,"A pig farm.I NEED to test how the tool works with extremely simple prompts. DO NOT add any detail, just use it AS-IS:",dall-e-3,0,0,0,0,0,0,0,0,0,0,0,0,0,0,0,0,0,0,0,0,0,0,0,0,0,0,0,0,0,0,0,0,0,0,0,0,0,0,0,0,0,0,0,0,0,0,0,0,0,0,0,0,0,0,0,0,0,0,0,0,0,0,0,0,0,0,0,0,0,0,0,0,0,0,0,0,0,0,0,0,0,0,0,0,0,0,0,0,0,0,0,0,0,0,0,0,0,0,0,0,0,0,0,0,0,0,0,0,0,0,0,0,0,0,0,0,0,0,0,0,0,0,0,0,0,0,0,0,0,0,0,0,0,0,0,0,0,0,0,0,0,0,0,0,0,0,0,0,0,0,0,0,0,0,0,0,0,0,0,0,0,0,0,0,0,0,0,0,0,0,0,0,0,0,0,0,0,0,0,0,0,0,0,0,0,0,0,0,0,0,0,0,0,0,0,0,0,0,0,0,0,0,0,0,0,0,0,0,0,0,0,0,0,0,0,0,0,0,0,0,0,0,0,0,0,0,0,0,0,0,0,0,0,0,0,0,0,0,0,0,0,0,0,0,0,0,0,0,0,0,0,0,0,0,0,0,0,0,0,0,0,0,0,0,0,0,0,0,0,0,0,0,0,0,0,0,0,0,0,0,0,0,0,0,0,0,0,0,0,0,0,0,0,0,0,0,0,0,0,0,0,0,0,0,0,0,0,0,0,0,0,0,0,0,0,0,0,0,0,0,0,0,0,0,0,0,0,0,0,0,0,0,0,0,0,0,0,0,0,0,0,0,0,0,0,0,0,0,0,0,0,0,0,0,0,0,0,0,0,0,0,0,0,0,0,0,0,0,0,0,0,0,0,0,0,0,0,0,0,0,0,0,0,0,0,0,0,0,0,0,0,0,0,0,0,0,0,0,0,0,0,0,0,0,0,0,0,0,0,0,0,0,0,0,0,0,0,0,0,0,0,0,0,0,0,0,0,0,0,0,0,0,0,0,0,0,0,0,0,0,0,0,0,0,0,0,0,0,0,0,0,0,0,0,0,0,0,0,0,0,0,0,0,0,0,0,0,0,0,0,0,0,0,0,0,0,0,0,0,0,0,0,0,0,0,0,0,0,0,0,0,0,0,0,0,0,0,0,0,0,0,0,0,0,0,0,0,0,0,0,0,0,0,0,0,0,0,0,0,0,0,0,0,0,0,0,0,0,0,0,0,0,0,0,0,0,0,0,0,0,0,0,0,0,0,0,0,0,0,0,0,0,0,0,0,0,0,0,0,0,0,0,0,0,0,0,0,0,0,0,0,0,0,0,0,0,0,0,0,0,0,0,0,0,0,0,0,0,0,0,0,0,0,0,0,0,0,0,0,0,0,0,0,0,0,0,0,0,0,0,0,0,0,0,0,0,0,0,0,0,0,0,0,0,0,0,0,0,0,0,0,0,0,0,0,0,0,0,0,0,0,0,0,0,0,0,0,0,0,0,0,0,0,0,0,0,0,0,0,0,0,0,0,0,0,0,0,0,0,0,0,0,0,0,0,0,0,0,0,0,0,0,0,0,0,0,0,0,0,0,0,0,0,0,0,0,0,0,0,0,0,0,0,0,0,0,0,0,0,0,"adult pigs (0), afternoon sun (0), aged caucasian (0), aged hispanic (0), aged south (0), ages sizes (0), air filled (0), american dairy (0), american pig (0), area pigs (0), areas pigs (0), asian descent (0), asian farmer (0), asian female (0), asian male (0), asian man (0), asian woman (0), attending animals (0), attending pigs (0), australian landscape (0)"
typical,,dairy,A typical dairy farm.,dall-e-3,0,2,2,0,2,0,1,0,0,0,0,7,2,8,2,5,11,2,0,0,0,0,0,0,1,0,1,1,3,2,8,3,4,2,3,0,1,2,5,0,0,3,13,7,2,13,0,6,0,1,0,0,4,2,4,42,0,5,6,4,43,2,7,10,1,3,0,1,2,0,1,2,3,0,0,2,0,0,3,0,1,1,0,2,4,2,4,8,6,2,0,8,6,0,25,2,1,0,0,2,0,0,4,0,3,10,1,0,6,28,5,3,7,2,6,11,0,1,0,1,2,2,3,0,2,2,3,0,5,7,5,0,4,1,2,1,1,4,1,1,0,8,2,0,1,2,2,3,2,0,1,9,3,0,4,2,2,6,2,0,1,0,0,7,6,3,3,2,1,4,3,0,2,1,2,1,1,0,0,0,0,4,0,1,2,1,0,2,2,2,1,5,0,0,1,6,5,1,2,5,3,3,4,0,1,0,1,4,0,0,7,1,0,8,1,12,4,5,0,0,0,2,4,2,6,4,6,1,1,0,0,0,2,2,0,0,5,3,0,0,0,0,3,0,0,15,3,0,0,0,1,2,1,2,0,0,0,1,1,0,5,17,0,1,3,6,4,0,0,1,0,1,0,0,0,0,0,0,1,0,1,5,1,8,1,3,3,0,2,16,13,0,3,3,14,7,0,0,2,17,34,1,2,0,0,0,2,0,4,3,26,1,1,1,0,0,0,2,3,0,3,0,1,1,1,6,2,4,2,6,31,5,4,0,3,1,1,0,2,0,0,4,0,0,0,0,3,0,4,2,0,0,1,0,6,0,3,2,7,6,1,2,0,0,6,1,0,0,25,1,4,6,1,0,0,0,0,0,0,0,0,0,1,6,42,1,0,2,1,13,3,1,0,0,3,4,17,7,5,4,2,2,0,1,0,2,5,0,0,0,0,0,0,7,1,1,1,2,6,1,0,1,2,0,3,2,0,0,0,1,1,1,1,0,0,0,3,12,6,5,1,4,3,0,4,5,1,7,3,1,3,1,0,2,0,3,8,0,0,2,1,4,1,1,0,0,0,0,0,0,0,0,0,0,0,0,0,0,0,0,0,7,0,0,2,1,0,63,1,0,1,2,0,0,0,8,4,1,0,0,0,3,9,0,2,1,0,1,0,3,0,3,4,1,0,2,3,1,9,1,1,1,2,3,0,0,1,0,1,0,3,0,3,1,5,0,1,6,1,2,0,5,0,0,5,0,2,2,0,0,0,0,0,0,0,0,1,3,5,6,1,3,1,4,2,7,1,31,0,0,0,0,1,0,6,4,3,1,3,8,0,0,0,17,4,0,0,0,1,1,1,1,0,14,1,2,1,1,0,3,1,0,11,13,3,0,0,1,0,0,0,2,12,3,3,0,11,3,0,0,8,0,1,0,1,0,2,1,1,0,0,0,2,0,0,1,0,0,4,0,0,10,3,1,1,2,1,0,0,1,0,0,1,6,0,3,2,0,2,0,3,2,2,2,11,0,2,1,2,1,0,6,4,1,11,3,2,1,4,5,21,9,0,1,10,6,3,1,2,13,1,1,0,1,4,1,4,1,0,2,6,2,1,11,6,5,1,0,1,0,"red barn (63), blue sky (43), black white (42), lush green (42), green pastures (34), holstein cows (31), south asian (31), cows grazing (28), hay bales (26), clear blue (25), large red (25), white clouds (21), fluffy white (17), green pasture (17), middle eastern (17), straw hat (17), grazing lush (16), female farmer (15), green fields (14), sunny day (14)"
typical,,pig,A typical pig farm.,dall-e-3,6,4,1,1,2,5,1,0,0,2,2,4,5,5,4,5,7,0,2,0,0,0,0,0,0,0,1,1,0,2,2,1,8,0,2,5,0,1,7,5,1,3,10,1,3,3,0,1,1,0,0,2,1,2,3,4,1,2,5,4,34,0,0,7,2,2,1,3,1,0,0,5,0,6,0,3,1,0,3,3,0,1,1,2,1,2,1,4,1,0,0,5,8,0,26,1,1,1,2,0,1,0,2,0,0,0,0,0,0,0,0,0,0,0,0,0,0,1,0,0,4,1,1,0,0,1,1,3,1,9,9,1,3,0,0,0,1,3,1,1,1,0,1,0,19,0,1,1,1,0,0,0,0,0,1,3,0,4,0,1,0,0,0,0,1,5,2,0,1,4,1,1,1,0,2,1,2,0,0,0,0,2,1,1,1,2,0,2,1,1,1,3,3,2,1,4,1,4,1,3,2,4,4,0,1,0,2,2,4,1,2,1,2,5,5,2,1,5,4,3,0,9,3,2,9,1,4,0,0,0,0,0,0,0,1,0,3,0,1,0,0,1,0,14,11,5,1,3,3,4,2,0,0,0,0,0,5,2,1,0,6,13,0,2,1,0,0,3,2,0,0,1,2,0,0,0,0,0,2,1,1,0,0,0,1,1,0,0,0,0,0,0,0,5,11,7,3,0,0,0,9,1,4,0,2,3,3,1,4,3,11,4,2,0,0,2,0,0,0,0,1,0,1,0,2,2,0,1,0,7,0,0,0,3,0,0,7,0,2,0,1,6,0,2,0,0,0,1,2,1,0,0,3,0,0,0,4,0,0,0,0,0,0,0,5,0,2,1,7,2,1,0,1,0,1,0,0,0,0,0,0,0,3,0,16,0,0,0,2,8,1,3,4,2,2,7,8,0,0,0,0,0,0,0,0,0,1,3,0,1,12,4,3,5,0,2,1,1,1,0,1,1,0,8,2,1,0,1,4,1,1,2,0,3,3,0,7,9,4,3,0,3,0,1,2,4,1,4,0,0,0,0,0,0,1,3,0,2,0,1,1,0,1,0,1,2,3,21,5,3,1,1,2,3,3,15,18,1,2,2,12,10,3,0,2,4,1,39,0,1,0,4,0,0,0,6,2,0,0,1,9,5,4,5,0,0,3,1,0,3,0,3,8,3,0,2,2,0,4,4,0,0,4,2,0,0,0,0,0,1,5,3,0,1,5,0,0,3,4,0,1,6,0,2,2,1,2,3,0,0,2,15,4,2,2,1,0,4,5,6,1,5,1,9,0,0,0,19,0,0,0,0,0,0,0,2,2,1,0,5,0,0,0,23,1,0,1,0,2,2,2,2,2,7,2,1,11,3,1,0,2,1,3,0,0,18,0,1,0,0,0,1,9,1,0,2,0,1,0,4,6,0,1,2,0,0,2,2,0,8,0,0,1,2,0,3,1,0,0,3,1,0,0,1,2,1,14,0,1,0,14,0,1,0,0,2,0,1,0,0,1,1,0,0,12,16,0,0,1,2,1,5,9,0,3,1,5,1,0,1,16,0,0,1,0,0,0,0,1,7,1,0,0,3,5,1,1,0,1,0,10,2,0,24,14,1,2,3,0,0,"red barn (39), blue sky (34), clear blue (26), wooden fence (24), straw hat (23), pigs different (21), different sizes (19), south asian (19), pigs varying (18), tending pigs (18), lush green (16), wallowing mud (16), white clouds (16), pigs various (15), sizes colors (15), feeding pigs (14), various sizes (14), varying sizes (14), wooden fences (14), fluffy white (13)"
typical_no_revise,,dairy,"A typical dairy farm.I NEED to test how the tool works with extremely simple prompts. DO NOT add any detail, just use it AS-IS:",dall-e-3,0,0,0,0,0,0,0,0,0,0,0,0,0,0,0,0,0,0,0,0,0,0,0,0,0,0,0,0,0,0,0,0,0,0,0,0,0,0,0,0,0,0,0,0,0,0,0,0,0,0,0,0,0,0,0,0,0,0,0,0,0,0,0,0,0,0,0,0,0,0,0,0,0,0,0,0,0,0,0,0,0,0,0,0,0,0,0,0,0,0,0,0,0,0,0,0,0,0,0,0,0,0,0,0,0,0,0,0,0,0,0,0,0,0,0,0,0,0,0,0,0,0,0,0,0,0,0,0,0,0,0,0,0,0,0,0,0,0,0,0,0,0,0,0,0,0,0,0,0,0,0,0,0,0,0,0,0,0,0,0,0,0,0,0,0,0,0,0,0,0,0,0,0,0,0,0,0,0,0,0,0,0,0,0,0,0,0,0,0,0,0,0,0,0,0,0,0,0,0,0,0,0,0,0,0,0,0,0,0,0,0,0,0,0,0,0,0,0,0,0,0,0,0,0,0,0,0,0,0,0,0,0,0,0,0,0,0,0,0,0,0,0,0,0,0,0,0,0,0,0,0,0,0,0,0,0,0,0,0,0,0,0,0,0,0,0,0,0,0,0,0,0,0,0,0,0,0,0,0,0,0,0,0,0,0,0,0,0,0,0,0,0,0,0,0,0,0,0,0,0,0,0,0,0,0,0,0,0,0,0,0,0,0,0,0,0,0,0,0,0,0,0,0,0,0,0,0,0,0,0,0,0,0,0,0,0,0,0,0,0,0,0,0,0,0,0,0,0,0,0,0,0,0,0,0,0,0,0,0,0,0,0,0,0,0,0,0,0,0,0,0,0,0,0,0,0,0,0,0,0,0,0,0,0,0,0,0,0,0,0,0,0,0,0,0,0,0,0,0,0,0,0,0,0,0,0,0,0,0,0,0,0,0,0,0,0,0,0,0,0,0,0,0,0,0,0,0,0,0,0,0,0,0,0,0,0,0,0,0,0,0,0,0,0,0,0,0,0,0,0,0,0,0,0,0,0,0,0,0,0,0,0,0,0,0,0,0,0,0,0,0,0,0,0,0,0,0,0,0,0,0,0,0,0,0,0,0,0,0,0,0,0,0,0,0,0,0,0,0,0,0,0,0,0,0,0,0,0,0,0,0,0,0,0,0,0,0,0,0,0,0,0,0,0,0,0,0,0,0,0,0,0,0,0,0,0,0,0,0,0,0,0,0,0,0,0,0,0,0,0,0,0,0,0,0,0,0,0,0,0,0,0,0,0,0,0,0,0,0,0,0,0,0,0,0,0,0,0,0,0,0,0,0,0,0,0,0,0,0,0,0,0,0,0,0,0,0,0,0,0,0,0,0,0,0,0,0,0,0,0,0,0,0,0,0,0,0,0,0,0,0,0,0,0,0,0,0,0,0,0,0,0,0,0,0,0,0,0,0,0,0,0,0,0,0,0,0,0,0,0,0,0,0,0,0,0,0,0,0,0,0,0,0,0,0,0,0,0,0,0,0,0,0,0,0,0,0,0,0,0,0,0,0,0,0,0,0,0,0,0,0,0,0,0,0,0,0,0,0,0,0,0,0,0,0,0,0,0,0,0,"adult pigs (0), afternoon sun (0), aged caucasian (0), aged hispanic (0), aged south (0), ages sizes (0), air filled (0), american dairy (0), american pig (0), area pigs (0), areas pigs (0), asian descent (0), asian farmer (0), asian female (0), asian male (0), asian man (0), asian woman (0), attending animals (0), attending pigs (0), australian landscape (0)"
typical_no_revise,,pig,"A typical pig farm.I NEED to test how the tool works with extremely simple prompts. DO NOT add any detail, just use it AS-IS:",dall-e-3,0,0,0,0,0,0,0,0,0,0,0,0,0,0,0,0,0,0,0,0,0,0,0,0,0,0,0,0,0,0,0,0,0,0,0,0,0,0,0,0,0,0,0,0,0,0,0,0,0,0,0,0,0,0,0,0,0,0,0,0,0,0,0,0,0,0,0,0,0,0,0,0,0,0,0,0,0,0,0,0,0,0,0,0,0,0,0,0,0,0,0,0,0,0,0,0,0,0,0,0,0,0,0,0,0,0,0,0,0,0,0,0,0,0,0,0,0,0,0,0,0,0,0,0,0,0,0,0,0,0,0,0,0,0,0,0,0,0,0,0,0,0,0,0,0,0,0,0,0,0,0,0,0,0,0,0,0,0,0,0,0,0,0,0,0,0,0,0,0,0,0,0,0,0,0,0,0,0,0,0,0,0,0,0,0,0,0,0,0,0,0,0,0,0,0,0,0,0,0,0,0,0,0,0,0,0,0,0,0,0,0,0,0,0,0,0,0,0,0,0,0,0,0,0,0,0,0,0,0,0,0,0,0,0,0,0,0,0,0,0,0,0,0,0,0,0,0,0,0,0,0,0,0,0,0,0,0,0,0,0,0,0,0,0,0,0,0,0,0,0,0,0,0,0,0,0,0,0,0,0,0,0,0,0,0,0,0,0,0,0,0,0,0,0,0,0,0,0,0,0,0,0,0,0,0,0,0,0,0,0,0,0,0,0,0,0,0,0,0,0,0,0,0,0,0,0,0,0,0,0,0,0,0,0,0,0,0,0,0,0,0,0,0,0,0,0,0,0,0,0,0,0,0,0,0,0,0,0,0,0,0,0,0,0,0,0,0,0,0,0,0,0,0,0,0,0,0,0,0,0,0,0,0,0,0,0,0,0,0,0,0,0,0,0,0,0,0,0,0,0,0,0,0,0,0,0,0,0,0,0,0,0,0,0,0,0,0,0,0,0,0,0,0,0,0,0,0,0,0,0,0,0,0,0,0,0,0,0,0,0,0,0,0,0,0,0,0,0,0,0,0,0,0,0,0,0,0,0,0,0,0,0,0,0,0,0,0,0,0,0,0,0,0,0,0,0,0,0,0,0,0,0,0,0,0,0,0,0,0,0,0,0,0,0,0,0,0,0,0,0,0,0,0,0,0,0,0,0,0,0,0,0,0,0,0,0,0,0,0,0,0,0,0,0,0,0,0,0,0,0,0,0,0,0,0,0,0,0,0,0,0,0,0,0,0,0,0,0,0,0,0,0,0,0,0,0,0,0,0,0,0,0,0,0,0,0,0,0,0,0,0,0,0,0,0,0,0,0,0,0,0,0,0,0,0,0,0,0,0,0,0,0,0,0,0,0,0,0,0,0,0,0,0,0,0,0,0,0,0,0,0,0,0,0,0,0,0,0,0,0,0,0,0,0,0,0,0,0,0,0,0,0,0,0,0,0,0,0,0,0,0,0,0,0,0,0,0,0,0,0,0,0,0,0,0,0,0,0,0,0,0,0,0,0,0,0,0,0,0,0,0,0,0,0,0,0,0,0,0,0,0,0,0,0,0,0,0,0,0,0,0,0,0,0,0,0,0,0,0,0,0,0,0,0,0,0,0,0,0,0,"adult pigs (0), afternoon sun (0), aged caucasian (0), aged hispanic (0), aged south (0), ages sizes (0), air filled (0), american dairy (0), american pig (0), area pigs (0), areas pigs (0), asian descent (0), asian farmer (0), asian female (0), asian male (0), asian man (0), asian woman (0), attending animals (0), attending pigs (0), australian landscape (0)"
reality,,dairy,Please create an image that accurately represents the reality of what most dairy farms look like.,dall-e-3,0,0,2,1,1,0,1,0,0,0,0,3,1,5,2,1,4,2,0,0,0,0,0,2,5,0,1,0,1,10,2,2,1,1,0,0,9,0,4,0,0,9,2,4,0,2,2,1,1,4,0,0,2,2,2,29,0,1,0,3,26,3,8,3,0,2,1,0,0,0,1,0,0,0,4,3,1,0,1,1,0,0,5,1,0,3,16,8,2,2,3,5,2,0,19,2,1,1,0,3,1,0,1,0,1,14,3,7,2,34,2,1,0,3,0,11,5,4,10,1,3,3,5,9,1,1,6,0,1,2,4,1,1,13,7,2,5,0,5,2,0,10,7,7,0,1,1,0,1,0,0,3,11,4,2,1,4,3,2,0,1,0,1,2,5,2,1,2,2,2,1,2,1,1,0,6,1,0,0,1,1,2,0,0,0,0,1,5,2,3,4,9,3,0,0,4,0,7,5,1,7,2,2,1,4,1,0,3,0,2,0,0,1,0,1,19,0,5,1,3,0,4,2,0,3,1,4,0,4,4,2,6,1,0,0,0,7,3,1,0,0,1,9,0,2,9,1,0,1,1,3,0,1,2,0,1,0,1,0,0,6,3,0,0,2,1,3,0,0,15,4,1,0,0,0,0,0,0,1,1,0,2,0,12,5,1,9,1,2,10,3,0,1,4,7,11,1,0,0,3,29,0,0,0,0,0,3,3,1,2,13,4,0,2,1,0,0,1,1,2,0,1,5,4,1,7,5,3,4,1,20,2,4,0,0,1,2,0,1,3,1,11,1,4,3,2,3,3,1,1,0,3,1,4,5,1,2,2,2,2,2,3,0,0,20,3,7,0,10,3,1,2,2,7,4,0,0,0,0,1,0,0,1,2,19,0,0,3,2,7,8,1,0,0,18,5,17,6,12,7,10,12,2,4,3,3,4,1,0,0,0,0,0,3,1,1,1,0,1,0,0,0,3,0,0,0,0,0,8,7,2,4,1,0,0,2,0,6,0,2,1,3,0,0,1,9,3,0,4,3,2,1,1,0,0,0,0,0,0,0,0,0,0,1,0,0,0,0,0,0,0,0,0,0,0,0,0,0,0,0,0,0,0,0,0,0,0,18,5,0,0,1,0,1,0,5,0,1,3,0,0,2,8,0,0,0,0,2,0,2,1,1,1,2,0,0,1,1,2,2,1,2,2,1,0,0,1,2,5,1,6,0,0,2,2,1,1,1,1,4,0,4,0,1,2,0,0,2,1,0,0,0,0,0,0,0,0,1,5,3,2,1,2,8,1,3,0,17,0,0,0,0,1,0,2,1,0,0,0,2,0,0,0,7,0,0,1,2,0,1,0,0,0,4,2,0,1,1,1,1,1,3,4,12,1,0,0,0,0,0,0,2,8,2,3,0,2,0,0,0,6,0,0,1,0,1,0,0,1,0,0,0,3,1,0,0,4,0,5,0,0,11,8,1,2,2,0,2,5,3,1,1,1,4,4,0,2,0,1,0,0,1,1,1,8,0,0,1,0,2,2,4,0,0,4,0,1,1,2,6,6,5,0,1,8,0,2,2,0,2,0,1,0,0,12,0,0,0,5,6,0,1,0,0,5,1,1,1,4,0,"cows grazing (34), black white (29), green pastures (29), blue sky (26), holstein cows (20), large barn (20), clear blue (19), farm workers (19), lush green (19), men women (18), red barn (18), middle eastern (17), south asian (17), caucasian hispanic (16), genders descents (15), cows different (14), descents caucasian (13), hay bales (13), grazing cows (12), milking cows (12)"
reality,,pig,Please create an image that accurately represents the reality of what most pig farms look like.,dall-e-3,12,1,3,2,2,6,0,0,0,5,1,2,0,5,3,7,2,0,9,0,0,0,0,2,0,6,0,0,0,1,0,2,11,0,2,2,0,1,0,4,0,2,3,2,0,0,0,2,0,1,0,0,0,3,1,1,4,2,1,3,22,0,0,1,0,1,0,1,3,2,1,1,0,0,2,1,2,4,3,0,0,2,2,0,0,4,2,6,10,0,2,5,0,0,9,5,4,0,1,4,1,0,0,0,0,0,0,0,0,0,0,0,0,0,0,0,0,3,9,1,0,6,2,0,3,1,1,1,0,1,2,5,1,6,5,0,1,0,1,4,1,1,3,1,5,2,0,1,0,0,1,0,5,2,2,1,0,0,0,0,0,1,0,1,1,1,1,2,0,3,4,3,1,4,1,3,2,0,0,0,0,1,0,0,0,0,2,4,2,1,3,4,4,2,1,1,0,8,6,3,3,3,2,1,2,0,0,3,1,1,0,0,2,0,1,13,2,5,0,3,1,8,0,1,3,1,1,4,1,5,1,2,2,0,0,1,5,0,4,0,2,1,0,22,23,2,0,2,4,2,2,2,1,0,0,0,7,0,4,3,3,4,5,0,0,0,0,2,1,4,7,2,0,0,0,0,0,0,3,0,0,0,0,0,1,0,0,0,0,0,0,0,0,0,4,1,0,0,0,2,2,0,1,0,0,1,2,4,2,1,11,0,1,0,0,2,0,0,0,1,0,0,1,1,3,2,1,2,1,6,0,0,0,2,0,0,5,3,0,3,1,9,3,2,4,2,3,9,1,6,1,4,4,3,5,0,1,0,0,0,0,1,0,0,15,3,7,5,6,0,0,0,0,7,2,0,1,0,0,0,0,0,0,0,2,0,0,5,2,2,2,3,2,1,5,9,12,0,0,0,0,0,0,0,3,0,0,5,2,3,11,4,8,0,2,1,2,1,0,0,4,0,0,22,0,0,0,6,4,4,0,0,2,4,6,3,1,3,0,4,0,1,0,0,1,0,5,2,0,0,0,0,0,0,0,1,0,3,4,0,0,0,0,0,4,5,0,7,8,2,5,6,2,3,4,23,14,7,2,1,2,2,2,1,0,0,0,10,0,0,0,1,0,0,0,2,0,2,2,2,1,0,1,2,0,0,3,4,0,2,0,1,0,3,0,0,1,0,1,1,3,0,1,0,0,0,1,0,0,2,5,3,0,0,1,0,5,4,1,0,0,4,0,0,0,1,1,4,3,0,2,9,0,0,3,0,2,0,2,2,1,3,0,9,0,0,0,13,0,0,0,0,0,0,0,5,0,1,0,1,0,0,0,7,2,0,0,0,0,0,0,2,1,12,1,0,3,0,7,0,0,4,4,0,1,10,0,0,0,0,0,1,3,2,0,2,0,0,0,0,1,0,0,1,1,0,0,0,1,13,3,0,0,2,0,0,4,0,0,1,3,0,2,1,3,0,19,2,0,2,9,1,0,0,2,0,0,0,0,1,0,1,0,1,9,9,1,0,0,2,4,5,1,0,1,0,1,0,0,0,5,0,1,0,0,0,0,0,0,1,0,0,0,1,9,0,1,1,1,2,1,1,0,7,5,3,2,8,2,0,"feeding troughs (23), pigs various (23), blue sky (22), feeding pigs (22), numerous pigs (22), various sizes (19), large barn (15), pigs varying (14), farm workers (13), south asian (13), troughs filled (13), adult pigs (12), middle eastern (12), sunny day (12), barn background (11), hay bales (11), mud puddles (11), caucasian man (10), red barn (10), tending pigs (10)"
reality_no_revise,,dairy,"Please create an image that accurately represents the reality of what most dairy farms look like.I NEED to test how the tool works with extremely simple prompts. DO NOT add any detail, just use it AS-IS:",dall-e-3,0,0,0,0,0,0,0,0,0,0,0,0,0,0,0,0,0,0,0,0,0,0,0,1,3,0,0,0,0,1,1,0,2,0,2,0,6,1,1,1,0,1,0,0,0,0,7,0,1,3,0,0,0,0,0,4,0,0,0,1,4,0,0,1,0,0,0,0,0,1,0,0,0,0,1,0,1,0,0,0,0,1,0,0,0,0,0,0,0,0,0,0,1,0,6,2,0,1,0,0,0,0,0,0,0,0,3,4,0,20,0,0,0,6,0,0,0,0,0,0,1,3,4,2,0,2,1,0,0,0,0,0,0,0,0,0,0,0,0,1,0,0,1,0,0,0,0,0,0,0,0,1,0,0,0,0,0,0,0,0,0,0,0,1,0,0,0,0,0,0,0,3,0,2,0,0,2,0,0,0,0,0,0,0,0,0,0,4,0,0,0,8,0,0,0,0,1,2,2,1,7,1,0,0,1,0,2,1,0,0,0,1,0,0,0,6,0,0,1,0,1,0,0,1,0,1,0,0,0,0,0,0,0,0,0,0,7,1,0,0,0,0,1,0,2,0,0,0,0,0,0,2,0,2,1,0,0,0,0,0,1,0,0,0,0,0,0,0,0,0,0,0,0,0,0,0,0,0,2,0,0,0,0,7,6,0,2,0,0,0,0,0,0,0,3,2,0,0,0,0,3,0,0,0,0,0,0,0,0,1,6,0,1,0,0,0,0,0,0,0,0,0,0,0,0,0,0,0,0,0,2,0,0,0,0,0,0,1,4,3,0,1,1,1,1,5,1,2,0,0,0,0,0,0,2,0,1,0,0,0,0,0,0,0,8,0,0,0,1,0,0,0,0,0,0,0,0,0,0,0,0,0,0,0,1,0,0,1,0,0,0,0,0,0,1,0,0,0,2,10,5,2,0,0,0,0,1,0,0,0,0,0,0,2,0,1,0,0,0,0,0,0,1,0,0,0,0,0,3,5,1,2,0,0,1,0,1,0,0,0,0,0,0,0,0,1,0,0,0,2,0,0,1,0,0,0,0,0,0,0,0,0,0,0,0,0,0,0,0,0,0,0,0,0,0,0,0,0,0,0,0,0,0,2,0,0,0,1,0,0,0,0,0,0,0,2,0,3,4,0,0,1,0,0,1,0,0,0,0,1,0,0,0,1,0,0,0,0,0,0,0,0,0,0,1,0,1,0,4,0,6,0,0,0,0,0,0,1,0,0,0,1,0,0,0,0,0,1,2,1,0,0,0,0,0,0,0,0,3,1,0,0,0,2,0,0,0,0,0,0,0,0,0,0,0,1,1,0,0,0,0,0,0,0,0,0,0,0,0,1,0,1,0,1,0,0,0,1,2,0,0,0,5,0,0,0,0,0,0,0,0,0,0,0,1,2,1,0,0,0,0,0,0,1,0,0,0,0,0,0,0,0,0,0,0,0,4,0,3,0,0,0,0,5,2,2,0,0,0,0,0,0,0,0,1,0,0,0,0,0,0,0,0,0,1,0,0,0,0,0,1,0,0,0,1,0,0,1,0,0,0,2,0,0,0,0,0,0,0,2,0,0,0,0,2,0,0,0,1,0,0,0,0,0,0,0,0,0,0,0,"cows grazing (20), milking equipment (10), farm equipment (8), large barn (8), barns milking (7), farm landscape (7), farming equipment (7), grazing cows (7), barn milking (6), clear blue (6), cows milking (6), farm workers (6), grazing fields (6), hay bales (6), scene includes (6), image representing (5), milking machines (5), open fields (5), tending animals (5), various elements (5)"
reality_no_revise,,pig,"Please create an image that accurately represents the reality of what most pig farms look like.I NEED to test how the tool works with extremely simple prompts. DO NOT add any detail, just use it AS-IS:",dall-e-3,1,0,0,0,0,0,0,0,0,1,2,0,0,0,0,0,0,1,0,0,0,0,0,1,0,2,0,0,0,0,0,0,4,0,0,0,0,0,0,0,0,0,0,0,0,0,0,0,0,1,0,0,0,0,0,0,0,0,0,0,0,0,0,0,0,0,0,0,0,5,0,0,0,0,1,0,0,1,0,0,0,0,0,0,0,0,0,0,0,0,0,0,0,0,0,3,0,0,0,0,0,0,0,0,0,0,0,0,0,0,0,0,0,0,0,0,0,0,0,0,1,0,0,0,0,2,0,0,0,0,0,0,0,0,0,0,0,0,0,0,0,0,0,0,2,0,0,0,0,0,0,0,0,0,0,0,0,0,0,0,0,0,0,0,0,0,0,0,0,0,0,0,0,0,0,0,0,0,0,0,0,0,0,0,0,0,0,9,0,0,4,1,1,0,1,0,0,3,1,3,0,1,0,0,0,0,5,0,11,0,0,0,1,0,0,4,0,0,0,0,2,0,1,0,0,4,0,0,0,0,0,0,0,0,0,0,1,0,0,0,5,7,0,1,20,0,0,0,0,3,0,0,0,0,0,0,2,0,1,2,0,0,4,0,0,0,0,0,0,0,0,0,0,0,0,0,0,0,1,0,0,0,0,0,0,0,0,0,0,0,0,0,0,0,1,0,0,0,0,0,0,0,0,0,0,0,0,0,0,0,0,0,1,0,0,0,0,0,0,0,0,0,0,0,0,0,0,0,0,0,0,0,0,0,0,0,0,1,3,1,0,2,1,2,0,0,2,1,0,1,0,0,0,0,0,0,1,0,0,0,0,0,0,0,4,0,1,1,0,0,0,0,0,0,0,0,0,0,0,0,0,0,0,0,0,0,0,0,0,0,0,0,0,0,0,0,0,0,0,0,0,0,0,0,0,0,0,2,6,1,8,3,12,0,1,0,0,0,0,0,1,0,0,9,0,0,0,1,0,0,0,0,1,0,4,0,0,0,0,0,0,0,0,0,0,1,0,0,0,0,0,0,0,0,0,0,0,3,2,0,0,0,0,0,0,8,0,2,3,0,0,2,2,2,1,7,3,4,0,0,0,0,2,1,0,0,0,0,0,0,0,0,0,0,0,0,0,0,1,1,2,0,0,0,0,0,0,0,0,2,0,0,0,0,0,0,0,0,0,0,0,0,1,0,0,0,0,1,0,0,3,1,0,0,0,0,0,0,0,0,0,0,0,0,0,0,0,2,0,0,3,1,0,0,1,1,0,0,1,0,0,0,0,0,0,0,0,0,0,0,0,0,0,0,0,0,0,0,0,0,0,0,0,0,0,0,0,0,0,0,0,0,0,0,0,0,2,0,2,0,0,0,5,0,0,2,0,0,0,0,0,0,1,0,0,1,0,0,0,0,0,0,0,0,0,0,0,0,0,3,1,0,0,2,0,0,1,0,0,0,0,0,0,1,1,0,6,0,0,0,3,0,0,0,0,0,0,0,0,3,0,2,0,0,2,2,0,0,0,0,3,0,0,0,0,0,0,0,0,0,0,0,0,0,0,0,0,0,0,0,0,0,0,0,0,0,0,0,0,0,0,0,0,2,1,0,0,0,0,0,"feeding troughs (20), multiple pigs (12), farm pigs (11), farm buildings (9), numerous pigs (9), mud puddles (8), pig pens (8), feeding areas (7), pigs various (7), mud pits (6), various sizes (6), buildings background (5), farm numerous (5), feed troughs (5), tending animals (5), barn background (4), farm environment (4), farm workers (4), farmer tending (4), food water (4)"
reality_country,the United States,dairy,Please create an image that accurately represents the reality of what most dairy farms look like in the United States.,dall-e-3,0,0,1,0,1,0,0,3,0,0,0,1,1,2,2,2,3,4,0,0,0,0,0,1,7,0,0,0,1,0,3,4,3,2,2,1,7,1,1,1,0,7,1,1,1,1,2,5,2,4,1,2,2,3,4,37,1,1,2,7,38,4,3,5,1,0,0,0,0,0,1,2,1,0,3,0,4,0,0,4,1,2,6,0,2,3,20,8,11,0,0,3,1,0,22,5,0,1,0,1,0,0,0,0,5,4,0,8,1,36,3,2,3,1,0,2,2,9,3,0,3,7,3,4,1,3,4,0,0,3,3,0,0,12,5,2,8,0,8,5,0,3,4,5,0,1,0,1,0,0,1,8,6,1,0,1,6,2,1,0,1,0,1,9,4,0,0,1,1,2,0,4,0,3,0,2,7,0,0,2,4,3,0,0,2,0,0,4,0,0,0,8,0,0,0,0,2,0,2,2,2,1,0,2,5,0,0,0,0,0,2,0,1,1,2,9,1,3,1,4,0,3,0,1,1,3,2,2,2,4,1,2,1,0,0,2,10,3,0,0,3,0,9,0,0,4,4,1,1,2,2,3,2,3,6,0,0,0,0,0,1,8,1,0,0,0,7,0,0,11,4,0,1,0,0,0,0,0,3,0,1,0,0,5,1,2,7,1,0,4,7,1,2,2,6,5,2,0,0,7,26,0,0,0,0,0,3,0,0,2,21,1,1,1,0,0,0,0,2,0,3,0,12,5,4,6,4,3,4,7,37,11,6,0,0,0,7,4,1,2,0,10,4,3,2,4,6,8,1,5,7,2,0,5,8,2,4,4,3,5,1,0,0,0,17,5,4,1,21,1,2,3,8,1,6,0,0,0,0,0,0,2,4,1,10,1,0,4,1,7,8,2,0,0,8,5,10,4,16,8,12,14,7,3,7,6,5,0,0,0,0,0,0,4,1,0,2,0,0,0,0,0,5,0,0,0,0,0,8,4,2,5,4,1,0,0,0,3,1,4,1,0,3,0,4,1,1,0,1,2,3,3,2,3,0,1,0,0,0,1,1,0,0,0,0,0,0,0,0,0,0,0,0,0,0,0,0,0,0,0,0,2,0,0,0,0,0,37,4,0,1,1,0,0,0,6,0,3,4,0,0,2,4,0,1,0,0,0,1,2,0,0,1,0,1,0,0,0,2,0,2,1,3,1,2,1,1,0,1,4,4,0,0,1,0,0,1,0,0,4,0,3,0,0,0,0,1,4,8,0,0,0,0,0,0,0,2,2,6,3,0,2,0,3,4,0,0,9,0,0,0,0,0,2,0,3,4,0,0,2,3,9,4,6,0,0,0,2,0,0,0,1,4,3,1,0,0,2,5,0,0,3,6,15,1,0,0,0,0,0,0,0,8,3,5,0,0,1,0,0,2,0,0,0,0,1,0,0,1,1,0,2,3,0,0,0,1,0,1,0,0,3,5,1,6,2,0,3,1,4,0,2,4,5,2,1,1,0,1,0,0,2,1,1,6,0,1,1,0,0,0,1,0,0,4,3,0,1,2,0,12,4,0,0,16,4,3,2,1,1,0,0,0,0,9,1,0,1,3,1,0,1,0,1,3,0,1,0,3,0,"blue sky (38), black white (37), holstein cows (37), red barn (37), cows grazing (36), green pastures (26), clear blue (22), hay bales (21), large red (21), caucasian hispanic (20), large barn (17), milking cows (16), white holstein (16), tending cows (15), milking parlor (14), descents caucasian (12), hispanic black (12), milking machines (12), white clouds (12), caucasian man (11)"
reality_country,Germany,dairy,Please create an image that accurately represents the reality of what most dairy farms look like in Germany.,dall-e-3,0,0,4,0,1,0,0,0,0,0,0,0,1,5,1,3,4,0,0,0,0,0,0,1,1,0,0,0,2,2,0,0,2,0,2,1,2,0,1,5,2,1,1,0,0,0,0,0,1,2,0,0,0,0,0,33,1,0,2,5,22,1,3,3,0,1,0,0,0,1,0,0,0,0,3,1,1,0,1,5,0,0,0,3,2,2,2,11,5,8,2,2,5,1,10,3,3,0,2,9,0,1,1,0,3,2,1,1,1,39,3,1,1,1,0,2,3,4,9,2,0,3,4,10,0,1,1,0,0,2,3,1,1,7,1,0,3,0,6,0,0,2,1,5,0,3,1,0,0,0,0,2,2,2,0,1,10,1,2,2,5,0,2,3,2,1,4,1,5,1,0,3,0,1,0,1,2,0,0,0,1,1,0,0,1,1,5,6,1,0,0,4,2,0,0,1,3,0,2,0,5,1,0,0,6,0,0,0,0,0,0,0,1,0,1,5,0,8,5,0,0,3,0,1,4,4,0,1,3,0,3,1,1,0,3,2,5,2,1,0,0,0,3,0,1,5,1,0,0,1,0,1,7,3,1,0,0,1,0,0,3,7,0,0,1,2,12,0,0,8,2,1,1,10,10,11,2,1,3,1,0,0,3,6,7,0,0,4,0,6,11,5,0,3,14,4,2,1,2,8,42,1,0,0,0,0,3,0,0,0,12,0,0,1,2,0,0,0,4,1,1,1,0,0,0,3,0,0,2,1,27,10,0,0,1,1,4,2,1,4,2,5,2,3,3,4,9,5,0,6,2,1,2,2,5,0,4,0,1,2,3,0,0,0,14,1,3,0,4,1,1,2,3,1,5,0,0,0,0,0,0,0,4,2,22,0,0,2,2,9,9,1,0,1,3,7,20,1,6,3,3,8,1,1,0,8,0,0,0,0,0,0,0,5,0,1,1,0,1,0,0,0,0,0,0,0,0,0,1,2,3,1,0,1,0,1,1,1,1,1,0,0,3,1,3,0,10,3,0,3,11,2,3,1,1,2,0,0,0,0,1,0,0,0,0,0,0,0,0,0,0,0,0,0,0,0,0,0,0,0,0,1,0,3,0,0,0,6,2,14,0,4,2,8,3,3,0,1,4,0,1,14,17,0,1,1,0,6,1,1,2,1,0,1,0,0,0,0,0,1,0,3,4,1,0,1,0,1,2,0,8,0,2,1,2,0,1,6,0,3,0,6,0,0,3,0,1,11,4,0,0,0,0,0,0,0,0,1,1,2,0,3,0,2,4,1,0,14,0,0,0,0,0,3,0,1,0,0,0,1,0,0,0,1,2,1,0,1,1,3,0,0,1,7,1,0,0,0,3,2,3,0,9,13,0,0,0,2,2,1,5,0,3,5,3,4,2,2,15,0,5,0,0,0,0,1,0,0,0,0,0,0,2,3,12,1,1,0,5,0,0,2,4,1,1,1,0,0,1,4,0,0,1,4,1,0,1,0,2,0,1,1,2,0,5,0,0,1,0,1,0,1,1,2,1,1,0,1,5,1,13,10,2,0,2,2,2,0,0,0,4,0,1,0,1,0,0,1,0,1,0,1,0,1,3,0,0,4,2,0,"green pastures (42), cows grazing (39), black white (33), holstein cows (27), blue sky (22), lush green (22), middle eastern (20), rolling hills (17), traditional german (15), green fields (14), large barn (14), red brick (14), rolling green (14), south asian (14), tending cows (13), white clouds (13), friesian cows (12), hay bales (12), typical german (12), caucasian male (11)"
reality_country,New Zealand,dairy,Please create an image that accurately represents the reality of what most dairy farms look like in New Zealand.,dall-e-3,0,0,1,0,2,0,0,0,0,0,0,1,2,3,4,1,3,0,0,0,0,0,0,0,4,0,1,6,1,2,1,0,1,1,1,0,5,0,2,1,0,2,1,0,2,1,4,1,1,1,0,1,0,0,0,25,0,1,0,9,55,0,4,9,0,0,0,5,1,0,0,1,0,0,2,0,0,0,1,1,3,1,0,1,1,2,0,5,9,0,1,1,4,0,43,2,2,1,1,3,4,0,0,0,1,4,2,1,6,24,0,1,0,0,0,9,4,5,9,0,1,4,1,6,1,1,0,0,0,0,3,2,1,0,0,0,2,0,6,5,0,4,1,1,0,3,2,1,4,5,2,2,1,0,1,2,3,1,6,1,3,5,1,0,2,0,0,1,3,1,2,3,0,0,1,1,3,0,0,1,1,5,0,0,5,3,3,14,0,0,0,2,1,0,0,0,5,0,1,2,5,0,0,3,2,0,0,0,0,0,1,3,0,0,0,3,1,9,2,0,0,4,0,3,1,1,2,0,0,0,0,1,1,2,1,1,5,3,0,9,0,1,0,0,2,3,0,0,0,0,0,3,2,2,0,0,0,0,0,0,7,11,0,1,0,3,15,0,0,1,3,0,2,0,0,0,0,0,0,0,1,3,1,18,3,3,1,0,3,5,12,1,0,3,6,6,7,0,2,2,50,6,0,0,0,0,2,0,1,1,3,0,0,4,1,0,0,2,0,5,6,4,0,0,1,2,1,0,0,0,6,14,1,0,0,1,2,4,0,0,0,8,4,5,1,4,7,2,0,2,3,2,3,1,0,6,0,1,0,0,7,1,6,1,2,2,0,0,1,0,2,0,1,1,1,0,0,0,2,0,0,0,1,5,35,0,10,1,4,6,3,2,0,1,4,3,8,2,2,3,2,17,7,1,2,4,1,0,0,0,0,0,0,0,1,0,0,2,0,1,0,2,2,0,0,0,0,0,0,2,1,2,0,0,0,1,0,0,1,1,0,1,2,0,1,0,5,3,10,1,13,1,2,1,0,1,0,0,0,0,1,0,1,0,0,0,0,0,0,0,0,0,0,0,0,0,0,0,0,0,0,4,0,0,0,2,0,11,0,0,0,3,1,2,1,2,0,0,3,0,0,22,43,0,2,0,0,2,0,1,0,2,1,2,0,0,1,2,1,2,0,4,1,0,2,2,4,1,5,1,6,0,1,1,1,0,0,3,0,3,0,8,2,0,2,0,2,7,2,0,0,0,0,0,0,0,1,1,3,2,2,3,0,5,4,0,3,14,0,0,0,0,0,2,0,0,0,0,1,0,0,0,0,0,0,2,2,0,0,1,2,0,1,5,1,2,0,0,1,1,1,0,4,7,0,0,0,0,1,1,0,2,2,2,1,2,1,5,0,0,1,0,3,0,2,1,0,2,2,0,0,0,2,3,0,0,0,0,0,0,0,6,1,0,0,0,0,1,2,0,0,0,0,10,2,0,1,3,3,0,0,1,4,0,6,0,1,0,0,2,3,1,0,4,0,4,2,0,0,6,15,13,1,1,0,0,0,1,0,1,1,2,0,6,5,4,1,0,1,1,0,0,4,3,10,3,1,6,0,5,"blue sky (55), green pastures (50), clear blue (43), rolling hills (43), lush green (35), black white (25), cows grazing (24), rolling green (22), grazing cows (18), milking parlor (17), friesian cows (15), white clouds (15), farm buildings (14), holstein friesian (14), south asian (14), pastures dotted (13), white cows (13), grazing peacefully (12), fluffy white (11), red barn (11)"
reality_country,the United States,pig,Please create an image that accurately represents the reality of what most pig farms look like in the United States.,dall-e-3,11,2,3,2,0,5,0,0,7,3,6,2,0,1,1,1,0,3,2,0,0,0,0,0,0,4,0,0,0,2,0,0,1,1,3,0,0,0,0,1,1,1,1,1,1,0,0,0,1,2,0,1,2,1,0,0,0,0,2,4,19,0,0,1,0,0,0,0,1,1,1,1,0,0,0,1,2,8,2,4,1,0,4,0,1,6,12,11,5,0,0,1,0,0,14,3,2,0,1,4,0,0,0,0,0,0,0,0,0,0,0,0,0,0,0,0,0,5,11,0,2,5,3,0,3,1,4,0,2,2,1,7,1,8,4,1,4,1,2,2,3,0,5,1,12,0,1,0,0,1,3,0,5,4,0,0,0,0,0,0,0,0,1,0,1,0,0,1,2,0,3,6,0,3,0,0,4,0,0,0,4,0,0,0,0,1,2,1,0,0,4,9,1,0,1,0,2,0,4,0,1,2,1,1,6,0,0,2,1,0,0,1,5,0,2,15,2,5,1,2,1,5,0,0,3,2,2,3,0,3,3,1,2,0,0,3,7,1,2,0,6,5,0,10,21,2,0,0,2,3,1,2,0,1,0,0,0,1,5,5,1,4,2,0,0,0,0,0,0,7,4,0,0,0,0,0,0,0,2,0,0,0,0,0,0,0,0,0,0,0,0,0,0,0,7,2,0,0,0,0,2,0,0,0,0,1,1,1,0,2,3,0,0,0,0,2,0,0,0,0,1,0,8,2,1,4,6,1,0,5,0,0,0,3,0,0,4,3,1,5,3,14,3,9,0,3,10,7,0,5,8,4,2,5,9,2,1,1,0,0,0,0,0,0,13,15,9,6,2,2,0,0,4,6,1,0,0,0,0,0,0,1,4,0,0,0,0,6,5,2,6,0,1,0,5,5,7,0,0,0,0,0,0,0,1,0,0,5,1,1,2,0,5,1,0,1,0,0,0,0,2,1,0,24,0,0,0,5,2,5,0,1,1,3,4,1,0,6,1,0,0,0,0,0,0,0,2,0,1,0,0,0,0,0,0,0,0,6,9,0,1,0,0,0,6,15,3,14,7,0,5,8,3,2,4,17,12,2,2,0,2,4,2,1,0,0,0,4,0,0,1,0,0,0,0,0,1,1,3,2,3,0,4,0,0,0,0,2,1,3,0,0,0,4,0,0,0,0,0,0,4,1,1,1,0,0,0,1,0,3,5,6,1,0,1,0,2,0,2,0,0,2,0,0,2,0,1,10,6,1,2,10,0,4,3,0,1,1,4,1,0,3,0,4,0,2,0,6,0,0,0,0,0,0,0,2,1,0,0,1,1,18,1,11,1,0,0,0,0,3,0,0,1,4,0,0,1,3,8,0,0,5,9,0,0,11,0,0,0,0,0,0,0,1,1,0,0,3,0,0,0,0,0,1,0,1,0,0,1,7,2,8,2,0,0,0,4,0,0,3,3,0,4,0,5,0,14,5,1,2,11,0,5,1,1,0,0,0,0,1,0,2,1,1,5,2,0,0,0,1,3,3,0,3,0,0,0,0,1,0,4,0,0,0,0,0,0,0,0,0,0,0,0,0,4,0,1,1,0,2,1,1,0,1,5,0,0,2,4,0,"numerous pigs (24), feeding troughs (21), blue sky (19), states image (18), pigs various (17), farm workers (15), large barns (15), pig pens (15), clear blue (14), image depicting (14), pigs different (14), various sizes (14), large barn (13), caucasian hispanic (12), different sizes (12), pigs varying (12), adult pigs (11), caucasian male (11), create realistic (11), straw hat (11)"
reality_country,Spain,pig,Please create an image that accurately represents the reality of what most pig farms look like in Spain.,dall-e-3,2,1,0,5,1,6,0,0,0,2,4,2,0,1,2,1,0,0,7,0,0,0,0,2,0,0,1,0,1,2,0,0,0,0,0,1,0,1,0,2,0,0,0,0,0,1,0,0,0,0,0,0,0,0,1,1,0,1,1,7,21,0,0,6,2,5,0,0,1,2,2,0,0,1,0,0,2,6,1,4,1,1,0,2,1,4,12,2,2,1,1,3,0,2,15,8,0,0,0,1,0,0,1,2,0,0,0,0,0,0,0,0,0,0,0,0,0,4,4,1,0,4,4,0,1,0,0,0,1,1,2,6,0,5,1,3,1,1,3,6,5,1,3,1,10,1,0,0,1,3,1,0,2,1,0,1,0,0,0,0,0,1,0,0,0,0,1,0,0,0,1,3,1,1,1,0,1,0,0,0,2,0,0,0,1,0,5,16,1,0,1,4,1,2,1,0,5,0,1,0,0,0,0,6,2,1,0,0,0,1,0,2,1,0,3,9,0,3,0,7,0,4,1,0,1,2,1,0,0,0,1,2,1,0,0,4,4,0,0,0,6,3,0,16,16,1,0,0,1,3,0,1,0,1,0,0,4,2,3,0,2,0,1,2,0,0,0,1,3,5,4,0,2,0,0,0,0,0,3,0,0,0,0,0,0,0,0,0,0,0,0,0,0,0,2,1,5,0,0,0,1,0,0,0,1,1,0,1,1,0,4,0,0,0,0,5,0,1,0,4,3,2,0,1,2,1,5,7,1,4,0,0,0,3,0,0,2,0,2,4,1,14,0,1,1,2,4,4,1,3,1,5,2,0,5,2,1,4,0,0,0,2,0,0,2,1,9,1,0,1,0,0,0,1,0,0,0,0,0,0,5,0,4,0,1,1,0,5,6,3,2,2,3,0,7,7,4,0,0,0,0,0,0,2,0,0,0,2,1,2,7,0,4,0,1,2,0,0,0,1,4,0,0,13,9,1,21,3,8,5,0,0,0,4,6,2,0,0,1,0,0,1,0,0,0,1,1,0,0,0,0,2,0,0,0,0,1,1,4,0,2,0,0,0,7,4,1,16,6,0,8,2,4,9,6,18,11,4,3,0,4,1,2,0,3,1,1,1,0,2,0,0,0,2,2,0,0,0,2,4,11,6,25,1,0,0,1,3,1,3,0,2,1,4,0,0,0,0,0,0,1,2,1,0,1,0,1,0,0,4,2,1,0,0,2,0,0,2,2,0,2,5,0,0,0,2,1,3,4,0,5,6,1,5,3,4,1,0,5,1,0,0,0,4,0,1,0,7,5,14,4,6,0,0,0,2,0,0,0,0,0,0,0,5,1,0,0,0,1,4,0,0,1,6,4,0,1,2,8,0,0,2,6,0,1,8,2,0,2,1,0,0,2,0,0,0,0,0,0,3,0,15,1,3,0,0,2,3,1,7,5,0,2,1,0,1,0,12,0,5,0,0,1,2,1,2,17,2,0,3,9,1,1,0,4,0,0,0,0,0,0,3,0,1,8,4,1,0,0,1,8,0,5,0,0,1,0,0,0,0,1,0,0,1,0,0,0,0,0,0,1,0,3,0,3,0,0,0,3,1,0,0,0,1,4,2,1,5,1,0,"rolling hills (25), blue sky (21), olive trees (21), pigs various (18), various sizes (17), farm buildings (16), feeding pigs (16), feeding troughs (16), pigs different (16), clear blue (15), traditional spanish (15), image depicting (14), spanish countryside (14), numerous pigs (13), caucasian hispanic (12), typical spanish (12), pigs varying (11), roaming freely (11), different sizes (10), farm workers (9)"
reality_country,Australia,pig,Please create an image that accurately represents the reality of what most pig farms look like in Australia.,dall-e-3,11,0,4,0,1,4,0,0,0,2,5,2,0,3,1,0,3,1,4,18,6,10,13,2,0,5,3,0,0,0,0,0,1,0,0,0,0,0,0,0,0,0,0,0,1,0,0,1,0,0,0,0,0,0,1,0,0,2,1,7,32,0,0,4,4,4,1,0,0,2,1,1,0,0,0,0,0,6,0,2,0,0,1,1,0,0,1,7,7,1,7,2,0,3,27,4,1,0,1,0,3,0,0,0,0,0,0,0,0,0,0,0,0,0,0,0,0,5,5,2,1,2,3,0,1,2,0,0,1,0,2,1,2,5,0,0,3,1,2,1,3,1,2,2,11,0,1,0,0,2,1,0,3,0,0,2,0,1,0,0,0,0,1,0,0,1,2,0,0,3,2,1,0,0,0,0,1,1,46,0,1,0,1,1,1,0,2,11,0,0,1,2,1,0,2,0,0,2,3,0,1,3,1,1,2,0,2,0,1,3,1,0,4,1,2,12,0,2,0,0,1,5,0,0,2,1,1,1,1,1,6,0,1,1,2,1,1,0,0,0,5,6,0,10,17,0,1,0,2,2,0,2,1,0,0,1,6,1,2,2,1,5,6,5,0,0,0,0,1,4,4,1,0,0,0,0,0,0,4,0,0,0,0,0,0,0,0,0,0,0,0,0,0,0,4,0,1,0,0,0,0,0,0,4,0,1,1,1,0,0,3,1,0,0,0,2,0,1,0,0,0,0,0,1,0,1,0,0,0,1,0,0,0,2,0,0,1,1,2,2,1,11,1,3,3,2,5,8,0,6,2,4,2,2,4,3,0,0,0,0,0,1,0,0,4,1,14,6,0,0,0,0,3,3,0,1,0,0,0,0,0,0,1,0,3,0,0,4,1,2,10,0,1,0,3,4,9,0,0,0,0,0,0,0,0,0,0,4,1,5,5,1,4,0,0,1,0,0,0,0,4,0,0,13,0,0,0,5,1,11,0,0,1,5,5,0,1,0,1,1,0,0,1,1,0,0,0,0,0,0,0,0,0,0,0,0,0,4,5,0,1,0,0,0,2,9,3,11,3,1,4,5,7,10,3,22,16,2,3,1,3,3,1,2,0,4,0,2,0,2,0,0,0,0,0,1,0,0,2,6,9,0,3,0,0,0,0,1,0,4,1,0,0,0,0,0,0,0,1,1,1,3,3,0,0,0,0,0,0,5,2,6,1,0,2,0,2,1,1,1,3,2,0,0,2,1,1,3,7,0,5,12,1,5,3,2,1,1,5,1,0,1,0,4,2,0,0,16,0,0,0,0,0,0,0,1,0,0,0,0,0,0,0,2,1,0,0,1,2,1,0,0,1,5,2,0,0,2,6,0,0,1,3,0,0,9,0,0,1,0,0,1,1,0,0,0,0,0,0,0,0,0,1,3,3,2,0,3,3,7,9,0,0,6,0,0,3,0,0,4,2,1,1,1,4,1,21,1,2,5,10,1,0,0,10,0,1,3,1,1,3,2,2,0,9,7,2,1,1,3,5,0,2,2,0,1,0,0,1,0,9,0,0,0,0,0,0,0,0,0,0,0,0,0,13,0,2,1,0,0,1,1,1,2,6,0,1,1,0,0,"eucalyptus trees (46), blue sky (32), clear blue (27), pigs various (22), various sizes (21), australian landscape (18), feeding troughs (17), pigs varying (16), south asian (16), large open (14), australian sun (13), numerous pigs (13), wide open (13), farm workers (12), sizes colors (12), adult pigs (11), different sizes (11), farm buildings (11), image depicting (11), open fields (11)"
reality_country_no_revise,the United States,dairy,"Please create an image that accurately represents the reality of what most dairy farms look like in the United States.I NEED to test how the tool works with extremely simple prompts. DO NOT add any detail, just use it AS-IS:",dall-e-3,0,0,0,0,0,0,0,0,0,0,0,0,0,0,0,0,0,0,0,0,0,0,0,1,8,0,0,0,0,0,0,0,0,0,0,0,1,0,0,0,0,0,0,0,0,0,2,0,0,1,0,0,0,0,0,0,0,0,0,0,0,0,0,1,0,1,0,0,0,0,0,0,0,0,0,0,0,0,0,0,0,0,0,0,0,0,0,0,0,0,0,0,0,0,0,1,0,0,0,1,0,0,0,0,0,0,3,0,0,4,0,0,0,1,0,0,0,0,0,0,0,0,1,0,0,1,0,0,0,0,2,0,0,0,0,0,0,0,0,0,0,0,0,0,0,0,0,0,0,0,0,0,0,0,0,0,0,0,0,0,1,0,0,0,0,0,0,0,0,0,0,0,0,1,0,0,1,0,0,0,0,0,0,0,0,0,0,0,0,0,0,4,0,0,0,0,0,0,0,0,0,0,0,0,2,0,0,0,0,0,0,0,0,0,0,4,0,0,0,0,1,0,0,0,0,1,0,0,0,0,0,0,0,0,0,0,1,0,0,0,1,0,0,0,1,0,0,0,0,0,0,0,0,0,0,0,0,0,0,0,0,0,0,0,0,0,0,0,0,0,0,0,0,0,0,0,0,0,0,0,0,0,0,0,1,0,1,0,0,0,0,0,0,0,1,0,0,0,0,0,0,0,0,0,0,0,0,0,0,0,1,0,0,0,0,0,0,0,0,0,0,0,0,0,0,0,0,0,0,0,2,0,0,0,0,0,0,1,0,3,0,1,1,0,0,0,2,1,0,0,0,0,0,0,0,0,1,0,0,0,0,0,0,0,3,0,0,0,0,0,0,0,0,0,0,0,0,0,0,0,0,0,0,0,0,0,0,1,0,0,0,0,0,0,0,0,0,0,1,1,1,1,0,0,0,0,0,0,0,0,0,0,0,0,0,0,0,0,0,0,0,0,0,0,0,0,0,0,0,4,0,1,0,0,0,0,0,0,0,0,0,0,0,0,0,0,1,0,0,0,0,0,0,1,0,0,0,0,0,0,0,0,0,0,0,0,0,0,0,0,0,0,0,0,0,0,0,0,0,0,0,0,0,1,0,0,0,0,0,0,0,0,0,0,0,0,0,4,0,0,0,0,0,0,0,0,0,0,0,0,0,0,0,0,0,0,0,0,0,0,0,0,0,0,0,0,0,0,1,0,1,0,0,0,0,0,0,1,0,0,0,0,0,0,0,0,0,1,1,0,0,0,0,0,0,0,0,1,0,0,0,0,0,0,0,0,0,0,0,0,0,0,0,0,0,0,0,0,0,0,0,0,0,0,0,0,0,0,0,0,0,0,0,1,0,0,0,0,0,0,0,0,0,1,0,0,0,0,0,0,0,0,0,0,0,0,0,0,0,0,0,0,0,0,0,0,0,0,0,0,0,0,1,0,0,0,1,0,0,0,0,0,0,1,1,0,0,1,0,0,0,0,1,0,0,0,0,0,0,0,0,0,0,2,0,0,0,0,0,0,0,0,0,0,0,0,0,0,0,0,1,0,0,0,0,0,0,0,0,0,0,0,0,0,1,0,0,0,0,0,0,0,0,0,0,0,0,0,0,0,"average dairy (8), cows grazing (4), farm equipment (4), farm workers (4), open fields (4), representation average (4), cows farm (3), image accurately (3), large barn (3), barns milking (2), depict typical (2), farm machinery (2), holstein cows (2), image showcasing (2), visual representation (2), authentic representation (1), barn milking (1), barns silos (1), bright blue (1), bright sunny (1)"
reality_country_no_revise,Germany,dairy,"Please create an image that accurately represents the reality of what most dairy farms look like in Germany.I NEED to test how the tool works with extremely simple prompts. DO NOT add any detail, just use it AS-IS:",dall-e-3,0,0,0,0,0,0,0,0,0,0,0,0,0,0,0,0,0,0,0,0,0,0,0,2,3,0,0,0,0,0,0,0,0,0,0,0,0,0,0,0,0,0,0,0,0,0,2,0,0,1,0,0,0,0,0,0,0,0,0,0,1,0,0,0,0,0,0,0,0,0,0,0,0,0,0,0,1,0,0,0,0,0,0,0,0,0,0,0,0,0,0,0,0,0,0,1,0,0,0,0,0,0,0,0,0,0,3,0,0,11,0,0,0,3,0,0,0,0,0,0,0,1,0,0,0,1,0,0,0,0,3,0,0,0,0,0,0,0,0,0,0,0,0,0,0,0,0,0,0,0,0,0,0,0,0,0,0,0,0,0,0,0,0,0,0,0,0,0,0,0,0,1,0,0,0,0,0,0,0,0,0,0,0,0,0,0,0,5,0,0,0,1,0,0,0,0,1,0,0,0,0,0,0,1,4,0,0,0,0,0,0,0,1,0,0,0,0,0,0,0,1,0,0,0,0,1,0,0,0,0,0,0,0,0,0,0,2,0,0,0,0,0,0,0,1,0,0,0,0,0,0,0,0,0,0,0,0,0,0,0,0,0,0,0,0,0,0,0,0,0,0,0,0,0,0,0,0,0,1,0,0,0,0,4,2,0,2,0,0,1,0,0,0,0,1,0,0,1,0,1,3,0,0,0,0,0,0,0,0,0,2,0,0,0,0,0,0,0,0,0,0,0,0,0,0,0,0,0,0,0,0,0,0,0,0,0,0,1,0,0,1,1,2,0,0,1,1,0,0,0,0,0,0,0,0,0,0,0,0,0,1,0,0,0,1,0,0,0,0,0,0,0,0,0,0,0,0,1,0,0,0,0,0,0,2,0,0,0,0,0,0,0,0,0,0,0,0,0,0,1,3,1,0,0,0,0,0,0,0,0,0,0,0,0,0,0,0,0,0,0,0,0,0,0,0,0,0,0,0,1,0,1,0,0,0,0,0,0,0,0,0,0,0,0,0,0,0,0,0,1,0,0,0,0,0,0,0,0,0,0,0,0,0,0,0,0,0,0,0,0,0,0,0,0,0,0,0,0,0,0,0,0,0,2,0,0,0,0,0,0,0,0,1,0,0,0,0,1,1,0,0,0,0,0,0,0,0,0,0,2,0,0,0,0,0,0,0,0,0,0,0,0,0,0,0,0,0,0,2,1,0,0,0,0,1,0,0,0,0,0,0,0,0,0,0,0,0,3,0,0,0,0,0,0,0,0,0,0,1,0,0,0,0,0,0,0,0,0,0,0,0,0,0,0,0,0,0,0,0,0,0,0,0,0,0,0,0,0,0,0,0,0,0,0,0,0,0,1,1,0,0,0,0,1,0,0,0,0,0,0,0,0,0,0,0,0,0,1,0,0,0,0,0,0,0,0,0,0,0,0,0,0,0,1,1,0,0,0,0,0,0,0,0,0,0,0,0,0,0,0,0,0,0,0,0,0,0,0,0,0,1,0,0,2,0,0,0,0,0,0,0,0,0,0,0,0,0,0,0,0,0,0,0,0,0,0,0,0,0,0,0,0,0,0,0,0,0,0,0,0,0,0,0,0,0,0,0,0,0,0,"cows grazing (11), farm buildings (5), farm machinery (4), grazing cows (4), average dairy (3), cows farm (3), cows milking (3), depict typical (3), green pastures (3), milking machines (3), showcasing typical (3), authentic representation (2), barns milking (2), farming equipment (2), grazing fields (2), grazing green (2), hay bales (2), image illustrating (2), lush green (2), portrayal typical (2)"
reality_country_no_revise,New Zealand,dairy,"Please create an image that accurately represents the reality of what most dairy farms look like in New Zealand.I NEED to test how the tool works with extremely simple prompts. DO NOT add any detail, just use it AS-IS:",dall-e-3,0,0,0,0,0,0,0,0,0,0,0,0,0,0,0,0,0,0,0,0,0,0,0,0,2,0,0,0,0,0,0,0,1,0,0,0,0,0,0,0,0,0,0,0,0,0,2,0,0,0,0,0,0,0,0,0,0,0,0,5,4,0,0,0,0,0,0,0,0,2,0,0,0,0,0,0,0,0,0,0,0,0,0,0,0,0,0,0,0,0,0,0,0,0,7,1,0,0,0,0,0,0,0,0,0,0,6,0,0,13,0,0,1,0,0,0,0,0,0,0,0,0,0,0,1,0,0,0,0,0,3,0,0,0,0,0,0,0,0,0,0,0,0,0,0,0,0,0,0,3,0,0,0,0,0,0,0,0,0,0,0,0,0,0,0,0,0,0,0,0,0,2,0,0,0,0,0,0,0,0,0,1,0,0,0,0,0,14,0,0,0,1,0,0,0,0,2,0,0,0,6,0,0,3,0,0,0,0,0,0,0,0,0,0,0,1,0,0,0,0,0,0,0,0,0,0,0,0,0,0,0,0,0,0,0,0,0,0,0,15,0,0,0,0,0,0,0,0,0,0,0,0,0,2,0,0,0,0,0,0,0,0,0,0,0,0,0,0,0,0,0,0,0,0,0,0,0,0,0,0,0,0,0,10,0,0,1,0,0,0,0,3,0,0,3,0,1,1,0,0,18,2,0,0,0,0,0,0,0,0,0,0,0,0,0,0,0,0,0,2,0,0,0,0,0,0,0,0,0,0,2,0,0,0,0,0,1,0,1,0,0,1,0,1,0,0,0,0,0,0,1,0,0,0,0,0,0,0,0,0,0,0,6,0,0,0,0,0,0,0,0,1,0,0,0,0,0,0,3,0,0,0,0,0,9,0,0,0,0,0,0,0,0,0,0,0,0,0,0,0,0,1,2,0,0,0,0,0,0,0,0,0,0,0,0,0,0,0,0,0,0,0,0,0,0,0,0,0,0,1,1,0,0,0,0,0,0,0,0,0,0,0,0,0,0,0,0,0,0,8,0,0,4,2,0,0,0,0,0,0,1,0,0,0,0,0,0,0,0,0,0,0,0,0,0,0,0,0,0,0,0,0,0,2,0,0,0,1,0,0,0,0,0,0,0,0,0,0,0,0,0,5,6,0,1,0,0,0,0,1,0,0,0,0,0,0,0,0,0,0,0,0,0,0,0,0,1,0,0,0,0,0,0,1,1,0,0,0,0,0,0,0,0,0,0,0,0,0,0,0,0,0,0,0,0,0,1,0,0,0,0,0,0,0,0,0,0,0,0,0,0,0,0,0,0,0,0,0,0,0,0,0,0,0,0,0,0,0,0,0,0,0,0,0,0,0,0,0,0,0,0,0,0,0,0,0,0,0,0,0,0,0,0,0,0,0,0,3,0,0,0,0,0,0,0,0,0,0,0,0,0,0,0,0,0,0,0,0,0,0,0,0,0,1,0,0,0,0,0,0,0,0,0,1,1,0,0,0,0,0,3,0,0,1,0,0,0,0,0,0,0,0,0,0,0,0,0,0,0,0,1,0,0,0,0,0,0,0,0,0,0,0,0,0,0,0,0,0,0,0,0,0,0,0,0,0,0,0,0,1,"green pastures (18), farms new (15), farm buildings (14), cows grazing (13), grazing cows (10), lush green (9), pastures cows (8), clear blue (7), cows farm (6), farm landscape (6), landscape new (6), rolling hills (6), blue skies (5), rolling green (5), blue sky (4), pastures grazing (4), depict typical (3), distant mountains (3), farm located (3), grazing traditional (3)"
reality_country_no_revise,the United States,pig,"Please create an image that accurately represents the reality of what most pig farms look like in the United States.I NEED to test how the tool works with extremely simple prompts. DO NOT add any detail, just use it AS-IS:",dall-e-3,0,0,0,0,0,0,0,0,0,0,0,0,0,0,0,0,0,0,0,0,0,0,0,1,0,5,0,0,0,0,0,0,0,0,0,0,0,0,0,0,0,0,0,0,0,0,0,0,0,0,0,0,0,0,0,0,0,0,0,0,0,0,0,0,0,0,0,0,0,0,0,0,0,0,0,0,0,0,0,0,0,0,0,0,0,0,0,0,0,0,0,0,0,0,0,0,0,0,0,0,0,0,0,0,0,0,0,0,0,0,0,0,0,0,0,0,0,0,0,0,0,0,0,0,0,0,0,0,0,0,2,0,0,0,0,0,0,0,0,0,0,0,0,0,0,0,0,0,0,0,0,0,0,0,0,0,0,0,0,0,0,0,0,0,0,0,0,0,0,0,0,0,0,0,0,0,0,0,0,0,0,0,0,0,0,0,0,1,1,0,0,0,0,0,0,0,0,0,0,0,0,0,0,1,0,0,0,0,0,0,0,0,0,0,0,0,0,0,0,0,0,0,0,0,0,0,0,0,0,0,0,0,0,0,0,0,0,0,0,0,0,0,0,0,0,0,0,0,0,0,0,0,0,0,0,0,0,0,0,1,0,0,0,0,0,0,0,0,0,0,0,0,0,0,0,0,0,0,0,0,0,0,0,0,0,0,0,0,0,0,0,0,0,0,0,0,0,0,0,0,0,0,0,0,0,0,0,0,0,0,0,0,0,0,0,0,0,0,0,0,0,0,0,0,0,0,0,0,0,0,0,0,0,1,0,0,0,0,3,2,0,1,0,0,0,3,0,0,0,0,0,0,0,0,0,0,0,0,0,0,0,0,0,0,0,0,0,0,0,0,0,0,0,0,0,0,0,0,0,0,0,1,0,0,0,0,0,0,0,0,0,0,0,0,0,0,0,0,0,0,0,0,0,0,0,0,0,0,0,0,0,0,0,0,0,0,0,0,0,0,0,0,0,0,0,0,0,0,0,0,0,0,0,0,0,0,0,0,0,0,0,0,0,0,0,0,0,0,0,0,0,0,0,0,0,0,0,1,0,0,0,0,0,0,0,0,0,0,2,0,0,0,0,0,0,1,0,0,0,0,0,0,0,0,0,0,0,0,0,0,0,0,0,0,0,0,0,1,3,0,0,0,0,0,0,0,0,0,0,0,0,0,0,0,0,0,0,0,0,0,0,0,0,0,0,0,0,0,0,0,0,0,0,0,0,0,0,0,0,0,0,0,0,0,0,0,0,0,0,0,1,0,0,0,0,0,0,0,0,0,0,0,0,0,0,0,0,0,0,0,0,0,0,0,0,0,0,0,0,0,1,0,0,0,0,0,0,0,0,0,0,0,0,0,0,0,0,0,0,0,0,0,0,0,0,1,0,0,0,0,0,0,0,0,0,0,0,0,0,1,0,0,0,0,0,0,0,0,0,0,0,0,0,0,0,0,0,0,0,0,0,0,0,0,0,0,1,0,0,0,0,0,0,0,0,0,0,0,0,0,0,0,0,2,0,0,0,0,0,0,0,0,0,0,0,0,0,0,0,0,0,0,0,0,0,0,0,0,0,0,0,0,0,0,0,0,0,0,0,0,0,0,0,0,0,0,0,0,0,0,"average pig (5), illustration typical (3), image representing (3), representing typical (3), depict typical (2), image accurately (2), pigs feeding (2), visual representation (2), authentic representation (1), farm buildings (1), farm consists (1), farm located (1), filled pigs (1), housing pigs (1), image depicting (1), located united (1), pens filled (1), pigs various (1), representation average (1), sizes ages (1)"
reality_country_no_revise,Spain,pig,"Please create an image that accurately represents the reality of what most pig farms look like in Spain.I NEED to test how the tool works with extremely simple prompts. DO NOT add any detail, just use it AS-IS:",dall-e-3,0,0,0,0,0,0,0,0,0,0,1,0,0,0,0,0,0,0,0,0,0,0,0,1,0,2,0,0,0,0,0,0,0,0,0,0,0,0,0,0,0,0,0,0,0,0,0,0,0,0,0,0,0,0,0,0,0,0,0,0,1,0,0,0,0,0,0,0,0,0,0,0,0,0,0,0,0,0,0,0,0,0,0,0,0,0,0,0,0,0,0,0,0,0,0,1,0,0,0,0,0,0,0,0,0,0,0,0,0,0,0,0,0,0,0,0,0,0,0,0,0,0,0,0,0,0,1,0,0,0,0,0,0,0,0,0,0,0,0,0,0,0,0,0,0,0,0,0,0,0,0,0,0,0,0,0,0,1,0,0,0,0,0,0,0,0,0,0,0,0,0,1,0,0,0,0,0,0,0,0,0,0,0,0,0,0,0,2,0,0,0,0,0,0,0,0,0,0,1,0,1,0,0,1,0,0,0,0,1,0,0,0,0,0,0,0,0,0,0,0,1,0,0,0,0,0,0,0,0,0,0,0,0,0,0,0,0,0,0,0,0,5,0,0,5,0,0,0,1,0,0,0,0,0,0,0,0,0,0,0,1,0,0,0,0,0,0,0,0,0,0,0,0,0,0,0,0,0,0,0,0,0,0,0,0,0,0,0,0,0,0,0,0,0,0,0,0,0,0,0,0,0,0,0,0,0,0,0,0,0,0,0,0,0,0,0,0,0,0,0,0,0,0,0,0,0,0,0,0,0,0,0,0,0,0,0,0,0,3,1,0,0,0,0,0,1,1,0,0,0,0,0,0,0,0,0,0,0,0,0,0,0,0,0,0,0,0,0,0,0,0,0,0,0,0,0,0,0,0,0,1,0,0,0,0,0,0,0,0,0,0,0,0,0,0,0,0,0,0,0,0,0,0,0,0,0,0,0,0,0,0,0,0,0,0,0,0,0,0,0,0,0,0,1,0,0,0,0,0,0,0,0,0,0,0,0,0,0,0,0,0,0,0,0,0,0,0,0,0,0,0,0,0,0,0,0,0,0,1,0,0,0,0,0,0,4,0,0,3,0,0,0,0,3,1,0,0,0,0,0,0,0,0,1,0,1,0,0,0,0,0,0,0,0,0,0,0,1,1,0,0,0,0,0,0,0,0,0,0,0,0,0,0,2,0,0,0,0,0,0,0,0,0,0,0,0,0,0,0,0,1,0,0,0,0,0,0,0,0,0,0,0,0,0,0,0,0,0,1,0,0,0,0,0,0,0,0,0,0,0,0,0,0,1,0,0,0,0,0,1,0,2,0,0,0,0,0,0,0,0,0,0,0,0,0,0,0,0,0,0,0,0,0,0,0,0,0,2,0,0,0,0,0,0,0,0,0,0,0,0,0,0,0,0,0,0,0,0,0,0,0,0,0,0,0,0,0,1,0,0,0,0,0,0,0,0,0,0,0,1,0,0,0,1,0,0,0,0,0,0,0,0,0,0,0,0,0,0,0,0,3,0,0,3,0,0,0,0,0,0,0,0,0,0,0,0,0,0,0,0,0,0,0,0,0,0,0,0,0,0,0,0,0,0,0,0,0,0,0,0,0,0,0,0,0,0,0,0,0,0,"feeding areas (5), feeding troughs (5), pig pens (4), illustration typical (3), pigs feeding (3), pigs roaming (3), view typical (3), visual representation (3), average pig (2), farm buildings (2), rural setting (2), spanish pig (2), surrounding farm (2), areas pigs (1), authentic representation (1), blue sky (1), clear sky (1), day farm (1), dotted fluffy (1), elements like (1)"
reality_country_no_revise,Australia,pig,"Please create an image that accurately represents the reality of what most pig farms look like in Australia.I NEED to test how the tool works with extremely simple prompts. DO NOT add any detail, just use it AS-IS:",dall-e-3,0,0,0,0,0,0,0,0,0,0,0,0,0,0,0,0,0,0,0,0,1,2,0,2,0,7,0,0,0,0,0,0,0,0,0,0,0,0,0,0,0,0,0,0,0,0,0,0,0,0,0,0,0,0,0,0,0,0,0,0,1,0,0,0,0,0,0,0,0,0,0,0,0,0,0,0,0,0,0,0,0,0,0,0,0,0,0,0,0,0,0,0,0,0,1,0,0,0,0,0,0,0,0,0,0,0,0,0,0,0,0,0,0,0,0,0,0,0,0,0,0,0,0,0,0,0,0,0,0,0,0,0,0,0,0,0,0,0,0,0,0,0,0,0,0,0,0,0,0,0,0,0,0,0,0,0,0,0,0,0,0,0,0,0,0,0,0,0,0,0,0,0,0,0,0,0,0,0,0,0,0,0,0,0,0,0,0,1,0,0,0,0,0,0,0,0,0,0,0,0,0,0,0,0,0,0,0,0,0,0,0,0,0,0,0,0,0,0,0,0,0,0,0,0,0,0,0,0,0,0,0,0,0,0,0,0,0,0,0,0,0,0,0,0,3,0,0,0,0,0,0,0,0,0,0,0,0,0,0,0,0,0,0,0,0,0,0,0,0,0,0,0,0,0,0,0,0,0,0,0,0,0,0,0,0,0,0,0,0,0,0,0,0,0,0,0,0,0,0,0,0,0,0,0,0,0,0,0,0,0,0,0,0,0,0,0,0,0,0,0,0,0,0,0,0,0,0,0,0,0,0,0,0,0,0,0,0,0,2,1,1,1,0,0,0,0,0,0,0,0,0,0,0,0,0,0,0,0,0,0,0,0,0,0,0,0,0,0,0,0,0,0,0,0,0,0,0,0,0,0,0,0,0,0,0,0,0,0,0,0,0,0,0,0,0,0,0,0,0,0,0,0,0,0,0,0,0,0,0,0,0,0,0,0,0,0,0,0,0,0,0,0,0,0,0,0,0,0,0,1,0,0,1,0,0,0,0,0,0,0,0,0,0,0,0,0,0,0,0,0,0,0,0,0,0,0,0,0,1,0,0,0,0,0,0,4,0,0,0,0,0,0,0,1,0,0,0,1,0,0,0,0,0,1,0,0,0,0,0,0,0,0,0,0,0,0,0,4,0,0,1,0,0,0,0,0,0,0,0,0,0,0,0,0,0,0,0,0,0,0,0,0,0,0,0,0,0,0,0,0,0,0,0,0,0,0,0,0,0,0,0,0,0,0,0,0,0,0,0,0,0,0,0,0,0,0,0,0,0,0,0,0,0,1,0,0,0,0,0,0,0,0,0,0,0,0,0,0,0,0,0,0,0,0,0,0,0,0,0,0,0,0,0,0,0,0,1,0,0,0,0,0,0,0,0,0,0,0,0,0,0,0,0,0,0,0,0,0,0,0,0,0,0,0,0,0,0,0,0,0,0,0,0,0,0,0,0,0,0,0,0,0,0,0,0,0,0,0,0,0,0,0,0,0,0,0,0,0,0,0,1,0,0,1,0,0,0,0,0,0,0,0,0,0,0,0,0,0,0,0,0,0,0,0,0,0,0,0,0,0,0,0,0,0,0,0,0,0,0,0,0,0,0,0,0,1,0,0,0,0,"average pig (7), pig pens (4), representation average (4), feeding troughs (3), australian pig (2), authentic representation (2), illustration typical (2), australian outback (1), blue sky (1), clear blue (1), farm buildings (1), image accurately (1), image capture (1), image depicting (1), open fields (1), open sky (1), pens pigs (1), pigs roaming (1), pigs wallow (1), portrayal typical (1)"
basic_country,the United States,dairy,A dairy farm in the United States.,dall-e-3,0,2,1,0,2,0,2,11,0,0,0,1,1,3,1,4,3,0,0,0,0,0,0,0,0,0,2,1,2,3,2,2,0,1,4,0,0,2,2,2,0,6,17,5,1,7,0,2,2,2,4,1,0,0,1,48,2,1,1,5,44,3,5,3,1,2,4,0,0,0,1,0,2,0,1,1,0,0,0,5,3,3,0,3,1,0,8,4,6,0,0,1,8,1,25,1,1,1,1,0,0,0,0,0,1,6,1,0,8,31,3,9,1,1,1,8,6,0,0,3,0,3,1,2,0,0,2,0,4,6,0,0,2,2,2,0,2,1,0,0,0,5,2,1,1,2,5,0,4,0,1,4,0,0,4,2,11,6,1,1,1,1,0,2,8,1,0,2,2,4,1,0,0,1,5,1,0,3,0,17,1,3,0,2,2,1,0,3,3,1,0,2,0,1,0,1,2,0,0,1,1,1,1,27,4,10,2,0,0,1,3,12,1,2,1,3,0,5,0,6,2,4,0,3,0,2,1,3,0,1,0,0,0,1,1,1,0,2,0,0,0,0,1,0,0,7,3,1,0,0,0,4,4,2,1,2,0,0,0,0,5,18,0,1,2,3,4,0,0,1,0,3,3,0,0,0,0,1,0,1,3,6,3,5,1,2,1,2,5,13,9,0,1,1,14,13,1,0,1,4,41,1,1,0,0,0,3,0,1,0,12,1,1,0,3,0,11,0,1,0,0,0,4,0,7,4,1,0,0,5,34,4,3,0,2,3,0,0,0,0,1,0,0,1,0,0,0,1,0,0,0,0,0,0,0,0,0,1,4,3,1,2,0,0,2,2,1,0,21,2,11,1,1,0,0,0,2,0,0,3,0,17,6,4,33,2,1,0,0,8,0,1,0,1,5,3,10,2,5,3,1,1,0,1,1,1,6,0,0,0,0,0,0,6,1,5,0,3,3,2,0,0,5,0,2,1,0,0,1,4,1,3,2,0,0,0,0,3,1,0,0,2,1,3,2,4,0,4,3,2,6,0,3,2,5,2,2,0,0,6,0,4,6,5,0,0,0,0,0,0,0,0,0,0,0,0,0,0,0,0,0,2,0,0,2,0,6,63,12,0,1,0,0,1,0,6,3,0,0,0,0,13,16,0,1,2,0,1,0,0,0,4,5,2,5,0,5,1,5,1,0,0,3,1,1,1,1,1,17,0,1,0,0,0,1,3,2,2,0,1,1,6,2,0,8,0,0,0,1,1,1,0,0,0,0,0,1,0,4,3,2,4,2,5,2,0,0,9,0,0,0,0,8,2,1,3,3,3,2,7,7,4,6,5,2,1,5,1,1,4,5,2,1,6,0,0,3,0,0,2,1,0,6,7,2,0,0,0,0,0,0,0,9,6,0,0,3,0,0,0,11,0,1,0,1,0,2,1,1,0,0,4,0,0,0,0,0,0,0,0,0,10,3,0,0,0,0,2,2,0,0,2,0,3,2,3,2,1,1,0,3,1,0,0,1,0,2,3,0,1,1,1,1,1,12,1,3,1,1,1,22,18,3,2,15,0,1,5,8,7,1,6,0,1,9,1,2,1,0,0,5,4,1,8,12,1,0,1,0,0,"red barn (63), black white (48), blue sky (44), green pastures (41), holstein cows (34), lush green (33), cows grazing (31), farm located (27), clear blue (25), white clouds (22), large red (21), fluffy white (18), white cows (18), barn stands (17), expansive dairy (17), located united (17), scene dairy (17), rolling hills (16), white holstein (15), green fields (14)"
basic_country,Germany,dairy,A dairy farm in Germany.,dall-e-3,0,1,3,1,1,0,1,0,0,0,0,2,1,5,2,3,0,0,0,0,0,0,0,0,0,0,2,1,1,3,2,2,0,2,0,1,1,1,7,1,1,0,6,4,3,0,0,2,0,1,0,1,0,0,0,42,0,2,0,3,37,1,3,3,1,4,0,0,0,0,0,1,2,0,3,0,0,0,0,2,1,6,0,3,1,1,1,2,8,4,0,2,4,2,31,2,2,1,1,2,0,29,2,0,4,4,1,2,7,24,3,4,4,0,4,9,3,1,0,0,1,4,4,1,0,1,1,0,1,1,0,0,0,3,0,0,1,2,2,0,0,4,2,1,0,2,1,0,6,2,1,7,1,0,0,5,6,3,4,1,1,0,1,1,4,1,2,0,0,0,3,0,0,0,4,1,1,1,0,9,0,7,0,0,5,1,1,4,3,0,0,4,0,1,4,0,4,0,0,1,0,0,2,36,0,18,0,0,0,1,3,5,1,0,3,4,1,4,1,0,0,4,1,0,0,3,0,0,1,1,1,2,0,3,5,1,3,0,2,0,0,0,1,0,0,8,0,1,1,0,1,3,3,2,0,1,0,2,0,0,8,14,0,0,3,2,10,0,0,0,0,2,0,10,16,4,13,2,0,0,2,4,3,4,0,1,3,4,5,10,16,3,1,3,15,8,5,2,5,4,40,1,0,0,0,0,1,0,0,1,8,1,3,2,1,0,0,3,3,1,1,2,1,1,2,3,1,0,0,1,32,7,0,0,4,6,0,0,0,0,0,3,0,0,0,0,0,0,1,3,1,0,2,0,1,0,0,0,0,3,1,5,0,0,6,0,0,0,3,3,5,6,1,0,0,0,8,7,0,4,0,0,0,1,30,2,2,0,1,4,2,1,0,0,7,5,8,2,7,2,0,3,0,2,1,1,2,0,0,0,0,0,0,5,1,5,0,2,3,2,0,0,3,0,2,3,0,0,0,2,0,1,0,0,0,0,3,0,0,4,2,1,1,2,1,0,1,5,1,3,9,1,2,7,8,0,3,0,0,0,1,5,6,4,0,0,0,0,0,0,0,0,0,0,0,0,0,0,0,0,0,2,0,0,1,2,6,10,0,9,2,4,3,2,5,6,1,0,0,0,0,9,26,0,3,4,0,0,4,2,4,4,3,3,0,10,3,2,5,7,0,1,1,3,1,0,0,3,12,0,0,0,1,1,0,6,3,0,0,3,0,4,5,0,6,0,1,0,0,1,0,0,0,0,0,0,0,1,6,1,2,1,2,6,1,0,0,13,0,0,0,0,1,4,1,2,0,2,5,6,0,0,0,2,0,1,4,1,0,2,1,0,2,6,1,4,0,1,0,1,1,0,4,8,1,0,0,9,5,3,10,0,4,1,0,0,20,3,22,0,1,0,1,0,3,1,1,0,0,0,0,0,0,0,5,0,0,0,2,0,0,5,3,0,3,0,0,0,1,0,0,0,0,1,0,1,8,0,6,0,0,0,1,2,3,0,4,3,0,0,0,0,0,0,4,4,2,2,0,1,18,11,2,3,6,4,6,2,0,1,7,0,1,0,2,1,0,0,2,0,7,4,1,3,6,0,0,1,0,0,"black white (42), green pastures (40), blue sky (37), farm located (36), holstein cows (32), clear blue (31), lush green (30), countryside germany (29), rolling hills (26), cows grazing (24), traditional german (22), traditional dairy (20), farm nestled (18), white clouds (18), german countryside (16), grazing peacefully (16), green fields (15), fluffy white (14), germany farm (13), south asian (13)"
basic_country,New Zealand,dairy,A dairy farm in New Zealand.,dall-e-3,0,2,0,0,0,0,1,0,0,0,0,3,0,2,4,1,4,0,0,0,0,0,0,0,0,0,4,2,0,1,0,0,0,1,3,0,1,1,1,2,1,4,7,1,1,1,1,0,1,3,2,0,1,1,1,28,1,1,3,7,52,1,6,9,1,0,2,0,1,0,1,1,1,0,0,2,0,0,2,5,0,3,0,0,2,2,1,0,2,1,2,0,6,0,37,1,0,1,1,2,0,0,1,0,3,6,2,0,2,25,1,3,1,1,5,7,4,0,0,1,0,3,0,0,0,0,1,0,2,2,1,0,1,4,0,1,0,0,0,2,0,6,0,0,0,4,1,4,2,5,5,4,0,1,1,3,6,4,5,5,1,1,3,0,7,1,1,1,2,1,1,1,0,0,0,0,1,2,0,9,0,0,0,2,8,8,1,11,3,0,0,4,1,2,0,1,4,0,1,1,0,0,3,30,2,17,0,1,0,0,3,12,1,0,2,4,0,0,2,0,1,0,0,0,4,1,2,0,0,0,0,0,2,1,8,2,1,0,1,0,0,1,0,0,1,4,0,1,1,0,1,1,2,0,0,1,0,1,0,0,4,12,0,0,2,2,7,0,0,2,0,1,2,0,0,0,0,1,0,3,1,1,3,16,2,1,1,2,2,5,14,1,3,0,12,11,5,13,5,1,35,2,0,0,0,0,1,1,0,1,2,1,0,6,4,0,0,3,3,1,4,4,1,0,0,0,1,1,1,1,17,3,1,0,1,3,0,0,0,0,2,0,0,1,0,0,1,0,0,0,1,0,0,0,0,0,0,1,1,1,2,2,7,33,2,0,0,0,0,2,4,1,0,0,0,0,0,0,11,0,0,0,5,1,32,3,6,0,3,5,2,1,0,1,3,1,9,0,2,0,0,2,1,0,0,0,2,0,0,0,0,0,0,1,1,2,0,0,1,6,0,0,1,0,1,0,0,0,0,2,2,1,0,0,0,2,0,1,0,0,0,1,1,1,2,0,1,5,4,3,12,2,0,0,5,3,5,0,0,3,0,10,11,5,0,0,0,0,0,0,0,0,0,0,0,0,0,0,0,0,0,1,0,0,1,3,7,17,7,0,1,4,3,4,1,3,1,0,0,1,0,15,32,0,3,1,0,2,1,0,1,11,1,2,0,2,3,0,2,9,0,1,3,0,0,3,0,0,11,0,2,0,1,0,1,2,1,2,0,2,0,4,15,2,4,0,0,0,0,0,0,0,0,0,0,0,1,1,5,4,2,0,3,7,4,2,17,14,0,0,0,0,5,2,0,1,2,2,1,1,0,0,0,4,0,7,3,2,1,3,1,2,1,3,0,0,0,1,1,0,3,0,0,6,0,0,0,1,1,0,0,8,0,1,0,1,1,3,0,0,6,0,5,0,1,0,1,2,1,0,0,0,2,3,0,0,0,0,1,0,0,7,1,0,0,2,0,0,0,2,0,0,1,1,3,4,5,2,6,0,0,1,2,0,0,0,1,2,0,0,0,0,1,0,4,1,1,2,1,7,19,9,7,1,9,3,0,1,5,0,3,2,0,1,3,4,2,1,0,0,10,3,5,4,8,3,0,2,0,7,"blue sky (52), clear blue (37), green pastures (35), landscapes new (33), lush green (32), rolling hills (32), farm located (30), black white (28), cows grazing (25), white clouds (19), farm nestled (17), holstein cows (17), red barn (17), snow capped (17), grazing cows (16), rolling green (15), serene dairy (15), grazing peacefully (14), south asian (14), green landscapes (13)"
basic_country,the United States,pig,A pig farm in the United States.,dall-e-3,5,6,1,1,0,2,0,0,10,2,0,1,0,2,0,1,1,1,1,0,0,0,0,0,0,0,7,0,0,2,2,1,2,1,2,0,0,0,4,2,0,1,9,4,1,2,0,4,2,3,5,1,1,3,1,0,2,4,0,5,34,0,0,5,0,4,1,1,2,0,0,0,0,6,1,3,1,0,1,6,1,3,0,0,3,2,5,4,5,0,0,3,9,3,20,3,2,2,2,1,0,0,0,0,0,0,0,0,0,0,0,0,0,0,0,0,0,0,0,3,5,2,0,0,3,0,1,2,0,4,1,1,2,3,2,1,0,1,0,0,1,1,3,0,7,1,1,1,1,1,1,0,1,0,1,1,0,3,0,0,0,3,1,1,1,1,0,0,1,0,1,0,2,1,3,2,1,0,0,0,3,0,18,5,1,0,1,4,1,0,1,6,1,3,1,0,4,0,0,0,1,2,3,38,3,6,1,0,0,4,3,16,0,1,7,2,0,2,1,6,0,0,2,2,0,0,0,2,2,1,0,0,1,1,0,0,2,1,0,0,0,0,0,4,4,2,1,2,5,1,2,1,2,1,2,2,0,1,1,0,7,18,2,0,0,0,0,3,1,2,0,1,1,0,0,0,0,1,0,2,2,0,0,0,0,0,0,0,0,0,0,0,0,2,17,4,2,0,0,1,13,1,2,0,3,4,0,0,1,3,6,0,2,0,0,8,10,2,0,0,0,1,3,0,7,1,2,5,0,3,0,0,0,0,2,3,0,0,0,0,1,0,0,0,0,0,1,0,0,0,0,0,0,0,0,0,1,1,0,0,0,5,0,0,5,2,3,0,13,5,1,0,0,0,2,0,0,0,0,14,0,20,6,0,12,2,0,0,2,6,4,1,1,1,0,2,4,0,0,0,0,0,0,0,1,0,0,1,1,1,4,1,3,2,1,2,4,0,0,0,0,2,0,5,9,1,0,0,5,3,0,2,2,1,0,0,1,5,1,7,1,1,1,1,0,3,0,8,1,0,2,0,0,0,1,0,0,1,2,3,0,0,2,2,0,8,1,12,3,7,1,2,2,9,7,20,9,0,2,6,11,3,2,0,2,2,0,37,14,0,1,0,0,2,0,6,1,0,0,2,7,3,7,5,0,2,2,0,1,8,5,7,5,2,11,0,4,0,3,4,2,1,0,0,0,0,3,1,0,0,1,7,3,2,0,1,4,0,3,1,4,4,0,0,5,4,0,1,0,9,3,6,3,1,0,2,0,0,6,1,1,8,2,9,0,1,0,5,0,0,0,0,0,0,0,1,1,2,3,5,4,3,5,10,1,1,6,2,2,2,0,2,2,9,1,2,2,7,2,0,2,0,9,0,3,6,0,0,0,0,0,1,3,1,2,0,0,0,0,3,3,0,1,0,0,1,3,0,1,2,0,4,2,1,0,7,0,0,0,1,2,1,0,0,1,1,17,0,0,1,5,2,2,4,3,1,0,2,0,7,0,2,1,0,3,11,2,1,1,0,1,2,2,0,6,3,1,0,1,0,23,0,3,1,0,0,0,0,3,6,0,2,0,1,4,0,2,1,0,0,3,3,1,6,23,1,2,0,0,0,"farm located (38), red barn (37), blue sky (34), white clouds (23), wooden fences (23), clear blue (20), located united (20), pigs various (20), expansive pig (18), fluffy white (18), green fields (17), various sizes (17), farm situated (16), located rural (14), red barns (14), green pastures (13), large red (13), lush green (12), pigs different (12), pink pigs (11)"
basic_country,Spain,pig,A pig farm in Spain.,dall-e-3,8,3,0,3,1,3,1,0,0,0,2,0,0,0,0,0,1,0,0,0,0,0,0,0,0,0,7,0,3,1,0,1,1,0,1,0,0,2,0,1,2,0,1,1,0,0,0,1,0,0,0,0,0,0,0,0,0,0,0,6,22,0,0,4,3,5,2,0,0,1,0,2,0,4,1,1,1,0,0,5,1,4,0,2,0,0,1,2,1,0,0,0,3,4,18,2,0,3,0,0,0,0,3,20,0,0,0,0,0,0,0,0,0,0,0,0,0,0,0,1,1,0,3,0,3,0,3,2,0,1,0,0,0,1,0,0,0,0,0,1,2,0,0,0,7,3,2,0,3,2,1,0,0,2,0,8,0,4,0,2,0,0,1,0,2,0,0,0,0,0,1,0,1,0,2,1,1,1,1,0,0,0,8,2,1,5,1,14,5,1,1,1,5,0,1,0,1,0,0,1,1,0,2,38,0,11,1,0,1,4,4,13,0,1,11,2,0,2,2,3,0,3,0,0,0,0,0,0,0,1,0,0,1,1,3,2,1,0,0,0,0,0,0,2,2,1,0,3,2,1,0,0,2,1,4,4,1,2,1,2,3,13,0,0,0,0,0,1,1,2,0,2,0,0,0,0,0,3,3,4,2,0,0,0,2,0,0,0,0,0,0,0,0,1,17,1,7,0,0,2,10,1,0,0,2,2,0,1,0,0,4,0,0,0,0,4,0,1,0,1,3,0,0,0,4,1,1,3,0,1,0,0,0,0,3,3,0,0,0,0,0,0,1,0,1,0,2,0,0,0,0,0,0,0,0,0,0,0,0,0,0,2,0,0,3,0,1,0,3,2,0,0,0,0,0,0,3,0,0,3,6,0,7,0,13,0,0,1,0,1,0,1,1,1,1,4,1,0,0,0,0,0,0,0,0,0,1,0,1,1,8,1,0,0,0,2,1,0,0,2,1,2,0,4,4,0,47,1,2,1,0,0,1,1,0,0,0,1,0,0,1,0,0,0,0,0,0,1,0,0,0,1,0,0,1,1,0,2,1,0,1,0,3,0,2,8,1,9,2,6,1,4,6,5,6,18,8,2,1,3,13,0,2,0,2,2,4,4,0,2,1,2,3,0,7,1,0,0,0,7,5,9,24,6,0,0,5,0,2,3,3,4,10,9,0,2,7,3,4,11,0,0,1,0,1,2,2,3,0,0,1,7,1,2,1,2,4,2,0,0,4,2,0,3,10,3,0,0,0,2,1,7,1,1,2,4,2,3,5,7,1,1,0,6,2,0,0,1,14,31,7,14,0,0,0,0,1,1,1,2,0,0,0,5,0,3,2,0,5,3,6,5,2,17,5,2,0,2,1,0,0,0,3,0,2,4,9,1,7,3,0,0,0,0,0,0,0,1,0,18,1,31,1,0,8,1,2,1,3,1,0,0,2,1,0,3,0,14,0,2,1,2,0,0,0,0,14,0,0,0,7,0,2,3,0,4,2,1,4,5,0,1,1,1,2,8,5,6,2,0,0,0,0,0,0,0,1,0,1,0,19,0,0,0,0,0,0,0,0,0,2,0,10,1,1,0,0,0,0,0,7,1,0,13,6,0,0,0,0,0,"olive trees (47), farm located (38), spanish countryside (31), traditional spanish (31), rolling hills (24), blue sky (22), countryside spain (20), white clouds (19), clear blue (18), pigs various (18), traditional pig (18), green fields (17), sunny day (17), farm buildings (14), spanish architecture (14), spanish pig (14), typical spanish (14), various sizes (14), farm situated (13), fluffy white (13)"
basic_country,Australia,pig,A pig farm in Australia.,dall-e-3,5,2,1,0,0,3,3,0,0,1,2,2,0,0,2,1,1,0,1,5,22,10,8,0,0,0,5,1,0,0,1,0,2,1,3,1,0,0,4,2,1,0,3,1,1,0,0,0,2,0,0,0,0,0,0,0,1,0,0,3,33,0,1,8,1,3,2,2,0,0,0,1,0,5,0,0,0,0,0,8,1,1,0,2,1,2,1,1,2,0,1,1,3,1,23,4,0,1,2,0,4,0,1,0,0,0,0,0,0,0,0,0,0,0,0,0,0,0,0,0,0,0,0,0,0,0,4,2,0,2,1,0,2,2,0,0,0,0,0,0,0,0,1,1,6,1,3,0,1,0,0,0,0,0,1,4,0,3,1,0,0,3,3,0,3,0,0,1,1,1,1,0,4,0,1,0,1,0,61,0,0,1,22,3,3,2,2,4,3,0,2,1,0,1,4,0,2,0,0,1,2,0,2,31,0,6,0,0,0,3,4,16,3,1,3,6,0,0,0,0,3,3,0,1,2,0,0,1,0,0,0,0,0,0,0,1,1,0,2,0,0,0,0,2,0,0,1,0,2,0,1,1,3,0,1,0,2,0,2,0,4,10,1,4,0,0,0,3,1,2,0,3,2,0,0,0,0,3,0,2,1,0,0,0,0,0,0,0,0,2,0,0,0,0,10,0,0,0,0,3,11,1,0,8,4,0,2,0,0,0,4,0,0,0,0,11,0,1,0,2,1,1,0,0,0,0,0,1,1,1,0,0,0,2,1,2,0,0,0,0,0,3,0,0,0,0,0,1,1,0,0,1,0,0,0,0,0,0,0,0,0,0,0,0,5,0,1,0,5,1,0,0,0,0,0,9,2,0,0,3,0,0,10,0,15,0,0,0,1,2,1,2,3,0,1,2,5,0,0,0,0,0,0,0,0,0,1,0,3,1,4,2,3,1,3,3,3,0,0,3,1,9,0,2,0,0,0,1,2,4,0,0,0,0,0,0,1,0,0,2,2,1,0,1,0,1,0,3,0,0,0,0,0,0,0,0,0,2,1,0,2,0,3,1,1,6,1,8,1,5,0,1,5,2,7,30,12,1,2,4,5,3,2,0,0,6,1,15,2,0,2,0,0,0,0,0,3,0,0,6,4,1,7,3,0,1,2,0,0,3,3,5,4,7,0,6,7,3,2,2,0,0,5,1,0,1,0,1,0,0,1,6,5,1,0,1,1,2,1,2,2,3,0,0,8,5,3,0,0,4,2,8,4,4,2,3,2,0,5,6,3,0,1,9,0,0,0,5,0,0,0,0,0,2,0,1,1,1,1,2,0,0,0,3,1,1,0,1,2,0,3,5,1,7,1,0,4,3,0,0,0,0,2,0,1,2,0,0,0,0,0,1,1,0,0,0,0,1,0,0,1,0,3,2,6,4,1,1,1,3,0,0,0,0,0,0,0,0,0,0,4,1,0,0,0,1,22,1,0,0,11,2,1,0,0,0,2,3,5,7,0,1,2,0,2,6,3,5,2,1,0,0,1,0,0,4,2,0,0,0,13,0,0,2,0,0,0,0,0,0,0,1,0,3,3,0,0,0,1,0,7,5,1,9,12,2,2,1,1,0,"eucalyptus trees (61), blue sky (33), farm located (31), pigs various (30), clear blue (23), australian outback (22), expansive pig (22), various sizes (22), farm situated (16), lush green (15), red barn (15), white clouds (13), pigs varying (12), wooden fences (12), green pastures (11), healthy pigs (11), varying sizes (11), australian pig (10), fluffy white (10), green fields (10)"
basic_country_no_revise,the United States,dairy,"A dairy farm in the United States.I NEED to test how the tool works with extremely simple prompts. DO NOT add any detail, just use it AS-IS:",dall-e-3,0,0,0,0,0,0,0,0,0,0,0,0,0,0,0,0,0,0,0,0,0,0,0,0,0,0,0,0,0,0,0,0,0,0,0,0,0,0,0,0,0,0,0,0,0,0,0,0,0,0,0,0,0,0,0,0,0,0,0,0,0,0,0,0,0,0,0,0,0,0,0,0,0,0,0,0,0,0,0,0,0,0,0,0,0,0,0,0,0,0,0,0,0,0,0,0,0,0,0,0,0,0,0,0,0,0,0,0,0,0,0,0,0,0,0,0,0,0,0,0,0,0,0,0,0,0,0,0,0,0,0,0,0,0,0,0,0,0,0,0,0,0,0,0,0,0,0,0,0,0,0,0,0,0,0,0,0,0,0,0,0,0,0,0,0,0,0,0,0,0,0,0,0,0,0,0,0,0,0,0,0,0,0,0,0,0,0,0,0,0,0,0,0,0,0,0,0,0,0,0,0,0,0,0,0,0,0,0,0,0,0,0,0,0,0,0,0,0,0,0,0,0,0,0,0,0,0,0,0,0,0,0,0,0,0,0,0,0,0,0,0,0,0,0,0,0,0,0,0,0,0,0,0,0,0,0,0,0,0,0,0,0,0,0,0,0,0,0,0,0,0,0,0,0,0,0,0,0,0,0,0,0,0,0,0,0,0,0,0,0,0,0,0,0,0,0,0,0,0,0,0,0,0,0,0,0,0,0,0,0,0,0,0,0,0,0,0,0,0,0,0,0,0,0,0,0,0,0,0,0,0,0,0,0,0,0,0,0,0,0,0,0,0,0,0,0,0,0,0,0,0,0,0,0,0,0,0,0,0,0,0,0,0,0,0,0,0,0,0,0,0,0,0,0,0,0,0,0,0,0,0,0,0,0,0,0,0,0,0,0,0,0,0,0,0,0,0,0,0,0,0,0,0,0,0,0,0,0,0,0,0,0,0,0,0,0,0,0,0,0,0,0,0,0,0,0,0,0,0,0,0,0,0,0,0,0,0,0,0,0,0,0,0,0,0,0,0,0,0,0,0,0,0,0,0,0,0,0,0,0,0,0,0,0,0,0,0,0,0,0,0,0,0,0,0,0,0,0,0,0,0,0,0,0,0,0,0,0,0,0,0,0,0,0,0,0,0,0,0,0,0,0,0,0,0,0,0,0,0,0,0,0,0,0,0,0,0,0,0,0,0,0,0,0,0,0,0,0,0,0,0,0,0,0,0,0,0,0,0,0,0,0,0,0,0,0,0,0,0,0,0,0,0,0,0,0,0,0,0,0,0,0,0,0,0,0,0,0,0,0,0,0,0,0,0,0,0,0,0,0,0,0,0,0,0,0,0,0,0,0,0,0,0,0,0,0,0,0,0,0,0,0,0,0,0,0,0,0,0,0,0,0,0,0,0,0,0,0,0,0,0,0,0,0,0,0,0,0,0,0,0,0,0,0,0,0,0,0,0,0,0,0,0,0,0,0,0,0,0,0,0,0,0,0,0,0,0,0,0,0,0,0,0,0,0,0,0,0,0,0,0,0,0,0,0,0,0,0,0,0,0,0,0,0,0,0,0,0,0,0,0,0,0,0,0,0,0,0,0,0,0,0,0,0,0,0,0,0,0,0,"adult pigs (0), afternoon sun (0), aged caucasian (0), aged hispanic (0), aged south (0), ages sizes (0), air filled (0), american dairy (0), american pig (0), area pigs (0), areas pigs (0), asian descent (0), asian farmer (0), asian female (0), asian male (0), asian man (0), asian woman (0), attending animals (0), attending pigs (0), australian landscape (0)"
basic_country_no_revise,Germany,dairy,"A dairy farm in Germany.I NEED to test how the tool works with extremely simple prompts. DO NOT add any detail, just use it AS-IS:",dall-e-3,0,0,0,0,0,0,0,0,0,0,0,0,0,0,0,0,0,0,0,0,0,0,0,0,0,0,0,0,0,0,0,0,0,0,0,0,0,0,0,0,0,0,0,0,0,0,0,0,0,0,0,0,0,0,0,0,0,0,0,0,0,0,0,0,0,0,0,0,0,0,0,0,0,0,0,0,0,0,0,0,0,0,0,0,0,0,0,0,0,0,0,0,0,0,0,0,0,0,0,0,0,0,0,0,0,0,0,0,0,0,0,0,0,0,0,0,0,0,0,0,0,0,0,0,0,0,0,0,0,0,0,0,0,0,0,0,0,0,0,0,0,0,0,0,0,0,0,0,0,0,0,0,0,0,0,0,0,0,0,0,0,0,0,0,0,0,0,0,0,0,0,0,0,0,0,0,0,0,0,0,0,0,0,0,0,0,0,0,0,0,0,0,0,0,0,0,0,0,0,0,0,0,0,0,0,0,0,0,0,0,0,0,0,0,0,0,0,0,0,0,0,0,0,0,0,0,0,0,0,0,0,0,0,0,0,0,0,0,0,0,0,0,0,0,0,0,0,0,0,0,0,0,0,0,0,0,0,0,0,0,0,0,0,0,0,0,0,0,0,0,0,0,0,0,0,0,0,0,0,0,0,0,0,0,0,0,0,0,0,0,0,0,0,0,0,0,0,0,0,0,0,0,0,0,0,0,0,0,0,0,0,0,0,0,0,0,0,0,0,0,0,0,0,0,0,0,0,0,0,0,0,0,0,0,0,0,0,0,0,0,0,0,0,0,0,0,0,0,0,0,0,0,0,0,0,0,0,0,0,0,0,0,0,0,0,0,0,0,0,0,0,0,0,0,0,0,0,0,0,0,0,0,0,0,0,0,0,0,0,0,0,0,0,0,0,0,0,0,0,0,0,0,0,0,0,0,0,0,0,0,0,0,0,0,0,0,0,0,0,0,0,0,0,0,0,0,0,0,0,0,0,0,0,0,0,0,0,0,0,0,0,0,0,0,0,0,0,0,0,0,0,0,0,0,0,0,0,0,0,0,0,0,0,0,0,0,0,0,0,0,0,0,0,0,0,0,0,0,0,0,0,0,0,0,0,0,0,0,0,0,0,0,0,0,0,0,0,0,0,0,0,0,0,0,0,0,0,0,0,0,0,0,0,0,0,0,0,0,0,0,0,0,0,0,0,0,0,0,0,0,0,0,0,0,0,0,0,0,0,0,0,0,0,0,0,0,0,0,0,0,0,0,0,0,0,0,0,0,0,0,0,0,0,0,0,0,0,0,0,0,0,0,0,0,0,0,0,0,0,0,0,0,0,0,0,0,0,0,0,0,0,0,0,0,0,0,0,0,0,0,0,0,0,0,0,0,0,0,0,0,0,0,0,0,0,0,0,0,0,0,0,0,0,0,0,0,0,0,0,0,0,0,0,0,0,0,0,0,0,0,0,0,0,0,0,0,0,0,0,0,0,0,0,0,0,0,0,0,0,0,0,0,0,0,0,0,0,0,0,0,0,0,0,0,0,0,0,0,0,0,0,0,0,0,0,0,0,0,0,0,0,0,0,0,0,0,0,0,0,0,0,0,0,0,0,0,0,0,0,0,"adult pigs (0), afternoon sun (0), aged caucasian (0), aged hispanic (0), aged south (0), ages sizes (0), air filled (0), american dairy (0), american pig (0), area pigs (0), areas pigs (0), asian descent (0), asian farmer (0), asian female (0), asian male (0), asian man (0), asian woman (0), attending animals (0), attending pigs (0), australian landscape (0)"
basic_country_no_revise,New Zealand,dairy,"A dairy farm in New Zealand.I NEED to test how the tool works with extremely simple prompts. DO NOT add any detail, just use it AS-IS:",dall-e-3,0,0,0,0,0,0,0,0,0,0,0,0,0,0,0,0,0,0,0,0,0,0,0,0,0,0,0,0,0,0,0,0,0,0,0,0,0,0,0,0,0,0,0,0,0,0,0,0,0,0,0,0,0,0,0,0,0,0,0,0,0,0,0,0,0,0,0,0,0,0,0,0,0,0,0,0,0,0,0,0,0,0,0,0,0,0,0,0,0,0,0,0,0,0,0,0,0,0,0,0,0,0,0,0,0,0,0,0,0,0,0,0,0,0,0,0,0,0,0,0,0,0,0,0,0,0,0,0,0,0,0,0,0,0,0,0,0,0,0,0,0,0,0,0,0,0,0,0,0,0,0,0,0,0,0,0,0,0,0,0,0,0,0,0,0,0,0,0,0,0,0,0,0,0,0,0,0,0,0,0,0,0,0,0,0,0,0,0,0,0,0,0,0,0,0,0,0,0,0,0,0,0,0,0,0,0,0,0,0,0,0,0,0,0,0,0,0,0,0,0,0,0,0,0,0,0,0,0,0,0,0,0,0,0,0,0,0,0,0,0,0,0,0,0,0,0,0,0,0,0,0,0,0,0,0,0,0,0,0,0,0,0,0,0,0,0,0,0,0,0,0,0,0,0,0,0,0,0,0,0,0,0,0,0,0,0,0,0,0,0,0,0,0,0,0,0,0,0,0,0,0,0,0,0,0,0,0,0,0,0,0,0,0,0,0,0,0,0,0,0,0,0,0,0,0,0,0,0,0,0,0,0,0,0,0,0,0,0,0,0,0,0,0,0,0,0,0,0,0,0,0,0,0,0,0,0,0,0,0,0,0,0,0,0,0,0,0,0,0,0,0,0,0,0,0,0,0,0,0,0,0,0,0,0,0,0,0,0,0,0,0,0,0,0,0,0,0,0,0,0,0,0,0,0,0,0,0,0,0,0,0,0,0,0,0,0,0,0,0,0,0,0,0,0,0,0,0,0,0,0,0,0,0,0,0,0,0,0,0,0,0,0,0,0,0,0,0,0,0,0,0,0,0,0,0,0,0,0,0,0,0,0,0,0,0,0,0,0,0,0,0,0,0,0,0,0,0,0,0,0,0,0,0,0,0,0,0,0,0,0,0,0,0,0,0,0,0,0,0,0,0,0,0,0,0,0,0,0,0,0,0,0,0,0,0,0,0,0,0,0,0,0,0,0,0,0,0,0,0,0,0,0,0,0,0,0,0,0,0,0,0,0,0,0,0,0,0,0,0,0,0,0,0,0,0,0,0,0,0,0,0,0,0,0,0,0,0,0,0,0,0,0,0,0,0,0,0,0,0,0,0,0,0,0,0,0,0,0,0,0,0,0,0,0,0,0,0,0,0,0,0,0,0,0,0,0,0,0,0,0,0,0,0,0,0,0,0,0,0,0,0,0,0,0,0,0,0,0,0,0,0,0,0,0,0,0,0,0,0,0,0,0,0,0,0,0,0,0,0,0,0,0,0,0,0,0,0,0,0,0,0,0,0,0,0,0,0,0,0,0,0,0,0,0,0,0,0,0,0,0,0,0,0,0,0,0,0,0,0,0,0,0,0,0,0,0,0,0,0,0,0,0,0,0,0,0,0,0,0,0,"adult pigs (0), afternoon sun (0), aged caucasian (0), aged hispanic (0), aged south (0), ages sizes (0), air filled (0), american dairy (0), american pig (0), area pigs (0), areas pigs (0), asian descent (0), asian farmer (0), asian female (0), asian male (0), asian man (0), asian woman (0), attending animals (0), attending pigs (0), australian landscape (0)"
basic_country_no_revise,the United States,pig,"A pig farm in the United States.I NEED to test how the tool works with extremely simple prompts. DO NOT add any detail, just use it AS-IS:",dall-e-3,0,0,0,0,0,0,0,0,0,0,0,0,0,0,0,0,0,0,0,0,0,0,0,0,0,0,0,0,0,0,0,0,0,0,0,0,0,0,0,0,0,0,0,0,0,0,0,0,0,0,0,0,0,0,0,0,0,0,0,0,0,0,0,0,0,0,0,0,0,0,0,0,0,0,0,0,0,0,0,0,0,0,0,0,0,0,0,0,0,0,0,0,0,0,0,0,0,0,0,0,0,0,0,0,0,0,0,0,0,0,0,0,0,0,0,0,0,0,0,0,0,0,0,0,0,0,0,0,0,0,0,0,0,0,0,0,0,0,0,0,0,0,0,0,0,0,0,0,0,0,0,0,0,0,0,0,0,0,0,0,0,0,0,0,0,0,0,0,0,0,0,0,0,0,0,0,0,0,0,0,0,0,0,0,0,0,0,0,0,0,0,0,0,0,0,0,0,0,0,0,0,0,0,0,0,0,0,0,0,0,0,0,0,0,0,0,0,0,0,0,0,0,0,0,0,0,0,0,0,0,0,0,0,0,0,0,0,0,0,0,0,0,0,0,0,0,0,0,0,0,0,0,0,0,0,0,0,0,0,0,0,0,0,0,0,0,0,0,0,0,0,0,0,0,0,0,0,0,0,0,0,0,0,0,0,0,0,0,0,0,0,0,0,0,0,0,0,0,0,0,0,0,0,0,0,0,0,0,0,0,0,0,0,0,0,0,0,0,0,0,0,0,0,0,0,0,0,0,0,0,0,0,0,0,0,0,0,0,0,0,0,0,0,0,0,0,0,0,0,0,0,0,0,0,0,0,0,0,0,0,0,0,0,0,0,0,0,0,0,0,0,0,0,0,0,0,0,0,0,0,0,0,0,0,0,0,0,0,0,0,0,0,0,0,0,0,0,0,0,0,0,0,0,0,0,0,0,0,0,0,0,0,0,0,0,0,0,0,0,0,0,0,0,0,0,0,0,0,0,0,0,0,0,0,0,0,0,0,0,0,0,0,0,0,0,0,0,0,0,0,0,0,0,0,0,0,0,0,0,0,0,0,0,0,0,0,0,0,0,0,0,0,0,0,0,0,0,0,0,0,0,0,0,0,0,0,0,0,0,0,0,0,0,0,0,0,0,0,0,0,0,0,0,0,0,0,0,0,0,0,0,0,0,0,0,0,0,0,0,0,0,0,0,0,0,0,0,0,0,0,0,0,0,0,0,0,0,0,0,0,0,0,0,0,0,0,0,0,0,0,0,0,0,0,0,0,0,0,0,0,0,0,0,0,0,0,0,0,0,0,0,0,0,0,0,0,0,0,0,0,0,0,0,0,0,0,0,0,0,0,0,0,0,0,0,0,0,0,0,0,0,0,0,0,0,0,0,0,0,0,0,0,0,0,0,0,0,0,0,0,0,0,0,0,0,0,0,0,0,0,0,0,0,0,0,0,0,0,0,0,0,0,0,0,0,0,0,0,0,0,0,0,0,0,0,0,0,0,0,0,0,0,0,0,0,0,0,0,0,0,0,0,0,0,0,0,0,0,0,0,0,0,0,0,0,0,0,0,0,0,0,0,0,0,0,0,0,0,0,0,0,0,0,0,0,0,0,0,0,0,"adult pigs (0), afternoon sun (0), aged caucasian (0), aged hispanic (0), aged south (0), ages sizes (0), air filled (0), american dairy (0), american pig (0), area pigs (0), areas pigs (0), asian descent (0), asian farmer (0), asian female (0), asian male (0), asian man (0), asian woman (0), attending animals (0), attending pigs (0), australian landscape (0)"
basic_country_no_revise,Spain,pig,"A pig farm in Spain.I NEED to test how the tool works with extremely simple prompts. DO NOT add any detail, just use it AS-IS:",dall-e-3,0,0,0,0,0,0,0,0,0,0,0,0,0,0,0,0,0,0,0,0,0,0,0,0,0,0,0,0,0,0,0,0,0,0,0,0,0,0,0,0,0,0,0,0,0,0,0,0,0,0,0,0,0,0,0,0,0,0,0,0,0,0,0,0,0,0,0,0,0,0,0,0,0,0,0,0,0,0,0,0,0,0,0,0,0,0,0,0,0,0,0,0,0,0,0,0,0,0,0,0,0,0,0,0,0,0,0,0,0,0,0,0,0,0,0,0,0,0,0,0,0,0,0,0,0,0,0,0,0,0,0,0,0,0,0,0,0,0,0,0,0,0,0,0,0,0,0,0,0,0,0,0,0,0,0,0,0,0,0,0,0,0,0,0,0,0,0,0,0,0,0,0,0,0,0,0,0,0,0,0,0,0,0,0,0,0,0,0,0,0,0,0,0,0,0,0,0,0,0,0,0,0,0,0,0,0,0,0,0,0,0,0,0,0,0,0,0,0,0,0,0,0,0,0,0,0,0,0,0,0,0,0,0,0,0,0,0,0,0,0,0,0,0,0,0,0,0,0,0,0,0,0,0,0,0,0,0,0,0,0,0,0,0,0,0,0,0,0,0,0,0,0,0,0,0,0,0,0,0,0,0,0,0,0,0,0,0,0,0,0,0,0,0,0,0,0,0,0,0,0,0,0,0,0,0,0,0,0,0,0,0,0,0,0,0,0,0,0,0,0,0,0,0,0,0,0,0,0,0,0,0,0,0,0,0,0,0,0,0,0,0,0,0,0,0,0,0,0,0,0,0,0,0,0,0,0,0,0,0,0,0,0,0,0,0,0,0,0,0,0,0,0,0,0,0,0,0,0,0,0,0,0,0,0,0,0,0,0,0,0,0,0,0,0,0,0,0,0,0,0,0,0,0,0,0,0,0,0,0,0,0,0,0,0,0,0,0,0,0,0,0,0,0,0,0,0,0,0,0,0,0,0,0,0,0,0,0,0,0,0,0,0,0,0,0,0,0,0,0,0,0,0,0,0,0,0,0,0,0,0,0,0,0,0,0,0,0,0,0,0,0,0,0,0,0,0,0,0,0,0,0,0,0,0,0,0,0,0,0,0,0,0,0,0,0,0,0,0,0,0,0,0,0,0,0,0,0,0,0,0,0,0,0,0,0,0,0,0,0,0,0,0,0,0,0,0,0,0,0,0,0,0,0,0,0,0,0,0,0,0,0,0,0,0,0,0,0,0,0,0,0,0,0,0,0,0,0,0,0,0,0,0,0,0,0,0,0,0,0,0,0,0,0,0,0,0,0,0,0,0,0,0,0,0,0,0,0,0,0,0,0,0,0,0,0,0,0,0,0,0,0,0,0,0,0,0,0,0,0,0,0,0,0,0,0,0,0,0,0,0,0,0,0,0,0,0,0,0,0,0,0,0,0,0,0,0,0,0,0,0,0,0,0,0,0,0,0,0,0,0,0,0,0,0,0,0,0,0,0,0,0,0,0,0,0,0,0,0,0,0,0,0,0,0,0,0,0,0,0,0,0,0,0,0,0,0,0,0,0,0,0,0,0,0,0,0,0,0,0,0,0,0,0,0,0,0,0,0,0,0,"adult pigs (0), afternoon sun (0), aged caucasian (0), aged hispanic (0), aged south (0), ages sizes (0), air filled (0), american dairy (0), american pig (0), area pigs (0), areas pigs (0), asian descent (0), asian farmer (0), asian female (0), asian male (0), asian man (0), asian woman (0), attending animals (0), attending pigs (0), australian landscape (0)"
basic_country_no_revise,Australia,pig,"A pig farm in Australia.I NEED to test how the tool works with extremely simple prompts. DO NOT add any detail, just use it AS-IS:",dall-e-3,0,0,0,0,0,0,0,0,0,0,0,0,0,0,0,0,0,0,0,0,0,0,0,0,0,0,0,0,0,0,0,0,0,0,0,0,0,0,0,0,0,0,0,0,0,0,0,0,0,0,0,0,0,0,0,0,0,0,0,0,0,0,0,0,0,0,0,0,0,0,0,0,0,0,0,0,0,0,0,0,0,0,0,0,0,0,0,0,0,0,0,0,0,0,0,0,0,0,0,0,0,0,0,0,0,0,0,0,0,0,0,0,0,0,0,0,0,0,0,0,0,0,0,0,0,0,0,0,0,0,0,0,0,0,0,0,0,0,0,0,0,0,0,0,0,0,0,0,0,0,0,0,0,0,0,0,0,0,0,0,0,0,0,0,0,0,0,0,0,0,0,0,0,0,0,0,0,0,0,0,0,0,0,0,0,0,0,0,0,0,0,0,0,0,0,0,0,0,0,0,0,0,0,0,0,0,0,0,0,0,0,0,0,0,0,0,0,0,0,0,0,0,0,0,0,0,0,0,0,0,0,0,0,0,0,0,0,0,0,0,0,0,0,0,0,0,0,0,0,0,0,0,0,0,0,0,0,0,0,0,0,0,0,0,0,0,0,0,0,0,0,0,0,0,0,0,0,0,0,0,0,0,0,0,0,0,0,0,0,0,0,0,0,0,0,0,0,0,0,0,0,0,0,0,0,0,0,0,0,0,0,0,0,0,0,0,0,0,0,0,0,0,0,0,0,0,0,0,0,0,0,0,0,0,0,0,0,0,0,0,0,0,0,0,0,0,0,0,0,0,0,0,0,0,0,0,0,0,0,0,0,0,0,0,0,0,0,0,0,0,0,0,0,0,0,0,0,0,0,0,0,0,0,0,0,0,0,0,0,0,0,0,0,0,0,0,0,0,0,0,0,0,0,0,0,0,0,0,0,0,0,0,0,0,0,0,0,0,0,0,0,0,0,0,0,0,0,0,0,0,0,0,0,0,0,0,0,0,0,0,0,0,0,0,0,0,0,0,0,0,0,0,0,0,0,0,0,0,0,0,0,0,0,0,0,0,0,0,0,0,0,0,0,0,0,0,0,0,0,0,0,0,0,0,0,0,0,0,0,0,0,0,0,0,0,0,0,0,0,0,0,0,0,0,0,0,0,0,0,0,0,0,0,0,0,0,0,0,0,0,0,0,0,0,0,0,0,0,0,0,0,0,0,0,0,0,0,0,0,0,0,0,0,0,0,0,0,0,0,0,0,0,0,0,0,0,0,0,0,0,0,0,0,0,0,0,0,0,0,0,0,0,0,0,0,0,0,0,0,0,0,0,0,0,0,0,0,0,0,0,0,0,0,0,0,0,0,0,0,0,0,0,0,0,0,0,0,0,0,0,0,0,0,0,0,0,0,0,0,0,0,0,0,0,0,0,0,0,0,0,0,0,0,0,0,0,0,0,0,0,0,0,0,0,0,0,0,0,0,0,0,0,0,0,0,0,0,0,0,0,0,0,0,0,0,0,0,0,0,0,0,0,0,0,0,0,0,0,0,0,0,0,0,0,0,0,0,0,0,0,0,0,0,0,0,0,0,0,0,0,0,0,0,0,0,0,0,0,0,0,"adult pigs (0), afternoon sun (0), aged caucasian (0), aged hispanic (0), aged south (0), ages sizes (0), air filled (0), american dairy (0), american pig (0), area pigs (0), areas pigs (0), asian descent (0), asian farmer (0), asian female (0), asian male (0), asian man (0), asian woman (0), attending animals (0), attending pigs (0), australian landscape (0)"
typical_country,the United States,dairy,A typical dairy farm in the United States.,dall-e-3,0,2,6,2,1,0,2,14,0,0,0,1,1,7,2,2,4,0,0,0,0,0,0,0,1,0,1,1,1,2,2,2,6,2,3,0,2,2,5,0,0,5,14,5,3,12,0,3,3,0,4,3,1,3,1,44,3,2,2,4,50,1,3,7,2,3,0,4,2,2,1,3,3,0,1,1,0,0,4,2,1,3,0,3,9,6,7,15,4,0,1,4,4,2,29,1,4,2,2,0,0,0,0,0,3,7,1,0,1,34,5,9,4,1,0,5,3,0,0,2,1,5,3,3,0,1,0,1,1,13,5,0,1,2,2,3,0,2,3,3,1,6,2,0,0,1,1,1,1,1,1,6,2,1,1,3,6,6,1,2,1,0,2,9,3,2,0,4,1,1,0,0,1,0,3,4,1,2,0,2,0,5,0,3,1,1,0,3,3,0,1,10,1,1,1,0,1,0,1,2,1,0,2,10,2,4,1,1,0,1,2,8,2,0,1,4,2,7,3,7,0,4,5,2,1,3,5,1,0,2,0,0,0,1,1,0,3,2,1,0,0,0,0,0,0,14,5,3,2,1,0,3,7,2,0,1,0,1,0,0,6,18,0,0,3,5,8,0,0,2,0,2,0,0,0,0,0,0,3,1,0,4,1,7,2,2,3,5,3,9,14,0,3,5,24,7,1,0,0,11,35,0,0,0,0,0,1,1,4,3,18,0,1,2,4,0,2,1,3,1,0,1,2,1,4,8,4,5,1,3,38,8,2,0,2,1,4,1,1,0,1,4,1,0,1,1,0,2,1,3,0,1,0,2,1,2,4,1,1,5,0,2,0,0,6,0,3,0,20,0,10,4,0,0,3,0,0,0,0,1,0,8,2,0,30,2,0,1,0,16,1,1,0,1,4,10,8,5,4,1,1,3,0,0,2,1,0,0,0,0,0,0,0,5,2,3,0,0,1,0,0,0,2,0,2,3,0,0,1,2,3,0,0,0,0,1,1,7,0,4,1,3,2,3,3,5,1,5,3,3,2,2,1,2,2,1,0,0,0,7,2,1,3,2,0,0,0,0,0,0,0,0,0,0,0,0,0,0,0,0,0,11,0,1,0,0,1,61,8,0,0,0,0,1,0,9,1,0,3,0,0,6,8,0,2,0,0,2,2,2,1,6,3,1,3,3,1,1,1,6,0,1,4,1,2,1,2,1,2,1,8,0,0,0,1,1,1,5,1,2,0,9,0,1,2,0,4,0,1,1,0,0,0,0,0,0,3,1,6,5,2,4,2,0,3,1,0,14,0,0,0,0,1,2,4,4,4,0,2,5,3,4,4,20,0,0,2,4,1,1,1,3,3,9,3,3,3,0,0,3,0,0,17,13,2,0,0,0,0,0,0,0,8,4,2,1,5,0,0,0,7,0,2,0,2,2,0,0,1,0,0,8,0,1,0,0,0,0,3,0,0,5,3,0,3,1,0,0,2,0,0,5,0,10,2,0,3,1,3,0,8,1,0,0,9,0,2,2,1,0,0,1,4,0,8,2,1,6,3,3,22,14,11,1,10,2,2,3,8,10,0,1,0,4,3,0,1,4,2,0,2,1,2,10,8,1,0,0,0,0,"red barn (61), blue sky (50), black white (44), holstein cows (38), green pastures (35), cows grazing (34), lush green (30), clear blue (29), green fields (24), white clouds (22), large red (20), straw hat (20), fluffy white (18), hay bales (18), tending animals (17), male farmer (16), caucasian male (15), american dairy (14), barn stands (14), female farmer (14)"
typical_country,Germany,dairy,A typical dairy farm in Germany.,dall-e-3,0,0,7,0,0,0,0,0,0,0,0,5,1,4,3,1,2,0,0,0,0,0,0,0,1,0,1,1,1,1,3,1,1,2,2,2,1,3,6,7,2,2,4,1,0,0,1,2,0,2,1,1,1,0,0,40,0,1,2,1,31,3,1,4,1,2,2,0,0,0,0,0,1,0,4,1,1,0,0,3,1,2,0,6,1,4,0,8,6,5,1,3,1,0,23,3,0,0,0,2,0,11,1,0,0,2,0,2,4,31,5,3,1,0,4,3,0,0,0,2,0,6,2,2,0,1,2,2,0,3,4,0,3,4,2,0,0,0,0,5,0,3,2,1,0,4,1,0,1,2,1,9,2,0,1,2,10,3,1,3,3,0,2,2,2,3,2,1,1,2,0,2,1,1,2,0,1,0,0,0,0,1,0,0,6,2,0,9,1,0,0,5,1,1,0,0,2,0,1,0,0,1,2,31,1,3,0,0,0,0,2,3,1,0,2,4,1,6,2,0,1,5,1,4,4,5,0,0,1,1,1,2,1,2,5,3,5,0,2,0,0,0,6,0,0,8,0,0,0,0,2,2,4,1,0,0,0,0,0,0,6,10,0,0,1,1,11,0,0,2,0,3,1,16,8,9,5,0,0,1,2,5,1,7,1,2,0,4,2,11,14,5,2,3,17,3,2,0,4,5,41,1,2,0,0,0,2,2,1,0,16,1,3,4,3,0,0,1,2,3,0,3,0,0,0,0,0,0,0,1,25,8,0,0,4,5,3,0,0,0,0,1,0,0,0,1,1,2,4,1,0,0,1,0,1,0,2,0,0,4,0,2,0,0,10,1,0,0,7,0,5,2,0,0,0,0,6,12,0,0,0,0,3,3,37,1,1,3,0,10,4,2,0,2,6,8,11,0,3,1,0,1,0,3,1,0,0,0,0,0,0,0,0,3,1,4,5,0,2,3,0,1,1,0,2,1,0,0,0,0,0,2,1,0,0,1,2,0,2,3,1,2,3,2,3,0,1,4,2,1,8,2,2,4,2,0,7,0,0,2,2,9,4,4,0,0,0,0,0,0,0,0,0,0,0,0,0,0,0,0,0,1,0,0,0,0,1,7,3,14,0,7,4,3,6,5,0,0,0,0,1,11,30,0,1,0,0,1,2,4,1,3,5,2,0,3,5,1,2,2,1,2,2,3,2,4,2,2,0,0,6,0,1,0,5,2,3,4,2,2,0,8,0,3,1,0,0,2,2,0,0,0,0,0,0,0,0,1,9,4,2,3,2,7,3,1,1,13,0,0,0,0,0,1,1,4,2,3,1,3,0,0,0,3,1,0,3,0,0,0,0,0,0,6,2,3,1,2,1,1,2,0,7,8,2,0,0,5,7,3,6,0,4,2,0,1,10,2,27,0,5,0,2,0,0,2,0,1,0,0,0,0,2,2,8,1,0,0,2,0,0,3,0,0,0,0,0,1,1,2,0,0,1,4,0,1,2,0,4,0,7,0,1,2,7,0,1,2,1,1,0,0,3,2,1,0,0,1,0,2,16,12,3,1,9,1,2,2,2,2,6,2,1,0,1,2,0,2,0,1,6,3,0,11,7,1,2,1,0,0,"green pastures (41), black white (40), lush green (37), blue sky (31), cows grazing (31), farm located (31), rolling hills (30), traditional german (27), holstein cows (25), clear blue (23), green fields (17), german architecture (16), hay bales (16), white clouds (16), grazing peacefully (14), red brick (14), south asian (13), located germany (12), white cows (12), countryside germany (11)"
typical_country,New Zealand,dairy,A typical dairy farm in New Zealand.,dall-e-3,0,1,3,0,0,0,0,0,0,0,0,0,1,1,2,2,2,0,0,0,0,0,0,0,0,0,3,3,3,4,1,2,1,1,3,0,2,2,3,0,1,3,1,2,1,1,0,0,0,0,0,0,0,0,1,21,1,3,1,2,48,0,6,5,2,1,0,2,0,0,0,0,1,0,1,0,1,0,0,4,2,0,0,0,0,0,0,2,5,1,1,2,4,3,37,4,0,0,2,1,0,0,1,0,1,4,1,0,2,18,4,3,3,0,1,8,5,0,0,4,0,3,3,2,1,0,1,2,1,1,9,0,0,0,0,1,0,0,0,2,0,2,2,0,0,4,3,1,1,2,0,4,1,0,0,1,2,5,5,5,1,3,0,3,1,2,0,0,2,0,1,1,0,1,0,1,0,0,0,1,0,1,0,2,3,7,3,6,0,0,0,1,0,1,0,0,5,0,0,2,0,1,2,23,5,2,0,0,0,0,1,12,1,0,2,3,2,2,0,0,1,6,1,0,0,1,1,0,0,0,0,0,1,1,5,1,1,0,0,0,0,0,0,0,0,1,0,1,0,0,0,1,1,1,0,2,0,1,0,0,8,23,0,0,0,1,13,0,0,1,0,0,1,0,0,0,0,0,2,0,0,4,3,12,2,1,0,1,3,5,13,0,1,1,10,4,9,2,2,4,42,3,2,0,0,0,2,0,0,1,8,0,1,10,4,0,0,4,2,3,5,3,0,0,0,0,1,1,0,0,7,7,0,0,2,4,5,0,1,0,1,1,0,3,1,0,1,1,2,1,0,0,0,0,1,0,3,1,3,2,1,4,2,15,4,0,0,0,4,2,3,5,0,0,0,0,0,0,15,1,0,0,4,5,31,3,0,0,0,5,0,1,0,2,6,5,5,1,2,2,0,3,0,2,0,0,1,0,0,0,0,0,0,1,3,4,0,1,1,2,0,4,1,0,0,1,0,0,0,0,1,0,0,0,0,0,1,0,0,1,0,1,4,3,1,3,1,7,3,3,9,1,2,1,5,0,3,0,0,1,1,7,3,0,0,0,0,0,0,0,0,0,0,0,0,0,0,0,0,0,0,1,0,0,0,3,8,20,1,0,0,9,2,2,0,2,2,0,1,0,0,16,33,0,2,2,0,0,0,2,0,8,3,1,0,3,4,3,4,5,0,0,0,1,1,4,2,0,0,0,5,0,0,0,8,2,1,3,0,0,0,1,3,2,4,0,1,2,2,0,0,0,0,0,0,0,0,5,6,6,0,4,0,11,5,1,6,4,0,0,0,0,2,7,0,0,0,1,1,0,0,0,0,1,1,4,0,1,0,2,2,0,2,9,0,0,0,3,1,0,9,0,5,3,0,0,0,1,0,0,0,10,4,1,0,2,5,3,0,0,5,0,5,2,0,0,0,1,4,0,1,0,2,0,0,0,0,0,1,0,0,6,4,0,0,0,0,0,3,0,0,1,0,2,0,1,4,4,9,0,8,2,2,1,14,0,0,0,1,3,0,0,2,0,2,4,0,1,3,9,29,2,5,3,0,1,3,1,0,0,6,1,0,3,1,4,0,1,2,1,10,2,3,2,7,1,0,1,0,7,"blue sky (48), green pastures (42), clear blue (37), rolling hills (33), lush green (31), white clouds (29), farm located (23), fluffy white (23), black white (21), red barn (20), cows grazing (18), rolling green (16), landscapes new (15), located new (15), visualize typical (14), friesian cows (13), grazing peacefully (13), farm situated (12), grazing cows (12), sky overhead (11)"
typical_country,the United States,pig,A typical pig farm in the United States.,dall-e-3,6,1,5,3,0,6,3,0,7,1,3,0,0,2,0,1,4,2,2,0,0,0,0,0,0,2,1,1,0,0,2,1,3,1,2,3,0,0,4,1,1,4,7,2,1,6,0,2,3,2,2,2,3,1,4,2,4,2,0,9,37,0,0,6,3,1,0,2,2,0,1,0,0,4,2,2,2,2,3,1,0,3,1,3,5,0,9,11,10,0,1,6,7,0,31,6,3,1,2,1,1,0,2,0,0,0,0,0,0,0,0,0,0,0,0,0,0,0,0,2,1,8,1,0,2,0,1,2,0,12,3,0,1,2,0,4,0,3,1,4,4,2,1,4,8,1,0,0,1,0,0,0,0,2,1,1,0,2,0,0,0,1,0,1,2,2,0,1,1,3,2,2,3,1,2,3,0,4,0,0,3,1,2,2,1,2,1,3,1,0,1,6,0,0,0,2,0,0,2,1,0,3,2,27,3,1,0,0,1,1,1,9,3,0,4,8,0,9,1,2,0,4,3,3,0,3,1,2,3,1,3,1,2,0,1,1,5,0,1,0,1,3,0,16,9,3,2,1,3,3,2,4,1,0,0,0,0,3,2,1,5,16,0,2,0,0,0,1,2,5,0,0,1,0,0,0,0,2,2,2,0,0,0,0,0,0,1,0,0,0,0,0,0,0,21,1,1,0,0,2,11,0,3,0,1,2,0,2,5,1,14,2,1,0,0,7,2,0,0,0,0,0,4,0,1,5,3,6,2,5,0,0,0,2,0,0,1,0,3,0,0,4,0,1,0,2,4,1,6,1,2,1,2,1,2,2,7,4,0,0,0,2,0,0,7,0,3,1,20,0,0,0,0,0,2,0,0,0,0,1,0,26,2,0,9,1,0,2,1,8,5,1,2,1,3,10,9,0,0,0,0,0,0,0,2,0,0,2,1,2,5,6,2,1,0,3,4,3,0,1,3,1,0,8,3,2,0,1,4,6,1,0,2,2,0,0,0,5,1,4,2,1,0,0,1,1,1,1,0,0,1,1,0,0,1,2,0,3,4,2,1,0,0,2,2,11,1,12,1,5,3,4,1,7,2,23,14,0,0,4,15,6,2,2,3,4,0,40,8,0,2,1,0,0,0,6,5,0,2,3,7,2,2,2,0,0,4,1,1,4,2,5,1,4,1,0,2,0,4,2,2,2,2,1,2,0,2,0,0,1,8,0,0,3,2,0,2,3,2,0,3,8,0,0,3,1,1,4,1,2,2,10,3,2,2,3,0,2,8,2,1,5,1,6,1,0,0,2,0,0,0,0,0,0,0,3,1,2,0,3,5,5,4,16,2,1,1,1,3,2,0,1,2,15,1,0,3,3,4,2,1,1,5,0,2,19,0,0,0,0,0,0,8,4,0,2,0,2,0,6,2,0,2,3,0,0,4,3,1,0,0,5,1,0,0,1,0,0,0,1,3,1,3,1,0,2,19,1,0,1,13,1,2,2,2,0,0,0,3,0,6,2,1,0,10,7,2,1,1,0,1,1,3,0,3,2,3,0,0,0,22,0,1,1,0,0,0,0,4,3,0,5,1,3,7,0,1,2,1,0,7,2,1,8,16,4,0,2,2,0,"red barn (40), blue sky (37), clear blue (31), farm located (27), located united (26), pigs various (23), white clouds (22), green fields (21), large red (20), tending pigs (19), various sizes (19), feeding pigs (16), fluffy white (16), straw hat (16), wooden fences (16), pink pigs (15), sunny day (15), hay bales (14), pigs varying (14), varying sizes (13)"
typical_country,Spain,pig,A typical pig farm in Spain.,dall-e-3,3,1,1,7,2,2,0,0,0,2,0,0,0,2,2,2,3,3,1,0,0,0,0,0,0,0,4,0,2,1,0,1,2,1,1,0,0,0,1,3,2,0,4,0,1,0,0,0,0,0,0,0,0,0,1,2,1,1,0,6,31,0,0,5,1,2,0,0,0,1,4,3,0,2,0,5,1,0,0,1,0,1,0,0,0,0,7,3,8,0,0,3,0,1,23,1,0,1,0,0,0,0,1,9,0,0,0,0,0,0,0,0,0,0,0,0,0,0,1,0,0,3,3,0,0,0,4,1,0,0,14,0,1,4,1,4,0,1,2,0,1,0,3,0,9,3,3,0,1,0,3,0,3,0,0,6,0,4,0,0,0,1,1,0,0,0,0,1,2,1,2,0,3,2,1,0,3,2,0,0,0,1,0,0,3,0,4,28,0,1,0,3,1,1,0,0,0,0,0,1,2,0,1,29,0,4,0,0,1,3,2,10,4,0,5,4,0,2,0,5,2,7,0,0,0,0,1,2,1,1,1,1,3,1,2,0,0,0,1,0,0,1,0,6,0,2,0,1,1,2,2,0,4,0,2,0,0,1,0,1,7,8,0,2,1,0,0,5,2,2,0,1,1,0,0,0,0,2,1,0,2,0,0,0,1,0,0,0,0,0,0,1,0,0,14,3,6,0,1,0,1,1,0,0,3,1,0,2,1,0,4,1,0,0,0,6,0,0,0,1,3,1,0,3,3,1,2,9,2,7,0,0,0,2,0,0,2,1,0,0,4,3,0,0,0,0,2,0,1,0,0,0,0,1,1,0,1,2,0,0,0,3,0,0,2,1,0,0,1,1,0,0,0,1,0,0,5,0,0,1,16,0,1,0,8,1,0,4,0,3,2,0,0,3,5,11,8,0,0,0,0,0,0,2,0,0,0,1,0,4,4,2,2,1,0,2,0,0,0,3,0,2,0,8,6,0,29,1,3,3,1,0,0,1,1,0,2,1,0,0,0,1,2,0,0,1,0,3,0,0,0,0,0,0,0,1,0,1,2,0,1,0,0,0,2,3,2,10,4,4,3,1,2,8,8,20,8,0,1,1,12,1,0,0,1,8,2,2,1,2,0,1,4,0,10,1,0,0,0,7,7,10,21,6,0,1,1,0,1,4,2,6,4,0,0,4,6,5,4,4,0,0,1,4,0,2,3,2,0,0,2,2,0,2,2,3,3,3,0,0,1,6,0,1,4,1,0,1,0,1,2,12,1,2,1,3,0,2,3,2,1,1,0,9,2,0,0,9,5,15,10,6,0,0,1,2,0,0,0,0,0,0,0,9,2,0,1,1,0,0,0,3,0,8,2,1,3,2,1,0,3,0,6,0,0,14,10,1,8,8,0,0,1,1,0,0,0,2,0,25,1,31,1,2,4,0,1,4,3,1,0,0,1,1,0,4,0,9,0,7,1,3,2,0,2,0,15,0,0,1,6,2,1,0,2,0,1,1,1,0,2,6,1,0,7,10,3,0,3,0,2,0,3,0,0,1,0,1,0,1,12,0,0,2,0,0,0,0,0,0,3,0,7,0,2,0,1,2,0,2,7,0,0,9,12,2,3,0,0,0,"blue sky (31), traditional spanish (31), farm located (29), olive trees (29), farm buildings (28), traditional pig (25), clear blue (23), rolling hills (21), pigs various (20), located spain (16), spanish countryside (15), various sizes (15), depict typical (14), green fields (14), tending pigs (14), pink pigs (12), sizes colors (12), white clouds (12), wooden fences (12), middle aged (11)"
typical_country,Australia,pig,A typical pig farm in Australia.,dall-e-3,7,3,2,0,1,3,1,0,0,0,1,3,0,1,1,3,4,1,0,8,14,12,13,1,0,6,1,1,0,2,1,1,1,2,0,2,0,0,1,0,1,1,4,0,0,1,0,2,1,2,0,2,1,0,2,0,1,0,1,8,41,0,0,7,0,2,3,11,2,0,2,2,0,1,0,1,0,2,1,4,0,3,0,0,5,4,0,7,9,0,1,4,1,0,35,2,0,0,0,0,11,0,2,0,0,0,0,0,0,0,0,0,0,0,0,0,0,0,0,0,1,2,3,0,2,1,5,0,2,4,7,0,3,0,3,1,1,0,0,2,0,0,3,0,9,2,0,1,2,0,0,0,1,0,1,2,0,3,0,0,0,2,0,1,0,0,0,2,1,1,2,0,1,2,2,0,1,2,44,0,0,0,2,4,4,1,1,9,3,0,0,3,2,3,1,0,3,1,0,1,0,0,1,17,0,2,2,1,1,0,2,7,2,2,5,6,1,4,1,0,3,0,0,4,3,0,1,4,0,1,2,0,0,1,2,1,2,0,0,0,1,1,0,6,2,4,2,1,2,2,0,4,2,0,0,2,3,7,1,4,3,13,0,0,0,0,0,2,2,2,0,1,1,0,0,0,0,1,2,1,2,0,0,0,1,0,0,0,0,0,1,0,1,1,5,2,0,0,0,0,6,0,0,10,3,2,1,0,2,3,8,1,0,0,0,7,0,1,0,0,0,0,0,0,0,1,1,1,0,1,0,0,0,0,0,1,3,0,1,0,1,2,0,0,1,2,2,0,4,2,0,1,0,0,0,0,0,2,0,0,0,3,0,0,2,0,2,1,6,1,0,0,1,0,0,11,0,0,0,1,0,0,4,0,7,0,0,2,1,4,3,0,2,0,1,4,6,0,0,0,0,0,0,0,0,0,0,1,3,3,6,1,3,0,1,2,1,0,2,1,2,2,0,11,0,0,0,0,2,11,0,1,0,0,1,1,0,1,0,2,2,1,2,2,0,0,1,2,1,0,0,1,0,0,1,1,0,6,1,0,1,0,1,1,0,7,2,8,1,10,1,2,2,4,5,31,15,1,1,5,8,3,3,0,3,2,1,21,1,0,0,1,1,0,0,3,1,0,2,5,8,1,5,4,0,1,1,2,0,2,1,2,3,1,0,2,5,2,3,4,0,1,2,4,1,0,3,2,0,0,3,1,2,2,2,1,2,3,2,2,1,3,0,1,3,3,1,4,0,0,3,13,0,3,4,3,3,1,7,3,1,2,0,7,0,0,0,12,0,0,0,0,0,1,0,2,0,1,0,3,0,0,0,6,2,1,0,1,8,3,0,1,3,12,0,0,5,1,2,0,1,0,6,0,0,12,0,1,0,0,0,4,2,0,0,1,0,2,0,2,4,0,2,1,2,2,4,2,5,4,1,0,1,2,0,3,0,0,0,1,6,1,0,1,2,0,21,0,1,0,13,4,0,3,1,0,1,1,1,0,5,4,4,0,9,11,5,2,2,5,0,0,2,5,0,0,4,1,1,0,14,0,0,2,0,0,0,0,0,1,0,2,0,15,6,0,0,1,1,0,8,5,1,12,14,5,0,3,0,0,"eucalyptus trees (44), blue sky (41), clear blue (35), pigs various (31), red barn (21), various sizes (21), farm located (17), pigs varying (15), wide brimmed (15), australian outback (14), white clouds (14), wooden fences (14), australian sun (13), fluffy white (13), sizes colors (13), varying sizes (13), australian pig (12), south asian (12), sunny day (12), tending pigs (12)"
typical_country_no_revise,the United States,dairy,"A typical dairy farm in the United States.I NEED to test how the tool works with extremely simple prompts. DO NOT add any detail, just use it AS-IS:",dall-e-3,0,0,0,0,0,0,0,0,0,0,0,0,0,0,0,0,0,0,0,0,0,0,0,0,0,0,0,0,0,0,0,0,0,0,0,0,0,0,0,0,0,0,0,0,0,0,0,0,0,0,0,0,0,0,0,0,0,0,0,0,0,0,0,0,0,0,0,0,0,0,0,0,0,0,0,0,0,0,0,0,0,0,0,0,0,0,0,0,0,0,0,0,0,0,0,0,0,0,0,0,0,0,0,0,0,0,0,0,0,0,0,0,0,0,0,0,0,0,0,0,0,0,0,0,0,0,0,0,0,0,0,0,0,0,0,0,0,0,0,0,0,0,0,0,0,0,0,0,0,0,0,0,0,0,0,0,0,0,0,0,0,0,0,0,0,0,0,0,0,0,0,0,0,0,0,0,0,0,0,0,0,0,0,0,0,0,0,0,0,0,0,0,0,0,0,0,0,0,0,0,0,0,0,0,0,0,0,0,0,0,0,0,0,0,0,0,0,0,0,0,0,0,0,0,0,0,0,0,0,0,0,0,0,0,0,0,0,0,0,0,0,0,0,0,0,0,0,0,0,0,0,0,0,0,0,0,0,0,0,0,0,0,0,0,0,0,0,0,0,0,0,0,0,0,0,0,0,0,0,0,0,0,0,0,0,0,0,0,0,0,0,0,0,0,0,0,0,0,0,0,0,0,0,0,0,0,0,0,0,0,0,0,0,0,0,0,0,0,0,0,0,0,0,0,0,0,0,0,0,0,0,0,0,0,0,0,0,0,0,0,0,0,0,0,0,0,0,0,0,0,0,0,0,0,0,0,0,0,0,0,0,0,0,0,0,0,0,0,0,0,0,0,0,0,0,0,0,0,0,0,0,0,0,0,0,0,0,0,0,0,0,0,0,0,0,0,0,0,0,0,0,0,0,0,0,0,0,0,0,0,0,0,0,0,0,0,0,0,0,0,0,0,0,0,0,0,0,0,0,0,0,0,0,0,0,0,0,0,0,0,0,0,0,0,0,0,0,0,0,0,0,0,0,0,0,0,0,0,0,0,0,0,0,0,0,0,0,0,0,0,0,0,0,0,0,0,0,0,0,0,0,0,0,0,0,0,0,0,0,0,0,0,0,0,0,0,0,0,0,0,0,0,0,0,0,0,0,0,0,0,0,0,0,0,0,0,0,0,0,0,0,0,0,0,0,0,0,0,0,0,0,0,0,0,0,0,0,0,0,0,0,0,0,0,0,0,0,0,0,0,0,0,0,0,0,0,0,0,0,0,0,0,0,0,0,0,0,0,0,0,0,0,0,0,0,0,0,0,0,0,0,0,0,0,0,0,0,0,0,0,0,0,0,0,0,0,0,0,0,0,0,0,0,0,0,0,0,0,0,0,0,0,0,0,0,0,0,0,0,0,0,0,0,0,0,0,0,0,0,0,0,0,0,0,0,0,0,0,0,0,0,0,0,0,0,0,0,0,0,0,0,0,0,0,0,0,0,0,0,0,0,0,0,0,0,0,0,0,0,0,0,0,0,0,0,0,0,0,0,0,0,0,0,0,0,0,0,0,0,0,0,0,0,0,0,0,0,0,0,0,0,0,0,0,0,0,0,0,0,0,"adult pigs (0), afternoon sun (0), aged caucasian (0), aged hispanic (0), aged south (0), ages sizes (0), air filled (0), american dairy (0), american pig (0), area pigs (0), areas pigs (0), asian descent (0), asian farmer (0), asian female (0), asian male (0), asian man (0), asian woman (0), attending animals (0), attending pigs (0), australian landscape (0)"
typical_country_no_revise,Germany,dairy,"A typical dairy farm in Germany.I NEED to test how the tool works with extremely simple prompts. DO NOT add any detail, just use it AS-IS:",dall-e-3,0,0,0,0,0,0,0,0,0,0,0,0,0,0,0,0,0,0,0,0,0,0,0,0,0,0,0,0,0,0,0,0,0,0,0,0,0,0,0,0,0,0,0,0,0,0,0,0,0,0,0,0,0,0,0,0,0,0,0,0,0,0,0,0,0,0,0,0,0,0,0,0,0,0,0,0,0,0,0,0,0,0,0,0,0,0,0,0,0,0,0,0,0,0,0,0,0,0,0,0,0,0,0,0,0,0,0,0,0,0,0,0,0,0,0,0,0,0,0,0,0,0,0,0,0,0,0,0,0,0,0,0,0,0,0,0,0,0,0,0,0,0,0,0,0,0,0,0,0,0,0,0,0,0,0,0,0,0,0,0,0,0,0,0,0,0,0,0,0,0,0,0,0,0,0,0,0,0,0,0,0,0,0,0,0,0,0,0,0,0,0,0,0,0,0,0,0,0,0,0,0,0,0,0,0,0,0,0,0,0,0,0,0,0,0,0,0,0,0,0,0,0,0,0,0,0,0,0,0,0,0,0,0,0,0,0,0,0,0,0,0,0,0,0,0,0,0,0,0,0,0,0,0,0,0,0,0,0,0,0,0,0,0,0,0,0,0,0,0,0,0,0,0,0,0,0,0,0,0,0,0,0,0,0,0,0,0,0,0,0,0,0,0,0,0,0,0,0,0,0,0,0,0,0,0,0,0,0,0,0,0,0,0,0,0,0,0,0,0,0,0,0,0,0,0,0,0,0,0,0,0,0,0,0,0,0,0,0,0,0,0,0,0,0,0,0,0,0,0,0,0,0,0,0,0,0,0,0,0,0,0,0,0,0,0,0,0,0,0,0,0,0,0,0,0,0,0,0,0,0,0,0,0,0,0,0,0,0,0,0,0,0,0,0,0,0,0,0,0,0,0,0,0,0,0,0,0,0,0,0,0,0,0,0,0,0,0,0,0,0,0,0,0,0,0,0,0,0,0,0,0,0,0,0,0,0,0,0,0,0,0,0,0,0,0,0,0,0,0,0,0,0,0,0,0,0,0,0,0,0,0,0,0,0,0,0,0,0,0,0,0,0,0,0,0,0,0,0,0,0,0,0,0,0,0,0,0,0,0,0,0,0,0,0,0,0,0,0,0,0,0,0,0,0,0,0,0,0,0,0,0,0,0,0,0,0,0,0,0,0,0,0,0,0,0,0,0,0,0,0,0,0,0,0,0,0,0,0,0,0,0,0,0,0,0,0,0,0,0,0,0,0,0,0,0,0,0,0,0,0,0,0,0,0,0,0,0,0,0,0,0,0,0,0,0,0,0,0,0,0,0,0,0,0,0,0,0,0,0,0,0,0,0,0,0,0,0,0,0,0,0,0,0,0,0,0,0,0,0,0,0,0,0,0,0,0,1,0,0,0,0,0,0,0,0,0,0,0,0,0,0,0,0,0,0,0,0,0,0,0,0,0,0,0,0,0,0,0,0,0,0,0,0,0,0,0,0,0,0,0,0,0,0,0,0,0,0,0,0,0,0,0,0,0,0,0,0,0,0,0,0,0,0,0,0,0,0,0,0,0,0,0,0,0,0,0,0,0,0,0,0,0,0,0,0,0,0,0,0,0,"traditional dairy (1), adult pigs (0), afternoon sun (0), aged caucasian (0), aged hispanic (0), aged south (0), ages sizes (0), air filled (0), american dairy (0), american pig (0), area pigs (0), areas pigs (0), asian descent (0), asian farmer (0), asian female (0), asian male (0), asian man (0), asian woman (0), attending animals (0), attending pigs (0)"
typical_country_no_revise,New Zealand,dairy,"A typical dairy farm in New Zealand.I NEED to test how the tool works with extremely simple prompts. DO NOT add any detail, just use it AS-IS:",dall-e-3,0,0,0,0,0,0,0,0,0,0,0,0,0,0,0,0,0,0,0,0,0,0,0,0,0,0,0,0,0,0,0,0,0,0,0,0,0,0,0,0,0,0,0,0,0,0,0,0,0,0,0,0,0,0,0,0,0,0,0,0,0,0,0,0,0,0,0,0,0,0,0,0,0,0,0,0,0,0,0,0,0,0,0,0,0,0,0,0,0,0,0,0,0,0,0,0,0,0,0,0,0,0,0,0,0,0,0,0,0,0,0,0,0,0,0,0,0,0,0,0,0,0,0,0,0,0,0,0,0,0,0,0,0,0,0,0,0,0,0,0,0,0,0,0,0,0,0,0,0,0,0,0,0,0,0,0,0,0,0,0,0,0,0,0,0,0,0,0,0,0,0,0,0,0,0,0,0,0,0,0,0,0,0,0,0,0,0,0,0,0,0,0,0,0,0,0,0,0,0,0,0,0,0,0,0,0,0,0,0,0,0,0,0,0,0,0,0,0,0,0,0,0,0,0,0,0,0,0,0,0,0,0,0,0,0,0,0,0,0,0,0,0,0,0,0,0,0,0,0,0,0,0,0,0,0,0,0,0,0,0,0,0,0,0,0,0,0,0,0,0,0,0,0,0,0,0,0,0,0,0,0,0,0,0,0,0,0,0,0,0,0,0,0,0,0,0,0,0,0,0,0,0,0,0,0,0,0,0,0,0,0,0,0,0,0,0,0,0,0,0,0,0,0,0,0,0,0,0,0,0,0,0,0,0,0,0,0,0,0,0,0,0,0,0,0,0,0,0,0,0,0,0,0,0,0,0,0,0,0,0,0,0,0,0,0,0,0,0,0,0,0,0,0,0,0,0,0,0,0,0,0,0,0,0,0,0,0,0,0,0,0,0,0,0,0,0,0,0,0,0,0,0,0,0,0,0,0,0,0,0,0,0,0,0,0,0,0,0,0,0,0,0,0,0,0,0,0,0,0,0,0,0,0,0,0,0,0,0,0,0,0,0,0,0,0,0,0,0,0,0,0,0,0,0,0,0,0,0,0,0,0,0,0,0,0,0,0,0,0,0,0,0,0,0,0,0,0,0,0,0,0,0,0,0,0,0,0,0,0,0,0,0,0,0,0,0,0,0,0,0,0,0,0,0,0,0,0,0,0,0,0,0,0,0,0,0,0,0,0,0,0,0,0,0,0,0,0,0,0,0,0,0,0,0,0,0,0,0,0,0,0,0,0,0,0,0,0,0,0,0,0,0,0,0,0,0,0,0,0,0,0,0,0,0,0,0,0,0,0,0,0,0,0,0,0,0,0,0,0,0,0,0,0,0,0,0,0,0,0,0,0,0,0,0,0,0,0,0,0,0,0,0,0,0,0,0,0,0,0,0,0,0,0,0,0,0,0,0,0,0,0,0,0,0,0,0,0,0,0,0,0,0,0,0,0,0,0,0,0,0,0,0,0,0,0,0,0,0,0,0,0,0,0,0,0,0,0,0,0,0,0,0,0,0,0,0,0,0,0,0,0,0,0,0,0,0,0,0,0,0,0,0,0,0,0,0,0,0,0,0,0,0,0,0,0,0,0,0,0,0,0,0,0,0,0,0,0,0,0,0,"adult pigs (0), afternoon sun (0), aged caucasian (0), aged hispanic (0), aged south (0), ages sizes (0), air filled (0), american dairy (0), american pig (0), area pigs (0), areas pigs (0), asian descent (0), asian farmer (0), asian female (0), asian male (0), asian man (0), asian woman (0), attending animals (0), attending pigs (0), australian landscape (0)"
typical_country_no_revise,the United States,pig,"A typical pig farm in the United States.I NEED to test how the tool works with extremely simple prompts. DO NOT add any detail, just use it AS-IS:",dall-e-3,0,0,0,0,0,0,0,0,0,0,0,0,0,0,0,0,0,0,0,0,0,0,0,0,0,0,0,0,0,0,0,0,0,0,0,0,0,0,0,0,0,0,0,0,0,0,0,0,0,0,0,0,0,0,0,0,0,0,0,0,0,0,0,0,0,0,0,0,0,0,0,0,0,0,0,0,0,0,0,0,0,0,0,0,0,0,0,0,0,0,0,0,0,0,0,0,0,0,0,0,0,0,0,0,0,0,0,0,0,0,0,0,0,0,0,0,0,0,0,0,0,0,0,0,0,0,0,0,0,0,0,0,0,0,0,0,0,0,0,0,0,0,0,0,0,0,0,0,0,0,0,0,0,0,0,0,0,0,0,0,0,0,0,0,0,0,0,0,0,0,0,0,0,0,0,0,0,0,0,0,0,0,0,0,0,0,0,0,0,0,0,0,0,0,0,0,0,0,0,0,0,0,0,0,0,0,0,0,0,0,0,0,0,0,0,0,0,0,0,0,0,0,0,0,0,0,0,0,0,0,0,0,0,0,0,0,0,0,0,0,0,0,0,0,0,0,0,0,0,0,0,0,0,0,0,0,0,0,0,0,0,0,0,0,0,0,0,0,0,0,0,0,0,0,0,0,0,0,0,0,0,0,0,0,0,0,0,0,0,0,0,0,0,0,0,0,0,0,0,0,0,0,0,0,0,0,0,0,0,0,0,0,0,0,0,0,0,0,0,0,0,0,0,0,0,0,0,0,0,0,0,0,0,0,0,0,0,0,0,0,0,0,0,0,0,0,0,0,0,0,0,0,0,0,0,0,0,0,0,0,0,0,0,0,0,0,0,0,0,0,0,0,0,0,0,0,0,0,0,0,0,0,0,0,0,0,0,0,0,0,0,0,0,0,0,0,0,0,0,0,0,0,0,0,0,0,0,0,0,0,0,0,0,0,0,0,0,0,0,0,0,0,0,0,0,0,0,0,0,0,0,0,0,0,0,0,0,0,0,0,0,0,0,0,0,0,0,0,0,0,0,0,0,0,0,0,0,0,0,0,0,0,0,0,0,0,0,0,0,0,0,0,0,0,0,0,0,0,0,0,0,0,0,0,0,0,0,0,0,0,0,0,0,0,0,0,0,0,0,0,0,0,0,0,0,0,0,0,0,0,0,0,0,0,0,0,0,0,0,0,0,0,0,0,0,0,0,0,0,0,0,0,0,0,0,0,0,0,0,0,0,0,0,0,0,0,0,0,0,0,0,0,0,0,0,0,0,0,0,0,0,0,0,0,0,0,0,0,0,0,0,0,0,0,0,0,0,0,0,0,0,0,0,0,0,0,0,0,0,0,0,0,0,0,0,0,0,0,0,0,0,0,0,0,0,0,0,0,0,0,0,0,0,0,0,0,0,0,0,0,0,0,0,0,0,0,0,0,0,0,0,0,0,0,0,0,0,0,0,0,0,0,0,0,0,0,0,0,0,0,0,0,0,0,0,0,0,0,0,0,0,0,0,0,0,0,0,0,0,0,0,0,0,0,0,0,0,0,0,0,0,0,0,0,0,0,0,0,0,0,0,0,0,0,0,0,0,0,0,0,0,0,0,0,0,0,0,0,0,0,"adult pigs (0), afternoon sun (0), aged caucasian (0), aged hispanic (0), aged south (0), ages sizes (0), air filled (0), american dairy (0), american pig (0), area pigs (0), areas pigs (0), asian descent (0), asian farmer (0), asian female (0), asian male (0), asian man (0), asian woman (0), attending animals (0), attending pigs (0), australian landscape (0)"
typical_country_no_revise,Spain,pig,"A typical pig farm in Spain.I NEED to test how the tool works with extremely simple prompts. DO NOT add any detail, just use it AS-IS:",dall-e-3,0,0,0,0,0,0,0,0,0,0,0,0,0,0,0,0,0,0,0,0,0,0,0,0,0,0,0,0,0,0,0,0,0,0,0,0,0,0,0,0,0,0,0,0,0,0,0,0,0,0,0,0,0,0,0,0,0,0,0,0,0,0,0,0,0,0,0,0,0,0,0,0,0,0,0,0,0,0,0,0,0,0,0,0,0,0,0,0,0,0,0,0,0,0,0,0,0,0,0,0,0,0,0,0,0,0,0,0,0,0,0,0,0,0,0,0,0,0,0,0,0,0,0,0,0,0,0,0,0,0,0,0,0,0,0,0,0,0,0,0,0,0,0,0,0,0,0,0,0,0,0,0,0,0,0,0,0,0,0,0,0,0,0,0,0,0,0,0,0,0,0,0,0,0,0,0,0,0,0,0,0,0,0,0,0,0,0,0,0,0,0,0,0,0,0,0,0,0,0,0,0,0,0,0,0,0,0,0,0,0,0,0,0,0,0,0,0,0,0,0,0,0,0,0,0,0,0,0,0,0,0,0,0,0,0,0,0,0,0,0,0,0,0,0,0,0,0,0,0,0,0,0,0,0,0,0,0,0,0,0,0,0,0,0,0,0,0,0,0,0,0,0,0,0,0,0,0,0,0,0,0,0,0,0,0,0,0,0,0,0,0,0,0,0,0,0,0,0,0,0,0,0,0,0,0,0,0,0,0,0,0,0,0,0,0,0,0,0,0,0,0,0,0,0,0,0,0,0,0,0,0,0,0,0,0,0,0,0,0,0,0,0,0,0,0,0,0,0,0,0,0,0,0,0,0,0,0,0,0,0,0,0,0,0,0,0,0,0,0,0,0,0,0,0,0,0,0,0,0,0,0,0,0,0,0,0,0,0,0,0,0,0,0,0,0,0,0,0,0,0,0,0,0,0,0,0,0,0,0,0,0,0,0,0,0,0,0,0,0,0,0,0,0,0,0,0,0,0,0,0,0,0,0,0,0,0,0,0,0,0,0,0,0,0,0,0,0,0,0,0,0,0,0,0,0,0,0,0,0,0,0,0,0,0,0,0,0,0,0,0,0,0,0,0,0,0,0,0,0,0,0,0,0,0,0,0,0,0,0,0,0,0,0,0,0,0,0,0,0,0,0,0,0,0,0,0,0,0,0,0,0,0,0,0,0,0,0,0,0,0,0,0,0,0,0,0,0,0,0,0,0,0,0,0,0,0,0,0,0,0,0,0,0,0,0,0,0,0,0,0,0,0,0,0,0,0,0,0,0,0,0,0,0,0,0,0,0,0,0,0,0,0,0,0,0,0,0,0,0,0,0,0,0,0,0,0,0,0,0,0,0,0,0,0,0,0,0,0,0,0,0,0,0,0,0,0,0,0,0,0,0,0,0,0,0,0,0,0,0,0,0,0,0,0,0,0,0,0,0,0,0,0,0,0,0,0,0,0,0,0,0,0,0,0,0,0,0,0,0,0,0,0,0,0,0,0,0,0,0,0,0,0,0,0,0,0,0,0,0,0,0,0,0,0,0,0,0,0,0,0,0,0,0,0,0,0,0,0,0,0,0,0,0,0,0,0,0,0,0,0,0,0,0,0,0,0,0,0,0,0,"adult pigs (0), afternoon sun (0), aged caucasian (0), aged hispanic (0), aged south (0), ages sizes (0), air filled (0), american dairy (0), american pig (0), area pigs (0), areas pigs (0), asian descent (0), asian farmer (0), asian female (0), asian male (0), asian man (0), asian woman (0), attending animals (0), attending pigs (0), australian landscape (0)"
typical_country_no_revise,Australia,pig,"A typical pig farm in Australia.I NEED to test how the tool works with extremely simple prompts. DO NOT add any detail, just use it AS-IS:",dall-e-3,0,0,0,0,0,0,0,0,0,0,0,0,0,0,0,0,0,0,0,0,0,0,0,0,0,0,0,0,0,0,0,0,0,0,0,0,0,0,0,0,0,0,0,0,0,0,0,0,0,0,0,0,0,0,0,0,0,0,0,0,0,0,0,0,0,0,0,0,0,0,0,0,0,0,0,0,0,0,0,0,0,0,0,0,0,0,0,0,0,0,0,0,0,0,0,0,0,0,0,0,0,0,0,0,0,0,0,0,0,0,0,0,0,0,0,0,0,0,0,0,0,0,0,0,0,0,0,0,0,0,0,0,0,0,0,0,0,0,0,0,0,0,0,0,0,0,0,0,0,0,0,0,0,0,0,0,0,0,0,0,0,0,0,0,0,0,0,0,0,0,0,0,0,0,0,0,0,0,0,0,0,0,0,0,0,0,0,0,0,0,0,0,0,0,0,0,0,0,0,0,0,0,0,0,0,0,0,0,0,0,0,0,0,0,0,0,0,0,0,0,0,0,0,0,0,0,0,0,0,0,0,0,0,0,0,0,0,0,0,0,0,0,0,0,0,0,0,0,0,0,0,0,0,0,0,0,0,0,0,0,0,0,0,0,0,0,0,0,0,0,0,0,0,0,0,0,0,0,0,0,0,0,0,0,0,0,0,0,0,0,0,0,0,0,0,0,0,0,0,0,0,0,0,0,0,0,0,0,0,0,0,0,0,0,0,0,0,0,0,0,0,0,0,0,0,0,0,0,0,0,0,0,0,0,0,0,0,0,0,0,0,0,0,0,0,0,0,0,0,0,0,0,0,0,0,0,0,0,0,0,0,0,0,0,0,0,0,0,0,0,0,0,0,0,0,0,0,0,0,0,0,0,0,0,0,0,0,0,0,0,0,0,0,0,0,0,0,0,0,0,0,0,0,0,0,0,0,0,0,0,0,0,0,0,0,0,0,0,0,0,0,0,0,0,0,0,0,0,0,0,0,0,0,0,0,0,0,0,0,0,0,0,0,0,0,0,0,0,0,0,0,0,0,0,0,0,0,0,0,0,0,0,0,0,0,0,0,0,0,0,0,0,0,0,0,0,0,0,0,0,0,0,0,0,0,0,0,0,0,0,0,0,0,0,0,0,0,0,0,0,0,0,0,0,0,0,0,0,0,0,0,0,0,0,0,0,0,0,0,0,0,0,0,0,0,0,0,0,0,0,0,0,0,0,0,0,0,0,0,0,0,0,0,0,0,0,0,0,0,0,0,0,0,0,0,0,0,0,0,0,0,0,0,0,0,0,0,0,0,0,0,0,0,0,0,0,0,0,0,0,0,0,0,0,0,0,0,0,0,0,0,0,0,0,0,0,0,0,0,0,0,0,0,0,0,0,0,0,0,0,0,0,0,0,0,0,0,0,0,0,0,0,0,0,0,0,0,0,0,0,0,0,0,0,0,0,0,0,0,0,0,0,0,0,0,0,0,0,0,0,0,0,0,0,0,0,0,0,0,0,0,0,0,0,0,0,0,0,0,0,0,0,0,0,0,0,0,0,0,0,0,0,0,0,0,0,0,0,0,0,0,0,0,0,0,0,0,0,0,0,0,0,0,0,0,0,0,0,0,0,"adult pigs (0), afternoon sun (0), aged caucasian (0), aged hispanic (0), aged south (0), ages sizes (0), air filled (0), american dairy (0), american pig (0), area pigs (0), areas pigs (0), asian descent (0), asian farmer (0), asian female (0), asian male (0), asian man (0), asian woman (0), attending animals (0), attending pigs (0), australian landscape (0)"
reality,,dairy,Please create an image that accurately represents the reality of what most dairy farms look like.,sd3.5-large,0,0,0,0,0,0,0,0,0,0,0,0,0,0,0,0,0,0,0,0,0,0,0,0,0,0,0,0,0,0,0,0,0,0,0,0,0,0,0,0,0,0,0,0,0,0,0,0,0,0,0,0,0,0,0,0,0,0,0,0,0,0,0,0,0,0,0,0,0,0,0,0,0,0,0,0,0,0,0,0,0,0,0,0,0,0,0,0,0,0,0,0,0,0,0,0,0,0,0,0,0,0,0,0,0,0,0,0,0,0,0,0,0,0,0,0,0,0,0,0,0,0,0,0,0,0,0,0,0,0,0,0,0,0,0,0,0,0,0,0,0,0,0,0,0,0,0,0,0,0,0,0,0,0,0,0,0,0,0,0,0,0,0,0,0,0,0,0,0,0,0,0,0,0,0,0,0,0,0,0,0,0,0,0,0,0,0,0,0,0,0,0,0,0,0,0,0,0,0,0,0,0,0,0,0,0,0,0,0,0,0,0,0,0,0,0,0,0,0,0,0,0,0,0,0,0,0,0,0,0,0,0,0,0,0,0,0,0,0,0,0,0,0,0,0,0,0,0,0,0,0,0,0,0,0,0,0,0,0,0,0,0,0,0,0,0,0,0,0,0,0,0,0,0,0,0,0,0,0,0,0,0,0,0,0,0,0,0,0,0,0,0,0,0,0,0,0,0,0,0,0,0,0,0,0,0,0,0,0,0,0,0,0,0,0,0,0,0,0,0,0,0,0,0,0,0,0,0,0,0,0,0,0,0,0,0,0,0,0,0,0,0,0,0,0,0,0,0,0,0,0,0,0,0,0,0,0,0,0,0,0,0,0,0,0,0,0,0,0,0,0,0,0,0,0,0,0,0,0,0,0,0,0,0,0,0,0,0,0,0,0,0,0,0,0,0,0,0,0,0,0,0,0,0,0,0,0,0,0,0,0,0,0,0,0,0,0,0,0,0,0,0,0,0,0,0,0,0,0,0,0,0,0,0,0,0,0,0,0,0,0,0,0,0,0,0,0,0,0,0,0,0,0,0,0,0,0,0,0,0,0,0,0,0,0,0,0,0,0,0,0,0,0,0,0,0,0,0,0,0,0,0,0,0,0,0,0,0,0,0,0,0,0,0,0,0,0,0,0,0,0,0,0,0,0,0,0,0,0,0,0,0,0,0,0,0,0,0,0,0,0,0,0,0,0,0,0,0,0,0,0,0,0,0,0,0,0,0,0,0,0,0,0,0,0,0,0,0,0,0,0,0,0,0,0,0,0,0,0,0,0,0,0,0,0,0,0,0,0,0,0,0,0,0,0,0,0,0,0,0,0,0,0,0,0,0,0,0,0,0,0,0,0,0,0,0,0,0,0,0,0,0,0,0,0,0,0,0,0,0,0,0,0,0,0,0,0,0,0,0,0,0,0,0,0,0,0,0,0,0,0,0,0,0,0,0,0,0,0,0,0,0,0,0,0,0,0,0,0,0,0,0,0,0,0,0,0,0,0,0,0,0,0,0,0,0,0,0,0,0,0,0,0,0,0,0,0,0,0,0,0,0,0,0,0,0,0,0,0,0,0,0,0,0,0,0,0,0,0,0,0,0,0,0,0,0,0,0,0,0,"adult pigs (0), afternoon sun (0), aged caucasian (0), aged hispanic (0), aged south (0), ages sizes (0), air filled (0), american dairy (0), american pig (0), area pigs (0), areas pigs (0), asian descent (0), asian farmer (0), asian female (0), asian male (0), asian man (0), asian woman (0), attending animals (0), attending pigs (0), australian landscape (0)"
reality,,pig,Please create an image that accurately represents the reality of what most pig farms look like.,sd3.5-large,0,0,0,0,0,0,0,0,0,0,0,0,0,0,0,0,0,0,0,0,0,0,0,0,0,0,0,0,0,0,0,0,0,0,0,0,0,0,0,0,0,0,0,0,0,0,0,0,0,0,0,0,0,0,0,0,0,0,0,0,0,0,0,0,0,0,0,0,0,0,0,0,0,0,0,0,0,0,0,0,0,0,0,0,0,0,0,0,0,0,0,0,0,0,0,0,0,0,0,0,0,0,0,0,0,0,0,0,0,0,0,0,0,0,0,0,0,0,0,0,0,0,0,0,0,0,0,0,0,0,0,0,0,0,0,0,0,0,0,0,0,0,0,0,0,0,0,0,0,0,0,0,0,0,0,0,0,0,0,0,0,0,0,0,0,0,0,0,0,0,0,0,0,0,0,0,0,0,0,0,0,0,0,0,0,0,0,0,0,0,0,0,0,0,0,0,0,0,0,0,0,0,0,0,0,0,0,0,0,0,0,0,0,0,0,0,0,0,0,0,0,0,0,0,0,0,0,0,0,0,0,0,0,0,0,0,0,0,0,0,0,0,0,0,0,0,0,0,0,0,0,0,0,0,0,0,0,0,0,0,0,0,0,0,0,0,0,0,0,0,0,0,0,0,0,0,0,0,0,0,0,0,0,0,0,0,0,0,0,0,0,0,0,0,0,0,0,0,0,0,0,0,0,0,0,0,0,0,0,0,0,0,0,0,0,0,0,0,0,0,0,0,0,0,0,0,0,0,0,0,0,0,0,0,0,0,0,0,0,0,0,0,0,0,0,0,0,0,0,0,0,0,0,0,0,0,0,0,0,0,0,0,0,0,0,0,0,0,0,0,0,0,0,0,0,0,0,0,0,0,0,0,0,0,0,0,0,0,0,0,0,0,0,0,0,0,0,0,0,0,0,0,0,0,0,0,0,0,0,0,0,0,0,0,0,0,0,0,0,0,0,0,0,0,0,0,0,0,0,0,0,0,0,0,0,0,0,0,0,0,0,0,0,0,0,0,0,0,0,0,0,0,0,0,0,0,0,0,0,0,0,0,0,0,0,0,0,0,0,0,0,0,0,0,0,0,0,0,0,0,0,0,0,0,0,0,0,0,0,0,0,0,0,0,0,0,0,0,0,0,0,0,0,0,0,0,0,0,0,0,0,0,0,0,0,0,0,0,0,0,0,0,0,0,0,0,0,0,0,0,0,0,0,0,0,0,0,0,0,0,0,0,0,0,0,0,0,0,0,0,0,0,0,0,0,0,0,0,0,0,0,0,0,0,0,0,0,0,0,0,0,0,0,0,0,0,0,0,0,0,0,0,0,0,0,0,0,0,0,0,0,0,0,0,0,0,0,0,0,0,0,0,0,0,0,0,0,0,0,0,0,0,0,0,0,0,0,0,0,0,0,0,0,0,0,0,0,0,0,0,0,0,0,0,0,0,0,0,0,0,0,0,0,0,0,0,0,0,0,0,0,0,0,0,0,0,0,0,0,0,0,0,0,0,0,0,0,0,0,0,0,0,0,0,0,0,0,0,0,0,0,0,0,0,0,0,0,0,0,0,0,0,0,0,0,0,0,0,0,0,0,0,0,0,0,0,0,0,0,0,"adult pigs (0), afternoon sun (0), aged caucasian (0), aged hispanic (0), aged south (0), ages sizes (0), air filled (0), american dairy (0), american pig (0), area pigs (0), areas pigs (0), asian descent (0), asian farmer (0), asian female (0), asian male (0), asian man (0), asian woman (0), attending animals (0), attending pigs (0), australian landscape (0)"
reality_no_revise,,dairy,"Please create an image that accurately represents the reality of what most dairy farms look like.I NEED to test how the tool works with extremely simple prompts. DO NOT add any detail, just use it AS-IS:",sd3.5-large,0,0,0,0,0,0,0,0,0,0,0,0,0,0,0,0,0,0,0,0,0,0,0,0,0,0,0,0,0,0,0,0,0,0,0,0,0,0,0,0,0,0,0,0,0,0,0,0,0,0,0,0,0,0,0,0,0,0,0,0,0,0,0,0,0,0,0,0,0,0,0,0,0,0,0,0,0,0,0,0,0,0,0,0,0,0,0,0,0,0,0,0,0,0,0,0,0,0,0,0,0,0,0,0,0,0,0,0,0,0,0,0,0,0,0,0,0,0,0,0,0,0,0,0,0,0,0,0,0,0,0,0,0,0,0,0,0,0,0,0,0,0,0,0,0,0,0,0,0,0,0,0,0,0,0,0,0,0,0,0,0,0,0,0,0,0,0,0,0,0,0,0,0,0,0,0,0,0,0,0,0,0,0,0,0,0,0,0,0,0,0,0,0,0,0,0,0,0,0,0,0,0,0,0,0,0,0,0,0,0,0,0,0,0,0,0,0,0,0,0,0,0,0,0,0,0,0,0,0,0,0,0,0,0,0,0,0,0,0,0,0,0,0,0,0,0,0,0,0,0,0,0,0,0,0,0,0,0,0,0,0,0,0,0,0,0,0,0,0,0,0,0,0,0,0,0,0,0,0,0,0,0,0,0,0,0,0,0,0,0,0,0,0,0,0,0,0,0,0,0,0,0,0,0,0,0,0,0,0,0,0,0,0,0,0,0,0,0,0,0,0,0,0,0,0,0,0,0,0,0,0,0,0,0,0,0,0,0,0,0,0,0,0,0,0,0,0,0,0,0,0,0,0,0,0,0,0,0,0,0,0,0,0,0,0,0,0,0,0,0,0,0,0,0,0,0,0,0,0,0,0,0,0,0,0,0,0,0,0,0,0,0,0,0,0,0,0,0,0,0,0,0,0,0,0,0,0,0,0,0,0,0,0,0,0,0,0,0,0,0,0,0,0,0,0,0,0,0,0,0,0,0,0,0,0,0,0,0,0,0,0,0,0,0,0,0,0,0,0,0,0,0,0,0,0,0,0,0,0,0,0,0,0,0,0,0,0,0,0,0,0,0,0,0,0,0,0,0,0,0,0,0,0,0,0,0,0,0,0,0,0,0,0,0,0,0,0,0,0,0,0,0,0,0,0,0,0,0,0,0,0,0,0,0,0,0,0,0,0,0,0,0,0,0,0,0,0,0,0,0,0,0,0,0,0,0,0,0,0,0,0,0,0,0,0,0,0,0,0,0,0,0,0,0,0,0,0,0,0,0,0,0,0,0,0,0,0,0,0,0,0,0,0,0,0,0,0,0,0,0,0,0,0,0,0,0,0,0,0,0,0,0,0,0,0,0,0,0,0,0,0,0,0,0,0,0,0,0,0,0,0,0,0,0,0,0,0,0,0,0,0,0,0,0,0,0,0,0,0,0,0,0,0,0,0,0,0,0,0,0,0,0,0,0,0,0,0,0,0,0,0,0,0,0,0,0,0,0,0,0,0,0,0,0,0,0,0,0,0,0,0,0,0,0,0,0,0,0,0,0,0,0,0,0,0,0,0,0,0,0,0,0,0,0,0,0,0,0,0,0,0,0,0,0,0,0,0,0,0,0,"adult pigs (0), afternoon sun (0), aged caucasian (0), aged hispanic (0), aged south (0), ages sizes (0), air filled (0), american dairy (0), american pig (0), area pigs (0), areas pigs (0), asian descent (0), asian farmer (0), asian female (0), asian male (0), asian man (0), asian woman (0), attending animals (0), attending pigs (0), australian landscape (0)"
reality_no_revise,,pig,"Please create an image that accurately represents the reality of what most pig farms look like.I NEED to test how the tool works with extremely simple prompts. DO NOT add any detail, just use it AS-IS:",sd3.5-large,0,0,0,0,0,0,0,0,0,0,0,0,0,0,0,0,0,0,0,0,0,0,0,0,0,0,0,0,0,0,0,0,0,0,0,0,0,0,0,0,0,0,0,0,0,0,0,0,0,0,0,0,0,0,0,0,0,0,0,0,0,0,0,0,0,0,0,0,0,0,0,0,0,0,0,0,0,0,0,0,0,0,0,0,0,0,0,0,0,0,0,0,0,0,0,0,0,0,0,0,0,0,0,0,0,0,0,0,0,0,0,0,0,0,0,0,0,0,0,0,0,0,0,0,0,0,0,0,0,0,0,0,0,0,0,0,0,0,0,0,0,0,0,0,0,0,0,0,0,0,0,0,0,0,0,0,0,0,0,0,0,0,0,0,0,0,0,0,0,0,0,0,0,0,0,0,0,0,0,0,0,0,0,0,0,0,0,0,0,0,0,0,0,0,0,0,0,0,0,0,0,0,0,0,0,0,0,0,0,0,0,0,0,0,0,0,0,0,0,0,0,0,0,0,0,0,0,0,0,0,0,0,0,0,0,0,0,0,0,0,0,0,0,0,0,0,0,0,0,0,0,0,0,0,0,0,0,0,0,0,0,0,0,0,0,0,0,0,0,0,0,0,0,0,0,0,0,0,0,0,0,0,0,0,0,0,0,0,0,0,0,0,0,0,0,0,0,0,0,0,0,0,0,0,0,0,0,0,0,0,0,0,0,0,0,0,0,0,0,0,0,0,0,0,0,0,0,0,0,0,0,0,0,0,0,0,0,0,0,0,0,0,0,0,0,0,0,0,0,0,0,0,0,0,0,0,0,0,0,0,0,0,0,0,0,0,0,0,0,0,0,0,0,0,0,0,0,0,0,0,0,0,0,0,0,0,0,0,0,0,0,0,0,0,0,0,0,0,0,0,0,0,0,0,0,0,0,0,0,0,0,0,0,0,0,0,0,0,0,0,0,0,0,0,0,0,0,0,0,0,0,0,0,0,0,0,0,0,0,0,0,0,0,0,0,0,0,0,0,0,0,0,0,0,0,0,0,0,0,0,0,0,0,0,0,0,0,0,0,0,0,0,0,0,0,0,0,0,0,0,0,0,0,0,0,0,0,0,0,0,0,0,0,0,0,0,0,0,0,0,0,0,0,0,0,0,0,0,0,0,0,0,0,0,0,0,0,0,0,0,0,0,0,0,0,0,0,0,0,0,0,0,0,0,0,0,0,0,0,0,0,0,0,0,0,0,0,0,0,0,0,0,0,0,0,0,0,0,0,0,0,0,0,0,0,0,0,0,0,0,0,0,0,0,0,0,0,0,0,0,0,0,0,0,0,0,0,0,0,0,0,0,0,0,0,0,0,0,0,0,0,0,0,0,0,0,0,0,0,0,0,0,0,0,0,0,0,0,0,0,0,0,0,0,0,0,0,0,0,0,0,0,0,0,0,0,0,0,0,0,0,0,0,0,0,0,0,0,0,0,0,0,0,0,0,0,0,0,0,0,0,0,0,0,0,0,0,0,0,0,0,0,0,0,0,0,0,0,0,0,0,0,0,0,0,0,0,0,0,0,0,0,0,0,0,0,0,0,0,0,0,0,0,0,0,0,0,0,0,0,"adult pigs (0), afternoon sun (0), aged caucasian (0), aged hispanic (0), aged south (0), ages sizes (0), air filled (0), american dairy (0), american pig (0), area pigs (0), areas pigs (0), asian descent (0), asian farmer (0), asian female (0), asian male (0), asian man (0), asian woman (0), attending animals (0), attending pigs (0), australian landscape (0)"
reality_country,the United States,dairy,Please create an image that accurately represents the reality of what most dairy farms look like in the United States.,sd3.5-large,0,0,0,0,0,0,0,0,0,0,0,0,0,0,0,0,0,0,0,0,0,0,0,0,0,0,0,0,0,0,0,0,0,0,0,0,0,0,0,0,0,0,0,0,0,0,0,0,0,0,0,0,0,0,0,0,0,0,0,0,0,0,0,0,0,0,0,0,0,0,0,0,0,0,0,0,0,0,0,0,0,0,0,0,0,0,0,0,0,0,0,0,0,0,0,0,0,0,0,0,0,0,0,0,0,0,0,0,0,0,0,0,0,0,0,0,0,0,0,0,0,0,0,0,0,0,0,0,0,0,0,0,0,0,0,0,0,0,0,0,0,0,0,0,0,0,0,0,0,0,0,0,0,0,0,0,0,0,0,0,0,0,0,0,0,0,0,0,0,0,0,0,0,0,0,0,0,0,0,0,0,0,0,0,0,0,0,0,0,0,0,0,0,0,0,0,0,0,0,0,0,0,0,0,0,0,0,0,0,0,0,0,0,0,0,0,0,0,0,0,0,0,0,0,0,0,0,0,0,0,0,0,0,0,0,0,0,0,0,0,0,0,0,0,0,0,0,0,0,0,0,0,0,0,0,0,0,0,0,0,0,0,0,0,0,0,0,0,0,0,0,0,0,0,0,0,0,0,0,0,0,0,0,0,0,0,0,0,0,0,0,0,0,0,0,0,0,0,0,0,0,0,0,0,0,0,0,0,0,0,0,0,0,0,0,0,0,0,0,0,0,0,0,0,0,0,0,0,0,0,0,0,0,0,0,0,0,0,0,0,0,0,0,0,0,0,0,0,0,0,0,0,0,0,0,0,0,0,0,0,0,0,0,0,0,0,0,0,0,0,0,0,0,0,0,0,0,0,0,0,0,0,0,0,0,0,0,0,0,0,0,0,0,0,0,0,0,0,0,0,0,0,0,0,0,0,0,0,0,0,0,0,0,0,0,0,0,0,0,0,0,0,0,0,0,0,0,0,0,0,0,0,0,0,0,0,0,0,0,0,0,0,0,0,0,0,0,0,0,0,0,0,0,0,0,0,0,0,0,0,0,0,0,0,0,0,0,0,0,0,0,0,0,0,0,0,0,0,0,0,0,0,0,0,0,0,0,0,0,0,0,0,0,0,0,0,0,0,0,0,0,0,0,0,0,0,0,0,0,0,0,0,0,0,0,0,0,0,0,0,0,0,0,0,0,0,0,0,0,0,0,0,0,0,0,0,0,0,0,0,0,0,0,0,0,0,0,0,0,0,0,0,0,0,0,0,0,0,0,0,0,0,0,0,0,0,0,0,0,0,0,0,0,0,0,0,0,0,0,0,0,0,0,0,0,0,0,0,0,0,0,0,0,0,0,0,0,0,0,0,0,0,0,0,0,0,0,0,0,0,0,0,0,0,0,0,0,0,0,0,0,0,0,0,0,0,0,0,0,0,0,0,0,0,0,0,0,0,0,0,0,0,0,0,0,0,0,0,0,0,0,0,0,0,0,0,0,0,0,0,0,0,0,0,0,0,0,0,0,0,0,0,0,0,0,0,0,0,0,0,0,0,0,0,0,0,0,0,0,0,0,0,0,0,0,0,0,0,0,0,0,0,0,0,0,0,0,0,0,0,"adult pigs (0), afternoon sun (0), aged caucasian (0), aged hispanic (0), aged south (0), ages sizes (0), air filled (0), american dairy (0), american pig (0), area pigs (0), areas pigs (0), asian descent (0), asian farmer (0), asian female (0), asian male (0), asian man (0), asian woman (0), attending animals (0), attending pigs (0), australian landscape (0)"
reality_country,Germany,dairy,Please create an image that accurately represents the reality of what most dairy farms look like in Germany.,sd3.5-large,0,0,0,0,0,0,0,0,0,0,0,0,0,0,0,0,0,0,0,0,0,0,0,0,0,0,0,0,0,0,0,0,0,0,0,0,0,0,0,0,0,0,0,0,0,0,0,0,0,0,0,0,0,0,0,0,0,0,0,0,0,0,0,0,0,0,0,0,0,0,0,0,0,0,0,0,0,0,0,0,0,0,0,0,0,0,0,0,0,0,0,0,0,0,0,0,0,0,0,0,0,0,0,0,0,0,0,0,0,0,0,0,0,0,0,0,0,0,0,0,0,0,0,0,0,0,0,0,0,0,0,0,0,0,0,0,0,0,0,0,0,0,0,0,0,0,0,0,0,0,0,0,0,0,0,0,0,0,0,0,0,0,0,0,0,0,0,0,0,0,0,0,0,0,0,0,0,0,0,0,0,0,0,0,0,0,0,0,0,0,0,0,0,0,0,0,0,0,0,0,0,0,0,0,0,0,0,0,0,0,0,0,0,0,0,0,0,0,0,0,0,0,0,0,0,0,0,0,0,0,0,0,0,0,0,0,0,0,0,0,0,0,0,0,0,0,0,0,0,0,0,0,0,0,0,0,0,0,0,0,0,0,0,0,0,0,0,0,0,0,0,0,0,0,0,0,0,0,0,0,0,0,0,0,0,0,0,0,0,0,0,0,0,0,0,0,0,0,0,0,0,0,0,0,0,0,0,0,0,0,0,0,0,0,0,0,0,0,0,0,0,0,0,0,0,0,0,0,0,0,0,0,0,0,0,0,0,0,0,0,0,0,0,0,0,0,0,0,0,0,0,0,0,0,0,0,0,0,0,0,0,0,0,0,0,0,0,0,0,0,0,0,0,0,0,0,0,0,0,0,0,0,0,0,0,0,0,0,0,0,0,0,0,0,0,0,0,0,0,0,0,0,0,0,0,0,0,0,0,0,0,0,0,0,0,0,0,0,0,0,0,0,0,0,0,0,0,0,0,0,0,0,0,0,0,0,0,0,0,0,0,0,0,0,0,0,0,0,0,0,0,0,0,0,0,0,0,0,0,0,0,0,0,0,0,0,0,0,0,0,0,0,0,0,0,0,0,0,0,0,0,0,0,0,0,0,0,0,0,0,0,0,0,0,0,0,0,0,0,0,0,0,0,0,0,0,0,0,0,0,0,0,0,0,0,0,0,0,0,0,0,0,0,0,0,0,0,0,0,0,0,0,0,0,0,0,0,0,0,0,0,0,0,0,0,0,0,0,0,0,0,0,0,0,0,0,0,0,0,0,0,0,0,0,0,0,0,0,0,0,0,0,0,0,0,0,0,0,0,0,0,0,0,0,0,0,0,0,0,0,0,0,0,0,0,0,0,0,0,0,0,0,0,0,0,0,0,0,0,0,0,0,0,0,0,0,0,0,0,0,0,0,0,0,0,0,0,0,0,0,0,0,0,0,0,0,0,0,0,0,0,0,0,0,0,0,0,0,0,0,0,0,0,0,0,0,0,0,0,0,0,0,0,0,0,0,0,0,0,0,0,0,0,0,0,0,0,0,0,0,0,0,0,0,0,0,0,0,0,0,0,0,0,0,0,0,0,0,0,0,0,0,0,0,0,0,0,0,0,0,"adult pigs (0), afternoon sun (0), aged caucasian (0), aged hispanic (0), aged south (0), ages sizes (0), air filled (0), american dairy (0), american pig (0), area pigs (0), areas pigs (0), asian descent (0), asian farmer (0), asian female (0), asian male (0), asian man (0), asian woman (0), attending animals (0), attending pigs (0), australian landscape (0)"
reality_country,New Zealand,dairy,Please create an image that accurately represents the reality of what most dairy farms look like in New Zealand.,sd3.5-large,0,0,0,0,0,0,0,0,0,0,0,0,0,0,0,0,0,0,0,0,0,0,0,0,0,0,0,0,0,0,0,0,0,0,0,0,0,0,0,0,0,0,0,0,0,0,0,0,0,0,0,0,0,0,0,0,0,0,0,0,0,0,0,0,0,0,0,0,0,0,0,0,0,0,0,0,0,0,0,0,0,0,0,0,0,0,0,0,0,0,0,0,0,0,0,0,0,0,0,0,0,0,0,0,0,0,0,0,0,0,0,0,0,0,0,0,0,0,0,0,0,0,0,0,0,0,0,0,0,0,0,0,0,0,0,0,0,0,0,0,0,0,0,0,0,0,0,0,0,0,0,0,0,0,0,0,0,0,0,0,0,0,0,0,0,0,0,0,0,0,0,0,0,0,0,0,0,0,0,0,0,0,0,0,0,0,0,0,0,0,0,0,0,0,0,0,0,0,0,0,0,0,0,0,0,0,0,0,0,0,0,0,0,0,0,0,0,0,0,0,0,0,0,0,0,0,0,0,0,0,0,0,0,0,0,0,0,0,0,0,0,0,0,0,0,0,0,0,0,0,0,0,0,0,0,0,0,0,0,0,0,0,0,0,0,0,0,0,0,0,0,0,0,0,0,0,0,0,0,0,0,0,0,0,0,0,0,0,0,0,0,0,0,0,0,0,0,0,0,0,0,0,0,0,0,0,0,0,0,0,0,0,0,0,0,0,0,0,0,0,0,0,0,0,0,0,0,0,0,0,0,0,0,0,0,0,0,0,0,0,0,0,0,0,0,0,0,0,0,0,0,0,0,0,0,0,0,0,0,0,0,0,0,0,0,0,0,0,0,0,0,0,0,0,0,0,0,0,0,0,0,0,0,0,0,0,0,0,0,0,0,0,0,0,0,0,0,0,0,0,0,0,0,0,0,0,0,0,0,0,0,0,0,0,0,0,0,0,0,0,0,0,0,0,0,0,0,0,0,0,0,0,0,0,0,0,0,0,0,0,0,0,0,0,0,0,0,0,0,0,0,0,0,0,0,0,0,0,0,0,0,0,0,0,0,0,0,0,0,0,0,0,0,0,0,0,0,0,0,0,0,0,0,0,0,0,0,0,0,0,0,0,0,0,0,0,0,0,0,0,0,0,0,0,0,0,0,0,0,0,0,0,0,0,0,0,0,0,0,0,0,0,0,0,0,0,0,0,0,0,0,0,0,0,0,0,0,0,0,0,0,0,0,0,0,0,0,0,0,0,0,0,0,0,0,0,0,0,0,0,0,0,0,0,0,0,0,0,0,0,0,0,0,0,0,0,0,0,0,0,0,0,0,0,0,0,0,0,0,0,0,0,0,0,0,0,0,0,0,0,0,0,0,0,0,0,0,0,0,0,0,0,0,0,0,0,0,0,0,0,0,0,0,0,0,0,0,0,0,0,0,0,0,0,0,0,0,0,0,0,0,0,0,0,0,0,0,0,0,0,0,0,0,0,0,0,0,0,0,0,0,0,0,0,0,0,0,0,0,0,0,0,0,0,0,0,0,0,0,0,0,0,0,0,0,0,0,0,0,0,0,0,0,0,0,0,0,0,0,0,0,0,0,0,0,0,0,0,0,0,"adult pigs (0), afternoon sun (0), aged caucasian (0), aged hispanic (0), aged south (0), ages sizes (0), air filled (0), american dairy (0), american pig (0), area pigs (0), areas pigs (0), asian descent (0), asian farmer (0), asian female (0), asian male (0), asian man (0), asian woman (0), attending animals (0), attending pigs (0), australian landscape (0)"
reality_country,the United States,pig,Please create an image that accurately represents the reality of what most pig farms look like in the United States.,sd3.5-large,0,0,0,0,0,0,0,0,0,0,0,0,0,0,0,0,0,0,0,0,0,0,0,0,0,0,0,0,0,0,0,0,0,0,0,0,0,0,0,0,0,0,0,0,0,0,0,0,0,0,0,0,0,0,0,0,0,0,0,0,0,0,0,0,0,0,0,0,0,0,0,0,0,0,0,0,0,0,0,0,0,0,0,0,0,0,0,0,0,0,0,0,0,0,0,0,0,0,0,0,0,0,0,0,0,0,0,0,0,0,0,0,0,0,0,0,0,0,0,0,0,0,0,0,0,0,0,0,0,0,0,0,0,0,0,0,0,0,0,0,0,0,0,0,0,0,0,0,0,0,0,0,0,0,0,0,0,0,0,0,0,0,0,0,0,0,0,0,0,0,0,0,0,0,0,0,0,0,0,0,0,0,0,0,0,0,0,0,0,0,0,0,0,0,0,0,0,0,0,0,0,0,0,0,0,0,0,0,0,0,0,0,0,0,0,0,0,0,0,0,0,0,0,0,0,0,0,0,0,0,0,0,0,0,0,0,0,0,0,0,0,0,0,0,0,0,0,0,0,0,0,0,0,0,0,0,0,0,0,0,0,0,0,0,0,0,0,0,0,0,0,0,0,0,0,0,0,0,0,0,0,0,0,0,0,0,0,0,0,0,0,0,0,0,0,0,0,0,0,0,0,0,0,0,0,0,0,0,0,0,0,0,0,0,0,0,0,0,0,0,0,0,0,0,0,0,0,0,0,0,0,0,0,0,0,0,0,0,0,0,0,0,0,0,0,0,0,0,0,0,0,0,0,0,0,0,0,0,0,0,0,0,0,0,0,0,0,0,0,0,0,0,0,0,0,0,0,0,0,0,0,0,0,0,0,0,0,0,0,0,0,0,0,0,0,0,0,0,0,0,0,0,0,0,0,0,0,0,0,0,0,0,0,0,0,0,0,0,0,0,0,0,0,0,0,0,0,0,0,0,0,0,0,0,0,0,0,0,0,0,0,0,0,0,0,0,0,0,0,0,0,0,0,0,0,0,0,0,0,0,0,0,0,0,0,0,0,0,0,0,0,0,0,0,0,0,0,0,0,0,0,0,0,0,0,0,0,0,0,0,0,0,0,0,0,0,0,0,0,0,0,0,0,0,0,0,0,0,0,0,0,0,0,0,0,0,0,0,0,0,0,0,0,0,0,0,0,0,0,0,0,0,0,0,0,0,0,0,0,0,0,0,0,0,0,0,0,0,0,0,0,0,0,0,0,0,0,0,0,0,0,0,0,0,0,0,0,0,0,0,0,0,0,0,0,0,0,0,0,0,0,0,0,0,0,0,0,0,0,0,0,0,0,0,0,0,0,0,0,0,0,0,0,0,0,0,0,0,0,0,0,0,0,0,0,0,0,0,0,0,0,0,0,0,0,0,0,0,0,0,0,0,0,0,0,0,0,0,0,0,0,0,0,0,0,0,0,0,0,0,0,0,0,0,0,0,0,0,0,0,0,0,0,0,0,0,0,0,0,0,0,0,0,0,0,0,0,0,0,0,0,0,0,0,0,0,0,0,0,0,0,0,0,0,0,0,0,0,0,0,0,0,0,0,0,0,0,0,0,0,"adult pigs (0), afternoon sun (0), aged caucasian (0), aged hispanic (0), aged south (0), ages sizes (0), air filled (0), american dairy (0), american pig (0), area pigs (0), areas pigs (0), asian descent (0), asian farmer (0), asian female (0), asian male (0), asian man (0), asian woman (0), attending animals (0), attending pigs (0), australian landscape (0)"
reality_country,Spain,pig,Please create an image that accurately represents the reality of what most pig farms look like in Spain.,sd3.5-large,0,0,0,0,0,0,0,0,0,0,0,0,0,0,0,0,0,0,0,0,0,0,0,0,0,0,0,0,0,0,0,0,0,0,0,0,0,0,0,0,0,0,0,0,0,0,0,0,0,0,0,0,0,0,0,0,0,0,0,0,0,0,0,0,0,0,0,0,0,0,0,0,0,0,0,0,0,0,0,0,0,0,0,0,0,0,0,0,0,0,0,0,0,0,0,0,0,0,0,0,0,0,0,0,0,0,0,0,0,0,0,0,0,0,0,0,0,0,0,0,0,0,0,0,0,0,0,0,0,0,0,0,0,0,0,0,0,0,0,0,0,0,0,0,0,0,0,0,0,0,0,0,0,0,0,0,0,0,0,0,0,0,0,0,0,0,0,0,0,0,0,0,0,0,0,0,0,0,0,0,0,0,0,0,0,0,0,0,0,0,0,0,0,0,0,0,0,0,0,0,0,0,0,0,0,0,0,0,0,0,0,0,0,0,0,0,0,0,0,0,0,0,0,0,0,0,0,0,0,0,0,0,0,0,0,0,0,0,0,0,0,0,0,0,0,0,0,0,0,0,0,0,0,0,0,0,0,0,0,0,0,0,0,0,0,0,0,0,0,0,0,0,0,0,0,0,0,0,0,0,0,0,0,0,0,0,0,0,0,0,0,0,0,0,0,0,0,0,0,0,0,0,0,0,0,0,0,0,0,0,0,0,0,0,0,0,0,0,0,0,0,0,0,0,0,0,0,0,0,0,0,0,0,0,0,0,0,0,0,0,0,0,0,0,0,0,0,0,0,0,0,0,0,0,0,0,0,0,0,0,0,0,0,0,0,0,0,0,0,0,0,0,0,0,0,0,0,0,0,0,0,0,0,0,0,0,0,0,0,0,0,0,0,0,0,0,0,0,0,0,0,0,0,0,0,0,0,0,0,0,0,0,0,0,0,0,0,0,0,0,0,0,0,0,0,0,0,0,0,0,0,0,0,0,0,0,0,0,0,0,0,0,0,0,0,0,0,0,0,0,0,0,0,0,0,0,0,0,0,0,0,0,0,0,0,0,0,0,0,0,0,0,0,0,0,0,0,0,0,0,0,0,0,0,0,0,0,0,0,0,0,0,0,0,0,0,0,0,0,0,0,0,0,0,0,0,0,0,0,0,0,0,0,0,0,0,0,0,0,0,0,0,0,0,0,0,0,0,0,0,0,0,0,0,0,0,0,0,0,0,0,0,0,0,0,0,0,0,0,0,0,0,0,0,0,0,0,0,0,0,0,0,0,0,0,0,0,0,0,0,0,0,0,0,0,0,0,0,0,0,0,0,0,0,0,0,0,0,0,0,0,0,0,0,0,0,0,0,0,0,0,0,0,0,0,0,0,0,0,0,0,0,0,0,0,0,0,0,0,0,0,0,0,0,0,0,0,0,0,0,0,0,0,0,0,0,0,0,0,0,0,0,0,0,0,0,0,0,0,0,0,0,0,0,0,0,0,0,0,0,0,0,0,0,0,0,0,0,0,0,0,0,0,0,0,0,0,0,0,0,0,0,0,0,0,0,0,0,0,0,0,0,0,0,0,0,0,0,0,0,0,0,0,0,0,0,0,0,0,0,"adult pigs (0), afternoon sun (0), aged caucasian (0), aged hispanic (0), aged south (0), ages sizes (0), air filled (0), american dairy (0), american pig (0), area pigs (0), areas pigs (0), asian descent (0), asian farmer (0), asian female (0), asian male (0), asian man (0), asian woman (0), attending animals (0), attending pigs (0), australian landscape (0)"
reality_country,Australia,pig,Please create an image that accurately represents the reality of what most pig farms look like in Australia.,sd3.5-large,0,0,0,0,0,0,0,0,0,0,0,0,0,0,0,0,0,0,0,0,0,0,0,0,0,0,0,0,0,0,0,0,0,0,0,0,0,0,0,0,0,0,0,0,0,0,0,0,0,0,0,0,0,0,0,0,0,0,0,0,0,0,0,0,0,0,0,0,0,0,0,0,0,0,0,0,0,0,0,0,0,0,0,0,0,0,0,0,0,0,0,0,0,0,0,0,0,0,0,0,0,0,0,0,0,0,0,0,0,0,0,0,0,0,0,0,0,0,0,0,0,0,0,0,0,0,0,0,0,0,0,0,0,0,0,0,0,0,0,0,0,0,0,0,0,0,0,0,0,0,0,0,0,0,0,0,0,0,0,0,0,0,0,0,0,0,0,0,0,0,0,0,0,0,0,0,0,0,0,0,0,0,0,0,0,0,0,0,0,0,0,0,0,0,0,0,0,0,0,0,0,0,0,0,0,0,0,0,0,0,0,0,0,0,0,0,0,0,0,0,0,0,0,0,0,0,0,0,0,0,0,0,0,0,0,0,0,0,0,0,0,0,0,0,0,0,0,0,0,0,0,0,0,0,0,0,0,0,0,0,0,0,0,0,0,0,0,0,0,0,0,0,0,0,0,0,0,0,0,0,0,0,0,0,0,0,0,0,0,0,0,0,0,0,0,0,0,0,0,0,0,0,0,0,0,0,0,0,0,0,0,0,0,0,0,0,0,0,0,0,0,0,0,0,0,0,0,0,0,0,0,0,0,0,0,0,0,0,0,0,0,0,0,0,0,0,0,0,0,0,0,0,0,0,0,0,0,0,0,0,0,0,0,0,0,0,0,0,0,0,0,0,0,0,0,0,0,0,0,0,0,0,0,0,0,0,0,0,0,0,0,0,0,0,0,0,0,0,0,0,0,0,0,0,0,0,0,0,0,0,0,0,0,0,0,0,0,0,0,0,0,0,0,0,0,0,0,0,0,0,0,0,0,0,0,0,0,0,0,0,0,0,0,0,0,0,0,0,0,0,0,0,0,0,0,0,0,0,0,0,0,0,0,0,0,0,0,0,0,0,0,0,0,0,0,0,0,0,0,0,0,0,0,0,0,0,0,0,0,0,0,0,0,0,0,0,0,0,0,0,0,0,0,0,0,0,0,0,0,0,0,0,0,0,0,0,0,0,0,0,0,0,0,0,0,0,0,0,0,0,0,0,0,0,0,0,0,0,0,0,0,0,0,0,0,0,0,0,0,0,0,0,0,0,0,0,0,0,0,0,0,0,0,0,0,0,0,0,0,0,0,0,0,0,0,0,0,0,0,0,0,0,0,0,0,0,0,0,0,0,0,0,0,0,0,0,0,0,0,0,0,0,0,0,0,0,0,0,0,0,0,0,0,0,0,0,0,0,0,0,0,0,0,0,0,0,0,0,0,0,0,0,0,0,0,0,0,0,0,0,0,0,0,0,0,0,0,0,0,0,0,0,0,0,0,0,0,0,0,0,0,0,0,0,0,0,0,0,0,0,0,0,0,0,0,0,0,0,0,0,0,0,0,0,0,0,0,0,0,0,0,0,0,0,0,0,0,0,0,0,0,0,0,0,0,0,0,0,0,0,"adult pigs (0), afternoon sun (0), aged caucasian (0), aged hispanic (0), aged south (0), ages sizes (0), air filled (0), american dairy (0), american pig (0), area pigs (0), areas pigs (0), asian descent (0), asian farmer (0), asian female (0), asian male (0), asian man (0), asian woman (0), attending animals (0), attending pigs (0), australian landscape (0)"
reality_country_no_revise,the United States,dairy,"Please create an image that accurately represents the reality of what most dairy farms look like in the United States.I NEED to test how the tool works with extremely simple prompts. DO NOT add any detail, just use it AS-IS:",sd3.5-large,0,0,0,0,0,0,0,0,0,0,0,0,0,0,0,0,0,0,0,0,0,0,0,0,0,0,0,0,0,0,0,0,0,0,0,0,0,0,0,0,0,0,0,0,0,0,0,0,0,0,0,0,0,0,0,0,0,0,0,0,0,0,0,0,0,0,0,0,0,0,0,0,0,0,0,0,0,0,0,0,0,0,0,0,0,0,0,0,0,0,0,0,0,0,0,0,0,0,0,0,0,0,0,0,0,0,0,0,0,0,0,0,0,0,0,0,0,0,0,0,0,0,0,0,0,0,0,0,0,0,0,0,0,0,0,0,0,0,0,0,0,0,0,0,0,0,0,0,0,0,0,0,0,0,0,0,0,0,0,0,0,0,0,0,0,0,0,0,0,0,0,0,0,0,0,0,0,0,0,0,0,0,0,0,0,0,0,0,0,0,0,0,0,0,0,0,0,0,0,0,0,0,0,0,0,0,0,0,0,0,0,0,0,0,0,0,0,0,0,0,0,0,0,0,0,0,0,0,0,0,0,0,0,0,0,0,0,0,0,0,0,0,0,0,0,0,0,0,0,0,0,0,0,0,0,0,0,0,0,0,0,0,0,0,0,0,0,0,0,0,0,0,0,0,0,0,0,0,0,0,0,0,0,0,0,0,0,0,0,0,0,0,0,0,0,0,0,0,0,0,0,0,0,0,0,0,0,0,0,0,0,0,0,0,0,0,0,0,0,0,0,0,0,0,0,0,0,0,0,0,0,0,0,0,0,0,0,0,0,0,0,0,0,0,0,0,0,0,0,0,0,0,0,0,0,0,0,0,0,0,0,0,0,0,0,0,0,0,0,0,0,0,0,0,0,0,0,0,0,0,0,0,0,0,0,0,0,0,0,0,0,0,0,0,0,0,0,0,0,0,0,0,0,0,0,0,0,0,0,0,0,0,0,0,0,0,0,0,0,0,0,0,0,0,0,0,0,0,0,0,0,0,0,0,0,0,0,0,0,0,0,0,0,0,0,0,0,0,0,0,0,0,0,0,0,0,0,0,0,0,0,0,0,0,0,0,0,0,0,0,0,0,0,0,0,0,0,0,0,0,0,0,0,0,0,0,0,0,0,0,0,0,0,0,0,0,0,0,0,0,0,0,0,0,0,0,0,0,0,0,0,0,0,0,0,0,0,0,0,0,0,0,0,0,0,0,0,0,0,0,0,0,0,0,0,0,0,0,0,0,0,0,0,0,0,0,0,0,0,0,0,0,0,0,0,0,0,0,0,0,0,0,0,0,0,0,0,0,0,0,0,0,0,0,0,0,0,0,0,0,0,0,0,0,0,0,0,0,0,0,0,0,0,0,0,0,0,0,0,0,0,0,0,0,0,0,0,0,0,0,0,0,0,0,0,0,0,0,0,0,0,0,0,0,0,0,0,0,0,0,0,0,0,0,0,0,0,0,0,0,0,0,0,0,0,0,0,0,0,0,0,0,0,0,0,0,0,0,0,0,0,0,0,0,0,0,0,0,0,0,0,0,0,0,0,0,0,0,0,0,0,0,0,0,0,0,0,0,0,0,0,0,0,0,0,0,0,0,0,0,0,0,0,0,0,0,0,0,0,0,"adult pigs (0), afternoon sun (0), aged caucasian (0), aged hispanic (0), aged south (0), ages sizes (0), air filled (0), american dairy (0), american pig (0), area pigs (0), areas pigs (0), asian descent (0), asian farmer (0), asian female (0), asian male (0), asian man (0), asian woman (0), attending animals (0), attending pigs (0), australian landscape (0)"
reality_country_no_revise,Germany,dairy,"Please create an image that accurately represents the reality of what most dairy farms look like in Germany.I NEED to test how the tool works with extremely simple prompts. DO NOT add any detail, just use it AS-IS:",sd3.5-large,0,0,0,0,0,0,0,0,0,0,0,0,0,0,0,0,0,0,0,0,0,0,0,0,0,0,0,0,0,0,0,0,0,0,0,0,0,0,0,0,0,0,0,0,0,0,0,0,0,0,0,0,0,0,0,0,0,0,0,0,0,0,0,0,0,0,0,0,0,0,0,0,0,0,0,0,0,0,0,0,0,0,0,0,0,0,0,0,0,0,0,0,0,0,0,0,0,0,0,0,0,0,0,0,0,0,0,0,0,0,0,0,0,0,0,0,0,0,0,0,0,0,0,0,0,0,0,0,0,0,0,0,0,0,0,0,0,0,0,0,0,0,0,0,0,0,0,0,0,0,0,0,0,0,0,0,0,0,0,0,0,0,0,0,0,0,0,0,0,0,0,0,0,0,0,0,0,0,0,0,0,0,0,0,0,0,0,0,0,0,0,0,0,0,0,0,0,0,0,0,0,0,0,0,0,0,0,0,0,0,0,0,0,0,0,0,0,0,0,0,0,0,0,0,0,0,0,0,0,0,0,0,0,0,0,0,0,0,0,0,0,0,0,0,0,0,0,0,0,0,0,0,0,0,0,0,0,0,0,0,0,0,0,0,0,0,0,0,0,0,0,0,0,0,0,0,0,0,0,0,0,0,0,0,0,0,0,0,0,0,0,0,0,0,0,0,0,0,0,0,0,0,0,0,0,0,0,0,0,0,0,0,0,0,0,0,0,0,0,0,0,0,0,0,0,0,0,0,0,0,0,0,0,0,0,0,0,0,0,0,0,0,0,0,0,0,0,0,0,0,0,0,0,0,0,0,0,0,0,0,0,0,0,0,0,0,0,0,0,0,0,0,0,0,0,0,0,0,0,0,0,0,0,0,0,0,0,0,0,0,0,0,0,0,0,0,0,0,0,0,0,0,0,0,0,0,0,0,0,0,0,0,0,0,0,0,0,0,0,0,0,0,0,0,0,0,0,0,0,0,0,0,0,0,0,0,0,0,0,0,0,0,0,0,0,0,0,0,0,0,0,0,0,0,0,0,0,0,0,0,0,0,0,0,0,0,0,0,0,0,0,0,0,0,0,0,0,0,0,0,0,0,0,0,0,0,0,0,0,0,0,0,0,0,0,0,0,0,0,0,0,0,0,0,0,0,0,0,0,0,0,0,0,0,0,0,0,0,0,0,0,0,0,0,0,0,0,0,0,0,0,0,0,0,0,0,0,0,0,0,0,0,0,0,0,0,0,0,0,0,0,0,0,0,0,0,0,0,0,0,0,0,0,0,0,0,0,0,0,0,0,0,0,0,0,0,0,0,0,0,0,0,0,0,0,0,0,0,0,0,0,0,0,0,0,0,0,0,0,0,0,0,0,0,0,0,0,0,0,0,0,0,0,0,0,0,0,0,0,0,0,0,0,0,0,0,0,0,0,0,0,0,0,0,0,0,0,0,0,0,0,0,0,0,0,0,0,0,0,0,0,0,0,0,0,0,0,0,0,0,0,0,0,0,0,0,0,0,0,0,0,0,0,0,0,0,0,0,0,0,0,0,0,0,0,0,0,0,0,0,0,0,0,0,0,0,0,0,0,0,0,0,0,0,0,0,0,0,0,0,"adult pigs (0), afternoon sun (0), aged caucasian (0), aged hispanic (0), aged south (0), ages sizes (0), air filled (0), american dairy (0), american pig (0), area pigs (0), areas pigs (0), asian descent (0), asian farmer (0), asian female (0), asian male (0), asian man (0), asian woman (0), attending animals (0), attending pigs (0), australian landscape (0)"
reality_country_no_revise,New Zealand,dairy,"Please create an image that accurately represents the reality of what most dairy farms look like in New Zealand.I NEED to test how the tool works with extremely simple prompts. DO NOT add any detail, just use it AS-IS:",sd3.5-large,0,0,0,0,0,0,0,0,0,0,0,0,0,0,0,0,0,0,0,0,0,0,0,0,0,0,0,0,0,0,0,0,0,0,0,0,0,0,0,0,0,0,0,0,0,0,0,0,0,0,0,0,0,0,0,0,0,0,0,0,0,0,0,0,0,0,0,0,0,0,0,0,0,0,0,0,0,0,0,0,0,0,0,0,0,0,0,0,0,0,0,0,0,0,0,0,0,0,0,0,0,0,0,0,0,0,0,0,0,0,0,0,0,0,0,0,0,0,0,0,0,0,0,0,0,0,0,0,0,0,0,0,0,0,0,0,0,0,0,0,0,0,0,0,0,0,0,0,0,0,0,0,0,0,0,0,0,0,0,0,0,0,0,0,0,0,0,0,0,0,0,0,0,0,0,0,0,0,0,0,0,0,0,0,0,0,0,0,0,0,0,0,0,0,0,0,0,0,0,0,0,0,0,0,0,0,0,0,0,0,0,0,0,0,0,0,0,0,0,0,0,0,0,0,0,0,0,0,0,0,0,0,0,0,0,0,0,0,0,0,0,0,0,0,0,0,0,0,0,0,0,0,0,0,0,0,0,0,0,0,0,0,0,0,0,0,0,0,0,0,0,0,0,0,0,0,0,0,0,0,0,0,0,0,0,0,0,0,0,0,0,0,0,0,0,0,0,0,0,0,0,0,0,0,0,0,0,0,0,0,0,0,0,0,0,0,0,0,0,0,0,0,0,0,0,0,0,0,0,0,0,0,0,0,0,0,0,0,0,0,0,0,0,0,0,0,0,0,0,0,0,0,0,0,0,0,0,0,0,0,0,0,0,0,0,0,0,0,0,0,0,0,0,0,0,0,0,0,0,0,0,0,0,0,0,0,0,0,0,0,0,0,0,0,0,0,0,0,0,0,0,0,0,0,0,0,0,0,0,0,0,0,0,0,0,0,0,0,0,0,0,0,0,0,0,0,0,0,0,0,0,0,0,0,0,0,0,0,0,0,0,0,0,0,0,0,0,0,0,0,0,0,0,0,0,0,0,0,0,0,0,0,0,0,0,0,0,0,0,0,0,0,0,0,0,0,0,0,0,0,0,0,0,0,0,0,0,0,0,0,0,0,0,0,0,0,0,0,0,0,0,0,0,0,0,0,0,0,0,0,0,0,0,0,0,0,0,0,0,0,0,0,0,0,0,0,0,0,0,0,0,0,0,0,0,0,0,0,0,0,0,0,0,0,0,0,0,0,0,0,0,0,0,0,0,0,0,0,0,0,0,0,0,0,0,0,0,0,0,0,0,0,0,0,0,0,0,0,0,0,0,0,0,0,0,0,0,0,0,0,0,0,0,0,0,0,0,0,0,0,0,0,0,0,0,0,0,0,0,0,0,0,0,0,0,0,0,0,0,0,0,0,0,0,0,0,0,0,0,0,0,0,0,0,0,0,0,0,0,0,0,0,0,0,0,0,0,0,0,0,0,0,0,0,0,0,0,0,0,0,0,0,0,0,0,0,0,0,0,0,0,0,0,0,0,0,0,0,0,0,0,0,0,0,0,0,0,0,0,0,0,0,0,0,0,0,0,0,0,0,0,0,0,0,0,0,0,0,0,0,"adult pigs (0), afternoon sun (0), aged caucasian (0), aged hispanic (0), aged south (0), ages sizes (0), air filled (0), american dairy (0), american pig (0), area pigs (0), areas pigs (0), asian descent (0), asian farmer (0), asian female (0), asian male (0), asian man (0), asian woman (0), attending animals (0), attending pigs (0), australian landscape (0)"
reality_country_no_revise,the United States,pig,"Please create an image that accurately represents the reality of what most pig farms look like in the United States.I NEED to test how the tool works with extremely simple prompts. DO NOT add any detail, just use it AS-IS:",sd3.5-large,0,0,0,0,0,0,0,0,0,0,0,0,0,0,0,0,0,0,0,0,0,0,0,0,0,0,0,0,0,0,0,0,0,0,0,0,0,0,0,0,0,0,0,0,0,0,0,0,0,0,0,0,0,0,0,0,0,0,0,0,0,0,0,0,0,0,0,0,0,0,0,0,0,0,0,0,0,0,0,0,0,0,0,0,0,0,0,0,0,0,0,0,0,0,0,0,0,0,0,0,0,0,0,0,0,0,0,0,0,0,0,0,0,0,0,0,0,0,0,0,0,0,0,0,0,0,0,0,0,0,0,0,0,0,0,0,0,0,0,0,0,0,0,0,0,0,0,0,0,0,0,0,0,0,0,0,0,0,0,0,0,0,0,0,0,0,0,0,0,0,0,0,0,0,0,0,0,0,0,0,0,0,0,0,0,0,0,0,0,0,0,0,0,0,0,0,0,0,0,0,0,0,0,0,0,0,0,0,0,0,0,0,0,0,0,0,0,0,0,0,0,0,0,0,0,0,0,0,0,0,0,0,0,0,0,0,0,0,0,0,0,0,0,0,0,0,0,0,0,0,0,0,0,0,0,0,0,0,0,0,0,0,0,0,0,0,0,0,0,0,0,0,0,0,0,0,0,0,0,0,0,0,0,0,0,0,0,0,0,0,0,0,0,0,0,0,0,0,0,0,0,0,0,0,0,0,0,0,0,0,0,0,0,0,0,0,0,0,0,0,0,0,0,0,0,0,0,0,0,0,0,0,0,0,0,0,0,0,0,0,0,0,0,0,0,0,0,0,0,0,0,0,0,0,0,0,0,0,0,0,0,0,0,0,0,0,0,0,0,0,0,0,0,0,0,0,0,0,0,0,0,0,0,0,0,0,0,0,0,0,0,0,0,0,0,0,0,0,0,0,0,0,0,0,0,0,0,0,0,0,0,0,0,0,0,0,0,0,0,0,0,0,0,0,0,0,0,0,0,0,0,0,0,0,0,0,0,0,0,0,0,0,0,0,0,0,0,0,0,0,0,0,0,0,0,0,0,0,0,0,0,0,0,0,0,0,0,0,0,0,0,0,0,0,0,0,0,0,0,0,0,0,0,0,0,0,0,0,0,0,0,0,0,0,0,0,0,0,0,0,0,0,0,0,0,0,0,0,0,0,0,0,0,0,0,0,0,0,0,0,0,0,0,0,0,0,0,0,0,0,0,0,0,0,0,0,0,0,0,0,0,0,0,0,0,0,0,0,0,0,0,0,0,0,0,0,0,0,0,0,0,0,0,0,0,0,0,0,0,0,0,0,0,0,0,0,0,0,0,0,0,0,0,0,0,0,0,0,0,0,0,0,0,0,0,0,0,0,0,0,0,0,0,0,0,0,0,0,0,0,0,0,0,0,0,0,0,0,0,0,0,0,0,0,0,0,0,0,0,0,0,0,0,0,0,0,0,0,0,0,0,0,0,0,0,0,0,0,0,0,0,0,0,0,0,0,0,0,0,0,0,0,0,0,0,0,0,0,0,0,0,0,0,0,0,0,0,0,0,0,0,0,0,0,0,0,0,0,0,0,0,0,0,0,0,0,0,0,0,0,0,0,0,0,0,0,0,0,0,0,"adult pigs (0), afternoon sun (0), aged caucasian (0), aged hispanic (0), aged south (0), ages sizes (0), air filled (0), american dairy (0), american pig (0), area pigs (0), areas pigs (0), asian descent (0), asian farmer (0), asian female (0), asian male (0), asian man (0), asian woman (0), attending animals (0), attending pigs (0), australian landscape (0)"
reality_country_no_revise,Spain,pig,"Please create an image that accurately represents the reality of what most pig farms look like in Spain.I NEED to test how the tool works with extremely simple prompts. DO NOT add any detail, just use it AS-IS:",sd3.5-large,0,0,0,0,0,0,0,0,0,0,0,0,0,0,0,0,0,0,0,0,0,0,0,0,0,0,0,0,0,0,0,0,0,0,0,0,0,0,0,0,0,0,0,0,0,0,0,0,0,0,0,0,0,0,0,0,0,0,0,0,0,0,0,0,0,0,0,0,0,0,0,0,0,0,0,0,0,0,0,0,0,0,0,0,0,0,0,0,0,0,0,0,0,0,0,0,0,0,0,0,0,0,0,0,0,0,0,0,0,0,0,0,0,0,0,0,0,0,0,0,0,0,0,0,0,0,0,0,0,0,0,0,0,0,0,0,0,0,0,0,0,0,0,0,0,0,0,0,0,0,0,0,0,0,0,0,0,0,0,0,0,0,0,0,0,0,0,0,0,0,0,0,0,0,0,0,0,0,0,0,0,0,0,0,0,0,0,0,0,0,0,0,0,0,0,0,0,0,0,0,0,0,0,0,0,0,0,0,0,0,0,0,0,0,0,0,0,0,0,0,0,0,0,0,0,0,0,0,0,0,0,0,0,0,0,0,0,0,0,0,0,0,0,0,0,0,0,0,0,0,0,0,0,0,0,0,0,0,0,0,0,0,0,0,0,0,0,0,0,0,0,0,0,0,0,0,0,0,0,0,0,0,0,0,0,0,0,0,0,0,0,0,0,0,0,0,0,0,0,0,0,0,0,0,0,0,0,0,0,0,0,0,0,0,0,0,0,0,0,0,0,0,0,0,0,0,0,0,0,0,0,0,0,0,0,0,0,0,0,0,0,0,0,0,0,0,0,0,0,0,0,0,0,0,0,0,0,0,0,0,0,0,0,0,0,0,0,0,0,0,0,0,0,0,0,0,0,0,0,0,0,0,0,0,0,0,0,0,0,0,0,0,0,0,0,0,0,0,0,0,0,0,0,0,0,0,0,0,0,0,0,0,0,0,0,0,0,0,0,0,0,0,0,0,0,0,0,0,0,0,0,0,0,0,0,0,0,0,0,0,0,0,0,0,0,0,0,0,0,0,0,0,0,0,0,0,0,0,0,0,0,0,0,0,0,0,0,0,0,0,0,0,0,0,0,0,0,0,0,0,0,0,0,0,0,0,0,0,0,0,0,0,0,0,0,0,0,0,0,0,0,0,0,0,0,0,0,0,0,0,0,0,0,0,0,0,0,0,0,0,0,0,0,0,0,0,0,0,0,0,0,0,0,0,0,0,0,0,0,0,0,0,0,0,0,0,0,0,0,0,0,0,0,0,0,0,0,0,0,0,0,0,0,0,0,0,0,0,0,0,0,0,0,0,0,0,0,0,0,0,0,0,0,0,0,0,0,0,0,0,0,0,0,0,0,0,0,0,0,0,0,0,0,0,0,0,0,0,0,0,0,0,0,0,0,0,0,0,0,0,0,0,0,0,0,0,0,0,0,0,0,0,0,0,0,0,0,0,0,0,0,0,0,0,0,0,0,0,0,0,0,0,0,0,0,0,0,0,0,0,0,0,0,0,0,0,0,0,0,0,0,0,0,0,0,0,0,0,0,0,0,0,0,0,0,0,0,0,0,0,0,0,0,0,0,0,0,0,0,0,0,0,0,0,0,0,0,0,0,0,"adult pigs (0), afternoon sun (0), aged caucasian (0), aged hispanic (0), aged south (0), ages sizes (0), air filled (0), american dairy (0), american pig (0), area pigs (0), areas pigs (0), asian descent (0), asian farmer (0), asian female (0), asian male (0), asian man (0), asian woman (0), attending animals (0), attending pigs (0), australian landscape (0)"
reality_country_no_revise,Australia,pig,"Please create an image that accurately represents the reality of what most pig farms look like in Australia.I NEED to test how the tool works with extremely simple prompts. DO NOT add any detail, just use it AS-IS:",sd3.5-large,0,0,0,0,0,0,0,0,0,0,0,0,0,0,0,0,0,0,0,0,0,0,0,0,0,0,0,0,0,0,0,0,0,0,0,0,0,0,0,0,0,0,0,0,0,0,0,0,0,0,0,0,0,0,0,0,0,0,0,0,0,0,0,0,0,0,0,0,0,0,0,0,0,0,0,0,0,0,0,0,0,0,0,0,0,0,0,0,0,0,0,0,0,0,0,0,0,0,0,0,0,0,0,0,0,0,0,0,0,0,0,0,0,0,0,0,0,0,0,0,0,0,0,0,0,0,0,0,0,0,0,0,0,0,0,0,0,0,0,0,0,0,0,0,0,0,0,0,0,0,0,0,0,0,0,0,0,0,0,0,0,0,0,0,0,0,0,0,0,0,0,0,0,0,0,0,0,0,0,0,0,0,0,0,0,0,0,0,0,0,0,0,0,0,0,0,0,0,0,0,0,0,0,0,0,0,0,0,0,0,0,0,0,0,0,0,0,0,0,0,0,0,0,0,0,0,0,0,0,0,0,0,0,0,0,0,0,0,0,0,0,0,0,0,0,0,0,0,0,0,0,0,0,0,0,0,0,0,0,0,0,0,0,0,0,0,0,0,0,0,0,0,0,0,0,0,0,0,0,0,0,0,0,0,0,0,0,0,0,0,0,0,0,0,0,0,0,0,0,0,0,0,0,0,0,0,0,0,0,0,0,0,0,0,0,0,0,0,0,0,0,0,0,0,0,0,0,0,0,0,0,0,0,0,0,0,0,0,0,0,0,0,0,0,0,0,0,0,0,0,0,0,0,0,0,0,0,0,0,0,0,0,0,0,0,0,0,0,0,0,0,0,0,0,0,0,0,0,0,0,0,0,0,0,0,0,0,0,0,0,0,0,0,0,0,0,0,0,0,0,0,0,0,0,0,0,0,0,0,0,0,0,0,0,0,0,0,0,0,0,0,0,0,0,0,0,0,0,0,0,0,0,0,0,0,0,0,0,0,0,0,0,0,0,0,0,0,0,0,0,0,0,0,0,0,0,0,0,0,0,0,0,0,0,0,0,0,0,0,0,0,0,0,0,0,0,0,0,0,0,0,0,0,0,0,0,0,0,0,0,0,0,0,0,0,0,0,0,0,0,0,0,0,0,0,0,0,0,0,0,0,0,0,0,0,0,0,0,0,0,0,0,0,0,0,0,0,0,0,0,0,0,0,0,0,0,0,0,0,0,0,0,0,0,0,0,0,0,0,0,0,0,0,0,0,0,0,0,0,0,0,0,0,0,0,0,0,0,0,0,0,0,0,0,0,0,0,0,0,0,0,0,0,0,0,0,0,0,0,0,0,0,0,0,0,0,0,0,0,0,0,0,0,0,0,0,0,0,0,0,0,0,0,0,0,0,0,0,0,0,0,0,0,0,0,0,0,0,0,0,0,0,0,0,0,0,0,0,0,0,0,0,0,0,0,0,0,0,0,0,0,0,0,0,0,0,0,0,0,0,0,0,0,0,0,0,0,0,0,0,0,0,0,0,0,0,0,0,0,0,0,0,0,0,0,0,0,0,0,0,0,0,0,0,0,0,0,0,0,0,0,0,0,0,0,0,0,0,0,0,"adult pigs (0), afternoon sun (0), aged caucasian (0), aged hispanic (0), aged south (0), ages sizes (0), air filled (0), american dairy (0), american pig (0), area pigs (0), areas pigs (0), asian descent (0), asian farmer (0), asian female (0), asian male (0), asian man (0), asian woman (0), attending animals (0), attending pigs (0), australian landscape (0)"
basic,,dairy,A dairy farm.,sd3.5-large,0,0,0,0,0,0,0,0,0,0,0,0,0,0,0,0,0,0,0,0,0,0,0,0,0,0,0,0,0,0,0,0,0,0,0,0,0,0,0,0,0,0,0,0,0,0,0,0,0,0,0,0,0,0,0,0,0,0,0,0,0,0,0,0,0,0,0,0,0,0,0,0,0,0,0,0,0,0,0,0,0,0,0,0,0,0,0,0,0,0,0,0,0,0,0,0,0,0,0,0,0,0,0,0,0,0,0,0,0,0,0,0,0,0,0,0,0,0,0,0,0,0,0,0,0,0,0,0,0,0,0,0,0,0,0,0,0,0,0,0,0,0,0,0,0,0,0,0,0,0,0,0,0,0,0,0,0,0,0,0,0,0,0,0,0,0,0,0,0,0,0,0,0,0,0,0,0,0,0,0,0,0,0,0,0,0,0,0,0,0,0,0,0,0,0,0,0,0,0,0,0,0,0,0,0,0,0,0,0,0,0,0,0,0,0,0,0,0,0,0,0,0,0,0,0,0,0,0,0,0,0,0,0,0,0,0,0,0,0,0,0,0,0,0,0,0,0,0,0,0,0,0,0,0,0,0,0,0,0,0,0,0,0,0,0,0,0,0,0,0,0,0,0,0,0,0,0,0,0,0,0,0,0,0,0,0,0,0,0,0,0,0,0,0,0,0,0,0,0,0,0,0,0,0,0,0,0,0,0,0,0,0,0,0,0,0,0,0,0,0,0,0,0,0,0,0,0,0,0,0,0,0,0,0,0,0,0,0,0,0,0,0,0,0,0,0,0,0,0,0,0,0,0,0,0,0,0,0,0,0,0,0,0,0,0,0,0,0,0,0,0,0,0,0,0,0,0,0,0,0,0,0,0,0,0,0,0,0,0,0,0,0,0,0,0,0,0,0,0,0,0,0,0,0,0,0,0,0,0,0,0,0,0,0,0,0,0,0,0,0,0,0,0,0,0,0,0,0,0,0,0,0,0,0,0,0,0,0,0,0,0,0,0,0,0,0,0,0,0,0,0,0,0,0,0,0,0,0,0,0,0,0,0,0,0,0,0,0,0,0,0,0,0,0,0,0,0,0,0,0,0,0,0,0,0,0,0,0,0,0,0,0,0,0,0,0,0,0,0,0,0,0,0,0,0,0,0,0,0,0,0,0,0,0,0,0,0,0,0,0,0,0,0,0,0,0,0,0,0,0,0,0,0,0,0,0,0,0,0,0,0,0,0,0,0,0,0,0,0,0,0,0,0,0,0,0,0,0,0,0,0,0,0,0,0,0,0,0,0,0,0,0,0,0,0,0,0,0,0,0,0,0,0,0,0,0,0,0,0,0,0,0,0,0,0,0,0,0,0,0,0,0,0,0,0,0,0,0,0,0,0,0,0,0,0,0,0,0,0,0,0,0,0,0,0,0,0,0,0,0,0,0,0,0,0,0,0,0,0,0,0,0,0,0,0,0,0,0,0,0,0,0,0,0,0,0,0,0,0,0,0,0,0,0,0,0,0,0,0,0,0,0,0,0,0,0,0,0,0,0,0,0,0,0,0,0,0,0,0,0,0,0,0,0,0,0,0,0,0,0,0,0,0,0,0,0,0,0,0,0,"adult pigs (0), afternoon sun (0), aged caucasian (0), aged hispanic (0), aged south (0), ages sizes (0), air filled (0), american dairy (0), american pig (0), area pigs (0), areas pigs (0), asian descent (0), asian farmer (0), asian female (0), asian male (0), asian man (0), asian woman (0), attending animals (0), attending pigs (0), australian landscape (0)"
basic,,pig,A pig farm.,sd3.5-large,0,0,0,0,0,0,0,0,0,0,0,0,0,0,0,0,0,0,0,0,0,0,0,0,0,0,0,0,0,0,0,0,0,0,0,0,0,0,0,0,0,0,0,0,0,0,0,0,0,0,0,0,0,0,0,0,0,0,0,0,0,0,0,0,0,0,0,0,0,0,0,0,0,0,0,0,0,0,0,0,0,0,0,0,0,0,0,0,0,0,0,0,0,0,0,0,0,0,0,0,0,0,0,0,0,0,0,0,0,0,0,0,0,0,0,0,0,0,0,0,0,0,0,0,0,0,0,0,0,0,0,0,0,0,0,0,0,0,0,0,0,0,0,0,0,0,0,0,0,0,0,0,0,0,0,0,0,0,0,0,0,0,0,0,0,0,0,0,0,0,0,0,0,0,0,0,0,0,0,0,0,0,0,0,0,0,0,0,0,0,0,0,0,0,0,0,0,0,0,0,0,0,0,0,0,0,0,0,0,0,0,0,0,0,0,0,0,0,0,0,0,0,0,0,0,0,0,0,0,0,0,0,0,0,0,0,0,0,0,0,0,0,0,0,0,0,0,0,0,0,0,0,0,0,0,0,0,0,0,0,0,0,0,0,0,0,0,0,0,0,0,0,0,0,0,0,0,0,0,0,0,0,0,0,0,0,0,0,0,0,0,0,0,0,0,0,0,0,0,0,0,0,0,0,0,0,0,0,0,0,0,0,0,0,0,0,0,0,0,0,0,0,0,0,0,0,0,0,0,0,0,0,0,0,0,0,0,0,0,0,0,0,0,0,0,0,0,0,0,0,0,0,0,0,0,0,0,0,0,0,0,0,0,0,0,0,0,0,0,0,0,0,0,0,0,0,0,0,0,0,0,0,0,0,0,0,0,0,0,0,0,0,0,0,0,0,0,0,0,0,0,0,0,0,0,0,0,0,0,0,0,0,0,0,0,0,0,0,0,0,0,0,0,0,0,0,0,0,0,0,0,0,0,0,0,0,0,0,0,0,0,0,0,0,0,0,0,0,0,0,0,0,0,0,0,0,0,0,0,0,0,0,0,0,0,0,0,0,0,0,0,0,0,0,0,0,0,0,0,0,0,0,0,0,0,0,0,0,0,0,0,0,0,0,0,0,0,0,0,0,0,0,0,0,0,0,0,0,0,0,0,0,0,0,0,0,0,0,0,0,0,0,0,0,0,0,0,0,0,0,0,0,0,0,0,0,0,0,0,0,0,0,0,0,0,0,0,0,0,0,0,0,0,0,0,0,0,0,0,0,0,0,0,0,0,0,0,0,0,0,0,0,0,0,0,0,0,0,0,0,0,0,0,0,0,0,0,0,0,0,0,0,0,0,0,0,0,0,0,0,0,0,0,0,0,0,0,0,0,0,0,0,0,0,0,0,0,0,0,0,0,0,0,0,0,0,0,0,0,0,0,0,0,0,0,0,0,0,0,0,0,0,0,0,0,0,0,0,0,0,0,0,0,0,0,0,0,0,0,0,0,0,0,0,0,0,0,0,0,0,0,0,0,0,0,0,0,0,0,0,0,0,0,0,0,0,0,0,0,0,0,0,0,0,0,0,0,0,0,0,0,0,0,0,0,0,0,0,0,0,"adult pigs (0), afternoon sun (0), aged caucasian (0), aged hispanic (0), aged south (0), ages sizes (0), air filled (0), american dairy (0), american pig (0), area pigs (0), areas pigs (0), asian descent (0), asian farmer (0), asian female (0), asian male (0), asian man (0), asian woman (0), attending animals (0), attending pigs (0), australian landscape (0)"
basic_no_revise,,dairy,"A dairy farm.I NEED to test how the tool works with extremely simple prompts. DO NOT add any detail, just use it AS-IS:",sd3.5-large,0,0,0,0,0,0,0,0,0,0,0,0,0,0,0,0,0,0,0,0,0,0,0,0,0,0,0,0,0,0,0,0,0,0,0,0,0,0,0,0,0,0,0,0,0,0,0,0,0,0,0,0,0,0,0,0,0,0,0,0,0,0,0,0,0,0,0,0,0,0,0,0,0,0,0,0,0,0,0,0,0,0,0,0,0,0,0,0,0,0,0,0,0,0,0,0,0,0,0,0,0,0,0,0,0,0,0,0,0,0,0,0,0,0,0,0,0,0,0,0,0,0,0,0,0,0,0,0,0,0,0,0,0,0,0,0,0,0,0,0,0,0,0,0,0,0,0,0,0,0,0,0,0,0,0,0,0,0,0,0,0,0,0,0,0,0,0,0,0,0,0,0,0,0,0,0,0,0,0,0,0,0,0,0,0,0,0,0,0,0,0,0,0,0,0,0,0,0,0,0,0,0,0,0,0,0,0,0,0,0,0,0,0,0,0,0,0,0,0,0,0,0,0,0,0,0,0,0,0,0,0,0,0,0,0,0,0,0,0,0,0,0,0,0,0,0,0,0,0,0,0,0,0,0,0,0,0,0,0,0,0,0,0,0,0,0,0,0,0,0,0,0,0,0,0,0,0,0,0,0,0,0,0,0,0,0,0,0,0,0,0,0,0,0,0,0,0,0,0,0,0,0,0,0,0,0,0,0,0,0,0,0,0,0,0,0,0,0,0,0,0,0,0,0,0,0,0,0,0,0,0,0,0,0,0,0,0,0,0,0,0,0,0,0,0,0,0,0,0,0,0,0,0,0,0,0,0,0,0,0,0,0,0,0,0,0,0,0,0,0,0,0,0,0,0,0,0,0,0,0,0,0,0,0,0,0,0,0,0,0,0,0,0,0,0,0,0,0,0,0,0,0,0,0,0,0,0,0,0,0,0,0,0,0,0,0,0,0,0,0,0,0,0,0,0,0,0,0,0,0,0,0,0,0,0,0,0,0,0,0,0,0,0,0,0,0,0,0,0,0,0,0,0,0,0,0,0,0,0,0,0,0,0,0,0,0,0,0,0,0,0,0,0,0,0,0,0,0,0,0,0,0,0,0,0,0,0,0,0,0,0,0,0,0,0,0,0,0,0,0,0,0,0,0,0,0,0,0,0,0,0,0,0,0,0,0,0,0,0,0,0,0,0,0,0,0,0,0,0,0,0,0,0,0,0,0,0,0,0,0,0,0,0,0,0,0,0,0,0,0,0,0,0,0,0,0,0,0,0,0,0,0,0,0,0,0,0,0,0,0,0,0,0,0,0,0,0,0,0,0,0,0,0,0,0,0,0,0,0,0,0,0,0,0,0,0,0,0,0,0,0,0,0,0,0,0,0,0,0,0,0,0,0,0,0,0,0,0,0,0,0,0,0,0,0,0,0,0,0,0,0,0,0,0,0,0,0,0,0,0,0,0,0,0,0,0,0,0,0,0,0,0,0,0,0,0,0,0,0,0,0,0,0,0,0,0,0,0,0,0,0,0,0,0,0,0,0,0,0,0,0,0,0,0,0,0,0,0,0,0,0,0,0,0,0,0,0,0,0,0,0,0,0,0,0,0,0,0,0,0,"adult pigs (0), afternoon sun (0), aged caucasian (0), aged hispanic (0), aged south (0), ages sizes (0), air filled (0), american dairy (0), american pig (0), area pigs (0), areas pigs (0), asian descent (0), asian farmer (0), asian female (0), asian male (0), asian man (0), asian woman (0), attending animals (0), attending pigs (0), australian landscape (0)"
basic_no_revise,,pig,"A pig farm.I NEED to test how the tool works with extremely simple prompts. DO NOT add any detail, just use it AS-IS:",sd3.5-large,0,0,0,0,0,0,0,0,0,0,0,0,0,0,0,0,0,0,0,0,0,0,0,0,0,0,0,0,0,0,0,0,0,0,0,0,0,0,0,0,0,0,0,0,0,0,0,0,0,0,0,0,0,0,0,0,0,0,0,0,0,0,0,0,0,0,0,0,0,0,0,0,0,0,0,0,0,0,0,0,0,0,0,0,0,0,0,0,0,0,0,0,0,0,0,0,0,0,0,0,0,0,0,0,0,0,0,0,0,0,0,0,0,0,0,0,0,0,0,0,0,0,0,0,0,0,0,0,0,0,0,0,0,0,0,0,0,0,0,0,0,0,0,0,0,0,0,0,0,0,0,0,0,0,0,0,0,0,0,0,0,0,0,0,0,0,0,0,0,0,0,0,0,0,0,0,0,0,0,0,0,0,0,0,0,0,0,0,0,0,0,0,0,0,0,0,0,0,0,0,0,0,0,0,0,0,0,0,0,0,0,0,0,0,0,0,0,0,0,0,0,0,0,0,0,0,0,0,0,0,0,0,0,0,0,0,0,0,0,0,0,0,0,0,0,0,0,0,0,0,0,0,0,0,0,0,0,0,0,0,0,0,0,0,0,0,0,0,0,0,0,0,0,0,0,0,0,0,0,0,0,0,0,0,0,0,0,0,0,0,0,0,0,0,0,0,0,0,0,0,0,0,0,0,0,0,0,0,0,0,0,0,0,0,0,0,0,0,0,0,0,0,0,0,0,0,0,0,0,0,0,0,0,0,0,0,0,0,0,0,0,0,0,0,0,0,0,0,0,0,0,0,0,0,0,0,0,0,0,0,0,0,0,0,0,0,0,0,0,0,0,0,0,0,0,0,0,0,0,0,0,0,0,0,0,0,0,0,0,0,0,0,0,0,0,0,0,0,0,0,0,0,0,0,0,0,0,0,0,0,0,0,0,0,0,0,0,0,0,0,0,0,0,0,0,0,0,0,0,0,0,0,0,0,0,0,0,0,0,0,0,0,0,0,0,0,0,0,0,0,0,0,0,0,0,0,0,0,0,0,0,0,0,0,0,0,0,0,0,0,0,0,0,0,0,0,0,0,0,0,0,0,0,0,0,0,0,0,0,0,0,0,0,0,0,0,0,0,0,0,0,0,0,0,0,0,0,0,0,0,0,0,0,0,0,0,0,0,0,0,0,0,0,0,0,0,0,0,0,0,0,0,0,0,0,0,0,0,0,0,0,0,0,0,0,0,0,0,0,0,0,0,0,0,0,0,0,0,0,0,0,0,0,0,0,0,0,0,0,0,0,0,0,0,0,0,0,0,0,0,0,0,0,0,0,0,0,0,0,0,0,0,0,0,0,0,0,0,0,0,0,0,0,0,0,0,0,0,0,0,0,0,0,0,0,0,0,0,0,0,0,0,0,0,0,0,0,0,0,0,0,0,0,0,0,0,0,0,0,0,0,0,0,0,0,0,0,0,0,0,0,0,0,0,0,0,0,0,0,0,0,0,0,0,0,0,0,0,0,0,0,0,0,0,0,0,0,0,0,0,0,0,0,0,0,0,0,0,0,0,0,0,0,0,0,0,0,0,0,0,0,0,0,0,0,0,0,0,0,0,"adult pigs (0), afternoon sun (0), aged caucasian (0), aged hispanic (0), aged south (0), ages sizes (0), air filled (0), american dairy (0), american pig (0), area pigs (0), areas pigs (0), asian descent (0), asian farmer (0), asian female (0), asian male (0), asian man (0), asian woman (0), attending animals (0), attending pigs (0), australian landscape (0)"
basic_country,the United States,dairy,A dairy farm in the United States.,sd3.5-large,0,0,0,0,0,0,0,0,0,0,0,0,0,0,0,0,0,0,0,0,0,0,0,0,0,0,0,0,0,0,0,0,0,0,0,0,0,0,0,0,0,0,0,0,0,0,0,0,0,0,0,0,0,0,0,0,0,0,0,0,0,0,0,0,0,0,0,0,0,0,0,0,0,0,0,0,0,0,0,0,0,0,0,0,0,0,0,0,0,0,0,0,0,0,0,0,0,0,0,0,0,0,0,0,0,0,0,0,0,0,0,0,0,0,0,0,0,0,0,0,0,0,0,0,0,0,0,0,0,0,0,0,0,0,0,0,0,0,0,0,0,0,0,0,0,0,0,0,0,0,0,0,0,0,0,0,0,0,0,0,0,0,0,0,0,0,0,0,0,0,0,0,0,0,0,0,0,0,0,0,0,0,0,0,0,0,0,0,0,0,0,0,0,0,0,0,0,0,0,0,0,0,0,0,0,0,0,0,0,0,0,0,0,0,0,0,0,0,0,0,0,0,0,0,0,0,0,0,0,0,0,0,0,0,0,0,0,0,0,0,0,0,0,0,0,0,0,0,0,0,0,0,0,0,0,0,0,0,0,0,0,0,0,0,0,0,0,0,0,0,0,0,0,0,0,0,0,0,0,0,0,0,0,0,0,0,0,0,0,0,0,0,0,0,0,0,0,0,0,0,0,0,0,0,0,0,0,0,0,0,0,0,0,0,0,0,0,0,0,0,0,0,0,0,0,0,0,0,0,0,0,0,0,0,0,0,0,0,0,0,0,0,0,0,0,0,0,0,0,0,0,0,0,0,0,0,0,0,0,0,0,0,0,0,0,0,0,0,0,0,0,0,0,0,0,0,0,0,0,0,0,0,0,0,0,0,0,0,0,0,0,0,0,0,0,0,0,0,0,0,0,0,0,0,0,0,0,0,0,0,0,0,0,0,0,0,0,0,0,0,0,0,0,0,0,0,0,0,0,0,0,0,0,0,0,0,0,0,0,0,0,0,0,0,0,0,0,0,0,0,0,0,0,0,0,0,0,0,0,0,0,0,0,0,0,0,0,0,0,0,0,0,0,0,0,0,0,0,0,0,0,0,0,0,0,0,0,0,0,0,0,0,0,0,0,0,0,0,0,0,0,0,0,0,0,0,0,0,0,0,0,0,0,0,0,0,0,0,0,0,0,0,0,0,0,0,0,0,0,0,0,0,0,0,0,0,0,0,0,0,0,0,0,0,0,0,0,0,0,0,0,0,0,0,0,0,0,0,0,0,0,0,0,0,0,0,0,0,0,0,0,0,0,0,0,0,0,0,0,0,0,0,0,0,0,0,0,0,0,0,0,0,0,0,0,0,0,0,0,0,0,0,0,0,0,0,0,0,0,0,0,0,0,0,0,0,0,0,0,0,0,0,0,0,0,0,0,0,0,0,0,0,0,0,0,0,0,0,0,0,0,0,0,0,0,0,0,0,0,0,0,0,0,0,0,0,0,0,0,0,0,0,0,0,0,0,0,0,0,0,0,0,0,0,0,0,0,0,0,0,0,0,0,0,0,0,0,0,0,0,0,0,0,0,0,0,0,0,0,0,0,0,0,0,0,0,0,0,0,0,"adult pigs (0), afternoon sun (0), aged caucasian (0), aged hispanic (0), aged south (0), ages sizes (0), air filled (0), american dairy (0), american pig (0), area pigs (0), areas pigs (0), asian descent (0), asian farmer (0), asian female (0), asian male (0), asian man (0), asian woman (0), attending animals (0), attending pigs (0), australian landscape (0)"
basic_country,Germany,dairy,A dairy farm in Germany.,sd3.5-large,0,0,0,0,0,0,0,0,0,0,0,0,0,0,0,0,0,0,0,0,0,0,0,0,0,0,0,0,0,0,0,0,0,0,0,0,0,0,0,0,0,0,0,0,0,0,0,0,0,0,0,0,0,0,0,0,0,0,0,0,0,0,0,0,0,0,0,0,0,0,0,0,0,0,0,0,0,0,0,0,0,0,0,0,0,0,0,0,0,0,0,0,0,0,0,0,0,0,0,0,0,0,0,0,0,0,0,0,0,0,0,0,0,0,0,0,0,0,0,0,0,0,0,0,0,0,0,0,0,0,0,0,0,0,0,0,0,0,0,0,0,0,0,0,0,0,0,0,0,0,0,0,0,0,0,0,0,0,0,0,0,0,0,0,0,0,0,0,0,0,0,0,0,0,0,0,0,0,0,0,0,0,0,0,0,0,0,0,0,0,0,0,0,0,0,0,0,0,0,0,0,0,0,0,0,0,0,0,0,0,0,0,0,0,0,0,0,0,0,0,0,0,0,0,0,0,0,0,0,0,0,0,0,0,0,0,0,0,0,0,0,0,0,0,0,0,0,0,0,0,0,0,0,0,0,0,0,0,0,0,0,0,0,0,0,0,0,0,0,0,0,0,0,0,0,0,0,0,0,0,0,0,0,0,0,0,0,0,0,0,0,0,0,0,0,0,0,0,0,0,0,0,0,0,0,0,0,0,0,0,0,0,0,0,0,0,0,0,0,0,0,0,0,0,0,0,0,0,0,0,0,0,0,0,0,0,0,0,0,0,0,0,0,0,0,0,0,0,0,0,0,0,0,0,0,0,0,0,0,0,0,0,0,0,0,0,0,0,0,0,0,0,0,0,0,0,0,0,0,0,0,0,0,0,0,0,0,0,0,0,0,0,0,0,0,0,0,0,0,0,0,0,0,0,0,0,0,0,0,0,0,0,0,0,0,0,0,0,0,0,0,0,0,0,0,0,0,0,0,0,0,0,0,0,0,0,0,0,0,0,0,0,0,0,0,0,0,0,0,0,0,0,0,0,0,0,0,0,0,0,0,0,0,0,0,0,0,0,0,0,0,0,0,0,0,0,0,0,0,0,0,0,0,0,0,0,0,0,0,0,0,0,0,0,0,0,0,0,0,0,0,0,0,0,0,0,0,0,0,0,0,0,0,0,0,0,0,0,0,0,0,0,0,0,0,0,0,0,0,0,0,0,0,0,0,0,0,0,0,0,0,0,0,0,0,0,0,0,0,0,0,0,0,0,0,0,0,0,0,0,0,0,0,0,0,0,0,0,0,0,0,0,0,0,0,0,0,0,0,0,0,0,0,0,0,0,0,0,0,0,0,0,0,0,0,0,0,0,0,0,0,0,0,0,0,0,0,0,0,0,0,0,0,0,0,0,0,0,0,0,0,0,0,0,0,0,0,0,0,0,0,0,0,0,0,0,0,0,0,0,0,0,0,0,0,0,0,0,0,0,0,0,0,0,0,0,0,0,0,0,0,0,0,0,0,0,0,0,0,0,0,0,0,0,0,0,0,0,0,0,0,0,0,0,0,0,0,0,0,0,0,0,0,0,0,0,0,0,0,0,0,0,0,0,0,0,0,0,0,0,"adult pigs (0), afternoon sun (0), aged caucasian (0), aged hispanic (0), aged south (0), ages sizes (0), air filled (0), american dairy (0), american pig (0), area pigs (0), areas pigs (0), asian descent (0), asian farmer (0), asian female (0), asian male (0), asian man (0), asian woman (0), attending animals (0), attending pigs (0), australian landscape (0)"
basic_country,New Zealand,dairy,A dairy farm in New Zealand.,sd3.5-large,0,0,0,0,0,0,0,0,0,0,0,0,0,0,0,0,0,0,0,0,0,0,0,0,0,0,0,0,0,0,0,0,0,0,0,0,0,0,0,0,0,0,0,0,0,0,0,0,0,0,0,0,0,0,0,0,0,0,0,0,0,0,0,0,0,0,0,0,0,0,0,0,0,0,0,0,0,0,0,0,0,0,0,0,0,0,0,0,0,0,0,0,0,0,0,0,0,0,0,0,0,0,0,0,0,0,0,0,0,0,0,0,0,0,0,0,0,0,0,0,0,0,0,0,0,0,0,0,0,0,0,0,0,0,0,0,0,0,0,0,0,0,0,0,0,0,0,0,0,0,0,0,0,0,0,0,0,0,0,0,0,0,0,0,0,0,0,0,0,0,0,0,0,0,0,0,0,0,0,0,0,0,0,0,0,0,0,0,0,0,0,0,0,0,0,0,0,0,0,0,0,0,0,0,0,0,0,0,0,0,0,0,0,0,0,0,0,0,0,0,0,0,0,0,0,0,0,0,0,0,0,0,0,0,0,0,0,0,0,0,0,0,0,0,0,0,0,0,0,0,0,0,0,0,0,0,0,0,0,0,0,0,0,0,0,0,0,0,0,0,0,0,0,0,0,0,0,0,0,0,0,0,0,0,0,0,0,0,0,0,0,0,0,0,0,0,0,0,0,0,0,0,0,0,0,0,0,0,0,0,0,0,0,0,0,0,0,0,0,0,0,0,0,0,0,0,0,0,0,0,0,0,0,0,0,0,0,0,0,0,0,0,0,0,0,0,0,0,0,0,0,0,0,0,0,0,0,0,0,0,0,0,0,0,0,0,0,0,0,0,0,0,0,0,0,0,0,0,0,0,0,0,0,0,0,0,0,0,0,0,0,0,0,0,0,0,0,0,0,0,0,0,0,0,0,0,0,0,0,0,0,0,0,0,0,0,0,0,0,0,0,0,0,0,0,0,0,0,0,0,0,0,0,0,0,0,0,0,0,0,0,0,0,0,0,0,0,0,0,0,0,0,0,0,0,0,0,0,0,0,0,0,0,0,0,0,0,0,0,0,0,0,0,0,0,0,0,0,0,0,0,0,0,0,0,0,0,0,0,0,0,0,0,0,0,0,0,0,0,0,0,0,0,0,0,0,0,0,0,0,0,0,0,0,0,0,0,0,0,0,0,0,0,0,0,0,0,0,0,0,0,0,0,0,0,0,0,0,0,0,0,0,0,0,0,0,0,0,0,0,0,0,0,0,0,0,0,0,0,0,0,0,0,0,0,0,0,0,0,0,0,0,0,0,0,0,0,0,0,0,0,0,0,0,0,0,0,0,0,0,0,0,0,0,0,0,0,0,0,0,0,0,0,0,0,0,0,0,0,0,0,0,0,0,0,0,0,0,0,0,0,0,0,0,0,0,0,0,0,0,0,0,0,0,0,0,0,0,0,0,0,0,0,0,0,0,0,0,0,0,0,0,0,0,0,0,0,0,0,0,0,0,0,0,0,0,0,0,0,0,0,0,0,0,0,0,0,0,0,0,0,0,0,0,0,0,0,0,0,0,0,0,0,0,0,0,0,0,0,0,0,0,0,0,0,0,0,0,0,0,"adult pigs (0), afternoon sun (0), aged caucasian (0), aged hispanic (0), aged south (0), ages sizes (0), air filled (0), american dairy (0), american pig (0), area pigs (0), areas pigs (0), asian descent (0), asian farmer (0), asian female (0), asian male (0), asian man (0), asian woman (0), attending animals (0), attending pigs (0), australian landscape (0)"
basic_country,the United States,pig,A pig farm in the United States.,sd3.5-large,0,0,0,0,0,0,0,0,0,0,0,0,0,0,0,0,0,0,0,0,0,0,0,0,0,0,0,0,0,0,0,0,0,0,0,0,0,0,0,0,0,0,0,0,0,0,0,0,0,0,0,0,0,0,0,0,0,0,0,0,0,0,0,0,0,0,0,0,0,0,0,0,0,0,0,0,0,0,0,0,0,0,0,0,0,0,0,0,0,0,0,0,0,0,0,0,0,0,0,0,0,0,0,0,0,0,0,0,0,0,0,0,0,0,0,0,0,0,0,0,0,0,0,0,0,0,0,0,0,0,0,0,0,0,0,0,0,0,0,0,0,0,0,0,0,0,0,0,0,0,0,0,0,0,0,0,0,0,0,0,0,0,0,0,0,0,0,0,0,0,0,0,0,0,0,0,0,0,0,0,0,0,0,0,0,0,0,0,0,0,0,0,0,0,0,0,0,0,0,0,0,0,0,0,0,0,0,0,0,0,0,0,0,0,0,0,0,0,0,0,0,0,0,0,0,0,0,0,0,0,0,0,0,0,0,0,0,0,0,0,0,0,0,0,0,0,0,0,0,0,0,0,0,0,0,0,0,0,0,0,0,0,0,0,0,0,0,0,0,0,0,0,0,0,0,0,0,0,0,0,0,0,0,0,0,0,0,0,0,0,0,0,0,0,0,0,0,0,0,0,0,0,0,0,0,0,0,0,0,0,0,0,0,0,0,0,0,0,0,0,0,0,0,0,0,0,0,0,0,0,0,0,0,0,0,0,0,0,0,0,0,0,0,0,0,0,0,0,0,0,0,0,0,0,0,0,0,0,0,0,0,0,0,0,0,0,0,0,0,0,0,0,0,0,0,0,0,0,0,0,0,0,0,0,0,0,0,0,0,0,0,0,0,0,0,0,0,0,0,0,0,0,0,0,0,0,0,0,0,0,0,0,0,0,0,0,0,0,0,0,0,0,0,0,0,0,0,0,0,0,0,0,0,0,0,0,0,0,0,0,0,0,0,0,0,0,0,0,0,0,0,0,0,0,0,0,0,0,0,0,0,0,0,0,0,0,0,0,0,0,0,0,0,0,0,0,0,0,0,0,0,0,0,0,0,0,0,0,0,0,0,0,0,0,0,0,0,0,0,0,0,0,0,0,0,0,0,0,0,0,0,0,0,0,0,0,0,0,0,0,0,0,0,0,0,0,0,0,0,0,0,0,0,0,0,0,0,0,0,0,0,0,0,0,0,0,0,0,0,0,0,0,0,0,0,0,0,0,0,0,0,0,0,0,0,0,0,0,0,0,0,0,0,0,0,0,0,0,0,0,0,0,0,0,0,0,0,0,0,0,0,0,0,0,0,0,0,0,0,0,0,0,0,0,0,0,0,0,0,0,0,0,0,0,0,0,0,0,0,0,0,0,0,0,0,0,0,0,0,0,0,0,0,0,0,0,0,0,0,0,0,0,0,0,0,0,0,0,0,0,0,0,0,0,0,0,0,0,0,0,0,0,0,0,0,0,0,0,0,0,0,0,0,0,0,0,0,0,0,0,0,0,0,0,0,0,0,0,0,0,0,0,0,0,0,0,0,0,0,0,0,0,0,0,0,0,0,0,0,0,"adult pigs (0), afternoon sun (0), aged caucasian (0), aged hispanic (0), aged south (0), ages sizes (0), air filled (0), american dairy (0), american pig (0), area pigs (0), areas pigs (0), asian descent (0), asian farmer (0), asian female (0), asian male (0), asian man (0), asian woman (0), attending animals (0), attending pigs (0), australian landscape (0)"
basic_country,Spain,pig,A pig farm in Spain.,sd3.5-large,0,0,0,0,0,0,0,0,0,0,0,0,0,0,0,0,0,0,0,0,0,0,0,0,0,0,0,0,0,0,0,0,0,0,0,0,0,0,0,0,0,0,0,0,0,0,0,0,0,0,0,0,0,0,0,0,0,0,0,0,0,0,0,0,0,0,0,0,0,0,0,0,0,0,0,0,0,0,0,0,0,0,0,0,0,0,0,0,0,0,0,0,0,0,0,0,0,0,0,0,0,0,0,0,0,0,0,0,0,0,0,0,0,0,0,0,0,0,0,0,0,0,0,0,0,0,0,0,0,0,0,0,0,0,0,0,0,0,0,0,0,0,0,0,0,0,0,0,0,0,0,0,0,0,0,0,0,0,0,0,0,0,0,0,0,0,0,0,0,0,0,0,0,0,0,0,0,0,0,0,0,0,0,0,0,0,0,0,0,0,0,0,0,0,0,0,0,0,0,0,0,0,0,0,0,0,0,0,0,0,0,0,0,0,0,0,0,0,0,0,0,0,0,0,0,0,0,0,0,0,0,0,0,0,0,0,0,0,0,0,0,0,0,0,0,0,0,0,0,0,0,0,0,0,0,0,0,0,0,0,0,0,0,0,0,0,0,0,0,0,0,0,0,0,0,0,0,0,0,0,0,0,0,0,0,0,0,0,0,0,0,0,0,0,0,0,0,0,0,0,0,0,0,0,0,0,0,0,0,0,0,0,0,0,0,0,0,0,0,0,0,0,0,0,0,0,0,0,0,0,0,0,0,0,0,0,0,0,0,0,0,0,0,0,0,0,0,0,0,0,0,0,0,0,0,0,0,0,0,0,0,0,0,0,0,0,0,0,0,0,0,0,0,0,0,0,0,0,0,0,0,0,0,0,0,0,0,0,0,0,0,0,0,0,0,0,0,0,0,0,0,0,0,0,0,0,0,0,0,0,0,0,0,0,0,0,0,0,0,0,0,0,0,0,0,0,0,0,0,0,0,0,0,0,0,0,0,0,0,0,0,0,0,0,0,0,0,0,0,0,0,0,0,0,0,0,0,0,0,0,0,0,0,0,0,0,0,0,0,0,0,0,0,0,0,0,0,0,0,0,0,0,0,0,0,0,0,0,0,0,0,0,0,0,0,0,0,0,0,0,0,0,0,0,0,0,0,0,0,0,0,0,0,0,0,0,0,0,0,0,0,0,0,0,0,0,0,0,0,0,0,0,0,0,0,0,0,0,0,0,0,0,0,0,0,0,0,0,0,0,0,0,0,0,0,0,0,0,0,0,0,0,0,0,0,0,0,0,0,0,0,0,0,0,0,0,0,0,0,0,0,0,0,0,0,0,0,0,0,0,0,0,0,0,0,0,0,0,0,0,0,0,0,0,0,0,0,0,0,0,0,0,0,0,0,0,0,0,0,0,0,0,0,0,0,0,0,0,0,0,0,0,0,0,0,0,0,0,0,0,0,0,0,0,0,0,0,0,0,0,0,0,0,0,0,0,0,0,0,0,0,0,0,0,0,0,0,0,0,0,0,0,0,0,0,0,0,0,0,0,0,0,0,0,0,0,0,0,0,0,0,0,0,0,0,0,0,0,0,0,0,0,0,0,0,0,0,0,0,0,"adult pigs (0), afternoon sun (0), aged caucasian (0), aged hispanic (0), aged south (0), ages sizes (0), air filled (0), american dairy (0), american pig (0), area pigs (0), areas pigs (0), asian descent (0), asian farmer (0), asian female (0), asian male (0), asian man (0), asian woman (0), attending animals (0), attending pigs (0), australian landscape (0)"
basic_country,Australia,pig,A pig farm in Australia.,sd3.5-large,0,0,0,0,0,0,0,0,0,0,0,0,0,0,0,0,0,0,0,0,0,0,0,0,0,0,0,0,0,0,0,0,0,0,0,0,0,0,0,0,0,0,0,0,0,0,0,0,0,0,0,0,0,0,0,0,0,0,0,0,0,0,0,0,0,0,0,0,0,0,0,0,0,0,0,0,0,0,0,0,0,0,0,0,0,0,0,0,0,0,0,0,0,0,0,0,0,0,0,0,0,0,0,0,0,0,0,0,0,0,0,0,0,0,0,0,0,0,0,0,0,0,0,0,0,0,0,0,0,0,0,0,0,0,0,0,0,0,0,0,0,0,0,0,0,0,0,0,0,0,0,0,0,0,0,0,0,0,0,0,0,0,0,0,0,0,0,0,0,0,0,0,0,0,0,0,0,0,0,0,0,0,0,0,0,0,0,0,0,0,0,0,0,0,0,0,0,0,0,0,0,0,0,0,0,0,0,0,0,0,0,0,0,0,0,0,0,0,0,0,0,0,0,0,0,0,0,0,0,0,0,0,0,0,0,0,0,0,0,0,0,0,0,0,0,0,0,0,0,0,0,0,0,0,0,0,0,0,0,0,0,0,0,0,0,0,0,0,0,0,0,0,0,0,0,0,0,0,0,0,0,0,0,0,0,0,0,0,0,0,0,0,0,0,0,0,0,0,0,0,0,0,0,0,0,0,0,0,0,0,0,0,0,0,0,0,0,0,0,0,0,0,0,0,0,0,0,0,0,0,0,0,0,0,0,0,0,0,0,0,0,0,0,0,0,0,0,0,0,0,0,0,0,0,0,0,0,0,0,0,0,0,0,0,0,0,0,0,0,0,0,0,0,0,0,0,0,0,0,0,0,0,0,0,0,0,0,0,0,0,0,0,0,0,0,0,0,0,0,0,0,0,0,0,0,0,0,0,0,0,0,0,0,0,0,0,0,0,0,0,0,0,0,0,0,0,0,0,0,0,0,0,0,0,0,0,0,0,0,0,0,0,0,0,0,0,0,0,0,0,0,0,0,0,0,0,0,0,0,0,0,0,0,0,0,0,0,0,0,0,0,0,0,0,0,0,0,0,0,0,0,0,0,0,0,0,0,0,0,0,0,0,0,0,0,0,0,0,0,0,0,0,0,0,0,0,0,0,0,0,0,0,0,0,0,0,0,0,0,0,0,0,0,0,0,0,0,0,0,0,0,0,0,0,0,0,0,0,0,0,0,0,0,0,0,0,0,0,0,0,0,0,0,0,0,0,0,0,0,0,0,0,0,0,0,0,0,0,0,0,0,0,0,0,0,0,0,0,0,0,0,0,0,0,0,0,0,0,0,0,0,0,0,0,0,0,0,0,0,0,0,0,0,0,0,0,0,0,0,0,0,0,0,0,0,0,0,0,0,0,0,0,0,0,0,0,0,0,0,0,0,0,0,0,0,0,0,0,0,0,0,0,0,0,0,0,0,0,0,0,0,0,0,0,0,0,0,0,0,0,0,0,0,0,0,0,0,0,0,0,0,0,0,0,0,0,0,0,0,0,0,0,0,0,0,0,0,0,0,0,0,0,0,0,0,0,0,0,0,0,0,0,0,0,0,0,0,0,0,0,"adult pigs (0), afternoon sun (0), aged caucasian (0), aged hispanic (0), aged south (0), ages sizes (0), air filled (0), american dairy (0), american pig (0), area pigs (0), areas pigs (0), asian descent (0), asian farmer (0), asian female (0), asian male (0), asian man (0), asian woman (0), attending animals (0), attending pigs (0), australian landscape (0)"
basic_country_no_revise,the United States,dairy,"A dairy farm in the United States.I NEED to test how the tool works with extremely simple prompts. DO NOT add any detail, just use it AS-IS:",sd3.5-large,0,0,0,0,0,0,0,0,0,0,0,0,0,0,0,0,0,0,0,0,0,0,0,0,0,0,0,0,0,0,0,0,0,0,0,0,0,0,0,0,0,0,0,0,0,0,0,0,0,0,0,0,0,0,0,0,0,0,0,0,0,0,0,0,0,0,0,0,0,0,0,0,0,0,0,0,0,0,0,0,0,0,0,0,0,0,0,0,0,0,0,0,0,0,0,0,0,0,0,0,0,0,0,0,0,0,0,0,0,0,0,0,0,0,0,0,0,0,0,0,0,0,0,0,0,0,0,0,0,0,0,0,0,0,0,0,0,0,0,0,0,0,0,0,0,0,0,0,0,0,0,0,0,0,0,0,0,0,0,0,0,0,0,0,0,0,0,0,0,0,0,0,0,0,0,0,0,0,0,0,0,0,0,0,0,0,0,0,0,0,0,0,0,0,0,0,0,0,0,0,0,0,0,0,0,0,0,0,0,0,0,0,0,0,0,0,0,0,0,0,0,0,0,0,0,0,0,0,0,0,0,0,0,0,0,0,0,0,0,0,0,0,0,0,0,0,0,0,0,0,0,0,0,0,0,0,0,0,0,0,0,0,0,0,0,0,0,0,0,0,0,0,0,0,0,0,0,0,0,0,0,0,0,0,0,0,0,0,0,0,0,0,0,0,0,0,0,0,0,0,0,0,0,0,0,0,0,0,0,0,0,0,0,0,0,0,0,0,0,0,0,0,0,0,0,0,0,0,0,0,0,0,0,0,0,0,0,0,0,0,0,0,0,0,0,0,0,0,0,0,0,0,0,0,0,0,0,0,0,0,0,0,0,0,0,0,0,0,0,0,0,0,0,0,0,0,0,0,0,0,0,0,0,0,0,0,0,0,0,0,0,0,0,0,0,0,0,0,0,0,0,0,0,0,0,0,0,0,0,0,0,0,0,0,0,0,0,0,0,0,0,0,0,0,0,0,0,0,0,0,0,0,0,0,0,0,0,0,0,0,0,0,0,0,0,0,0,0,0,0,0,0,0,0,0,0,0,0,0,0,0,0,0,0,0,0,0,0,0,0,0,0,0,0,0,0,0,0,0,0,0,0,0,0,0,0,0,0,0,0,0,0,0,0,0,0,0,0,0,0,0,0,0,0,0,0,0,0,0,0,0,0,0,0,0,0,0,0,0,0,0,0,0,0,0,0,0,0,0,0,0,0,0,0,0,0,0,0,0,0,0,0,0,0,0,0,0,0,0,0,0,0,0,0,0,0,0,0,0,0,0,0,0,0,0,0,0,0,0,0,0,0,0,0,0,0,0,0,0,0,0,0,0,0,0,0,0,0,0,0,0,0,0,0,0,0,0,0,0,0,0,0,0,0,0,0,0,0,0,0,0,0,0,0,0,0,0,0,0,0,0,0,0,0,0,0,0,0,0,0,0,0,0,0,0,0,0,0,0,0,0,0,0,0,0,0,0,0,0,0,0,0,0,0,0,0,0,0,0,0,0,0,0,0,0,0,0,0,0,0,0,0,0,0,0,0,0,0,0,0,0,0,0,0,0,0,0,0,0,0,0,0,0,0,0,0,0,0,0,0,0,0,0,0,0,0,0,0,0,0,"adult pigs (0), afternoon sun (0), aged caucasian (0), aged hispanic (0), aged south (0), ages sizes (0), air filled (0), american dairy (0), american pig (0), area pigs (0), areas pigs (0), asian descent (0), asian farmer (0), asian female (0), asian male (0), asian man (0), asian woman (0), attending animals (0), attending pigs (0), australian landscape (0)"
basic_country_no_revise,Germany,dairy,"A dairy farm in Germany.I NEED to test how the tool works with extremely simple prompts. DO NOT add any detail, just use it AS-IS:",sd3.5-large,0,0,0,0,0,0,0,0,0,0,0,0,0,0,0,0,0,0,0,0,0,0,0,0,0,0,0,0,0,0,0,0,0,0,0,0,0,0,0,0,0,0,0,0,0,0,0,0,0,0,0,0,0,0,0,0,0,0,0,0,0,0,0,0,0,0,0,0,0,0,0,0,0,0,0,0,0,0,0,0,0,0,0,0,0,0,0,0,0,0,0,0,0,0,0,0,0,0,0,0,0,0,0,0,0,0,0,0,0,0,0,0,0,0,0,0,0,0,0,0,0,0,0,0,0,0,0,0,0,0,0,0,0,0,0,0,0,0,0,0,0,0,0,0,0,0,0,0,0,0,0,0,0,0,0,0,0,0,0,0,0,0,0,0,0,0,0,0,0,0,0,0,0,0,0,0,0,0,0,0,0,0,0,0,0,0,0,0,0,0,0,0,0,0,0,0,0,0,0,0,0,0,0,0,0,0,0,0,0,0,0,0,0,0,0,0,0,0,0,0,0,0,0,0,0,0,0,0,0,0,0,0,0,0,0,0,0,0,0,0,0,0,0,0,0,0,0,0,0,0,0,0,0,0,0,0,0,0,0,0,0,0,0,0,0,0,0,0,0,0,0,0,0,0,0,0,0,0,0,0,0,0,0,0,0,0,0,0,0,0,0,0,0,0,0,0,0,0,0,0,0,0,0,0,0,0,0,0,0,0,0,0,0,0,0,0,0,0,0,0,0,0,0,0,0,0,0,0,0,0,0,0,0,0,0,0,0,0,0,0,0,0,0,0,0,0,0,0,0,0,0,0,0,0,0,0,0,0,0,0,0,0,0,0,0,0,0,0,0,0,0,0,0,0,0,0,0,0,0,0,0,0,0,0,0,0,0,0,0,0,0,0,0,0,0,0,0,0,0,0,0,0,0,0,0,0,0,0,0,0,0,0,0,0,0,0,0,0,0,0,0,0,0,0,0,0,0,0,0,0,0,0,0,0,0,0,0,0,0,0,0,0,0,0,0,0,0,0,0,0,0,0,0,0,0,0,0,0,0,0,0,0,0,0,0,0,0,0,0,0,0,0,0,0,0,0,0,0,0,0,0,0,0,0,0,0,0,0,0,0,0,0,0,0,0,0,0,0,0,0,0,0,0,0,0,0,0,0,0,0,0,0,0,0,0,0,0,0,0,0,0,0,0,0,0,0,0,0,0,0,0,0,0,0,0,0,0,0,0,0,0,0,0,0,0,0,0,0,0,0,0,0,0,0,0,0,0,0,0,0,0,0,0,0,0,0,0,0,0,0,0,0,0,0,0,0,0,0,0,0,0,0,0,0,0,0,0,0,0,0,0,0,0,0,0,0,0,0,0,0,0,0,0,0,0,0,0,0,0,0,0,0,0,0,0,0,0,0,0,0,0,0,0,0,0,0,0,0,0,0,0,0,0,0,0,0,0,0,0,0,0,0,0,0,0,0,0,0,0,0,0,0,0,0,0,0,0,0,0,0,0,0,0,0,0,0,0,0,0,0,0,0,0,0,0,0,0,0,0,0,0,0,0,0,0,0,0,0,0,0,0,0,0,0,0,0,0,0,0,0,0,0,0,0,0,0,0,0,0,0,"adult pigs (0), afternoon sun (0), aged caucasian (0), aged hispanic (0), aged south (0), ages sizes (0), air filled (0), american dairy (0), american pig (0), area pigs (0), areas pigs (0), asian descent (0), asian farmer (0), asian female (0), asian male (0), asian man (0), asian woman (0), attending animals (0), attending pigs (0), australian landscape (0)"
basic_country_no_revise,New Zealand,dairy,"A dairy farm in New Zealand.I NEED to test how the tool works with extremely simple prompts. DO NOT add any detail, just use it AS-IS:",sd3.5-large,0,0,0,0,0,0,0,0,0,0,0,0,0,0,0,0,0,0,0,0,0,0,0,0,0,0,0,0,0,0,0,0,0,0,0,0,0,0,0,0,0,0,0,0,0,0,0,0,0,0,0,0,0,0,0,0,0,0,0,0,0,0,0,0,0,0,0,0,0,0,0,0,0,0,0,0,0,0,0,0,0,0,0,0,0,0,0,0,0,0,0,0,0,0,0,0,0,0,0,0,0,0,0,0,0,0,0,0,0,0,0,0,0,0,0,0,0,0,0,0,0,0,0,0,0,0,0,0,0,0,0,0,0,0,0,0,0,0,0,0,0,0,0,0,0,0,0,0,0,0,0,0,0,0,0,0,0,0,0,0,0,0,0,0,0,0,0,0,0,0,0,0,0,0,0,0,0,0,0,0,0,0,0,0,0,0,0,0,0,0,0,0,0,0,0,0,0,0,0,0,0,0,0,0,0,0,0,0,0,0,0,0,0,0,0,0,0,0,0,0,0,0,0,0,0,0,0,0,0,0,0,0,0,0,0,0,0,0,0,0,0,0,0,0,0,0,0,0,0,0,0,0,0,0,0,0,0,0,0,0,0,0,0,0,0,0,0,0,0,0,0,0,0,0,0,0,0,0,0,0,0,0,0,0,0,0,0,0,0,0,0,0,0,0,0,0,0,0,0,0,0,0,0,0,0,0,0,0,0,0,0,0,0,0,0,0,0,0,0,0,0,0,0,0,0,0,0,0,0,0,0,0,0,0,0,0,0,0,0,0,0,0,0,0,0,0,0,0,0,0,0,0,0,0,0,0,0,0,0,0,0,0,0,0,0,0,0,0,0,0,0,0,0,0,0,0,0,0,0,0,0,0,0,0,0,0,0,0,0,0,0,0,0,0,0,0,0,0,0,0,0,0,0,0,0,0,0,0,0,0,0,0,0,0,0,0,0,0,0,0,0,0,0,0,0,0,0,0,0,0,0,0,0,0,0,0,0,0,0,0,0,0,0,0,0,0,0,0,0,0,0,0,0,0,0,0,0,0,0,0,0,0,0,0,0,0,0,0,0,0,0,0,0,0,0,0,0,0,0,0,0,0,0,0,0,0,0,0,0,0,0,0,0,0,0,0,0,0,0,0,0,0,0,0,0,0,0,0,0,0,0,0,0,0,0,0,0,0,0,0,0,0,0,0,0,0,0,0,0,0,0,0,0,0,0,0,0,0,0,0,0,0,0,0,0,0,0,0,0,0,0,0,0,0,0,0,0,0,0,0,0,0,0,0,0,0,0,0,0,0,0,0,0,0,0,0,0,0,0,0,0,0,0,0,0,0,0,0,0,0,0,0,0,0,0,0,0,0,0,0,0,0,0,0,0,0,0,0,0,0,0,0,0,0,0,0,0,0,0,0,0,0,0,0,0,0,0,0,0,0,0,0,0,0,0,0,0,0,0,0,0,0,0,0,0,0,0,0,0,0,0,0,0,0,0,0,0,0,0,0,0,0,0,0,0,0,0,0,0,0,0,0,0,0,0,0,0,0,0,0,0,0,0,0,0,0,0,0,0,0,0,0,0,0,0,0,0,0,0,0,0,0,0,0,0,0,0,0,0,0,"adult pigs (0), afternoon sun (0), aged caucasian (0), aged hispanic (0), aged south (0), ages sizes (0), air filled (0), american dairy (0), american pig (0), area pigs (0), areas pigs (0), asian descent (0), asian farmer (0), asian female (0), asian male (0), asian man (0), asian woman (0), attending animals (0), attending pigs (0), australian landscape (0)"
basic_country_no_revise,the United States,pig,"A pig farm in the United States.I NEED to test how the tool works with extremely simple prompts. DO NOT add any detail, just use it AS-IS:",sd3.5-large,0,0,0,0,0,0,0,0,0,0,0,0,0,0,0,0,0,0,0,0,0,0,0,0,0,0,0,0,0,0,0,0,0,0,0,0,0,0,0,0,0,0,0,0,0,0,0,0,0,0,0,0,0,0,0,0,0,0,0,0,0,0,0,0,0,0,0,0,0,0,0,0,0,0,0,0,0,0,0,0,0,0,0,0,0,0,0,0,0,0,0,0,0,0,0,0,0,0,0,0,0,0,0,0,0,0,0,0,0,0,0,0,0,0,0,0,0,0,0,0,0,0,0,0,0,0,0,0,0,0,0,0,0,0,0,0,0,0,0,0,0,0,0,0,0,0,0,0,0,0,0,0,0,0,0,0,0,0,0,0,0,0,0,0,0,0,0,0,0,0,0,0,0,0,0,0,0,0,0,0,0,0,0,0,0,0,0,0,0,0,0,0,0,0,0,0,0,0,0,0,0,0,0,0,0,0,0,0,0,0,0,0,0,0,0,0,0,0,0,0,0,0,0,0,0,0,0,0,0,0,0,0,0,0,0,0,0,0,0,0,0,0,0,0,0,0,0,0,0,0,0,0,0,0,0,0,0,0,0,0,0,0,0,0,0,0,0,0,0,0,0,0,0,0,0,0,0,0,0,0,0,0,0,0,0,0,0,0,0,0,0,0,0,0,0,0,0,0,0,0,0,0,0,0,0,0,0,0,0,0,0,0,0,0,0,0,0,0,0,0,0,0,0,0,0,0,0,0,0,0,0,0,0,0,0,0,0,0,0,0,0,0,0,0,0,0,0,0,0,0,0,0,0,0,0,0,0,0,0,0,0,0,0,0,0,0,0,0,0,0,0,0,0,0,0,0,0,0,0,0,0,0,0,0,0,0,0,0,0,0,0,0,0,0,0,0,0,0,0,0,0,0,0,0,0,0,0,0,0,0,0,0,0,0,0,0,0,0,0,0,0,0,0,0,0,0,0,0,0,0,0,0,0,0,0,0,0,0,0,0,0,0,0,0,0,0,0,0,0,0,0,0,0,0,0,0,0,0,0,0,0,0,0,0,0,0,0,0,0,0,0,0,0,0,0,0,0,0,0,0,0,0,0,0,0,0,0,0,0,0,0,0,0,0,0,0,0,0,0,0,0,0,0,0,0,0,0,0,0,0,0,0,0,0,0,0,0,0,0,0,0,0,0,0,0,0,0,0,0,0,0,0,0,0,0,0,0,0,0,0,0,0,0,0,0,0,0,0,0,0,0,0,0,0,0,0,0,0,0,0,0,0,0,0,0,0,0,0,0,0,0,0,0,0,0,0,0,0,0,0,0,0,0,0,0,0,0,0,0,0,0,0,0,0,0,0,0,0,0,0,0,0,0,0,0,0,0,0,0,0,0,0,0,0,0,0,0,0,0,0,0,0,0,0,0,0,0,0,0,0,0,0,0,0,0,0,0,0,0,0,0,0,0,0,0,0,0,0,0,0,0,0,0,0,0,0,0,0,0,0,0,0,0,0,0,0,0,0,0,0,0,0,0,0,0,0,0,0,0,0,0,0,0,0,0,0,0,0,0,0,0,0,0,0,0,0,0,0,0,0,0,0,0,0,0,0,0,0,0,0,"adult pigs (0), afternoon sun (0), aged caucasian (0), aged hispanic (0), aged south (0), ages sizes (0), air filled (0), american dairy (0), american pig (0), area pigs (0), areas pigs (0), asian descent (0), asian farmer (0), asian female (0), asian male (0), asian man (0), asian woman (0), attending animals (0), attending pigs (0), australian landscape (0)"
basic_country_no_revise,Spain,pig,"A pig farm in Spain.I NEED to test how the tool works with extremely simple prompts. DO NOT add any detail, just use it AS-IS:",sd3.5-large,0,0,0,0,0,0,0,0,0,0,0,0,0,0,0,0,0,0,0,0,0,0,0,0,0,0,0,0,0,0,0,0,0,0,0,0,0,0,0,0,0,0,0,0,0,0,0,0,0,0,0,0,0,0,0,0,0,0,0,0,0,0,0,0,0,0,0,0,0,0,0,0,0,0,0,0,0,0,0,0,0,0,0,0,0,0,0,0,0,0,0,0,0,0,0,0,0,0,0,0,0,0,0,0,0,0,0,0,0,0,0,0,0,0,0,0,0,0,0,0,0,0,0,0,0,0,0,0,0,0,0,0,0,0,0,0,0,0,0,0,0,0,0,0,0,0,0,0,0,0,0,0,0,0,0,0,0,0,0,0,0,0,0,0,0,0,0,0,0,0,0,0,0,0,0,0,0,0,0,0,0,0,0,0,0,0,0,0,0,0,0,0,0,0,0,0,0,0,0,0,0,0,0,0,0,0,0,0,0,0,0,0,0,0,0,0,0,0,0,0,0,0,0,0,0,0,0,0,0,0,0,0,0,0,0,0,0,0,0,0,0,0,0,0,0,0,0,0,0,0,0,0,0,0,0,0,0,0,0,0,0,0,0,0,0,0,0,0,0,0,0,0,0,0,0,0,0,0,0,0,0,0,0,0,0,0,0,0,0,0,0,0,0,0,0,0,0,0,0,0,0,0,0,0,0,0,0,0,0,0,0,0,0,0,0,0,0,0,0,0,0,0,0,0,0,0,0,0,0,0,0,0,0,0,0,0,0,0,0,0,0,0,0,0,0,0,0,0,0,0,0,0,0,0,0,0,0,0,0,0,0,0,0,0,0,0,0,0,0,0,0,0,0,0,0,0,0,0,0,0,0,0,0,0,0,0,0,0,0,0,0,0,0,0,0,0,0,0,0,0,0,0,0,0,0,0,0,0,0,0,0,0,0,0,0,0,0,0,0,0,0,0,0,0,0,0,0,0,0,0,0,0,0,0,0,0,0,0,0,0,0,0,0,0,0,0,0,0,0,0,0,0,0,0,0,0,0,0,0,0,0,0,0,0,0,0,0,0,0,0,0,0,0,0,0,0,0,0,0,0,0,0,0,0,0,0,0,0,0,0,0,0,0,0,0,0,0,0,0,0,0,0,0,0,0,0,0,0,0,0,0,0,0,0,0,0,0,0,0,0,0,0,0,0,0,0,0,0,0,0,0,0,0,0,0,0,0,0,0,0,0,0,0,0,0,0,0,0,0,0,0,0,0,0,0,0,0,0,0,0,0,0,0,0,0,0,0,0,0,0,0,0,0,0,0,0,0,0,0,0,0,0,0,0,0,0,0,0,0,0,0,0,0,0,0,0,0,0,0,0,0,0,0,0,0,0,0,0,0,0,0,0,0,0,0,0,0,0,0,0,0,0,0,0,0,0,0,0,0,0,0,0,0,0,0,0,0,0,0,0,0,0,0,0,0,0,0,0,0,0,0,0,0,0,0,0,0,0,0,0,0,0,0,0,0,0,0,0,0,0,0,0,0,0,0,0,0,0,0,0,0,0,0,0,0,0,0,0,0,0,0,0,0,0,0,0,0,0,0,0,0,0,0,0,0,0,0,0,0,0,"adult pigs (0), afternoon sun (0), aged caucasian (0), aged hispanic (0), aged south (0), ages sizes (0), air filled (0), american dairy (0), american pig (0), area pigs (0), areas pigs (0), asian descent (0), asian farmer (0), asian female (0), asian male (0), asian man (0), asian woman (0), attending animals (0), attending pigs (0), australian landscape (0)"
basic_country_no_revise,Australia,pig,"A pig farm in Australia.I NEED to test how the tool works with extremely simple prompts. DO NOT add any detail, just use it AS-IS:",sd3.5-large,0,0,0,0,0,0,0,0,0,0,0,0,0,0,0,0,0,0,0,0,0,0,0,0,0,0,0,0,0,0,0,0,0,0,0,0,0,0,0,0,0,0,0,0,0,0,0,0,0,0,0,0,0,0,0,0,0,0,0,0,0,0,0,0,0,0,0,0,0,0,0,0,0,0,0,0,0,0,0,0,0,0,0,0,0,0,0,0,0,0,0,0,0,0,0,0,0,0,0,0,0,0,0,0,0,0,0,0,0,0,0,0,0,0,0,0,0,0,0,0,0,0,0,0,0,0,0,0,0,0,0,0,0,0,0,0,0,0,0,0,0,0,0,0,0,0,0,0,0,0,0,0,0,0,0,0,0,0,0,0,0,0,0,0,0,0,0,0,0,0,0,0,0,0,0,0,0,0,0,0,0,0,0,0,0,0,0,0,0,0,0,0,0,0,0,0,0,0,0,0,0,0,0,0,0,0,0,0,0,0,0,0,0,0,0,0,0,0,0,0,0,0,0,0,0,0,0,0,0,0,0,0,0,0,0,0,0,0,0,0,0,0,0,0,0,0,0,0,0,0,0,0,0,0,0,0,0,0,0,0,0,0,0,0,0,0,0,0,0,0,0,0,0,0,0,0,0,0,0,0,0,0,0,0,0,0,0,0,0,0,0,0,0,0,0,0,0,0,0,0,0,0,0,0,0,0,0,0,0,0,0,0,0,0,0,0,0,0,0,0,0,0,0,0,0,0,0,0,0,0,0,0,0,0,0,0,0,0,0,0,0,0,0,0,0,0,0,0,0,0,0,0,0,0,0,0,0,0,0,0,0,0,0,0,0,0,0,0,0,0,0,0,0,0,0,0,0,0,0,0,0,0,0,0,0,0,0,0,0,0,0,0,0,0,0,0,0,0,0,0,0,0,0,0,0,0,0,0,0,0,0,0,0,0,0,0,0,0,0,0,0,0,0,0,0,0,0,0,0,0,0,0,0,0,0,0,0,0,0,0,0,0,0,0,0,0,0,0,0,0,0,0,0,0,0,0,0,0,0,0,0,0,0,0,0,0,0,0,0,0,0,0,0,0,0,0,0,0,0,0,0,0,0,0,0,0,0,0,0,0,0,0,0,0,0,0,0,0,0,0,0,0,0,0,0,0,0,0,0,0,0,0,0,0,0,0,0,0,0,0,0,0,0,0,0,0,0,0,0,0,0,0,0,0,0,0,0,0,0,0,0,0,0,0,0,0,0,0,0,0,0,0,0,0,0,0,0,0,0,0,0,0,0,0,0,0,0,0,0,0,0,0,0,0,0,0,0,0,0,0,0,0,0,0,0,0,0,0,0,0,0,0,0,0,0,0,0,0,0,0,0,0,0,0,0,0,0,0,0,0,0,0,0,0,0,0,0,0,0,0,0,0,0,0,0,0,0,0,0,0,0,0,0,0,0,0,0,0,0,0,0,0,0,0,0,0,0,0,0,0,0,0,0,0,0,0,0,0,0,0,0,0,0,0,0,0,0,0,0,0,0,0,0,0,0,0,0,0,0,0,0,0,0,0,0,0,0,0,0,0,0,0,0,0,0,0,0,0,0,0,0,0,0,0,0,0,0,0,0,0,"adult pigs (0), afternoon sun (0), aged caucasian (0), aged hispanic (0), aged south (0), ages sizes (0), air filled (0), american dairy (0), american pig (0), area pigs (0), areas pigs (0), asian descent (0), asian farmer (0), asian female (0), asian male (0), asian man (0), asian woman (0), attending animals (0), attending pigs (0), australian landscape (0)"
typical,,dairy,A typical dairy farm.,sd3.5-large,0,0,0,0,0,0,0,0,0,0,0,0,0,0,0,0,0,0,0,0,0,0,0,0,0,0,0,0,0,0,0,0,0,0,0,0,0,0,0,0,0,0,0,0,0,0,0,0,0,0,0,0,0,0,0,0,0,0,0,0,0,0,0,0,0,0,0,0,0,0,0,0,0,0,0,0,0,0,0,0,0,0,0,0,0,0,0,0,0,0,0,0,0,0,0,0,0,0,0,0,0,0,0,0,0,0,0,0,0,0,0,0,0,0,0,0,0,0,0,0,0,0,0,0,0,0,0,0,0,0,0,0,0,0,0,0,0,0,0,0,0,0,0,0,0,0,0,0,0,0,0,0,0,0,0,0,0,0,0,0,0,0,0,0,0,0,0,0,0,0,0,0,0,0,0,0,0,0,0,0,0,0,0,0,0,0,0,0,0,0,0,0,0,0,0,0,0,0,0,0,0,0,0,0,0,0,0,0,0,0,0,0,0,0,0,0,0,0,0,0,0,0,0,0,0,0,0,0,0,0,0,0,0,0,0,0,0,0,0,0,0,0,0,0,0,0,0,0,0,0,0,0,0,0,0,0,0,0,0,0,0,0,0,0,0,0,0,0,0,0,0,0,0,0,0,0,0,0,0,0,0,0,0,0,0,0,0,0,0,0,0,0,0,0,0,0,0,0,0,0,0,0,0,0,0,0,0,0,0,0,0,0,0,0,0,0,0,0,0,0,0,0,0,0,0,0,0,0,0,0,0,0,0,0,0,0,0,0,0,0,0,0,0,0,0,0,0,0,0,0,0,0,0,0,0,0,0,0,0,0,0,0,0,0,0,0,0,0,0,0,0,0,0,0,0,0,0,0,0,0,0,0,0,0,0,0,0,0,0,0,0,0,0,0,0,0,0,0,0,0,0,0,0,0,0,0,0,0,0,0,0,0,0,0,0,0,0,0,0,0,0,0,0,0,0,0,0,0,0,0,0,0,0,0,0,0,0,0,0,0,0,0,0,0,0,0,0,0,0,0,0,0,0,0,0,0,0,0,0,0,0,0,0,0,0,0,0,0,0,0,0,0,0,0,0,0,0,0,0,0,0,0,0,0,0,0,0,0,0,0,0,0,0,0,0,0,0,0,0,0,0,0,0,0,0,0,0,0,0,0,0,0,0,0,0,0,0,0,0,0,0,0,0,0,0,0,0,0,0,0,0,0,0,0,0,0,0,0,0,0,0,0,0,0,0,0,0,0,0,0,0,0,0,0,0,0,0,0,0,0,0,0,0,0,0,0,0,0,0,0,0,0,0,0,0,0,0,0,0,0,0,0,0,0,0,0,0,0,0,0,0,0,0,0,0,0,0,0,0,0,0,0,0,0,0,0,0,0,0,0,0,0,0,0,0,0,0,0,0,0,0,0,0,0,0,0,0,0,0,0,0,0,0,0,0,0,0,0,0,0,0,0,0,0,0,0,0,0,0,0,0,0,0,0,0,0,0,0,0,0,0,0,0,0,0,0,0,0,0,0,0,0,0,0,0,0,0,0,0,0,0,0,0,0,0,0,0,0,0,0,0,0,0,0,0,0,0,0,0,0,0,0,0,0,0,0,0,0,0,0,"adult pigs (0), afternoon sun (0), aged caucasian (0), aged hispanic (0), aged south (0), ages sizes (0), air filled (0), american dairy (0), american pig (0), area pigs (0), areas pigs (0), asian descent (0), asian farmer (0), asian female (0), asian male (0), asian man (0), asian woman (0), attending animals (0), attending pigs (0), australian landscape (0)"
typical,,pig,A typical pig farm.,sd3.5-large,0,0,0,0,0,0,0,0,0,0,0,0,0,0,0,0,0,0,0,0,0,0,0,0,0,0,0,0,0,0,0,0,0,0,0,0,0,0,0,0,0,0,0,0,0,0,0,0,0,0,0,0,0,0,0,0,0,0,0,0,0,0,0,0,0,0,0,0,0,0,0,0,0,0,0,0,0,0,0,0,0,0,0,0,0,0,0,0,0,0,0,0,0,0,0,0,0,0,0,0,0,0,0,0,0,0,0,0,0,0,0,0,0,0,0,0,0,0,0,0,0,0,0,0,0,0,0,0,0,0,0,0,0,0,0,0,0,0,0,0,0,0,0,0,0,0,0,0,0,0,0,0,0,0,0,0,0,0,0,0,0,0,0,0,0,0,0,0,0,0,0,0,0,0,0,0,0,0,0,0,0,0,0,0,0,0,0,0,0,0,0,0,0,0,0,0,0,0,0,0,0,0,0,0,0,0,0,0,0,0,0,0,0,0,0,0,0,0,0,0,0,0,0,0,0,0,0,0,0,0,0,0,0,0,0,0,0,0,0,0,0,0,0,0,0,0,0,0,0,0,0,0,0,0,0,0,0,0,0,0,0,0,0,0,0,0,0,0,0,0,0,0,0,0,0,0,0,0,0,0,0,0,0,0,0,0,0,0,0,0,0,0,0,0,0,0,0,0,0,0,0,0,0,0,0,0,0,0,0,0,0,0,0,0,0,0,0,0,0,0,0,0,0,0,0,0,0,0,0,0,0,0,0,0,0,0,0,0,0,0,0,0,0,0,0,0,0,0,0,0,0,0,0,0,0,0,0,0,0,0,0,0,0,0,0,0,0,0,0,0,0,0,0,0,0,0,0,0,0,0,0,0,0,0,0,0,0,0,0,0,0,0,0,0,0,0,0,0,0,0,0,0,0,0,0,0,0,0,0,0,0,0,0,0,0,0,0,0,0,0,0,0,0,0,0,0,0,0,0,0,0,0,0,0,0,0,0,0,0,0,0,0,0,0,0,0,0,0,0,0,0,0,0,0,0,0,0,0,0,0,0,0,0,0,0,0,0,0,0,0,0,0,0,0,0,0,0,0,0,0,0,0,0,0,0,0,0,0,0,0,0,0,0,0,0,0,0,0,0,0,0,0,0,0,0,0,0,0,0,0,0,0,0,0,0,0,0,0,0,0,0,0,0,0,0,0,0,0,0,0,0,0,0,0,0,0,0,0,0,0,0,0,0,0,0,0,0,0,0,0,0,0,0,0,0,0,0,0,0,0,0,0,0,0,0,0,0,0,0,0,0,0,0,0,0,0,0,0,0,0,0,0,0,0,0,0,0,0,0,0,0,0,0,0,0,0,0,0,0,0,0,0,0,0,0,0,0,0,0,0,0,0,0,0,0,0,0,0,0,0,0,0,0,0,0,0,0,0,0,0,0,0,0,0,0,0,0,0,0,0,0,0,0,0,0,0,0,0,0,0,0,0,0,0,0,0,0,0,0,0,0,0,0,0,0,0,0,0,0,0,0,0,0,0,0,0,0,0,0,0,0,0,0,0,0,0,0,0,0,0,0,0,0,0,0,0,0,0,0,0,0,0,0,0,0,0,0,0,0,0,"adult pigs (0), afternoon sun (0), aged caucasian (0), aged hispanic (0), aged south (0), ages sizes (0), air filled (0), american dairy (0), american pig (0), area pigs (0), areas pigs (0), asian descent (0), asian farmer (0), asian female (0), asian male (0), asian man (0), asian woman (0), attending animals (0), attending pigs (0), australian landscape (0)"
typical_no_revise,,dairy,"A typical dairy farm.I NEED to test how the tool works with extremely simple prompts. DO NOT add any detail, just use it AS-IS:",sd3.5-large,0,0,0,0,0,0,0,0,0,0,0,0,0,0,0,0,0,0,0,0,0,0,0,0,0,0,0,0,0,0,0,0,0,0,0,0,0,0,0,0,0,0,0,0,0,0,0,0,0,0,0,0,0,0,0,0,0,0,0,0,0,0,0,0,0,0,0,0,0,0,0,0,0,0,0,0,0,0,0,0,0,0,0,0,0,0,0,0,0,0,0,0,0,0,0,0,0,0,0,0,0,0,0,0,0,0,0,0,0,0,0,0,0,0,0,0,0,0,0,0,0,0,0,0,0,0,0,0,0,0,0,0,0,0,0,0,0,0,0,0,0,0,0,0,0,0,0,0,0,0,0,0,0,0,0,0,0,0,0,0,0,0,0,0,0,0,0,0,0,0,0,0,0,0,0,0,0,0,0,0,0,0,0,0,0,0,0,0,0,0,0,0,0,0,0,0,0,0,0,0,0,0,0,0,0,0,0,0,0,0,0,0,0,0,0,0,0,0,0,0,0,0,0,0,0,0,0,0,0,0,0,0,0,0,0,0,0,0,0,0,0,0,0,0,0,0,0,0,0,0,0,0,0,0,0,0,0,0,0,0,0,0,0,0,0,0,0,0,0,0,0,0,0,0,0,0,0,0,0,0,0,0,0,0,0,0,0,0,0,0,0,0,0,0,0,0,0,0,0,0,0,0,0,0,0,0,0,0,0,0,0,0,0,0,0,0,0,0,0,0,0,0,0,0,0,0,0,0,0,0,0,0,0,0,0,0,0,0,0,0,0,0,0,0,0,0,0,0,0,0,0,0,0,0,0,0,0,0,0,0,0,0,0,0,0,0,0,0,0,0,0,0,0,0,0,0,0,0,0,0,0,0,0,0,0,0,0,0,0,0,0,0,0,0,0,0,0,0,0,0,0,0,0,0,0,0,0,0,0,0,0,0,0,0,0,0,0,0,0,0,0,0,0,0,0,0,0,0,0,0,0,0,0,0,0,0,0,0,0,0,0,0,0,0,0,0,0,0,0,0,0,0,0,0,0,0,0,0,0,0,0,0,0,0,0,0,0,0,0,0,0,0,0,0,0,0,0,0,0,0,0,0,0,0,0,0,0,0,0,0,0,0,0,0,0,0,0,0,0,0,0,0,0,0,0,0,0,0,0,0,0,0,0,0,0,0,0,0,0,0,0,0,0,0,0,0,0,0,0,0,0,0,0,0,0,0,0,0,0,0,0,0,0,0,0,0,0,0,0,0,0,0,0,0,0,0,0,0,0,0,0,0,0,0,0,0,0,0,0,0,0,0,0,0,0,0,0,0,0,0,0,0,0,0,0,0,0,0,0,0,0,0,0,0,0,0,0,0,0,0,0,0,0,0,0,0,0,0,0,0,0,0,0,0,0,0,0,0,0,0,0,0,0,0,0,0,0,0,0,0,0,0,0,0,0,0,0,0,0,0,0,0,0,0,0,0,0,0,0,0,0,0,0,0,0,0,0,0,0,0,0,0,0,0,0,0,0,0,0,0,0,0,0,0,0,0,0,0,0,0,0,0,0,0,0,0,0,0,0,0,0,0,0,0,0,0,0,0,0,0,0,0,0,0,0,0,0,0,0,0,"adult pigs (0), afternoon sun (0), aged caucasian (0), aged hispanic (0), aged south (0), ages sizes (0), air filled (0), american dairy (0), american pig (0), area pigs (0), areas pigs (0), asian descent (0), asian farmer (0), asian female (0), asian male (0), asian man (0), asian woman (0), attending animals (0), attending pigs (0), australian landscape (0)"
typical_no_revise,,pig,"A typical pig farm.I NEED to test how the tool works with extremely simple prompts. DO NOT add any detail, just use it AS-IS:",sd3.5-large,0,0,0,0,0,0,0,0,0,0,0,0,0,0,0,0,0,0,0,0,0,0,0,0,0,0,0,0,0,0,0,0,0,0,0,0,0,0,0,0,0,0,0,0,0,0,0,0,0,0,0,0,0,0,0,0,0,0,0,0,0,0,0,0,0,0,0,0,0,0,0,0,0,0,0,0,0,0,0,0,0,0,0,0,0,0,0,0,0,0,0,0,0,0,0,0,0,0,0,0,0,0,0,0,0,0,0,0,0,0,0,0,0,0,0,0,0,0,0,0,0,0,0,0,0,0,0,0,0,0,0,0,0,0,0,0,0,0,0,0,0,0,0,0,0,0,0,0,0,0,0,0,0,0,0,0,0,0,0,0,0,0,0,0,0,0,0,0,0,0,0,0,0,0,0,0,0,0,0,0,0,0,0,0,0,0,0,0,0,0,0,0,0,0,0,0,0,0,0,0,0,0,0,0,0,0,0,0,0,0,0,0,0,0,0,0,0,0,0,0,0,0,0,0,0,0,0,0,0,0,0,0,0,0,0,0,0,0,0,0,0,0,0,0,0,0,0,0,0,0,0,0,0,0,0,0,0,0,0,0,0,0,0,0,0,0,0,0,0,0,0,0,0,0,0,0,0,0,0,0,0,0,0,0,0,0,0,0,0,0,0,0,0,0,0,0,0,0,0,0,0,0,0,0,0,0,0,0,0,0,0,0,0,0,0,0,0,0,0,0,0,0,0,0,0,0,0,0,0,0,0,0,0,0,0,0,0,0,0,0,0,0,0,0,0,0,0,0,0,0,0,0,0,0,0,0,0,0,0,0,0,0,0,0,0,0,0,0,0,0,0,0,0,0,0,0,0,0,0,0,0,0,0,0,0,0,0,0,0,0,0,0,0,0,0,0,0,0,0,0,0,0,0,0,0,0,0,0,0,0,0,0,0,0,0,0,0,0,0,0,0,0,0,0,0,0,0,0,0,0,0,0,0,0,0,0,0,0,0,0,0,0,0,0,0,0,0,0,0,0,0,0,0,0,0,0,0,0,0,0,0,0,0,0,0,0,0,0,0,0,0,0,0,0,0,0,0,0,0,0,0,0,0,0,0,0,0,0,0,0,0,0,0,0,0,0,0,0,0,0,0,0,0,0,0,0,0,0,0,0,0,0,0,0,0,0,0,0,0,0,0,0,0,0,0,0,0,0,0,0,0,0,0,0,0,0,0,0,0,0,0,0,0,0,0,0,0,0,0,0,0,0,0,0,0,0,0,0,0,0,0,0,0,0,0,0,0,0,0,0,0,0,0,0,0,0,0,0,0,0,0,0,0,0,0,0,0,0,0,0,0,0,0,0,0,0,0,0,0,0,0,0,0,0,0,0,0,0,0,0,0,0,0,0,0,0,0,0,0,0,0,0,0,0,0,0,0,0,0,0,0,0,0,0,0,0,0,0,0,0,0,0,0,0,0,0,0,0,0,0,0,0,0,0,0,0,0,0,0,0,0,0,0,0,0,0,0,0,0,0,0,0,0,0,0,0,0,0,0,0,0,0,0,0,0,0,0,0,0,0,0,0,0,0,0,0,0,0,0,0,0,0,0,0,0,0,0,0,0,0,"adult pigs (0), afternoon sun (0), aged caucasian (0), aged hispanic (0), aged south (0), ages sizes (0), air filled (0), american dairy (0), american pig (0), area pigs (0), areas pigs (0), asian descent (0), asian farmer (0), asian female (0), asian male (0), asian man (0), asian woman (0), attending animals (0), attending pigs (0), australian landscape (0)"
typical_country,the United States,dairy,A typical dairy farm in the United States.,sd3.5-large,0,0,0,0,0,0,0,0,0,0,0,0,0,0,0,0,0,0,0,0,0,0,0,0,0,0,0,0,0,0,0,0,0,0,0,0,0,0,0,0,0,0,0,0,0,0,0,0,0,0,0,0,0,0,0,0,0,0,0,0,0,0,0,0,0,0,0,0,0,0,0,0,0,0,0,0,0,0,0,0,0,0,0,0,0,0,0,0,0,0,0,0,0,0,0,0,0,0,0,0,0,0,0,0,0,0,0,0,0,0,0,0,0,0,0,0,0,0,0,0,0,0,0,0,0,0,0,0,0,0,0,0,0,0,0,0,0,0,0,0,0,0,0,0,0,0,0,0,0,0,0,0,0,0,0,0,0,0,0,0,0,0,0,0,0,0,0,0,0,0,0,0,0,0,0,0,0,0,0,0,0,0,0,0,0,0,0,0,0,0,0,0,0,0,0,0,0,0,0,0,0,0,0,0,0,0,0,0,0,0,0,0,0,0,0,0,0,0,0,0,0,0,0,0,0,0,0,0,0,0,0,0,0,0,0,0,0,0,0,0,0,0,0,0,0,0,0,0,0,0,0,0,0,0,0,0,0,0,0,0,0,0,0,0,0,0,0,0,0,0,0,0,0,0,0,0,0,0,0,0,0,0,0,0,0,0,0,0,0,0,0,0,0,0,0,0,0,0,0,0,0,0,0,0,0,0,0,0,0,0,0,0,0,0,0,0,0,0,0,0,0,0,0,0,0,0,0,0,0,0,0,0,0,0,0,0,0,0,0,0,0,0,0,0,0,0,0,0,0,0,0,0,0,0,0,0,0,0,0,0,0,0,0,0,0,0,0,0,0,0,0,0,0,0,0,0,0,0,0,0,0,0,0,0,0,0,0,0,0,0,0,0,0,0,0,0,0,0,0,0,0,0,0,0,0,0,0,0,0,0,0,0,0,0,0,0,0,0,0,0,0,0,0,0,0,0,0,0,0,0,0,0,0,0,0,0,0,0,0,0,0,0,0,0,0,0,0,0,0,0,0,0,0,0,0,0,0,0,0,0,0,0,0,0,0,0,0,0,0,0,0,0,0,0,0,0,0,0,0,0,0,0,0,0,0,0,0,0,0,0,0,0,0,0,0,0,0,0,0,0,0,0,0,0,0,0,0,0,0,0,0,0,0,0,0,0,0,0,0,0,0,0,0,0,0,0,0,0,0,0,0,0,0,0,0,0,0,0,0,0,0,0,0,0,0,0,0,0,0,0,0,0,0,0,0,0,0,0,0,0,0,0,0,0,0,0,0,0,0,0,0,0,0,0,0,0,0,0,0,0,0,0,0,0,0,0,0,0,0,0,0,0,0,0,0,0,0,0,0,0,0,0,0,0,0,0,0,0,0,0,0,0,0,0,0,0,0,0,0,0,0,0,0,0,0,0,0,0,0,0,0,0,0,0,0,0,0,0,0,0,0,0,0,0,0,0,0,0,0,0,0,0,0,0,0,0,0,0,0,0,0,0,0,0,0,0,0,0,0,0,0,0,0,0,0,0,0,0,0,0,0,0,0,0,0,0,0,0,0,0,0,0,0,0,0,0,0,0,0,0,0,0,0,0,0,0,0,0,0,0,"adult pigs (0), afternoon sun (0), aged caucasian (0), aged hispanic (0), aged south (0), ages sizes (0), air filled (0), american dairy (0), american pig (0), area pigs (0), areas pigs (0), asian descent (0), asian farmer (0), asian female (0), asian male (0), asian man (0), asian woman (0), attending animals (0), attending pigs (0), australian landscape (0)"
typical_country,Germany,dairy,A typical dairy farm in Germany.,sd3.5-large,0,0,0,0,0,0,0,0,0,0,0,0,0,0,0,0,0,0,0,0,0,0,0,0,0,0,0,0,0,0,0,0,0,0,0,0,0,0,0,0,0,0,0,0,0,0,0,0,0,0,0,0,0,0,0,0,0,0,0,0,0,0,0,0,0,0,0,0,0,0,0,0,0,0,0,0,0,0,0,0,0,0,0,0,0,0,0,0,0,0,0,0,0,0,0,0,0,0,0,0,0,0,0,0,0,0,0,0,0,0,0,0,0,0,0,0,0,0,0,0,0,0,0,0,0,0,0,0,0,0,0,0,0,0,0,0,0,0,0,0,0,0,0,0,0,0,0,0,0,0,0,0,0,0,0,0,0,0,0,0,0,0,0,0,0,0,0,0,0,0,0,0,0,0,0,0,0,0,0,0,0,0,0,0,0,0,0,0,0,0,0,0,0,0,0,0,0,0,0,0,0,0,0,0,0,0,0,0,0,0,0,0,0,0,0,0,0,0,0,0,0,0,0,0,0,0,0,0,0,0,0,0,0,0,0,0,0,0,0,0,0,0,0,0,0,0,0,0,0,0,0,0,0,0,0,0,0,0,0,0,0,0,0,0,0,0,0,0,0,0,0,0,0,0,0,0,0,0,0,0,0,0,0,0,0,0,0,0,0,0,0,0,0,0,0,0,0,0,0,0,0,0,0,0,0,0,0,0,0,0,0,0,0,0,0,0,0,0,0,0,0,0,0,0,0,0,0,0,0,0,0,0,0,0,0,0,0,0,0,0,0,0,0,0,0,0,0,0,0,0,0,0,0,0,0,0,0,0,0,0,0,0,0,0,0,0,0,0,0,0,0,0,0,0,0,0,0,0,0,0,0,0,0,0,0,0,0,0,0,0,0,0,0,0,0,0,0,0,0,0,0,0,0,0,0,0,0,0,0,0,0,0,0,0,0,0,0,0,0,0,0,0,0,0,0,0,0,0,0,0,0,0,0,0,0,0,0,0,0,0,0,0,0,0,0,0,0,0,0,0,0,0,0,0,0,0,0,0,0,0,0,0,0,0,0,0,0,0,0,0,0,0,0,0,0,0,0,0,0,0,0,0,0,0,0,0,0,0,0,0,0,0,0,0,0,0,0,0,0,0,0,0,0,0,0,0,0,0,0,0,0,0,0,0,0,0,0,0,0,0,0,0,0,0,0,0,0,0,0,0,0,0,0,0,0,0,0,0,0,0,0,0,0,0,0,0,0,0,0,0,0,0,0,0,0,0,0,0,0,0,0,0,0,0,0,0,0,0,0,0,0,0,0,0,0,0,0,0,0,0,0,0,0,0,0,0,0,0,0,0,0,0,0,0,0,0,0,0,0,0,0,0,0,0,0,0,0,0,0,0,0,0,0,0,0,0,0,0,0,0,0,0,0,0,0,0,0,0,0,0,0,0,0,0,0,0,0,0,0,0,0,0,0,0,0,0,0,0,0,0,0,0,0,0,0,0,0,0,0,0,0,0,0,0,0,0,0,0,0,0,0,0,0,0,0,0,0,0,0,0,0,0,0,0,0,0,0,0,0,0,0,0,0,0,0,0,0,0,0,0,0,0,0,0,0,0,0,0,0,0,"adult pigs (0), afternoon sun (0), aged caucasian (0), aged hispanic (0), aged south (0), ages sizes (0), air filled (0), american dairy (0), american pig (0), area pigs (0), areas pigs (0), asian descent (0), asian farmer (0), asian female (0), asian male (0), asian man (0), asian woman (0), attending animals (0), attending pigs (0), australian landscape (0)"
typical_country,New Zealand,dairy,A typical dairy farm in New Zealand.,sd3.5-large,0,0,0,0,0,0,0,0,0,0,0,0,0,0,0,0,0,0,0,0,0,0,0,0,0,0,0,0,0,0,0,0,0,0,0,0,0,0,0,0,0,0,0,0,0,0,0,0,0,0,0,0,0,0,0,0,0,0,0,0,0,0,0,0,0,0,0,0,0,0,0,0,0,0,0,0,0,0,0,0,0,0,0,0,0,0,0,0,0,0,0,0,0,0,0,0,0,0,0,0,0,0,0,0,0,0,0,0,0,0,0,0,0,0,0,0,0,0,0,0,0,0,0,0,0,0,0,0,0,0,0,0,0,0,0,0,0,0,0,0,0,0,0,0,0,0,0,0,0,0,0,0,0,0,0,0,0,0,0,0,0,0,0,0,0,0,0,0,0,0,0,0,0,0,0,0,0,0,0,0,0,0,0,0,0,0,0,0,0,0,0,0,0,0,0,0,0,0,0,0,0,0,0,0,0,0,0,0,0,0,0,0,0,0,0,0,0,0,0,0,0,0,0,0,0,0,0,0,0,0,0,0,0,0,0,0,0,0,0,0,0,0,0,0,0,0,0,0,0,0,0,0,0,0,0,0,0,0,0,0,0,0,0,0,0,0,0,0,0,0,0,0,0,0,0,0,0,0,0,0,0,0,0,0,0,0,0,0,0,0,0,0,0,0,0,0,0,0,0,0,0,0,0,0,0,0,0,0,0,0,0,0,0,0,0,0,0,0,0,0,0,0,0,0,0,0,0,0,0,0,0,0,0,0,0,0,0,0,0,0,0,0,0,0,0,0,0,0,0,0,0,0,0,0,0,0,0,0,0,0,0,0,0,0,0,0,0,0,0,0,0,0,0,0,0,0,0,0,0,0,0,0,0,0,0,0,0,0,0,0,0,0,0,0,0,0,0,0,0,0,0,0,0,0,0,0,0,0,0,0,0,0,0,0,0,0,0,0,0,0,0,0,0,0,0,0,0,0,0,0,0,0,0,0,0,0,0,0,0,0,0,0,0,0,0,0,0,0,0,0,0,0,0,0,0,0,0,0,0,0,0,0,0,0,0,0,0,0,0,0,0,0,0,0,0,0,0,0,0,0,0,0,0,0,0,0,0,0,0,0,0,0,0,0,0,0,0,0,0,0,0,0,0,0,0,0,0,0,0,0,0,0,0,0,0,0,0,0,0,0,0,0,0,0,0,0,0,0,0,0,0,0,0,0,0,0,0,0,0,0,0,0,0,0,0,0,0,0,0,0,0,0,0,0,0,0,0,0,0,0,0,0,0,0,0,0,0,0,0,0,0,0,0,0,0,0,0,0,0,0,0,0,0,0,0,0,0,0,0,0,0,0,0,0,0,0,0,0,0,0,0,0,0,0,0,0,0,0,0,0,0,0,0,0,0,0,0,0,0,0,0,0,0,0,0,0,0,0,0,0,0,0,0,0,0,0,0,0,0,0,0,0,0,0,0,0,0,0,0,0,0,0,0,0,0,0,0,0,0,0,0,0,0,0,0,0,0,0,0,0,0,0,0,0,0,0,0,0,0,0,0,0,0,0,0,0,0,0,0,0,0,0,0,0,0,0,0,0,0,0,0,0,0,0,0,0,0,0,0,0,"adult pigs (0), afternoon sun (0), aged caucasian (0), aged hispanic (0), aged south (0), ages sizes (0), air filled (0), american dairy (0), american pig (0), area pigs (0), areas pigs (0), asian descent (0), asian farmer (0), asian female (0), asian male (0), asian man (0), asian woman (0), attending animals (0), attending pigs (0), australian landscape (0)"
typical_country,the United States,pig,A typical pig farm in the United States.,sd3.5-large,0,0,0,0,0,0,0,0,0,0,0,0,0,0,0,0,0,0,0,0,0,0,0,0,0,0,0,0,0,0,0,0,0,0,0,0,0,0,0,0,0,0,0,0,0,0,0,0,0,0,0,0,0,0,0,0,0,0,0,0,0,0,0,0,0,0,0,0,0,0,0,0,0,0,0,0,0,0,0,0,0,0,0,0,0,0,0,0,0,0,0,0,0,0,0,0,0,0,0,0,0,0,0,0,0,0,0,0,0,0,0,0,0,0,0,0,0,0,0,0,0,0,0,0,0,0,0,0,0,0,0,0,0,0,0,0,0,0,0,0,0,0,0,0,0,0,0,0,0,0,0,0,0,0,0,0,0,0,0,0,0,0,0,0,0,0,0,0,0,0,0,0,0,0,0,0,0,0,0,0,0,0,0,0,0,0,0,0,0,0,0,0,0,0,0,0,0,0,0,0,0,0,0,0,0,0,0,0,0,0,0,0,0,0,0,0,0,0,0,0,0,0,0,0,0,0,0,0,0,0,0,0,0,0,0,0,0,0,0,0,0,0,0,0,0,0,0,0,0,0,0,0,0,0,0,0,0,0,0,0,0,0,0,0,0,0,0,0,0,0,0,0,0,0,0,0,0,0,0,0,0,0,0,0,0,0,0,0,0,0,0,0,0,0,0,0,0,0,0,0,0,0,0,0,0,0,0,0,0,0,0,0,0,0,0,0,0,0,0,0,0,0,0,0,0,0,0,0,0,0,0,0,0,0,0,0,0,0,0,0,0,0,0,0,0,0,0,0,0,0,0,0,0,0,0,0,0,0,0,0,0,0,0,0,0,0,0,0,0,0,0,0,0,0,0,0,0,0,0,0,0,0,0,0,0,0,0,0,0,0,0,0,0,0,0,0,0,0,0,0,0,0,0,0,0,0,0,0,0,0,0,0,0,0,0,0,0,0,0,0,0,0,0,0,0,0,0,0,0,0,0,0,0,0,0,0,0,0,0,0,0,0,0,0,0,0,0,0,0,0,0,0,0,0,0,0,0,0,0,0,0,0,0,0,0,0,0,0,0,0,0,0,0,0,0,0,0,0,0,0,0,0,0,0,0,0,0,0,0,0,0,0,0,0,0,0,0,0,0,0,0,0,0,0,0,0,0,0,0,0,0,0,0,0,0,0,0,0,0,0,0,0,0,0,0,0,0,0,0,0,0,0,0,0,0,0,0,0,0,0,0,0,0,0,0,0,0,0,0,0,0,0,0,0,0,0,0,0,0,0,0,0,0,0,0,0,0,0,0,0,0,0,0,0,0,0,0,0,0,0,0,0,0,0,0,0,0,0,0,0,0,0,0,0,0,0,0,0,0,0,0,0,0,0,0,0,0,0,0,0,0,0,0,0,0,0,0,0,0,0,0,0,0,0,0,0,0,0,0,0,0,0,0,0,0,0,0,0,0,0,0,0,0,0,0,0,0,0,0,0,0,0,0,0,0,0,0,0,0,0,0,0,0,0,0,0,0,0,0,0,0,0,0,0,0,0,0,0,0,0,0,0,0,0,0,0,0,0,0,0,0,0,0,0,0,0,0,0,0,0,0,0,0,0,0,0,0,0,0,0,"adult pigs (0), afternoon sun (0), aged caucasian (0), aged hispanic (0), aged south (0), ages sizes (0), air filled (0), american dairy (0), american pig (0), area pigs (0), areas pigs (0), asian descent (0), asian farmer (0), asian female (0), asian male (0), asian man (0), asian woman (0), attending animals (0), attending pigs (0), australian landscape (0)"
typical_country,Spain,pig,A typical pig farm in Spain.,sd3.5-large,0,0,0,0,0,0,0,0,0,0,0,0,0,0,0,0,0,0,0,0,0,0,0,0,0,0,0,0,0,0,0,0,0,0,0,0,0,0,0,0,0,0,0,0,0,0,0,0,0,0,0,0,0,0,0,0,0,0,0,0,0,0,0,0,0,0,0,0,0,0,0,0,0,0,0,0,0,0,0,0,0,0,0,0,0,0,0,0,0,0,0,0,0,0,0,0,0,0,0,0,0,0,0,0,0,0,0,0,0,0,0,0,0,0,0,0,0,0,0,0,0,0,0,0,0,0,0,0,0,0,0,0,0,0,0,0,0,0,0,0,0,0,0,0,0,0,0,0,0,0,0,0,0,0,0,0,0,0,0,0,0,0,0,0,0,0,0,0,0,0,0,0,0,0,0,0,0,0,0,0,0,0,0,0,0,0,0,0,0,0,0,0,0,0,0,0,0,0,0,0,0,0,0,0,0,0,0,0,0,0,0,0,0,0,0,0,0,0,0,0,0,0,0,0,0,0,0,0,0,0,0,0,0,0,0,0,0,0,0,0,0,0,0,0,0,0,0,0,0,0,0,0,0,0,0,0,0,0,0,0,0,0,0,0,0,0,0,0,0,0,0,0,0,0,0,0,0,0,0,0,0,0,0,0,0,0,0,0,0,0,0,0,0,0,0,0,0,0,0,0,0,0,0,0,0,0,0,0,0,0,0,0,0,0,0,0,0,0,0,0,0,0,0,0,0,0,0,0,0,0,0,0,0,0,0,0,0,0,0,0,0,0,0,0,0,0,0,0,0,0,0,0,0,0,0,0,0,0,0,0,0,0,0,0,0,0,0,0,0,0,0,0,0,0,0,0,0,0,0,0,0,0,0,0,0,0,0,0,0,0,0,0,0,0,0,0,0,0,0,0,0,0,0,0,0,0,0,0,0,0,0,0,0,0,0,0,0,0,0,0,0,0,0,0,0,0,0,0,0,0,0,0,0,0,0,0,0,0,0,0,0,0,0,0,0,0,0,0,0,0,0,0,0,0,0,0,0,0,0,0,0,0,0,0,0,0,0,0,0,0,0,0,0,0,0,0,0,0,0,0,0,0,0,0,0,0,0,0,0,0,0,0,0,0,0,0,0,0,0,0,0,0,0,0,0,0,0,0,0,0,0,0,0,0,0,0,0,0,0,0,0,0,0,0,0,0,0,0,0,0,0,0,0,0,0,0,0,0,0,0,0,0,0,0,0,0,0,0,0,0,0,0,0,0,0,0,0,0,0,0,0,0,0,0,0,0,0,0,0,0,0,0,0,0,0,0,0,0,0,0,0,0,0,0,0,0,0,0,0,0,0,0,0,0,0,0,0,0,0,0,0,0,0,0,0,0,0,0,0,0,0,0,0,0,0,0,0,0,0,0,0,0,0,0,0,0,0,0,0,0,0,0,0,0,0,0,0,0,0,0,0,0,0,0,0,0,0,0,0,0,0,0,0,0,0,0,0,0,0,0,0,0,0,0,0,0,0,0,0,0,0,0,0,0,0,0,0,0,0,0,0,0,0,0,0,0,0,0,0,0,0,0,0,0,0,0,0,0,0,0,0,0,0,0,0,0,0,0,0,0,"adult pigs (0), afternoon sun (0), aged caucasian (0), aged hispanic (0), aged south (0), ages sizes (0), air filled (0), american dairy (0), american pig (0), area pigs (0), areas pigs (0), asian descent (0), asian farmer (0), asian female (0), asian male (0), asian man (0), asian woman (0), attending animals (0), attending pigs (0), australian landscape (0)"
typical_country,Australia,pig,A typical pig farm in Australia.,sd3.5-large,0,0,0,0,0,0,0,0,0,0,0,0,0,0,0,0,0,0,0,0,0,0,0,0,0,0,0,0,0,0,0,0,0,0,0,0,0,0,0,0,0,0,0,0,0,0,0,0,0,0,0,0,0,0,0,0,0,0,0,0,0,0,0,0,0,0,0,0,0,0,0,0,0,0,0,0,0,0,0,0,0,0,0,0,0,0,0,0,0,0,0,0,0,0,0,0,0,0,0,0,0,0,0,0,0,0,0,0,0,0,0,0,0,0,0,0,0,0,0,0,0,0,0,0,0,0,0,0,0,0,0,0,0,0,0,0,0,0,0,0,0,0,0,0,0,0,0,0,0,0,0,0,0,0,0,0,0,0,0,0,0,0,0,0,0,0,0,0,0,0,0,0,0,0,0,0,0,0,0,0,0,0,0,0,0,0,0,0,0,0,0,0,0,0,0,0,0,0,0,0,0,0,0,0,0,0,0,0,0,0,0,0,0,0,0,0,0,0,0,0,0,0,0,0,0,0,0,0,0,0,0,0,0,0,0,0,0,0,0,0,0,0,0,0,0,0,0,0,0,0,0,0,0,0,0,0,0,0,0,0,0,0,0,0,0,0,0,0,0,0,0,0,0,0,0,0,0,0,0,0,0,0,0,0,0,0,0,0,0,0,0,0,0,0,0,0,0,0,0,0,0,0,0,0,0,0,0,0,0,0,0,0,0,0,0,0,0,0,0,0,0,0,0,0,0,0,0,0,0,0,0,0,0,0,0,0,0,0,0,0,0,0,0,0,0,0,0,0,0,0,0,0,0,0,0,0,0,0,0,0,0,0,0,0,0,0,0,0,0,0,0,0,0,0,0,0,0,0,0,0,0,0,0,0,0,0,0,0,0,0,0,0,0,0,0,0,0,0,0,0,0,0,0,0,0,0,0,0,0,0,0,0,0,0,0,0,0,0,0,0,0,0,0,0,0,0,0,0,0,0,0,0,0,0,0,0,0,0,0,0,0,0,0,0,0,0,0,0,0,0,0,0,0,0,0,0,0,0,0,0,0,0,0,0,0,0,0,0,0,0,0,0,0,0,0,0,0,0,0,0,0,0,0,0,0,0,0,0,0,0,0,0,0,0,0,0,0,0,0,0,0,0,0,0,0,0,0,0,0,0,0,0,0,0,0,0,0,0,0,0,0,0,0,0,0,0,0,0,0,0,0,0,0,0,0,0,0,0,0,0,0,0,0,0,0,0,0,0,0,0,0,0,0,0,0,0,0,0,0,0,0,0,0,0,0,0,0,0,0,0,0,0,0,0,0,0,0,0,0,0,0,0,0,0,0,0,0,0,0,0,0,0,0,0,0,0,0,0,0,0,0,0,0,0,0,0,0,0,0,0,0,0,0,0,0,0,0,0,0,0,0,0,0,0,0,0,0,0,0,0,0,0,0,0,0,0,0,0,0,0,0,0,0,0,0,0,0,0,0,0,0,0,0,0,0,0,0,0,0,0,0,0,0,0,0,0,0,0,0,0,0,0,0,0,0,0,0,0,0,0,0,0,0,0,0,0,0,0,0,0,0,0,0,0,0,0,0,0,0,0,0,0,0,0,0,0,0,0,0,0,"adult pigs (0), afternoon sun (0), aged caucasian (0), aged hispanic (0), aged south (0), ages sizes (0), air filled (0), american dairy (0), american pig (0), area pigs (0), areas pigs (0), asian descent (0), asian farmer (0), asian female (0), asian male (0), asian man (0), asian woman (0), attending animals (0), attending pigs (0), australian landscape (0)"
typical_country_no_revise,the United States,dairy,"A typical dairy farm in the United States.I NEED to test how the tool works with extremely simple prompts. DO NOT add any detail, just use it AS-IS:",sd3.5-large,0,0,0,0,0,0,0,0,0,0,0,0,0,0,0,0,0,0,0,0,0,0,0,0,0,0,0,0,0,0,0,0,0,0,0,0,0,0,0,0,0,0,0,0,0,0,0,0,0,0,0,0,0,0,0,0,0,0,0,0,0,0,0,0,0,0,0,0,0,0,0,0,0,0,0,0,0,0,0,0,0,0,0,0,0,0,0,0,0,0,0,0,0,0,0,0,0,0,0,0,0,0,0,0,0,0,0,0,0,0,0,0,0,0,0,0,0,0,0,0,0,0,0,0,0,0,0,0,0,0,0,0,0,0,0,0,0,0,0,0,0,0,0,0,0,0,0,0,0,0,0,0,0,0,0,0,0,0,0,0,0,0,0,0,0,0,0,0,0,0,0,0,0,0,0,0,0,0,0,0,0,0,0,0,0,0,0,0,0,0,0,0,0,0,0,0,0,0,0,0,0,0,0,0,0,0,0,0,0,0,0,0,0,0,0,0,0,0,0,0,0,0,0,0,0,0,0,0,0,0,0,0,0,0,0,0,0,0,0,0,0,0,0,0,0,0,0,0,0,0,0,0,0,0,0,0,0,0,0,0,0,0,0,0,0,0,0,0,0,0,0,0,0,0,0,0,0,0,0,0,0,0,0,0,0,0,0,0,0,0,0,0,0,0,0,0,0,0,0,0,0,0,0,0,0,0,0,0,0,0,0,0,0,0,0,0,0,0,0,0,0,0,0,0,0,0,0,0,0,0,0,0,0,0,0,0,0,0,0,0,0,0,0,0,0,0,0,0,0,0,0,0,0,0,0,0,0,0,0,0,0,0,0,0,0,0,0,0,0,0,0,0,0,0,0,0,0,0,0,0,0,0,0,0,0,0,0,0,0,0,0,0,0,0,0,0,0,0,0,0,0,0,0,0,0,0,0,0,0,0,0,0,0,0,0,0,0,0,0,0,0,0,0,0,0,0,0,0,0,0,0,0,0,0,0,0,0,0,0,0,0,0,0,0,0,0,0,0,0,0,0,0,0,0,0,0,0,0,0,0,0,0,0,0,0,0,0,0,0,0,0,0,0,0,0,0,0,0,0,0,0,0,0,0,0,0,0,0,0,0,0,0,0,0,0,0,0,0,0,0,0,0,0,0,0,0,0,0,0,0,0,0,0,0,0,0,0,0,0,0,0,0,0,0,0,0,0,0,0,0,0,0,0,0,0,0,0,0,0,0,0,0,0,0,0,0,0,0,0,0,0,0,0,0,0,0,0,0,0,0,0,0,0,0,0,0,0,0,0,0,0,0,0,0,0,0,0,0,0,0,0,0,0,0,0,0,0,0,0,0,0,0,0,0,0,0,0,0,0,0,0,0,0,0,0,0,0,0,0,0,0,0,0,0,0,0,0,0,0,0,0,0,0,0,0,0,0,0,0,0,0,0,0,0,0,0,0,0,0,0,0,0,0,0,0,0,0,0,0,0,0,0,0,0,0,0,0,0,0,0,0,0,0,0,0,0,0,0,0,0,0,0,0,0,0,0,0,0,0,0,0,0,0,0,0,0,0,0,0,0,0,0,0,0,0,0,0,0,0,0,0,0,0,0,0,0,0,0,0,0,"adult pigs (0), afternoon sun (0), aged caucasian (0), aged hispanic (0), aged south (0), ages sizes (0), air filled (0), american dairy (0), american pig (0), area pigs (0), areas pigs (0), asian descent (0), asian farmer (0), asian female (0), asian male (0), asian man (0), asian woman (0), attending animals (0), attending pigs (0), australian landscape (0)"
typical_country_no_revise,Germany,dairy,"A typical dairy farm in Germany.I NEED to test how the tool works with extremely simple prompts. DO NOT add any detail, just use it AS-IS:",sd3.5-large,0,0,0,0,0,0,0,0,0,0,0,0,0,0,0,0,0,0,0,0,0,0,0,0,0,0,0,0,0,0,0,0,0,0,0,0,0,0,0,0,0,0,0,0,0,0,0,0,0,0,0,0,0,0,0,0,0,0,0,0,0,0,0,0,0,0,0,0,0,0,0,0,0,0,0,0,0,0,0,0,0,0,0,0,0,0,0,0,0,0,0,0,0,0,0,0,0,0,0,0,0,0,0,0,0,0,0,0,0,0,0,0,0,0,0,0,0,0,0,0,0,0,0,0,0,0,0,0,0,0,0,0,0,0,0,0,0,0,0,0,0,0,0,0,0,0,0,0,0,0,0,0,0,0,0,0,0,0,0,0,0,0,0,0,0,0,0,0,0,0,0,0,0,0,0,0,0,0,0,0,0,0,0,0,0,0,0,0,0,0,0,0,0,0,0,0,0,0,0,0,0,0,0,0,0,0,0,0,0,0,0,0,0,0,0,0,0,0,0,0,0,0,0,0,0,0,0,0,0,0,0,0,0,0,0,0,0,0,0,0,0,0,0,0,0,0,0,0,0,0,0,0,0,0,0,0,0,0,0,0,0,0,0,0,0,0,0,0,0,0,0,0,0,0,0,0,0,0,0,0,0,0,0,0,0,0,0,0,0,0,0,0,0,0,0,0,0,0,0,0,0,0,0,0,0,0,0,0,0,0,0,0,0,0,0,0,0,0,0,0,0,0,0,0,0,0,0,0,0,0,0,0,0,0,0,0,0,0,0,0,0,0,0,0,0,0,0,0,0,0,0,0,0,0,0,0,0,0,0,0,0,0,0,0,0,0,0,0,0,0,0,0,0,0,0,0,0,0,0,0,0,0,0,0,0,0,0,0,0,0,0,0,0,0,0,0,0,0,0,0,0,0,0,0,0,0,0,0,0,0,0,0,0,0,0,0,0,0,0,0,0,0,0,0,0,0,0,0,0,0,0,0,0,0,0,0,0,0,0,0,0,0,0,0,0,0,0,0,0,0,0,0,0,0,0,0,0,0,0,0,0,0,0,0,0,0,0,0,0,0,0,0,0,0,0,0,0,0,0,0,0,0,0,0,0,0,0,0,0,0,0,0,0,0,0,0,0,0,0,0,0,0,0,0,0,0,0,0,0,0,0,0,0,0,0,0,0,0,0,0,0,0,0,0,0,0,0,0,0,0,0,0,0,0,0,0,0,0,0,0,0,0,0,0,0,0,0,0,0,0,0,0,0,0,0,0,0,0,0,0,0,0,0,0,0,0,0,0,0,0,0,0,0,0,0,0,0,0,0,0,0,0,0,0,0,0,0,0,0,0,0,0,0,0,0,0,0,0,0,0,0,0,0,0,0,0,0,0,0,0,0,0,0,0,0,0,0,0,0,0,0,0,0,0,0,0,0,0,0,0,0,0,0,0,0,0,0,0,0,0,0,0,0,0,0,0,0,0,0,0,0,0,0,0,0,0,0,0,0,0,0,0,0,0,0,0,0,0,0,0,0,0,0,0,0,0,0,0,0,0,0,0,0,0,0,0,0,0,0,0,0,0,0,0,0,0,0,0,0,0,0,0,0,0,0,0,0,0,0,0,"adult pigs (0), afternoon sun (0), aged caucasian (0), aged hispanic (0), aged south (0), ages sizes (0), air filled (0), american dairy (0), american pig (0), area pigs (0), areas pigs (0), asian descent (0), asian farmer (0), asian female (0), asian male (0), asian man (0), asian woman (0), attending animals (0), attending pigs (0), australian landscape (0)"
typical_country_no_revise,New Zealand,dairy,"A typical dairy farm in New Zealand.I NEED to test how the tool works with extremely simple prompts. DO NOT add any detail, just use it AS-IS:",sd3.5-large,0,0,0,0,0,0,0,0,0,0,0,0,0,0,0,0,0,0,0,0,0,0,0,0,0,0,0,0,0,0,0,0,0,0,0,0,0,0,0,0,0,0,0,0,0,0,0,0,0,0,0,0,0,0,0,0,0,0,0,0,0,0,0,0,0,0,0,0,0,0,0,0,0,0,0,0,0,0,0,0,0,0,0,0,0,0,0,0,0,0,0,0,0,0,0,0,0,0,0,0,0,0,0,0,0,0,0,0,0,0,0,0,0,0,0,0,0,0,0,0,0,0,0,0,0,0,0,0,0,0,0,0,0,0,0,0,0,0,0,0,0,0,0,0,0,0,0,0,0,0,0,0,0,0,0,0,0,0,0,0,0,0,0,0,0,0,0,0,0,0,0,0,0,0,0,0,0,0,0,0,0,0,0,0,0,0,0,0,0,0,0,0,0,0,0,0,0,0,0,0,0,0,0,0,0,0,0,0,0,0,0,0,0,0,0,0,0,0,0,0,0,0,0,0,0,0,0,0,0,0,0,0,0,0,0,0,0,0,0,0,0,0,0,0,0,0,0,0,0,0,0,0,0,0,0,0,0,0,0,0,0,0,0,0,0,0,0,0,0,0,0,0,0,0,0,0,0,0,0,0,0,0,0,0,0,0,0,0,0,0,0,0,0,0,0,0,0,0,0,0,0,0,0,0,0,0,0,0,0,0,0,0,0,0,0,0,0,0,0,0,0,0,0,0,0,0,0,0,0,0,0,0,0,0,0,0,0,0,0,0,0,0,0,0,0,0,0,0,0,0,0,0,0,0,0,0,0,0,0,0,0,0,0,0,0,0,0,0,0,0,0,0,0,0,0,0,0,0,0,0,0,0,0,0,0,0,0,0,0,0,0,0,0,0,0,0,0,0,0,0,0,0,0,0,0,0,0,0,0,0,0,0,0,0,0,0,0,0,0,0,0,0,0,0,0,0,0,0,0,0,0,0,0,0,0,0,0,0,0,0,0,0,0,0,0,0,0,0,0,0,0,0,0,0,0,0,0,0,0,0,0,0,0,0,0,0,0,0,0,0,0,0,0,0,0,0,0,0,0,0,0,0,0,0,0,0,0,0,0,0,0,0,0,0,0,0,0,0,0,0,0,0,0,0,0,0,0,0,0,0,0,0,0,0,0,0,0,0,0,0,0,0,0,0,0,0,0,0,0,0,0,0,0,0,0,0,0,0,0,0,0,0,0,0,0,0,0,0,0,0,0,0,0,0,0,0,0,0,0,0,0,0,0,0,0,0,0,0,0,0,0,0,0,0,0,0,0,0,0,0,0,0,0,0,0,0,0,0,0,0,0,0,0,0,0,0,0,0,0,0,0,0,0,0,0,0,0,0,0,0,0,0,0,0,0,0,0,0,0,0,0,0,0,0,0,0,0,0,0,0,0,0,0,0,0,0,0,0,0,0,0,0,0,0,0,0,0,0,0,0,0,0,0,0,0,0,0,0,0,0,0,0,0,0,0,0,0,0,0,0,0,0,0,0,0,0,0,0,0,0,0,0,0,0,0,0,0,0,0,0,0,0,0,0,0,0,0,0,0,0,0,0,0,0,0,0,0,0,0,0,"adult pigs (0), afternoon sun (0), aged caucasian (0), aged hispanic (0), aged south (0), ages sizes (0), air filled (0), american dairy (0), american pig (0), area pigs (0), areas pigs (0), asian descent (0), asian farmer (0), asian female (0), asian male (0), asian man (0), asian woman (0), attending animals (0), attending pigs (0), australian landscape (0)"
typical_country_no_revise,the United States,pig,"A typical pig farm in the United States.I NEED to test how the tool works with extremely simple prompts. DO NOT add any detail, just use it AS-IS:",sd3.5-large,0,0,0,0,0,0,0,0,0,0,0,0,0,0,0,0,0,0,0,0,0,0,0,0,0,0,0,0,0,0,0,0,0,0,0,0,0,0,0,0,0,0,0,0,0,0,0,0,0,0,0,0,0,0,0,0,0,0,0,0,0,0,0,0,0,0,0,0,0,0,0,0,0,0,0,0,0,0,0,0,0,0,0,0,0,0,0,0,0,0,0,0,0,0,0,0,0,0,0,0,0,0,0,0,0,0,0,0,0,0,0,0,0,0,0,0,0,0,0,0,0,0,0,0,0,0,0,0,0,0,0,0,0,0,0,0,0,0,0,0,0,0,0,0,0,0,0,0,0,0,0,0,0,0,0,0,0,0,0,0,0,0,0,0,0,0,0,0,0,0,0,0,0,0,0,0,0,0,0,0,0,0,0,0,0,0,0,0,0,0,0,0,0,0,0,0,0,0,0,0,0,0,0,0,0,0,0,0,0,0,0,0,0,0,0,0,0,0,0,0,0,0,0,0,0,0,0,0,0,0,0,0,0,0,0,0,0,0,0,0,0,0,0,0,0,0,0,0,0,0,0,0,0,0,0,0,0,0,0,0,0,0,0,0,0,0,0,0,0,0,0,0,0,0,0,0,0,0,0,0,0,0,0,0,0,0,0,0,0,0,0,0,0,0,0,0,0,0,0,0,0,0,0,0,0,0,0,0,0,0,0,0,0,0,0,0,0,0,0,0,0,0,0,0,0,0,0,0,0,0,0,0,0,0,0,0,0,0,0,0,0,0,0,0,0,0,0,0,0,0,0,0,0,0,0,0,0,0,0,0,0,0,0,0,0,0,0,0,0,0,0,0,0,0,0,0,0,0,0,0,0,0,0,0,0,0,0,0,0,0,0,0,0,0,0,0,0,0,0,0,0,0,0,0,0,0,0,0,0,0,0,0,0,0,0,0,0,0,0,0,0,0,0,0,0,0,0,0,0,0,0,0,0,0,0,0,0,0,0,0,0,0,0,0,0,0,0,0,0,0,0,0,0,0,0,0,0,0,0,0,0,0,0,0,0,0,0,0,0,0,0,0,0,0,0,0,0,0,0,0,0,0,0,0,0,0,0,0,0,0,0,0,0,0,0,0,0,0,0,0,0,0,0,0,0,0,0,0,0,0,0,0,0,0,0,0,0,0,0,0,0,0,0,0,0,0,0,0,0,0,0,0,0,0,0,0,0,0,0,0,0,0,0,0,0,0,0,0,0,0,0,0,0,0,0,0,0,0,0,0,0,0,0,0,0,0,0,0,0,0,0,0,0,0,0,0,0,0,0,0,0,0,0,0,0,0,0,0,0,0,0,0,0,0,0,0,0,0,0,0,0,0,0,0,0,0,0,0,0,0,0,0,0,0,0,0,0,0,0,0,0,0,0,0,0,0,0,0,0,0,0,0,0,0,0,0,0,0,0,0,0,0,0,0,0,0,0,0,0,0,0,0,0,0,0,0,0,0,0,0,0,0,0,0,0,0,0,0,0,0,0,0,0,0,0,0,0,0,0,0,0,0,0,0,0,0,0,0,0,0,0,0,0,0,0,0,0,0,0,0,0,0,0,0,0,0,0,0,0,0,"adult pigs (0), afternoon sun (0), aged caucasian (0), aged hispanic (0), aged south (0), ages sizes (0), air filled (0), american dairy (0), american pig (0), area pigs (0), areas pigs (0), asian descent (0), asian farmer (0), asian female (0), asian male (0), asian man (0), asian woman (0), attending animals (0), attending pigs (0), australian landscape (0)"
typical_country_no_revise,Spain,pig,"A typical pig farm in Spain.I NEED to test how the tool works with extremely simple prompts. DO NOT add any detail, just use it AS-IS:",sd3.5-large,0,0,0,0,0,0,0,0,0,0,0,0,0,0,0,0,0,0,0,0,0,0,0,0,0,0,0,0,0,0,0,0,0,0,0,0,0,0,0,0,0,0,0,0,0,0,0,0,0,0,0,0,0,0,0,0,0,0,0,0,0,0,0,0,0,0,0,0,0,0,0,0,0,0,0,0,0,0,0,0,0,0,0,0,0,0,0,0,0,0,0,0,0,0,0,0,0,0,0,0,0,0,0,0,0,0,0,0,0,0,0,0,0,0,0,0,0,0,0,0,0,0,0,0,0,0,0,0,0,0,0,0,0,0,0,0,0,0,0,0,0,0,0,0,0,0,0,0,0,0,0,0,0,0,0,0,0,0,0,0,0,0,0,0,0,0,0,0,0,0,0,0,0,0,0,0,0,0,0,0,0,0,0,0,0,0,0,0,0,0,0,0,0,0,0,0,0,0,0,0,0,0,0,0,0,0,0,0,0,0,0,0,0,0,0,0,0,0,0,0,0,0,0,0,0,0,0,0,0,0,0,0,0,0,0,0,0,0,0,0,0,0,0,0,0,0,0,0,0,0,0,0,0,0,0,0,0,0,0,0,0,0,0,0,0,0,0,0,0,0,0,0,0,0,0,0,0,0,0,0,0,0,0,0,0,0,0,0,0,0,0,0,0,0,0,0,0,0,0,0,0,0,0,0,0,0,0,0,0,0,0,0,0,0,0,0,0,0,0,0,0,0,0,0,0,0,0,0,0,0,0,0,0,0,0,0,0,0,0,0,0,0,0,0,0,0,0,0,0,0,0,0,0,0,0,0,0,0,0,0,0,0,0,0,0,0,0,0,0,0,0,0,0,0,0,0,0,0,0,0,0,0,0,0,0,0,0,0,0,0,0,0,0,0,0,0,0,0,0,0,0,0,0,0,0,0,0,0,0,0,0,0,0,0,0,0,0,0,0,0,0,0,0,0,0,0,0,0,0,0,0,0,0,0,0,0,0,0,0,0,0,0,0,0,0,0,0,0,0,0,0,0,0,0,0,0,0,0,0,0,0,0,0,0,0,0,0,0,0,0,0,0,0,0,0,0,0,0,0,0,0,0,0,0,0,0,0,0,0,0,0,0,0,0,0,0,0,0,0,0,0,0,0,0,0,0,0,0,0,0,0,0,0,0,0,0,0,0,0,0,0,0,0,0,0,0,0,0,0,0,0,0,0,0,0,0,0,0,0,0,0,0,0,0,0,0,0,0,0,0,0,0,0,0,0,0,0,0,0,0,0,0,0,0,0,0,0,0,0,0,0,0,0,0,0,0,0,0,0,0,0,0,0,0,0,0,0,0,0,0,0,0,0,0,0,0,0,0,0,0,0,0,0,0,0,0,0,0,0,0,0,0,0,0,0,0,0,0,0,0,0,0,0,0,0,0,0,0,0,0,0,0,0,0,0,0,0,0,0,0,0,0,0,0,0,0,0,0,0,0,0,0,0,0,0,0,0,0,0,0,0,0,0,0,0,0,0,0,0,0,0,0,0,0,0,0,0,0,0,0,0,0,0,0,0,0,0,0,0,0,0,0,0,0,0,0,0,0,0,0,0,0,0,0,0,0,0,0,0,0,"adult pigs (0), afternoon sun (0), aged caucasian (0), aged hispanic (0), aged south (0), ages sizes (0), air filled (0), american dairy (0), american pig (0), area pigs (0), areas pigs (0), asian descent (0), asian farmer (0), asian female (0), asian male (0), asian man (0), asian woman (0), attending animals (0), attending pigs (0), australian landscape (0)"
typical_country_no_revise,Australia,pig,"A typical pig farm in Australia.I NEED to test how the tool works with extremely simple prompts. DO NOT add any detail, just use it AS-IS:",sd3.5-large,0,0,0,0,0,0,0,0,0,0,0,0,0,0,0,0,0,0,0,0,0,0,0,0,0,0,0,0,0,0,0,0,0,0,0,0,0,0,0,0,0,0,0,0,0,0,0,0,0,0,0,0,0,0,0,0,0,0,0,0,0,0,0,0,0,0,0,0,0,0,0,0,0,0,0,0,0,0,0,0,0,0,0,0,0,0,0,0,0,0,0,0,0,0,0,0,0,0,0,0,0,0,0,0,0,0,0,0,0,0,0,0,0,0,0,0,0,0,0,0,0,0,0,0,0,0,0,0,0,0,0,0,0,0,0,0,0,0,0,0,0,0,0,0,0,0,0,0,0,0,0,0,0,0,0,0,0,0,0,0,0,0,0,0,0,0,0,0,0,0,0,0,0,0,0,0,0,0,0,0,0,0,0,0,0,0,0,0,0,0,0,0,0,0,0,0,0,0,0,0,0,0,0,0,0,0,0,0,0,0,0,0,0,0,0,0,0,0,0,0,0,0,0,0,0,0,0,0,0,0,0,0,0,0,0,0,0,0,0,0,0,0,0,0,0,0,0,0,0,0,0,0,0,0,0,0,0,0,0,0,0,0,0,0,0,0,0,0,0,0,0,0,0,0,0,0,0,0,0,0,0,0,0,0,0,0,0,0,0,0,0,0,0,0,0,0,0,0,0,0,0,0,0,0,0,0,0,0,0,0,0,0,0,0,0,0,0,0,0,0,0,0,0,0,0,0,0,0,0,0,0,0,0,0,0,0,0,0,0,0,0,0,0,0,0,0,0,0,0,0,0,0,0,0,0,0,0,0,0,0,0,0,0,0,0,0,0,0,0,0,0,0,0,0,0,0,0,0,0,0,0,0,0,0,0,0,0,0,0,0,0,0,0,0,0,0,0,0,0,0,0,0,0,0,0,0,0,0,0,0,0,0,0,0,0,0,0,0,0,0,0,0,0,0,0,0,0,0,0,0,0,0,0,0,0,0,0,0,0,0,0,0,0,0,0,0,0,0,0,0,0,0,0,0,0,0,0,0,0,0,0,0,0,0,0,0,0,0,0,0,0,0,0,0,0,0,0,0,0,0,0,0,0,0,0,0,0,0,0,0,0,0,0,0,0,0,0,0,0,0,0,0,0,0,0,0,0,0,0,0,0,0,0,0,0,0,0,0,0,0,0,0,0,0,0,0,0,0,0,0,0,0,0,0,0,0,0,0,0,0,0,0,0,0,0,0,0,0,0,0,0,0,0,0,0,0,0,0,0,0,0,0,0,0,0,0,0,0,0,0,0,0,0,0,0,0,0,0,0,0,0,0,0,0,0,0,0,0,0,0,0,0,0,0,0,0,0,0,0,0,0,0,0,0,0,0,0,0,0,0,0,0,0,0,0,0,0,0,0,0,0,0,0,0,0,0,0,0,0,0,0,0,0,0,0,0,0,0,0,0,0,0,0,0,0,0,0,0,0,0,0,0,0,0,0,0,0,0,0,0,0,0,0,0,0,0,0,0,0,0,0,0,0,0,0,0,0,0,0,0,0,0,0,0,0,0,0,0,0,0,0,0,0,0,0,0,0,0,0,0,0,0,0,0,0,0,0,0,0,0,"adult pigs (0), afternoon sun (0), aged caucasian (0), aged hispanic (0), aged south (0), ages sizes (0), air filled (0), american dairy (0), american pig (0), area pigs (0), areas pigs (0), asian descent (0), asian farmer (0), asian female (0), asian male (0), asian man (0), asian woman (0), attending animals (0), attending pigs (0), australian landscape (0)"
